# Blender 5.2.0 LTS
# www.blender.org
mtllib v1.mtl
o FT
v -1.812600 12.730982 2.835759
v -1.812600 12.730982 -0.686040
v -2.979000 11.569983 -0.686040
v -2.979000 11.569983 2.835759
v -1.812600 12.730982 6.176560
v -2.979000 11.569983 6.176560
v 0.000000 13.289883 6.176560
v 0.000000 13.289883 2.835759
v 0.000000 13.289883 -0.686040
v 1.812600 12.730982 2.835759
v 1.812600 12.730982 -0.686040
v 1.812600 12.730982 6.176560
v 2.979000 11.569983 6.176560
v 2.979000 11.569983 2.835759
v 2.979000 11.569983 -0.686040
v 3.342800 9.850082 2.824661
v 3.342800 9.850082 -0.686040
v 3.342800 9.850082 6.159560
v 2.979000 8.130183 6.441360
v 2.979000 8.130182 2.813560
v 2.979000 8.130182 -0.686040
v 1.443000 6.804983 1.765960
v 1.443000 6.804983 -0.630738
v 1.443000 6.328682 3.004161
v 0.000000 6.054082 1.545061
v 0.000000 6.410182 0.737461
v 0.000000 6.410182 -0.686039
v -3.342800 9.850082 2.824661
v -3.342800 9.850082 -0.686040
v -2.979000 8.130182 2.813560
v -2.979000 8.130182 -0.686040
v -2.979000 7.406982 4.811260
v -3.342800 9.850082 6.159560
v -2.079400 12.730983 8.898959
v -3.417500 11.569983 8.898959
v -1.812600 12.730983 11.486260
v -2.979000 11.569983 11.486260
v 0.000000 13.289884 11.486260
v 0.000000 13.289884 8.898959
v -1.536000 6.804983 1.765960
v -1.536000 6.804983 -0.630738
v -1.536000 6.328682 3.004161
v -1.489500 6.803683 14.943761
v -1.489500 5.807983 11.747061
v 0.000000 5.445983 11.743361
v 0.000000 6.410183 14.774961
v -1.489500 6.814484 17.403360
v 0.000000 6.410184 17.403360
v -2.979000 8.130183 17.403360
v -2.979000 8.130183 14.418759
v -2.979000 7.102983 11.056960
v -3.834800 9.850083 8.886260
v -3.417500 7.684982 8.001660
v -3.342800 9.850083 11.481160
v 3.342800 9.850083 14.420260
v 2.979000 8.130183 14.418759
v 2.979000 8.130183 11.305961
v 3.342800 9.850083 11.481160
v 2.979000 11.569983 14.421760
v 2.979000 11.569983 11.486260
v 2.979000 11.569983 17.403360
v 3.342800 9.850083 17.403360
v 2.979000 8.130183 17.403360
v 2.079400 12.730983 8.898959
v 3.417500 11.569983 8.898959
v 1.812600 12.730983 11.486260
v 1.489500 6.803683 14.943761
v 1.489500 6.814484 17.403360
v 1.489500 5.807983 11.747061
v -3.417500 4.629582 5.373060
v -2.979000 5.237583 3.548860
v -3.417500 1.219582 1.963060
v -2.979000 2.435682 0.746860
v -2.979000 0.003382 3.179260
v -2.979000 4.021483 7.197261
v -1.536000 5.407483 2.146661
v 0.000000 4.985782 0.864662
v -1.536000 3.262782 0.029861
v 0.000000 3.651882 -0.469239
v 1.489500 2.820883 8.026361
v 1.489500 -1.071217 4.134260
v 2.979000 0.003382 3.179260
v 2.979000 4.021483 7.197261
v 0.000000 2.553383 8.161562
v 0.000000 -1.212817 4.395361
v 3.417500 4.629582 5.373060
v 3.417500 1.219582 1.963060
v 2.979000 2.435682 0.746960
v 2.979000 5.237583 3.548860
v 3.417500 8.130183 8.873660
v 1.443000 5.407483 2.146661
v 1.443000 3.262782 0.029861
v -1.489500 2.820883 8.026361
v -1.489500 -1.071217 4.134260
v -1.812600 12.730983 14.421760
v -2.979000 11.569983 14.421760
v -1.812600 12.730983 17.403358
v -2.979000 11.569983 17.403360
v 0.000000 13.289884 17.403358
v 0.000000 13.289884 14.421760
v 1.812600 12.730983 14.421760
v 1.812600 12.730983 17.403358
v -3.342800 9.850083 14.420260
v -3.342800 9.850083 17.403360
v 3.834800 9.850083 8.886260
v -2.866400 11.508781 -0.813939
v -1.746600 12.621181 -0.813642
v -1.221500 11.747282 -0.809541
v -1.957600 11.014482 -0.811540
v 0.000000 13.161682 -0.813642
v 0.000000 12.123882 -0.808640
v 1.746600 12.621181 -0.813642
v 1.221500 11.747282 -0.809541
v 2.866400 11.508781 -0.813939
v 1.957600 11.014482 -0.811540
v 3.214600 9.850082 -0.814240
v 2.203900 9.850082 -0.814240
v 2.868700 8.195282 -0.814541
v 1.966600 8.728283 -0.817040
v 1.382800 6.918083 -0.759438
v 0.906000 7.813282 -0.763638
v -0.001000 6.538382 -0.814839
v -0.008900 7.562882 -0.819638
v -1.474900 6.917682 -0.759438
v -0.988100 7.814682 -0.763638
v -2.867600 8.193583 -0.814541
v -1.962600 8.709581 -0.816941
v -3.214600 9.850082 -0.814240
v -2.203900 9.850082 -0.814240
v -1.428700 6.927784 17.531460
v 0.000000 6.538383 17.531460
v 0.000000 7.564884 17.531460
v -0.946700 7.822184 17.531460
v 1.428700 6.927784 17.531460
v 0.946700 7.822184 17.531460
v 2.868300 8.194684 17.531460
v 1.965100 8.721383 17.531460
v 3.214600 9.850083 17.531460
v 2.203900 9.850083 17.531460
v 2.866400 11.508782 17.531460
v 1.957600 11.014483 17.531460
v 1.746600 12.621182 17.531460
v 1.221500 11.747283 17.531460
v 0.000000 13.161683 17.531458
v 0.000000 12.123883 17.531460
v -1.746600 12.621182 17.531460
v -1.221500 11.747283 17.531460
v -2.866400 11.508782 17.531460
v -1.957600 11.014483 17.531460
v -3.214600 9.850083 17.531460
v -2.203900 9.850083 17.531460
v -2.868300 8.194684 17.531460
v -1.965100 8.721383 17.531460
v -3.289300 1.128883 1.872461
v -2.872200 2.294282 0.705761
v -1.995600 1.876783 1.111660
v -2.267600 1.128883 1.872461
v -1.472500 3.091682 0.017460
v -0.979700 2.471582 0.620460
v -0.001400 3.469382 -0.470539
v -0.013500 2.694382 0.283161
v 1.380000 3.091582 0.017563
v 0.892000 2.472282 0.619861
v 2.873300 2.293082 0.706859
v 2.000300 1.863783 1.124359
v 3.289300 1.128883 1.872461
v 2.267600 1.128883 1.872461
v 2.868200 -0.041018 3.043760
v 1.977500 0.330183 2.682661
v 1.430600 -1.080317 3.964260
v 0.955000 -0.421618 3.323761
v 0.000000 -1.211517 4.215462
v 0.000000 -0.490217 3.514061
v -1.430600 -1.080317 3.964260
v -0.955000 -0.421618 3.323761
v -2.868200 -0.041018 3.043760
v -1.977500 0.330183 2.682661
v 0.768200 11.205579 -33.356838
v 1.304700 10.669179 -33.341137
v 1.134900 10.489480 -33.335842
v 0.640300 10.984080 -33.350338
v 0.768200 11.205580 -30.622738
v 1.304700 10.669180 -30.638439
v 0.640300 10.984081 -30.629238
v 1.134900 10.489481 -30.643642
v 0.000000 11.411479 -33.362843
v 0.000000 11.155580 -33.355335
v 0.000000 11.411480 -30.616741
v 0.000000 11.155581 -30.624142
v -0.768200 11.205579 -33.356838
v -0.640300 10.984080 -33.350338
v -0.768200 11.205580 -30.622738
v -0.640300 10.984081 -30.629238
v -1.304700 10.669179 -33.341137
v -1.134900 10.489480 -33.335842
v -1.304700 10.669180 -30.638439
v -1.134900 10.489481 -30.643642
v -4.282100 7.680180 -33.253742
v -4.282100 7.680180 -30.725842
v -4.451900 7.859980 -33.258938
v -4.451900 7.859980 -30.720539
v -7.674600 4.637180 -33.164738
v -7.453100 4.509280 -33.161037
v -7.674600 4.637180 -30.814739
v -7.453100 4.509280 -30.818539
v -8.861900 0.206180 -33.035236
v -8.606100 0.206180 -33.035236
v -8.861900 0.206180 -30.944340
v -8.606100 0.206180 -30.944340
v -7.674700 -4.224720 -32.905636
v -7.453100 -4.096820 -32.909435
v -7.674700 -4.224720 -31.073841
v -7.453100 -4.096820 -31.070141
v -4.431000 -7.468420 -32.810841
v -4.303000 -7.246820 -32.817341
v -4.431000 -7.468420 -31.168736
v -4.303000 -7.246820 -31.162235
v 0.000000 -8.655721 -32.776142
v 0.000000 -8.399821 -32.783642
v 0.000000 -8.655720 -31.203442
v 0.000000 -8.399820 -31.195942
v 4.431000 -7.468420 -32.810841
v 4.303000 -7.246820 -32.817341
v 4.431000 -7.468420 -31.168736
v 4.303000 -7.246820 -31.162235
v 7.674700 -4.224720 -32.905636
v 7.453100 -4.096820 -32.909435
v 7.674700 -4.224720 -31.073841
v 7.453100 -4.096820 -31.070141
v 8.861900 0.206180 -33.035236
v 8.606100 0.206180 -33.035236
v 8.861900 0.206180 -30.944340
v 8.606100 0.206180 -30.944340
v 7.674700 4.637180 -33.164738
v 7.453100 4.509280 -33.161037
v 7.674700 4.637180 -30.814739
v 7.453100 4.509280 -30.818539
v 4.451900 7.859980 -33.258938
v 4.282100 7.680180 -33.253742
v 4.451900 7.859980 -30.720539
v 4.282100 7.680180 -30.725842
v 0.768200 11.205579 -40.839436
v 1.304700 10.669179 -40.847736
v 1.134900 10.489480 -40.850437
v 0.640300 10.984080 -40.842838
v 0.768200 11.205579 -39.008541
v 1.304700 10.669179 -39.000240
v 0.640300 10.984080 -39.005138
v 1.134900 10.489480 -38.997540
v 0.000000 11.411479 -40.836338
v 0.000000 11.155580 -40.840237
v 0.000000 11.411479 -39.011738
v 0.000000 11.155580 -39.007740
v -0.768200 11.205579 -40.839436
v -0.640300 10.984080 -40.842838
v -0.768200 11.205579 -39.008541
v -0.640300 10.984080 -39.005138
v -1.304700 10.669179 -40.847736
v -1.134900 10.489480 -40.850437
v -1.304700 10.669179 -39.000240
v -1.134900 10.489480 -38.997540
v -4.282100 7.680179 -40.893742
v -4.282100 7.680179 -38.954243
v -4.451900 7.859979 -40.890942
v -4.451900 7.859979 -38.957043
v -7.674600 4.637180 -40.940540
v -7.453100 4.509279 -40.942539
v -7.674600 4.637180 -38.907436
v -7.453100 4.509279 -38.905437
v -8.861900 0.206179 -41.008739
v -8.606100 0.206179 -41.008739
v -8.861900 0.206179 -38.839237
v -8.606100 0.206179 -38.839237
v -7.674700 -4.224721 -41.077038
v -7.453100 -4.096821 -41.075039
v -7.674700 -4.224720 -38.771038
v -7.453100 -4.096821 -38.772938
v -4.431000 -7.468421 -41.126942
v -4.303000 -7.246821 -41.123539
v -4.431000 -7.468421 -38.721043
v -4.303000 -7.246820 -38.724537
v 0.000000 -8.655721 -41.145237
v 0.000000 -8.399821 -41.141239
v 0.000000 -8.655721 -38.702839
v 0.000000 -8.399821 -38.706738
v 4.431000 -7.468421 -41.126942
v 4.303000 -7.246821 -41.123539
v 4.431000 -7.468421 -38.721043
v 4.303000 -7.246820 -38.724537
v 7.674700 -4.224721 -41.077038
v 7.453100 -4.096821 -41.075039
v 7.674700 -4.224720 -38.771038
v 7.453100 -4.096821 -38.772938
v 8.861900 0.206179 -41.008739
v 8.606100 0.206179 -41.008739
v 8.861900 0.206179 -38.839237
v 8.606100 0.206179 -38.839237
v 7.674700 4.637180 -40.940540
v 7.453100 4.509279 -40.942539
v 7.674700 4.637180 -38.907436
v 7.453100 4.509279 -38.905437
v 4.451900 7.859879 -40.890942
v 4.282100 7.680179 -40.893742
v 4.451900 7.859979 -38.957043
v 4.282100 7.680179 -38.954243
v 0.768200 11.205579 -44.123241
v 1.304700 10.669179 -44.082340
v 1.134900 10.489480 -44.069141
v 0.640300 10.984080 -44.106037
v 0.768200 11.205579 -41.409740
v 1.304700 10.669179 -41.450642
v 0.640300 10.984080 -41.426937
v 1.134900 10.489480 -41.463840
v 0.000000 11.411479 -44.139538
v 0.000000 11.155580 -44.119335
v 0.000000 11.411479 -41.393436
v 0.000000 11.155580 -41.413639
v -0.768200 11.205579 -44.123241
v -0.640300 10.984080 -44.106037
v -0.768200 11.205579 -41.409740
v -0.640300 10.984080 -41.426937
v -1.304700 10.669179 -44.082340
v -1.134900 10.489480 -44.069141
v -1.304700 10.669179 -41.450642
v -1.134900 10.489480 -41.463840
v -4.282100 7.680179 -43.896442
v -4.282100 7.680179 -41.636539
v -4.451900 7.859979 -43.905537
v -4.451900 7.859979 -41.627338
v -7.674600 4.637179 -43.780338
v -7.453100 4.509279 -43.777042
v -7.674600 4.637179 -41.752537
v -7.453100 4.509279 -41.755840
v -8.861900 0.206179 -43.743443
v -8.606100 0.206179 -43.743443
v -8.861900 0.206179 -41.789440
v -8.606100 0.206179 -41.789440
v -7.674700 -4.224721 -43.863140
v -7.453100 -4.096821 -43.857540
v -7.674700 -4.224721 -41.669743
v -7.453100 -4.096821 -41.675442
v -4.431000 -7.468421 -44.050137
v -4.303000 -7.246821 -44.034641
v -4.431000 -7.468421 -41.482838
v -4.303000 -7.246821 -41.498241
v 0.000000 -8.655721 -44.139538
v 0.000000 -8.399821 -44.119335
v 0.000000 -8.655721 -41.393436
v 0.000000 -8.399821 -41.413639
v 4.431000 -7.468421 -44.050137
v 4.303000 -7.246821 -44.034641
v 4.431000 -7.468421 -41.482838
v 4.303000 -7.246821 -41.498241
v 7.674700 -4.224721 -43.863140
v 7.453100 -4.096821 -43.857540
v 7.674700 -4.224721 -41.669743
v 7.453100 -4.096821 -41.675442
v 8.861900 0.206179 -43.743443
v 8.606100 0.206179 -43.743443
v 8.861900 0.206179 -41.789440
v 8.606100 0.206179 -41.789440
v 7.674700 4.637179 -43.780338
v 7.453100 4.509279 -43.777042
v 7.674700 4.637179 -41.752537
v 7.453100 4.509279 -41.755840
v 4.451900 7.859979 -43.905537
v 4.282100 7.680179 -43.896442
v 4.451900 7.859979 -41.627338
v 4.282100 7.680179 -41.636539
v 0.768200 11.205580 -30.396538
v 1.304700 10.669180 -30.432537
v 1.134900 10.489481 -30.443741
v 0.640300 10.984081 -30.411938
v 0.768200 11.205580 -27.620541
v 1.304700 10.669180 -27.584538
v 0.640300 10.984081 -27.605240
v 1.134900 10.489481 -27.573441
v 0.000000 11.411480 -30.381638
v 0.000000 11.155581 -30.400040
v 0.000000 11.411480 -27.635540
v 0.000000 11.155581 -27.617039
v -0.768200 11.205580 -30.396538
v -0.640300 10.984081 -30.411938
v -0.768200 11.205580 -27.620541
v -0.640300 10.984081 -27.605240
v -1.304700 10.669180 -30.432537
v -1.134900 10.489481 -30.443741
v -1.304700 10.669180 -27.584538
v -1.134900 10.489481 -27.573441
v -4.282100 7.680180 -30.562443
v -4.282100 7.680180 -27.454639
v -4.451900 7.859980 -30.557838
v -4.451900 7.859980 -27.459339
v -7.674600 4.637180 -30.588337
v -7.453100 4.509280 -30.587437
v -7.674600 4.637181 -27.428738
v -7.453100 4.509280 -27.429638
v -8.861900 0.206180 -30.482838
v -8.606100 0.206180 -30.482838
v -8.861900 0.206180 -27.534241
v -8.606100 0.206180 -27.534241
v -7.674700 -4.224720 -30.273438
v -7.453100 -4.096820 -30.280239
v -7.674700 -4.224720 -27.743637
v -7.453100 -4.096820 -27.736839
v -4.431000 -7.468420 -30.096741
v -4.303000 -7.246820 -30.108738
v -4.431000 -7.468420 -27.920441
v -4.303000 -7.246819 -27.908440
v 0.000000 -8.655720 -30.033638
v 0.000000 -8.399820 -30.047039
v 0.000000 -8.655720 -27.983440
v 0.000000 -8.399820 -27.970139
v 4.431000 -7.468420 -30.096741
v 4.303000 -7.246820 -30.108738
v 4.431000 -7.468420 -27.920441
v 4.303000 -7.246819 -27.908440
v 7.674700 -4.224720 -30.273438
v 7.453100 -4.096820 -30.280239
v 7.674700 -4.224720 -27.743637
v 7.453100 -4.096820 -27.736839
v 8.861900 0.206180 -30.482838
v 8.606100 0.206180 -30.482838
v 8.861900 0.206180 -27.534241
v 8.606100 0.206180 -27.534241
v 7.674700 4.637180 -30.588337
v 7.453100 4.509280 -30.587437
v 7.674700 4.637181 -27.428738
v 7.453100 4.509280 -27.429638
v 4.451900 7.859980 -30.557838
v 4.282100 7.680180 -30.562443
v 4.451900 7.859980 -27.459339
v 4.282100 7.680180 -27.454639
v 0.000000 12.491885 31.848961
v 1.386400 12.491884 31.274761
v 1.346900 14.034483 31.235159
v 0.000000 14.034484 31.793058
v 1.143100 14.144083 31.031460
v 0.000000 14.144083 31.504959
v 1.105000 14.388384 30.993259
v 0.000000 14.388384 31.450958
v 0.742800 15.133884 30.631159
v 0.000000 15.133884 30.938860
v 0.458300 15.274284 30.346659
v 0.000000 15.274284 30.536459
v 0.458300 15.938583 30.346659
v 0.000000 15.938583 30.536459
v 0.249700 16.018984 30.137959
v 0.000000 16.018984 30.241459
v 1.960700 12.491884 29.888361
v 1.904800 14.034483 29.888359
v 1.616600 14.144083 29.888359
v 1.562600 14.388384 29.888359
v 1.050500 15.133884 29.888359
v 0.648200 15.274284 29.888359
v 0.648200 15.938583 29.888359
v 0.353100 16.018984 29.888359
v 1.386400 12.491884 28.501862
v 1.346900 14.034483 28.541460
v 1.143100 14.144083 28.745159
v 1.105000 14.388384 28.783360
v 0.742800 15.133884 29.145460
v 0.458300 15.274284 29.429960
v 0.458300 15.938583 29.429960
v 0.249700 16.018984 29.638659
v 0.000000 12.491884 27.927662
v 0.000000 14.034483 27.983559
v 0.000000 14.144083 28.271658
v 0.000000 14.388384 28.325659
v 0.000000 15.133884 28.837759
v 0.000000 15.274284 29.240160
v 0.000000 15.938583 29.240160
v 0.000000 16.018984 29.535158
v -1.386400 12.491884 28.501862
v -1.346900 14.034483 28.541460
v -1.143100 14.144083 28.745159
v -1.105000 14.388384 28.783360
v -0.742800 15.133884 29.145460
v -0.458300 15.274284 29.429960
v -0.458300 15.938583 29.429960
v -0.249700 16.018984 29.638659
v -1.960700 12.491884 29.888361
v -1.904800 14.034483 29.888359
v -1.616600 14.144083 29.888359
v -1.562600 14.388384 29.888359
v -1.050500 15.133884 29.888359
v -0.648200 15.274284 29.888359
v -0.648200 15.938583 29.888359
v -0.353100 16.018984 29.888359
v -1.386400 12.491884 31.274761
v -1.346900 14.034483 31.235159
v -1.143100 14.144083 31.031460
v -1.105000 14.388384 30.993259
v -0.742800 15.133884 30.631159
v -0.458300 15.274284 30.346659
v -0.458300 15.938583 30.346659
v -0.249700 16.018984 30.137959
v -0.289900 0.519681 -16.613739
v -0.482200 0.212781 -20.007641
v -0.353000 -0.268819 -19.971439
v -0.157900 0.042481 -16.528137
v 0.060000 0.865081 -16.719738
v -0.129200 0.563181 -20.059338
v 0.541900 0.733281 -16.740139
v 0.353000 0.431781 -20.074738
v 0.673900 0.256081 -16.654537
v 0.482200 -0.049819 -20.038540
v 0.324000 -0.089319 -16.548538
v 0.129200 -0.400219 -19.986839
v 0.218200 1.687081 -13.070938
v 0.360800 1.234081 -12.912239
v 0.556400 2.005682 -13.258537
v 1.037100 1.871181 -13.287540
v 1.179700 1.418081 -13.128838
v 0.841500 1.099481 -12.941139
v 0.937900 3.384482 -9.570240
v 1.088300 2.949782 -9.373737
v 1.266700 3.681182 -9.803139
v 1.745900 3.543182 -9.839340
v 1.896400 3.108482 -9.642838
v 1.567500 2.811782 -9.409939
v 1.765700 5.282882 -6.296139
v 1.920200 4.857582 -6.083340
v 2.088300 5.565582 -6.553139
v 2.565500 5.423081 -6.597340
v 2.720100 4.997782 -6.384640
v 2.397500 4.715082 -6.127640
v 2.595400 7.047982 -3.443039
v 2.752200 6.627382 -3.222840
v 2.915900 7.325882 -3.707940
v 3.393000 7.183082 -3.752438
v 3.549700 6.762382 -3.532139
v 3.229300 6.484582 -3.267338
v 3.371700 8.869583 -0.589940
v 3.532100 8.457783 -0.355740
v 3.696800 9.158283 -0.837739
v 4.182300 9.035082 -0.851239
v 4.342700 8.623383 -0.617039
v 4.017600 8.334682 -0.369240
v 3.641600 10.440681 1.833360
v 3.803500 10.040283 2.085361
v 3.973700 10.767082 1.644361
v 4.467600 10.692982 1.707460
v 4.629500 10.292582 1.959460
v 4.297400 9.966183 2.148460
v 3.240200 11.747883 4.075660
v 3.400000 11.352482 4.336659
v 3.554600 12.132982 3.988360
v 4.028700 12.122683 4.161860
v 4.188400 11.727182 4.422761
v 3.874100 11.342083 4.510159
v 1.981800 12.795583 6.415259
v 2.142500 12.398784 6.673560
v 2.239500 13.227782 6.433961
v 2.657900 13.263282 6.711061
v 2.818600 12.866483 6.969460
v 2.560900 12.434184 6.950660
v -0.363400 13.569783 9.121659
v -0.155600 13.153983 9.320060
v -0.207800 14.034682 9.264560
v 0.155600 14.083783 9.605760
v 0.363400 13.667882 9.804160
v 0.207800 13.202983 9.661260
v -2.012700 13.102582 10.739160
v -1.680800 12.720683 10.811761
v -2.001400 13.524083 11.028060
v -1.658200 13.563783 11.389461
v -1.326300 13.181882 11.461961
v -1.337600 12.760383 11.173160
v -3.419800 11.432982 12.259061
v -2.994200 11.162383 12.226460
v -3.486100 11.757884 12.636060
v -3.126700 11.812284 12.980460
v -2.701100 11.541684 12.947961
v -2.634900 11.216783 12.570960
v -4.236300 9.243083 13.674060
v -3.764100 9.099683 13.555659
v -4.316800 9.520183 14.082459
v -3.925100 9.654082 14.372560
v -3.452900 9.510684 14.254161
v -3.372400 9.233483 13.845759
v -4.070300 7.179083 15.034659
v -3.617000 7.240283 14.776059
v -4.147000 7.472483 15.433459
v -3.770300 7.826983 15.573760
v -3.316900 7.888083 15.315160
v -3.240300 7.594783 14.916360
v -2.421500 6.183683 16.272661
v -2.140500 6.340983 15.882859
v -2.560300 6.523084 16.618261
v -2.418000 7.019784 16.573961
v -2.137000 7.177084 16.184160
v -1.998300 6.837684 15.838559
v 0.361100 6.394784 17.762062
v 0.589300 6.540483 17.341461
v 0.097100 6.730384 18.034861
v 0.061200 7.211683 17.887161
v 0.289400 7.357384 17.466560
v 0.553500 7.021784 17.193762
v 2.397500 7.415884 19.308662
v 2.640700 7.569883 18.899761
v 2.004900 7.686584 19.484360
v 1.855500 8.111284 19.251261
v 2.098700 8.265283 18.842361
v 2.491300 7.994584 18.666561
v 3.773300 9.335983 20.899162
v 4.019000 9.494684 20.493660
v 3.302700 9.497284 20.985260
v 3.077700 9.817385 20.665760
v 3.323500 9.976084 20.260262
v 3.794100 9.814684 20.174261
v 4.538000 12.186785 22.470562
v 4.781900 12.340084 22.061861
v 4.041300 12.250984 22.503561
v 3.788600 12.468584 22.127762
v 4.032400 12.621784 21.719061
v 4.529100 12.557583 21.686062
v 4.767400 15.980783 23.979759
v 5.022100 16.226984 23.610960
v 4.262900 15.921383 23.957359
v 4.013200 16.108284 23.566259
v 4.268000 16.354383 23.197458
v 4.772500 16.413784 23.219858
v 4.179700 17.459185 25.136459
v 4.365900 17.885284 24.910059
v 3.728600 17.266483 25.005960
v 3.463700 17.499884 24.649160
v 3.649900 17.925983 24.422758
v 4.101000 18.118683 24.553259
v 2.837600 18.268583 26.964359
v 2.901700 18.768984 26.906359
v 2.463200 18.030384 26.728460
v 2.152900 18.292484 26.434460
v 2.217000 18.792883 26.376360
v 2.591400 19.031084 26.612360
v 1.365000 18.252184 28.808159
v 1.287600 18.750984 28.929359
v 1.064200 18.015783 28.479158
v 0.685800 18.278284 28.271460
v 0.608400 18.777084 28.392660
v 0.909200 19.013483 28.721659
v 0.424900 17.332584 29.965359
v 0.123400 17.611183 30.365259
v 0.226200 17.198284 29.509359
v -0.274100 17.342484 29.453259
v -0.575700 17.621183 29.853258
v -0.376900 17.755484 30.309259
v 0.469600 15.261383 29.990559
v 0.174100 15.259983 30.393860
v 0.268200 15.251484 29.533060
v -0.228800 15.240084 29.478859
v -0.524200 15.238684 29.882259
v -0.322800 15.248583 30.339760
v 0.000000 0.217378 -49.785542
v 2.694800 -4.450121 -49.785542
v 0.000000 -5.172122 -49.785542
v 3.092000 -5.138122 -49.396839
v 0.000000 -5.966621 -49.396839
v 3.092000 -5.138122 -48.778835
v 0.000000 -5.966621 -48.778835
v 3.247400 -5.407321 -48.704243
v 0.000000 -6.277421 -48.704243
v 3.602300 -6.022021 -48.272343
v 0.000000 -6.987222 -48.272442
v 4.133800 -6.942621 -47.060337
v 0.000000 -8.050322 -47.060337
v 4.325500 -7.274621 -45.494442
v 0.000000 -8.433621 -45.494442
v 4.325500 -7.274620 -25.456039
v 0.000000 -8.433619 -25.456039
v 4.098600 -6.881619 -24.005039
v 0.000000 -7.979820 -24.005039
v 3.498900 -5.842919 -23.070641
v 0.000000 -6.780519 -23.070641
v 1.147600 -1.770319 -21.307140
v 0.000000 -2.077819 -21.307140
v 1.147600 -1.770319 -19.806438
v 0.000000 -2.077819 -19.806438
v 4.667500 -2.477422 -49.785542
v 5.355500 -2.874621 -49.396839
v 5.355500 -2.874621 -48.778835
v 5.624700 -3.030021 -48.704243
v 6.239400 -3.384921 -48.272442
v 7.160000 -3.916521 -47.060337
v 7.491900 -4.108121 -45.494442
v 7.491900 -4.108119 -25.456039
v 7.099000 -3.881220 -24.005039
v 6.060300 -3.281619 -23.070641
v 1.987700 -0.930219 -21.307140
v 1.987700 -0.930219 -19.806438
v 5.389500 0.217378 -49.785542
v 6.184000 0.217378 -49.396839
v 6.184000 0.217379 -48.778835
v 6.494800 0.217379 -48.704243
v 7.204600 0.217379 -48.272442
v 8.267700 0.217379 -47.060337
v 8.651000 0.217379 -45.494442
v 8.651000 0.217380 -25.456039
v 8.197200 0.217380 -24.005039
v 6.997900 0.217380 -23.070641
v 2.295200 0.217381 -21.307140
v 2.295200 0.217381 -19.806438
v 4.667500 2.912078 -49.785542
v 5.355500 3.309379 -49.396839
v 5.355500 3.309379 -48.778835
v 5.624700 3.464779 -48.704243
v 6.239400 3.819679 -48.272442
v 7.160000 4.351179 -47.060337
v 7.491900 4.542879 -45.494442
v 7.492000 4.542780 -25.456039
v 7.099000 4.315980 -24.005039
v 6.060300 3.716281 -23.070641
v 1.987700 1.364881 -21.307140
v 1.987700 1.364881 -19.806438
v 2.694800 4.884778 -49.785542
v 3.092000 5.572878 -49.396839
v 3.092000 5.572878 -48.778835
v 3.247400 5.841979 -48.704243
v 3.602300 6.456679 -48.272343
v 4.133800 7.377379 -47.060337
v 4.325500 7.709279 -45.494442
v 4.325500 7.709280 -25.456039
v 4.098600 7.316281 -24.005039
v 3.498900 6.277680 -23.070641
v 1.147600 2.204981 -21.307140
v 1.147600 2.204981 -19.806438
v 0.000000 5.606879 -49.785542
v 0.000000 6.401378 -49.396839
v 0.000000 6.401378 -48.778835
v 0.000000 6.712179 -48.704243
v 0.000000 7.421978 -48.272343
v 0.000000 8.484978 -47.060337
v 0.000000 8.868279 -45.494442
v 0.000000 8.868280 -25.456039
v 0.000000 8.414480 -24.005039
v 0.000000 7.215180 -23.070641
v 0.000000 2.512480 -21.307140
v 0.000000 2.512481 -19.806438
v -2.694800 4.884778 -49.785542
v -3.092000 5.572878 -49.396839
v -3.092000 5.572878 -48.778835
v -3.247400 5.841979 -48.704243
v -3.602300 6.456679 -48.272442
v -4.133800 7.377379 -47.060337
v -4.325500 7.709279 -45.494442
v -4.325500 7.709280 -25.456039
v -4.098600 7.316281 -24.005039
v -3.498900 6.277680 -23.070641
v -1.147600 2.204981 -21.307140
v -1.147600 2.204981 -19.806438
v -4.667500 2.912078 -49.785542
v -5.355500 3.309379 -49.396839
v -5.355500 3.309379 -48.778835
v -5.624600 3.464779 -48.704243
v -6.239400 3.819679 -48.272442
v -7.160000 4.351179 -47.060337
v -7.491900 4.542879 -45.494442
v -7.491900 4.542881 -25.456039
v -7.098900 4.315980 -24.005039
v -6.060300 3.716281 -23.070641
v -1.987600 1.364981 -21.307140
v -1.987600 1.364981 -19.806438
v -5.389500 0.217378 -49.785542
v -6.184000 0.217378 -49.396839
v -6.184000 0.217379 -48.778835
v -6.494800 0.217379 -48.704243
v -7.204600 0.217379 -48.272442
v -8.267700 0.217379 -47.060337
v -8.650900 0.217379 -45.494442
v -8.650900 0.217380 -25.456039
v -8.197200 0.217380 -24.005039
v -6.997900 0.217380 -23.070641
v -2.295100 0.217381 -21.307140
v -2.295100 0.217381 -19.806438
v -4.667500 -2.477422 -49.785542
v -5.355500 -2.874621 -49.396839
v -5.355500 -2.874621 -48.778835
v -5.624600 -3.030021 -48.704243
v -6.239400 -3.384921 -48.272442
v -7.160000 -3.916521 -47.060337
v -7.491900 -4.108121 -45.494442
v -7.491900 -4.108119 -25.456039
v -7.099000 -3.881220 -24.005039
v -6.060300 -3.281519 -23.070641
v -1.987700 -0.930219 -21.307140
v -1.987700 -0.930219 -19.806438
v -2.694800 -4.450121 -49.785542
v -3.092000 -5.138122 -49.396839
v -3.092000 -5.138122 -48.778835
v -3.247400 -5.407321 -48.704243
v -3.602300 -6.022021 -48.272442
v -4.133800 -6.942621 -47.060337
v -4.325500 -7.274621 -45.494442
v -4.325500 -7.274620 -25.456039
v -4.098600 -6.881619 -24.005039
v -3.498900 -5.842919 -23.070641
v -1.147600 -1.770319 -21.307140
v -1.147600 -1.770319 -19.806438
v 0.000000 7.219282 -4.269940
v 1.287500 7.564281 -4.269940
v 1.287500 7.564282 0.277862
v 0.000000 7.219283 0.277862
v 2.230000 8.506783 -4.269940
v 2.230000 8.506783 0.277862
v 2.574900 9.794283 -4.269940
v 2.574900 9.794283 0.277862
v 2.230000 11.081682 -4.269940
v 2.230000 11.081682 0.277862
v 1.287500 12.024181 -4.269940
v 1.287500 12.024181 0.277862
v 0.000000 12.369183 -4.269940
v 0.000000 12.369183 0.277862
v -1.287500 12.024181 -4.269940
v -1.287500 12.024181 0.277862
v -2.230000 11.081682 -4.269940
v -2.230000 11.081682 0.277862
v -2.574900 9.794283 -4.269940
v -2.574900 9.794283 0.277862
v -2.230000 8.506783 -4.269940
v -2.230000 8.506783 0.277862
v -1.287500 7.564281 -4.269940
v -1.287500 7.564282 0.277862
v 0.000000 8.399180 -14.566941
v 0.697500 8.586082 -14.566941
v 0.697500 8.586082 -10.104138
v 0.000000 8.399180 -10.104138
v 1.208200 9.096681 -14.566941
v 1.208200 9.096681 -10.104138
v 1.395100 9.794282 -14.566941
v 1.395100 9.794282 -10.104138
v 1.208200 10.491782 -14.566941
v 1.208200 10.491782 -10.104138
v 0.697500 11.002481 -14.566941
v 0.697500 11.002481 -10.104138
v 0.000000 11.189382 -14.566941
v 0.000000 11.189382 -10.104138
v -0.697500 11.002481 -14.566941
v -0.697500 11.002481 -10.104138
v -1.208200 10.491782 -14.566941
v -1.208200 10.491782 -10.104138
v -1.395100 9.794282 -14.566941
v -1.395100 9.794282 -10.104138
v -1.208200 9.096681 -14.566941
v -1.208200 9.096681 -10.104138
v -0.697500 8.586082 -14.566941
v -0.697500 8.586082 -10.104138
v 0.000000 7.295281 -9.463342
v 0.000000 8.323182 -9.980840
v 0.735500 8.520282 -9.980840
v 1.249500 7.630082 -9.463342
v 1.274000 9.058782 -9.980840
v 2.164200 8.544782 -9.463342
v 1.471000 9.794282 -9.980840
v 2.499000 9.794282 -9.463342
v 1.274000 10.529780 -9.980840
v 2.164200 11.043782 -9.463342
v 0.735500 11.068181 -9.980840
v 1.249500 11.958482 -9.463342
v 0.000000 11.265281 -9.980840
v 0.000000 12.293281 -9.463342
v -0.735500 11.068181 -9.980840
v -1.249500 11.958482 -9.463342
v -1.274000 10.529780 -9.980840
v -2.164200 11.043782 -9.463342
v -1.471000 9.794282 -9.980840
v -2.499000 9.794282 -9.463342
v -1.274000 9.058782 -9.980840
v -2.164200 8.544782 -9.463342
v -0.735500 8.520282 -9.980840
v -1.249500 7.630082 -9.463342
v 0.000000 7.219282 -9.340138
v 1.287500 7.564281 -9.340138
v 1.287500 7.564281 -4.877339
v 0.000000 7.219282 -4.877339
v 2.230000 8.506782 -9.340138
v 2.230000 8.506783 -4.877339
v 2.574900 9.794282 -9.340138
v 2.574900 9.794283 -4.877339
v 2.230000 11.081681 -9.340138
v 2.230000 11.081682 -4.877339
v 1.287500 12.024180 -9.340138
v 1.287500 12.024181 -4.877339
v 0.000000 12.369182 -9.340138
v 0.000000 12.369183 -4.877339
v -1.287500 12.024180 -9.340138
v -1.287500 12.024181 -4.877339
v -2.230000 11.081681 -9.340138
v -2.230000 11.081682 -4.877339
v -2.574900 9.794282 -9.340138
v -2.574900 9.794283 -4.877339
v -2.230000 8.506782 -9.340138
v -2.230000 8.506783 -4.877339
v -1.287500 7.564281 -9.340138
v -1.287500 7.564281 -4.877339
v 0.000000 8.399178 -50.730640
v 0.697600 8.586079 -50.730640
v 0.697500 8.586082 -15.174340
v 0.000000 8.399180 -15.174340
v 1.208200 9.096678 -50.730640
v 1.208200 9.096681 -15.174340
v 1.395100 9.794279 -50.730640
v 1.395100 9.794282 -15.174340
v 1.208200 10.491779 -50.730640
v 1.208200 10.491782 -15.174340
v 0.697600 11.002478 -50.730640
v 0.697500 11.002481 -15.174340
v 0.000000 11.189379 -50.730640
v 0.000000 11.189382 -15.174340
v -0.697500 11.002478 -50.730640
v -0.697500 11.002481 -15.174340
v -1.208200 10.491779 -50.730640
v -1.208200 10.491782 -15.174340
v -1.395100 9.794279 -50.730640
v -1.395100 9.794282 -15.174340
v -1.208200 9.096678 -50.730640
v -1.208200 9.096681 -15.174340
v -0.697500 8.586079 -50.730640
v -0.697500 8.586082 -15.174340
v 1.214800 7.690182 -4.573639
v 0.000000 7.364781 -4.573639
v 2.104000 8.579483 -4.573639
v 2.429500 9.794283 -4.573640
v 2.104000 11.008982 -4.573640
v 1.214800 11.898283 -4.573640
v 0.000000 12.223782 -4.573640
v -1.214800 11.898283 -4.573640
v -2.104000 11.008982 -4.573640
v -2.429500 9.794283 -4.573640
v -2.104000 8.579483 -4.573639
v -1.214800 7.690182 -4.573639
v 0.624800 8.711982 -14.870641
v 0.000000 8.544581 -14.870641
v 1.082300 9.169381 -14.870641
v 1.249700 9.794282 -14.870641
v 1.082300 10.419082 -14.870641
v 0.624800 10.876481 -14.870641
v 0.000000 11.043981 -14.870641
v -0.624800 10.876481 -14.870641
v -1.082200 10.419082 -14.870641
v -1.249700 9.794282 -14.870641
v -1.082200 9.169381 -14.870641
v -0.624800 8.711982 -14.870641
v 0.942400 9.794279 -50.147541
v 0.816100 9.323078 -50.147541
v 0.471200 8.978178 -50.147541
v 0.000000 8.851879 -50.147541
v -0.471200 8.978178 -50.147541
v -0.816100 9.323078 -50.147541
v -0.942400 9.794279 -50.147541
v -0.816100 10.265478 -50.147541
v -0.471200 10.610378 -50.147541
v 0.000000 10.736578 -50.147541
v 0.471200 10.610378 -50.147541
v 0.816100 10.265478 -50.147541
v 0.000000 8.638079 -50.876438
v 0.578100 8.792978 -50.876438
v -0.578100 8.792978 -50.876438
v -1.001200 9.216179 -50.876438
v -1.156100 9.794279 -50.876438
v -1.001200 10.372379 -50.876438
v -0.578100 10.795479 -50.876438
v 0.000000 10.950378 -50.876438
v 0.578100 10.795479 -50.876438
v 1.001300 10.372379 -50.876438
v 1.156200 9.794279 -50.876438
v 1.001300 9.216179 -50.876438
v 0.000000 8.851879 -50.876438
v 0.471200 8.978178 -50.876438
v -0.471200 8.978178 -50.876438
v -0.816100 9.323078 -50.876438
v -0.942400 9.794279 -50.876438
v -0.816100 10.265478 -50.876438
v -0.471200 10.610378 -50.876438
v 0.000000 10.736578 -50.876438
v 0.471200 10.610378 -50.876438
v 0.816100 10.265478 -50.876438
v 0.942400 9.794279 -50.876438
v 0.816100 9.323078 -50.876438
v -0.483000 7.085689 86.778458
v -0.483000 7.085688 66.373657
v -0.353600 6.602788 66.373657
v -0.353600 6.602789 86.730461
v -0.129400 7.439289 86.813660
v -0.129400 7.439287 66.373657
v 0.353600 7.309889 86.800766
v 0.353600 7.309888 66.373657
v 0.483000 6.826889 86.752762
v 0.483000 6.826887 66.373657
v 0.129400 6.473389 86.717560
v 0.129400 6.473388 66.373657
v -0.483000 6.842288 87.989563
v -0.353600 6.387889 87.799255
v -0.129400 7.174889 88.128960
v 0.353600 7.053089 88.077957
v 0.483000 6.598789 87.887558
v 0.129400 6.266189 87.748260
v -0.483000 6.149789 89.012558
v -0.353600 5.776789 88.701965
v -0.129400 6.422789 89.239861
v 0.353600 6.322889 89.156662
v 0.483000 5.949889 88.846161
v 0.129400 5.676789 88.618759
v -0.483000 -0.591211 95.645264
v -0.353600 -0.964210 95.334763
v -0.129400 -0.318211 95.872559
v 0.353600 -0.418111 95.789360
v 0.483000 -0.791110 95.478867
v 0.129400 -1.064211 95.251465
v -0.483000 -1.240111 96.603867
v -0.353600 -1.694510 96.413460
v -0.129400 -0.907510 96.743164
v 0.353600 -1.029310 96.692162
v 0.483000 -1.483610 96.501762
v 0.129400 -1.816210 96.362457
v -0.483000 -1.468310 97.738663
v -0.353600 -1.951210 97.690567
v -0.129400 -1.114710 97.773865
v 0.353600 -1.244110 97.760956
v 0.483000 -1.727110 97.712860
v 0.129400 -2.080610 97.677765
v -0.483000 -1.468310 106.443359
v -0.353600 -1.951210 106.480255
v -0.129400 -1.114710 106.416367
v 0.353600 -1.244110 106.426254
v 0.483000 -1.727110 106.463165
v 0.129400 -2.080610 106.490158
v -0.483000 -1.286210 107.626862
v -0.353600 -1.752310 107.773758
v -0.129400 -0.945110 107.519455
v 0.353600 -1.069910 107.558762
v 0.483000 -1.536010 107.705566
v 0.129400 -1.877210 107.813065
v -0.483000 -0.757009 108.701065
v -0.353600 -1.173910 108.947662
v -0.129400 -0.451810 108.520554
v 0.353600 -0.563510 108.586655
v 0.483000 -0.980410 108.833267
v 0.129400 -1.285610 109.013763
v -0.483000 5.330192 117.403366
v -0.353600 4.934391 117.680161
v -0.129400 5.619891 117.200668
v 0.353500 5.513791 117.274857
v 0.483000 5.118092 117.551666
v 0.129400 4.828391 117.754364
v -3.402800 10.130283 29.896862
v -3.402800 10.130283 28.337961
v -3.186200 8.290785 28.057261
v -3.569900 8.290785 29.896862
v -3.402800 10.130283 31.455761
v -3.186200 8.290786 31.736361
v -3.186200 11.969784 31.455761
v -3.186200 11.969784 29.896862
v -3.186200 11.969784 28.337961
v -1.744600 13.040586 33.308762
v -1.744600 13.040586 32.129459
v -3.186200 11.969785 32.453362
v -1.744600 13.040586 34.800461
v -3.186200 11.969785 34.092159
v 0.000000 13.809285 35.508659
v 0.000000 13.809285 34.164162
v 0.000000 13.809285 32.803162
v 1.744600 13.040586 33.308762
v 1.744600 13.040586 32.129459
v 1.744600 13.040586 34.800461
v 3.186200 11.969785 34.092159
v 3.186200 11.969785 32.453362
v 3.186200 11.969784 31.455761
v 3.402800 10.130284 32.453362
v 3.402800 10.130283 31.455761
v 3.402800 10.130284 34.092159
v 3.186200 8.290786 34.092159
v 3.186200 8.290786 32.453362
v 3.186200 8.103185 31.915661
v 0.000000 6.451184 23.314362
v 0.000000 6.451184 24.285061
v -1.593100 6.998884 24.993261
v -1.593100 6.998884 23.314362
v -3.186200 8.290785 23.314362
v -3.186200 8.290785 25.701462
v -3.186200 11.969784 23.314362
v -3.186200 11.969784 25.701462
v -1.744600 13.040585 24.993259
v -1.744600 13.040585 23.314360
v 0.000000 13.809284 23.314360
v 0.000000 13.809284 24.285059
v -3.186200 11.969785 36.466862
v -3.402800 10.130284 34.092159
v -3.402800 10.130284 36.466862
v -3.186200 8.290786 36.466862
v -3.186200 8.290786 34.092159
v -1.593100 6.998885 34.800461
v -1.593100 6.998885 36.466862
v 0.000000 6.451185 36.466862
v 0.000000 6.451185 35.508659
v -3.402800 10.130283 25.701462
v -3.402800 10.130283 23.314362
v 1.593100 6.998885 34.800461
v 1.593100 6.998885 36.466862
v 3.186200 8.290786 36.466862
v 1.744600 13.040585 26.484959
v 1.744600 13.040585 27.664259
v 3.186200 11.969784 28.337961
v 3.186200 11.969784 27.340361
v 1.744600 13.040585 24.993259
v 3.186200 11.969784 25.701462
v 0.000000 13.809284 25.629559
v 0.000000 13.809284 26.990459
v 3.402800 10.130283 29.896862
v 3.309900 8.562984 29.896862
v 3.402800 10.130283 28.337961
v 3.186200 8.103184 27.878061
v 3.186200 11.969784 29.896862
v 3.186200 8.290785 23.314362
v 3.186200 8.290785 25.701462
v 1.593100 6.998884 24.993261
v 1.593100 6.998884 23.314362
v 3.186200 11.969784 23.314362
v 3.402800 10.130283 25.701462
v 3.402800 10.130283 23.314362
v -1.744600 13.040585 29.896860
v 0.000000 13.809284 29.896860
v -1.744600 13.040585 27.664259
v 1.744600 13.040585 29.896860
v -3.186200 2.678985 31.736361
v -3.186200 5.825285 31.736361
v -3.479700 5.825285 29.896862
v -3.479700 2.678984 29.896862
v -3.186200 2.678984 28.057261
v -3.186200 5.825284 28.057261
v -1.593100 5.116984 26.613762
v -1.593100 2.678984 26.613762
v 0.000000 2.678984 26.217762
v 0.000000 4.408784 26.217762
v -1.593100 6.684984 32.656162
v -1.593100 6.827385 32.819260
v -3.186200 7.540384 31.736361
v -1.593100 5.116984 33.087063
v 0.000000 4.408785 33.575863
v 0.000000 5.829585 33.575863
v 0.000000 6.295785 33.722961
v 1.593100 6.684984 27.137562
v 1.593100 6.827384 26.974361
v 3.186200 7.540384 28.057362
v 1.593100 5.116984 26.613762
v 3.186200 5.825284 28.057362
v 0.000000 5.829585 26.217762
v 0.000000 6.295784 26.070761
v 3.186200 2.678985 31.736361
v 3.186200 5.825285 31.736361
v 1.593100 5.116984 33.087063
v 1.593100 2.678985 33.087063
v 0.000000 2.678985 33.575863
v 3.186200 2.678984 28.057261
v 3.479700 5.825285 29.896862
v 3.479700 2.678984 29.896862
v -1.744600 13.040586 36.466862
v 0.000000 13.809285 36.466862
v 1.744600 13.040586 36.466862
v 3.186200 11.969785 36.466862
v 3.402800 10.130284 36.466862
v -1.593100 6.998884 26.484961
v 0.000000 6.451184 25.629560
v -1.593100 6.827384 26.974361
v -3.186200 8.290785 27.340361
v -1.744600 13.040585 26.484959
v -3.186200 11.969784 27.340361
v -3.402800 10.130284 32.453362
v -3.186200 8.290786 32.453362
v -1.593100 6.998884 33.308762
v 0.000000 6.451184 34.164162
v -3.402800 10.130283 27.340361
v 1.593100 6.998884 33.308762
v 1.593100 6.827385 32.819260
v 1.744600 13.040585 23.314360
v 1.593100 6.998884 26.484961
v 3.186200 8.290785 27.340361
v 3.402800 10.130283 27.340361
v -3.479700 7.540384 29.896862
v -3.186200 7.540384 28.057261
v -1.593100 6.684984 27.137562
v -1.593100 2.678985 33.087063
v 1.593100 2.678984 26.613762
v 1.593100 6.684984 32.656162
v 3.186200 7.540384 31.736361
v 3.374200 7.540384 29.896862
v 0.000000 6.671384 23.094162
v -1.486300 7.191384 23.094162
v -0.942600 8.171984 23.094162
v 0.000000 7.847984 23.094162
v -2.993300 8.396885 23.094162
v -1.937200 8.978485 23.094162
v -3.182700 10.130283 23.094162
v -2.072800 10.130283 23.094162
v -2.995600 11.859585 23.094162
v -1.941000 11.249285 23.094162
v -1.633800 12.850285 23.094160
v -1.076100 11.891684 23.094162
v 0.000000 13.589184 23.094160
v 0.000000 12.365885 23.094162
v 1.633900 12.850285 23.094160
v 1.076100 11.891684 23.094162
v 2.995600 11.859585 23.094162
v 1.941000 11.249285 23.094162
v 3.182700 10.130283 23.094162
v 2.072800 10.130283 23.094162
v 2.993300 8.396885 23.094162
v 1.937200 8.978485 23.094162
v 1.486300 7.191384 23.094162
v 0.942700 8.171984 23.094162
v -2.995600 11.859586 36.686962
v -3.182700 10.130284 36.686962
v -2.072800 10.130284 36.686962
v -1.941000 11.249286 36.686962
v -2.993300 8.396886 36.686962
v -1.937200 8.978486 36.686962
v -1.486300 7.191385 36.686962
v -0.942600 8.171985 36.686962
v 0.000000 6.671385 36.686962
v 0.000000 7.847985 36.686962
v 1.486300 7.191385 36.686962
v 0.942600 8.171985 36.686962
v 2.993300 8.396886 36.686962
v 1.937200 8.978486 36.686962
v 3.182700 10.130284 36.686962
v 2.072800 10.130284 36.686962
v 2.995600 11.859586 36.686962
v 1.941000 11.249286 36.686962
v 1.633800 12.850286 36.686962
v 1.076100 11.891685 36.686962
v 0.000000 13.589185 36.686962
v 0.000000 12.365886 36.686962
v -1.633800 12.850286 36.686962
v -1.076100 11.891685 36.686962
v -2.994300 2.458885 31.628361
v -3.259500 2.458884 29.896862
v -2.142100 2.458884 29.896862
v -1.958900 2.458885 31.045160
v -2.992600 2.458884 28.162161
v -1.955000 2.458884 28.724161
v -1.489500 2.458884 26.807961
v -0.952200 2.458884 27.815460
v 0.000000 2.458884 26.437962
v 0.000000 2.458884 27.578861
v 1.489500 2.458884 26.807961
v 0.952200 2.458884 27.815460
v 2.992600 2.458884 28.162161
v 1.955000 2.458884 28.724161
v 3.259500 2.458884 29.896862
v 2.142100 2.458884 29.896862
v 2.994300 2.458885 31.628361
v 1.958900 2.458885 31.045160
v 1.487400 2.458885 32.893963
v 0.946000 2.458885 31.903961
v 0.000000 2.458885 33.355762
v 0.000000 2.458885 32.194260
v -1.487400 2.458885 32.893963
v -0.946000 2.458885 31.903961
v 0.000000 -25.934317 29.890562
v 2.694800 -25.934317 34.558064
v 0.000000 -25.934317 35.280064
v 3.092000 -25.545616 35.246063
v 0.000000 -25.545616 36.074566
v 3.092000 -24.927717 35.246059
v 0.000000 -24.927717 36.074562
v 3.247400 -24.853117 35.515263
v 0.000000 -24.853117 36.385361
v 3.602300 -24.421217 36.129959
v 0.000000 -24.421217 37.095161
v 4.133800 -23.209217 37.050560
v 0.000000 -23.209215 38.158260
v 4.325500 -21.643217 37.382561
v 0.000000 -21.643215 38.541561
v 4.325500 -1.604815 37.382561
v 0.000000 -1.604815 38.541561
v 4.098600 -0.153815 36.989563
v 0.000000 -0.153815 38.087761
v 3.498900 0.780585 35.950859
v 0.000000 0.780585 36.888462
v 1.147600 2.544085 31.878262
v 0.000000 2.544085 32.185760
v 1.147600 4.044785 31.878262
v 0.000000 4.044785 32.185760
v 4.667500 -25.934317 32.585365
v 5.355500 -25.545616 32.982563
v 5.355500 -24.927717 32.982559
v 5.624700 -24.853117 33.137962
v 6.239400 -24.421217 33.492863
v 7.160000 -23.209217 34.024460
v 7.491900 -21.643217 34.216061
v 7.491900 -1.604815 34.216061
v 7.099000 -0.153815 33.989162
v 6.060300 0.780585 33.389561
v 1.987700 2.544085 31.038160
v 1.987700 4.044785 31.038160
v 5.389500 -25.934317 29.890562
v 6.184000 -25.545616 29.890562
v 6.184000 -24.927717 29.890562
v 6.494800 -24.853117 29.890562
v 7.204600 -24.421217 29.890562
v 8.267700 -23.209217 29.890562
v 8.651000 -21.643217 29.890562
v 8.651000 -1.604815 29.890560
v 8.197200 -0.153815 29.890560
v 6.997900 0.780585 29.890560
v 2.295200 2.544084 29.890560
v 2.295200 4.044785 29.890560
v 4.667500 -25.934317 27.195864
v 5.355500 -25.545616 26.798563
v 5.355500 -24.927717 26.798563
v 5.624700 -24.853117 26.643164
v 6.239400 -24.421217 26.288263
v 7.160000 -23.209217 25.756763
v 7.491900 -21.643217 25.565063
v 7.491900 -1.604816 25.565161
v 7.099000 -0.153816 25.791962
v 6.060300 0.780584 26.391661
v 1.987700 2.544084 28.743061
v 1.987700 4.044785 28.743061
v 2.694800 -25.934317 25.223162
v 3.092000 -25.545616 24.535063
v 3.092000 -24.927717 24.535063
v 3.247400 -24.853117 24.265963
v 3.602300 -24.421217 23.651262
v 4.133800 -23.209217 22.730562
v 4.325500 -21.643217 22.398663
v 4.325500 -1.604816 22.398661
v 4.098600 -0.153816 22.791660
v 3.498900 0.780584 23.830261
v 1.147600 2.544084 27.902962
v 1.147600 4.044784 27.902962
v 0.000000 -25.934317 24.501062
v 0.000000 -25.545616 23.706564
v 0.000000 -24.927717 23.706564
v 0.000000 -24.853117 23.395763
v 0.000000 -24.421217 22.685963
v 0.000000 -23.209217 21.622963
v 0.000000 -21.643217 21.239664
v 0.000000 -1.604816 21.239662
v 0.000000 -0.153816 21.693462
v 0.000000 0.780584 22.892761
v 0.000000 2.544084 27.595461
v 0.000000 4.044784 27.595461
v -2.694800 -25.934317 25.223162
v -3.092000 -25.545616 24.535063
v -3.092000 -24.927717 24.535063
v -3.247400 -24.853117 24.265963
v -3.602300 -24.421217 23.651262
v -4.133800 -23.209217 22.730562
v -4.325500 -21.643217 22.398663
v -4.325500 -1.604816 22.398661
v -4.098600 -0.153816 22.791660
v -3.498900 0.780584 23.830261
v -1.147600 2.544084 27.902962
v -1.147600 4.044784 27.902962
v -4.667500 -25.934317 27.195864
v -5.355500 -25.545616 26.798563
v -5.355500 -24.927717 26.798563
v -5.624600 -24.853117 26.643164
v -6.239400 -24.421217 26.288263
v -7.160000 -23.209217 25.756763
v -7.491900 -21.643217 25.565063
v -7.491900 -1.604816 25.565062
v -7.098900 -0.153816 25.791962
v -6.060300 0.780584 26.391661
v -1.987700 2.544084 28.742962
v -1.987600 4.044785 28.742962
v -5.389500 -25.934317 29.890562
v -6.184000 -25.545616 29.890562
v -6.184000 -24.927717 29.890562
v -6.494800 -24.853117 29.890562
v -7.204600 -24.421217 29.890562
v -8.267700 -23.209217 29.890562
v -8.650900 -21.643217 29.890562
v -8.650900 -1.604815 29.890560
v -8.197200 -0.153815 29.890560
v -6.997900 0.780585 29.890560
v -2.295100 2.544084 29.890560
v -2.295100 4.044785 29.890560
v -4.667500 -25.934317 32.585365
v -5.355500 -25.545616 32.982563
v -5.355500 -24.927717 32.982559
v -5.624600 -24.853117 33.137962
v -6.239400 -24.421217 33.492863
v -7.160000 -23.209217 34.024361
v -7.491900 -21.643217 34.216061
v -7.491900 -1.604815 34.216061
v -7.099000 -0.153815 33.989162
v -6.060300 0.780585 33.389462
v -1.987700 2.544085 31.038160
v -1.987700 4.044785 31.038160
v -2.694800 -25.934317 34.558064
v -3.092000 -25.545616 35.246063
v -3.092000 -24.927717 35.246059
v -3.247400 -24.853117 35.515263
v -3.602300 -24.421217 36.129959
v -4.133800 -23.209217 37.050560
v -4.325500 -21.643217 37.382561
v -4.325500 -1.604815 37.382561
v -4.098600 -0.153815 36.989563
v -3.498900 0.780585 35.950859
v -1.147600 2.544085 31.878262
v -1.147600 4.044785 31.878262
v 0.000000 -8.926919 -8.403838
v 0.916600 -9.946118 -7.177939
v 0.000000 -10.119819 -7.004237
v 1.025500 -9.832719 -6.797538
v 0.000000 -10.027019 -6.603236
v 0.851000 -9.402919 -6.795337
v 0.000000 -9.564219 -6.634139
v 0.851000 -0.824318 1.783260
v 0.000000 -0.985618 1.944462
v 1.352800 -1.130418 2.706461
v 0.000000 -1.386718 2.962761
v 2.094700 -1.884717 3.769362
v 0.000000 -2.281617 4.166262
v 2.116500 -1.664617 4.042961
v 0.000000 -2.065617 4.443960
v 1.025500 -0.204917 2.830261
v 0.000000 -0.399217 3.024561
v 0.938300 0.519083 3.340462
v 0.000000 0.341383 3.518261
v 1.587600 -9.471719 -7.652339
v 1.776300 -9.301919 -7.328437
v 1.473900 -8.962419 -7.235839
v 1.473900 -0.383818 1.342762
v 2.343200 -0.430117 2.006161
v 3.628200 -0.800417 2.685061
v 3.666000 -0.569017 2.947361
v 1.776300 0.325882 2.299360
v 1.625100 1.004782 2.854761
v 1.833100 -8.823619 -8.300437
v 2.051100 -8.576718 -8.053638
v 1.702000 -8.360719 -7.837638
v 1.702000 0.217882 0.740959
v 2.705700 0.526482 1.049561
v 4.189500 0.680782 1.203861
v 4.233100 0.927683 1.450762
v 2.051100 1.051082 1.574161
v 1.876500 1.668283 2.191360
v 1.587600 -8.175419 -8.948638
v 1.776300 -7.851518 -8.778739
v 1.473900 -7.759018 -8.439338
v 1.473900 0.819682 0.139259
v 2.343200 1.483082 0.092960
v 3.628200 2.161982 -0.277340
v 3.666000 2.424282 -0.045838
v 1.776300 1.776282 0.849060
v 1.625100 2.331682 1.527861
v 0.916600 -7.701018 -9.423038
v 1.025500 -7.320718 -9.309638
v 0.851000 -7.318518 -8.879840
v 0.851000 1.260182 -0.301239
v 1.352900 2.183383 -0.607338
v 2.094700 3.246282 -1.361637
v 2.116600 3.519882 -1.141438
v 1.025500 2.307082 0.318161
v 0.938300 2.817382 1.042259
v 0.000000 -7.527318 -9.596740
v 0.000000 -7.126419 -9.503940
v 0.000000 -7.157218 -9.041038
v 0.000000 1.421382 -0.462441
v 0.000000 2.439682 -0.863640
v 0.000000 3.643182 -1.758538
v 0.000000 3.920882 -1.542538
v 0.000000 2.501382 0.123859
v 0.000000 2.995183 0.864460
v -0.916600 -7.701018 -9.423038
v -1.025500 -7.320718 -9.309638
v -0.851000 -7.318518 -8.879840
v -0.851000 1.260182 -0.301239
v -1.352800 2.183383 -0.607338
v -2.094700 3.246282 -1.361637
v -2.116600 3.519882 -1.141541
v -1.025500 2.307082 0.318161
v -0.938300 2.817382 1.042259
v -1.587600 -8.175419 -8.948638
v -1.776300 -7.851518 -8.778739
v -1.473900 -7.759018 -8.439338
v -1.473900 0.819682 0.139259
v -2.343200 1.483082 0.092960
v -3.628200 2.161982 -0.277340
v -3.666000 2.424282 -0.045838
v -1.776300 1.776282 0.848961
v -1.625100 2.331682 1.527861
v -1.833100 -8.823619 -8.300437
v -2.051100 -8.576718 -8.053638
v -1.702000 -8.360719 -7.837638
v -1.702000 0.217882 0.740959
v -2.705700 0.526482 1.049561
v -4.189500 0.680782 1.203861
v -4.233100 0.927683 1.450762
v -2.051100 1.051082 1.574161
v -1.876500 1.668283 2.191360
v -1.587600 -9.471719 -7.652339
v -1.776300 -9.301919 -7.328437
v -1.473900 -8.962419 -7.235839
v -1.474000 -0.383818 1.342762
v -2.343200 -0.430117 2.006161
v -3.628200 -0.800417 2.685061
v -3.666000 -0.569017 2.947361
v -1.776300 0.325882 2.299360
v -1.625100 1.004782 2.854761
v -0.916600 -9.946118 -7.177939
v -1.025500 -9.832719 -6.797538
v -0.851000 -9.402919 -6.795337
v -0.851000 -0.824318 1.783260
v -1.352800 -1.130418 2.706461
v -2.094700 -1.884717 3.769362
v -2.116600 -1.664617 4.042961
v -1.025500 -0.204917 2.830261
v -0.938300 0.519083 3.340462
v -1.784300 6.055787 65.990761
v -1.784300 6.055785 36.674461
v 0.000000 5.795385 36.674461
v 0.000000 5.795387 65.990761
v -2.201200 7.794787 65.990761
v -2.201200 7.794785 36.674461
v 1.784300 6.055787 65.990761
v 1.784300 6.055785 36.674461
v 2.201200 7.794785 36.674461
v 2.201200 7.794787 65.990761
v -1.977900 8.142287 65.990761
v -1.977900 8.142285 36.674461
v 1.977900 8.142287 65.990761
v 1.977900 8.142285 36.674461
v 0.000000 6.957888 68.132858
v -1.784300 7.355488 67.888161
v 1.784300 7.355488 67.888161
v 0.000000 7.856587 68.132858
v -1.784300 7.856587 67.888161
v 1.784300 7.856587 67.888161
v -1.906000 7.653490 99.985962
v -1.906000 7.653483 16.427961
v 0.000000 7.393184 16.427961
v 0.000000 7.393190 99.985962
v -2.351300 8.832390 99.985962
v -2.351300 8.832383 16.427961
v -2.419100 10.323290 99.985962
v -2.419100 10.323283 16.427961
v -2.112700 9.179883 16.427961
v -2.112800 9.179890 99.985962
v -2.095000 11.532890 99.985962
v -2.095000 11.532884 16.427961
v -1.209600 12.418289 99.985962
v -1.209600 12.418283 16.427961
v 0.000000 12.742390 99.985962
v 0.000000 12.742383 16.427959
v 1.209600 12.418289 99.985962
v 1.209600 12.418283 16.427961
v 2.095000 11.532890 99.985962
v 2.095000 11.532884 16.427961
v 2.419100 10.323290 99.985962
v 2.419100 10.323283 16.427961
v 2.112700 9.179890 99.985962
v 2.112800 9.179883 16.427961
v 1.906000 7.653490 99.985962
v 1.906000 7.653483 16.427961
v 2.351300 8.832383 16.427961
v 2.351300 8.832390 99.985962
v -2.293400 14.295589 107.322968
v -2.293400 14.295590 108.265656
v 0.000000 14.910190 108.265656
v 0.000000 14.910189 107.322968
v -1.956700 13.712490 106.918961
v 0.000000 14.236790 106.918961
v -1.956700 13.712490 106.312958
v 0.000000 14.236790 106.312958
v -2.226100 14.178989 105.908859
v 0.000000 14.775490 105.908859
v -2.226100 14.178989 104.831467
v 0.000000 14.775490 104.831467
v -1.923100 13.654190 104.562164
v 0.000000 14.169390 104.562164
v -1.923100 13.654190 103.821457
v 0.000000 14.169390 103.821457
v -2.259800 14.237289 103.013367
v 0.000000 14.842789 103.013458
v -2.259800 14.237289 102.070663
v 0.000000 14.842789 102.070663
v -1.738100 13.333689 99.707962
v 0.000000 13.799389 99.707962
v -1.445200 12.826488 99.252258
v 0.000000 13.213690 99.252258
v -1.226500 12.447590 96.670563
v 0.000000 12.776190 96.670563
v -3.972300 12.616690 107.322968
v -3.972300 12.616691 108.265656
v -3.389200 12.279989 106.918961
v -3.389200 12.279989 106.312958
v -3.855700 12.549389 105.908859
v -3.855700 12.549389 104.831467
v -3.330900 12.246389 104.562164
v -3.330900 12.246389 103.821457
v -3.914000 12.583090 103.013367
v -3.914000 12.583090 102.070663
v -3.010400 12.061390 99.707962
v -2.503200 11.768490 99.252258
v -2.124300 11.549789 96.670563
v -4.586900 10.323290 107.322968
v -4.586900 10.323291 108.265656
v -3.913500 10.323290 106.918961
v -3.913500 10.323290 106.312958
v -4.452200 10.323290 105.908859
v -4.452200 10.323290 104.831467
v -3.846100 10.323290 104.562164
v -3.846100 10.323290 103.821457
v -4.519500 10.323290 103.013367
v -4.519500 10.323290 102.070663
v -3.476100 10.323290 99.707962
v -2.890400 10.323290 99.252258
v -2.452900 10.323290 96.670563
v -3.972300 8.029890 107.322968
v -3.972300 8.029891 108.265656
v -3.389200 8.366590 106.918961
v -3.389200 8.366590 106.312958
v -3.855700 8.097191 105.908859
v -3.855700 8.097191 104.831467
v -3.330900 8.400190 104.562164
v -3.330900 8.400190 103.821457
v -3.914000 8.063490 103.013367
v -3.914000 8.063490 102.070663
v -3.010400 8.585190 99.707962
v -2.503200 8.878090 99.252258
v -2.124300 9.096790 96.670563
v -2.293400 6.350990 107.322968
v -2.293400 6.350990 108.265656
v -1.956700 6.934091 106.918961
v -1.956700 6.934091 106.312958
v -2.226100 6.467590 105.908859
v -2.226100 6.467590 104.831467
v -1.923100 6.992391 104.562164
v -1.923100 6.992390 103.821457
v -2.259800 6.409290 103.013367
v -2.259800 6.409290 102.070663
v -1.738100 7.312890 99.707962
v -1.445200 7.820090 99.252258
v -1.226500 8.198990 96.670563
v 0.000000 5.736390 107.322968
v 0.000000 5.736390 108.265656
v 0.000000 6.409790 106.918961
v 0.000000 6.409790 106.312958
v 0.000000 5.871090 105.908859
v 0.000000 5.871090 104.831467
v 0.000000 6.477190 104.562164
v 0.000000 6.477190 103.821457
v 0.000000 5.803790 103.013458
v 0.000000 5.803790 102.070663
v 0.000000 6.847190 99.707962
v 0.000000 7.432889 99.252258
v 0.000000 7.870389 96.670563
v 2.293400 6.350990 107.322968
v 2.293400 6.350990 108.265656
v 1.956700 6.934091 106.918961
v 1.956700 6.934091 106.312958
v 2.226100 6.467590 105.908859
v 2.226100 6.467590 104.831467
v 1.923100 6.992391 104.562164
v 1.923100 6.992390 103.821457
v 2.259800 6.409290 103.013458
v 2.259800 6.409290 102.070663
v 1.738100 7.312890 99.707962
v 1.445200 7.820090 99.252258
v 1.226500 8.198990 96.670563
v 3.972300 8.029890 107.322968
v 3.972300 8.029891 108.265656
v 3.389200 8.366590 106.918961
v 3.389200 8.366590 106.312958
v 3.855700 8.097191 105.908859
v 3.855700 8.097191 104.831467
v 3.330900 8.400190 104.562164
v 3.330900 8.400190 103.821457
v 3.914000 8.063490 103.013458
v 3.914000 8.063490 102.070663
v 3.010400 8.585190 99.707962
v 2.503200 8.878090 99.252258
v 2.124300 9.096790 96.670563
v 4.586900 10.323290 107.322968
v 4.586900 10.323291 108.265656
v 3.913500 10.323290 106.918961
v 3.913500 10.323290 106.312958
v 4.452200 10.323290 105.908859
v 4.452200 10.323290 104.831467
v 3.846100 10.323290 104.562164
v 3.846100 10.323290 103.821457
v 4.519500 10.323290 103.013458
v 4.519500 10.323290 102.070663
v 3.476100 10.323290 99.707962
v 2.890400 10.323290 99.252258
v 2.452900 10.323290 96.670563
v 3.972300 12.616690 107.322968
v 3.972300 12.616691 108.265656
v 3.389200 12.279989 106.918961
v 3.389200 12.279989 106.312958
v 3.855700 12.549389 105.908859
v 3.855700 12.549389 104.831467
v 3.330900 12.246389 104.562164
v 3.330900 12.246389 103.821457
v 3.914000 12.583090 103.013458
v 3.914000 12.583090 102.070663
v 3.010400 12.061390 99.707962
v 2.503200 11.768490 99.252258
v 2.124300 11.549789 96.670563
v 2.293400 14.295589 107.322968
v 2.293400 14.295590 108.265656
v 1.956700 13.712490 106.918961
v 1.956700 13.712490 106.312958
v 2.226100 14.178989 105.908859
v 2.226100 14.178989 104.831467
v 1.923100 13.654190 104.562164
v 1.923100 13.654190 103.821457
v 2.259800 14.237289 103.013458
v 2.259800 14.237289 102.070663
v 1.738100 13.333689 99.707962
v 1.445200 12.826488 99.252258
v 1.226500 12.447590 96.670563
v -1.516000 12.949191 108.742264
v 0.000000 13.355390 108.742264
v -2.625900 11.839292 108.742264
v -3.032100 10.323291 108.742264
v -2.625900 8.807290 108.742264
v -1.516000 7.697391 108.742264
v 0.000000 7.291190 108.742264
v 1.516000 7.697391 108.742264
v 2.625900 8.807290 108.742264
v 3.032100 10.323291 108.742264
v 2.625900 11.839292 108.742264
v 1.516000 12.949191 108.742264
v -0.537800 11.254790 107.792557
v 0.000000 11.398890 107.792557
v -0.931500 10.861091 107.792557
v -1.075600 10.323291 107.792557
v -0.931500 9.785491 107.792557
v -0.537800 9.391791 107.792557
v 0.000000 9.247691 107.792557
v 0.537800 9.391791 107.792557
v 0.931500 9.785491 107.792557
v 1.075600 10.323291 107.792557
v 0.931500 10.861091 107.792557
v 0.537800 11.254790 107.792557
v -0.537800 11.254789 105.342468
v 0.000000 11.398890 105.342468
v -0.931500 10.861090 105.342468
v -1.075600 10.323290 105.342468
v -0.931500 9.785490 105.342468
v -0.537800 9.391790 105.342468
v 0.000000 9.247690 105.342468
v 0.537800 9.391790 105.342468
v 0.931500 9.785490 105.342468
v 1.075600 10.323290 105.342468
v 0.931500 10.861090 105.342468
v 0.537800 11.254789 105.342468
v -1.166700 12.314389 87.163261
v 0.000000 12.630389 87.163261
v 0.000000 13.281089 87.163261
v -1.490000 12.877488 87.163261
v -1.490000 12.877488 86.063560
v 0.000000 13.281089 86.063560
v 0.000000 12.630389 86.063560
v -1.166700 12.314389 86.063560
v -1.565000 13.019189 86.613358
v 0.000000 13.422788 86.613358
v -1.991100 11.490088 87.163261
v -2.554200 11.813289 87.163261
v -2.554200 11.813289 86.063560
v -1.991100 11.490088 86.063560
v -2.699500 11.920789 86.613358
v -2.307100 10.323289 87.163261
v -2.957800 10.323289 87.163261
v -2.957800 10.323289 86.063560
v -2.307100 10.323289 86.063560
v -3.133400 10.386289 86.613358
v -1.974800 8.894689 87.163261
v -2.810100 8.809989 87.163261
v -2.810100 8.809989 86.063560
v -1.974800 8.894689 86.063560
v -3.049700 8.789489 86.613358
v -2.327100 7.009289 87.163261
v -1.783300 8.373090 87.163261
v -1.783300 8.373090 86.063560
v -2.327100 7.009289 86.063560
v -2.502100 6.855189 86.613358
v -1.233800 7.736689 87.163261
v -1.694400 6.484289 87.163261
v 0.000000 6.203789 87.163261
v 0.000000 7.522889 87.163261
v -1.694400 6.484289 86.063560
v -1.233800 7.736689 86.063560
v 0.000000 7.522889 86.063560
v 0.000000 6.203789 86.063560
v -1.769400 6.248289 86.613358
v 0.000000 5.967689 86.613358
v 1.166700 12.314389 87.163261
v 1.490000 12.877488 87.163261
v 1.490000 12.877488 86.063560
v 1.166700 12.314389 86.063560
v 1.565000 13.019189 86.613358
v 1.991100 11.490088 87.163261
v 2.554200 11.813289 87.163261
v 2.554200 11.813289 86.063560
v 1.991100 11.490088 86.063560
v 2.699500 11.920789 86.613358
v 2.307100 10.323289 87.163261
v 2.957800 10.323289 87.163261
v 2.957800 10.323289 86.063560
v 2.307100 10.323289 86.063560
v 3.133400 10.386289 86.613358
v 1.974800 8.894689 87.163261
v 2.810100 8.809989 87.163261
v 2.810100 8.809989 86.063560
v 1.974800 8.894689 86.063560
v 3.049700 8.789489 86.613358
v 2.327100 7.009289 87.163261
v 1.783300 8.373090 87.163261
v 2.327100 7.009289 86.063560
v 1.783300 8.373090 86.063560
v 2.502100 6.855189 86.613358
v 1.233800 7.736689 87.163261
v 1.694400 6.484289 87.163261
v 1.694400 6.484289 86.063560
v 1.233800 7.736689 86.063560
v 1.769400 6.248289 86.613358
v -1.166700 12.314385 40.840561
v 0.000000 12.630385 40.840561
v 0.000000 13.281085 40.840561
v -1.490000 12.877484 40.840561
v -1.490000 12.877484 39.740860
v 0.000000 13.281085 39.740860
v 0.000000 12.630385 39.740860
v -1.166700 12.314385 39.740860
v -1.565000 13.019185 40.290760
v 0.000000 13.422784 40.290760
v -1.991100 11.490085 40.840561
v -2.554200 11.813285 40.840561
v -2.554200 11.813285 39.740860
v -1.991100 11.490085 39.740860
v -2.699500 11.920785 40.290760
v -2.307100 10.323285 40.840561
v -2.957800 10.323285 40.840561
v -2.957800 10.323285 39.740860
v -2.307100 10.323285 39.740860
v -3.133400 10.386285 40.290760
v -1.974800 8.894685 40.840561
v -2.810100 8.809985 40.840561
v -2.810100 8.809985 39.740860
v -1.974800 8.894685 39.740860
v -3.049700 8.789485 40.290760
v -2.327100 6.199885 40.840561
v -1.783300 6.776085 40.840561
v -1.783300 6.776085 39.740860
v -2.327100 6.199885 39.740860
v -2.502100 6.045685 40.290760
v -1.233800 6.139685 40.840561
v -1.694400 5.674785 40.840561
v 0.000000 5.394285 40.840561
v 0.000000 5.925885 40.840561
v -1.694400 5.674785 39.740860
v -1.233800 6.139685 39.740860
v 0.000000 5.925885 39.740860
v 0.000000 5.394285 39.740860
v -1.769400 5.438785 40.290760
v 0.000000 5.158286 40.290760
v 1.166700 12.314385 40.840561
v 1.490000 12.877484 40.840561
v 1.490000 12.877484 39.740860
v 1.166700 12.314385 39.740860
v 1.565000 13.019185 40.290760
v 1.991100 11.490085 40.840561
v 2.554200 11.813285 40.840561
v 2.554200 11.813285 39.740860
v 1.991100 11.490085 39.740860
v 2.699500 11.920785 40.290760
v 2.307100 10.323285 40.840561
v 2.957800 10.323285 40.840561
v 2.957800 10.323285 39.740860
v 2.307100 10.323285 39.740860
v 3.133400 10.386285 40.290760
v 1.974800 8.894685 40.840561
v 2.810100 8.809985 40.840561
v 2.810100 8.809985 39.740860
v 1.974800 8.894685 39.740860
v 3.049700 8.789485 40.290760
v 2.327100 6.199885 40.840561
v 1.783300 6.776085 40.840561
v 2.327100 6.199885 39.740860
v 1.783300 6.776085 39.740860
v 2.502100 6.045685 40.290760
v 1.233800 6.139685 40.840561
v 1.694400 5.674785 40.840561
v 1.694400 5.674785 39.740860
v 1.233800 6.139685 39.740860
v 1.769400 5.438785 40.290760
v -1.166700 12.314387 63.737259
v 0.000000 12.630387 63.737259
v 0.000000 13.281087 63.737259
v -1.490000 12.877486 63.737259
v -1.490000 12.877486 62.637661
v 0.000000 13.281087 62.637661
v 0.000000 12.630387 62.637661
v -1.166700 12.314387 62.637661
v -1.565000 13.019187 63.187462
v 0.000000 13.422786 63.187462
v -1.991100 11.490087 63.737259
v -2.554200 11.813287 63.737259
v -2.554200 11.813287 62.637661
v -1.991100 11.490087 62.637661
v -2.699500 11.920787 63.187462
v -2.307100 10.323287 63.737259
v -2.957800 10.323287 63.737259
v -2.957800 10.323287 62.637661
v -2.307100 10.323287 62.637661
v -3.133400 10.386287 63.187462
v -1.974800 8.894687 63.737259
v -2.810100 8.809987 63.737259
v -2.810100 8.809987 62.637661
v -1.974800 8.894687 62.637661
v -3.049700 8.789487 63.187462
v -2.327100 6.199887 63.737259
v -1.783300 6.776087 63.737259
v -1.783300 6.776087 62.637661
v -2.327100 6.199887 62.637661
v -2.502100 6.045687 63.187462
v -1.233800 6.139687 63.737259
v -1.694400 5.674787 63.737259
v 0.000000 5.394287 63.737259
v 0.000000 5.925887 63.737259
v -1.694400 5.674787 62.637661
v -1.233800 6.139687 62.637661
v 0.000000 5.925887 62.637661
v 0.000000 5.394287 62.637661
v -1.769400 5.438787 63.187462
v 0.000000 5.158288 63.187462
v 1.166700 12.314387 63.737259
v 1.490000 12.877486 63.737259
v 1.490000 12.877486 62.637661
v 1.166700 12.314387 62.637661
v 1.565000 13.019187 63.187462
v 1.991100 11.490087 63.737259
v 2.554200 11.813287 63.737259
v 2.554200 11.813287 62.637661
v 1.991100 11.490087 62.637661
v 2.699500 11.920787 63.187462
v 2.307100 10.323287 63.737259
v 2.957800 10.323287 63.737259
v 2.957800 10.323287 62.637661
v 2.307100 10.323287 62.637661
v 3.133400 10.386287 63.187462
v 1.974800 8.894687 63.737259
v 2.810100 8.809987 63.737259
v 2.810100 8.809987 62.637661
v 1.974800 8.894687 62.637661
v 3.049700 8.789487 63.187462
v 2.327100 6.199887 63.737259
v 1.783300 6.776087 63.737259
v 2.327100 6.199887 62.637661
v 1.783300 6.776087 62.637661
v 2.502100 6.045687 63.187462
v 1.233800 6.139687 63.737259
v 1.694400 5.674787 63.737259
v 1.694400 5.674787 62.637661
v 1.233800 6.139687 62.637661
v 1.769400 5.438787 63.187462
vn -0.5151 0.8572 -0.0000
vn -0.4796 0.7984 -0.3642
vn -0.8194 0.4454 -0.3608
vn -0.8785 0.4777 -0.0000
vn -0.5059 0.8624 -0.0199
vn -0.8699 0.4893 -0.0623
vn -0.0000 1.0000 -0.0000
vn -0.0002 0.9327 -0.3605
vn 0.5151 0.8572 -0.0000
vn 0.4798 0.7982 -0.3642
vn 0.5059 0.8624 -0.0199
vn 0.8684 0.4916 -0.0652
vn 0.8785 0.4777 -0.0000
vn 0.8193 0.4457 -0.3607
vn 1.0000 -0.0000 -0.0000
vn 0.9307 -0.0002 -0.3658
vn 0.9963 -0.0061 -0.0853
vn 0.9851 -0.0649 -0.1595
vn 0.8843 -0.4664 -0.0236
vn 0.8013 -0.4778 -0.3600
vn 0.5688 -0.8067 -0.1604
vn 0.4401 -0.8238 -0.3574
vn 0.8427 -0.0612 -0.5349
vn 0.0499 -0.3400 -0.9391
vn 0.0073 -0.9914 -0.1304
vn 0.0079 -0.9296 -0.3685
vn -0.9999 0.0087 -0.0083
vn -0.9307 0.0003 -0.3657
vn -0.8962 -0.4343 -0.0908
vn -0.8078 -0.4659 -0.3611
vn -0.9742 -0.0704 -0.2144
vn -0.9927 0.0662 -0.1008
vn -0.4887 0.8724 -0.0100
vn -0.8663 0.4995 -0.0055
vn -0.5035 0.8634 0.0325
vn -0.8710 0.4853 0.0770
vn -0.0000 1.0000 0.0088
vn -0.0000 1.0000 -0.0081
vn -0.5677 -0.8084 -0.1555
vn -0.4469 -0.8208 -0.3559
vn -0.7962 -0.0589 -0.6021
vn -0.4854 -0.8659 0.1210
vn -0.4890 -0.7730 0.4041
vn 0.0013 -0.8747 0.4846
vn 0.0006 -0.9859 0.1674
vn -0.4407 -0.8196 0.3662
vn -0.0009 -0.9320 0.3625
vn -0.8068 -0.4695 0.3587
vn -0.8827 -0.4636 0.0766
vn -0.9007 -0.3828 0.2053
vn -0.9995 0.0153 0.0281
vn -0.9922 -0.1235 0.0172
vn -0.9965 0.0239 0.0798
vn 0.8648 -0.5022 0.0004
vn 0.9249 -0.3415 0.1672
vn 0.9961 -0.0017 0.0887
vn 0.8725 0.4830 0.0742
vn 0.8196 0.4455 0.3603
vn 0.9307 0.0003 0.3657
vn 0.8064 -0.4705 0.3582
vn 0.4887 0.8724 -0.0100
vn 0.8664 0.4994 0.0012
vn 0.5035 0.8634 0.0325
vn 0.5061 -0.8582 0.0863
vn 0.4421 -0.8187 0.3664
vn 0.5689 -0.7135 0.4090
vn -0.9998 -0.0181 0.0062
vn -0.8481 0.3311 -0.4137
vn -0.9319 -0.2566 -0.2566
vn -0.7741 0.1132 -0.6229
vn -0.8103 -0.5813 0.0747
vn -0.8744 -0.3565 0.3291
vn -0.5390 0.5710 -0.6192
vn 0.0146 0.6656 -0.7462
vn -0.4605 0.3162 -0.8294
vn 0.0087 0.4043 -0.9146
vn 0.4667 -0.6579 0.5911
vn 0.4249 -0.8467 0.3203
vn 0.8102 -0.5814 0.0748
vn 0.8713 -0.3577 0.3359
vn -0.0000 -0.7429 0.6694
vn -0.0007 -0.9137 0.4064
vn 0.9319 -0.2567 -0.2561
vn 0.7658 0.1237 -0.6310
vn 0.8268 0.3973 -0.3981
vn 0.9856 -0.1636 0.0428
vn 0.5039 0.5998 -0.6216
vn 0.4614 0.3145 -0.8296
vn -0.4669 -0.6584 0.5903
vn -0.4240 -0.8471 0.3203
vn -0.4800 0.7985 0.3632
vn -0.8195 0.4458 0.3601
vn 0.0002 0.9331 0.3596
vn 0.4797 0.7986 0.3634
vn -0.9999 0.0084 0.0091
vn -0.9307 -0.0002 0.3658
vn 1.0000 -0.0014 0.0059
vn -0.3849 0.2092 -0.8989
vn -0.2201 0.3671 -0.9038
vn 0.0023 -0.0030 -1.0000
vn 0.0021 0.0002 -1.0000
vn -0.0003 0.4385 -0.8987
vn -0.0002 -0.0045 -1.0000
vn 0.2206 0.3671 -0.9037
vn -0.0029 -0.0031 -1.0000
vn 0.3849 0.2099 -0.8988
vn -0.0031 -0.0001 -1.0000
vn 0.4244 -0.0000 -0.9055
vn -0.0005 0.0015 -1.0000
vn 0.3771 -0.2369 -0.8954
vn -0.0085 -0.0180 -0.9998
vn 0.2094 -0.3811 -0.9005
vn 0.0165 0.0009 -0.9999
vn 0.0031 -0.4313 -0.9022
vn -0.0061 0.0007 -1.0000
vn -0.2111 -0.3843 -0.8987
vn -0.0047 -0.0080 -1.0000
vn -0.3786 -0.2303 -0.8964
vn 0.0079 -0.0126 -0.9999
vn -0.4239 0.0008 -0.9057
vn -0.0007 0.0016 -1.0000
vn -0.2023 -0.3762 0.9042
vn -0.0003 -0.4351 0.9004
vn -0.0000 -0.0000 1.0000
vn 0.2030 -0.3759 0.9042
vn 0.3843 -0.2246 0.8955
vn 0.4241 0.0005 0.9056
vn 0.3864 0.2097 0.8982
vn 0.2216 0.3692 0.9025
vn 0.0003 0.4413 0.8973
vn -0.2220 0.3689 0.9026
vn -0.3861 0.2102 0.8982
vn -0.4242 -0.0003 0.9056
vn -0.3848 -0.2237 0.8955
vn -0.4330 -0.6381 -0.6367
vn -0.3637 -0.4447 -0.8185
vn 0.0116 -0.6872 -0.7264
vn 0.0018 -0.7108 -0.7034
vn -0.2130 -0.3825 -0.8991
vn -0.0210 -0.7025 -0.7114
vn 0.0062 -0.3028 -0.9530
vn 0.0155 -0.7026 -0.7115
vn 0.2082 -0.3886 -0.8976
vn 0.0131 -0.6955 -0.7184
vn 0.3631 -0.4386 -0.8221
vn -0.0067 -0.6942 -0.7198
vn 0.4312 -0.6391 -0.6369
vn 0.0022 -0.7104 -0.7038
vn 0.3870 -0.7794 -0.4927
vn 0.0094 -0.6880 -0.7257
vn 0.1870 -0.9094 -0.3715
vn -0.0280 -0.7043 -0.7093
vn 0.0019 -0.9387 -0.3446
vn 0.0111 -0.7030 -0.7111
vn -0.1900 -0.9091 -0.3708
vn 0.0140 -0.6958 -0.7181
vn -0.3854 -0.7804 -0.4924
vn -0.0067 -0.6941 -0.7199
vn -0.0001 -0.0293 -0.9996
vn -0.0000 -0.0293 -0.9996
vn 0.0001 -0.0290 -0.9996
vn 0.4979 0.8672 -0.0000
vn 0.6870 0.7266 -0.0000
vn -0.0000 -0.0291 0.9996
vn -0.0000 -0.0292 0.9996
vn 0.0001 -0.0293 -0.9996
vn -0.0001 -0.0290 -0.9996
vn -0.4979 0.8672 -0.0000
vn -0.6870 0.7266 -0.0000
vn 0.6659 -0.7460 -0.0000
vn -0.0001 -0.0291 -0.9996
vn -0.0000 -0.0292 -0.9996
vn -0.6865 0.7271 -0.0000
vn -0.8639 0.5036 -0.0000
vn 0.0001 -0.0293 0.9996
vn 0.0002 -0.0294 0.9996
vn -0.0001 -0.0292 -0.9996
vn -1.0000 0.0048 -0.0000
vn 0.0001 -0.0292 0.9996
vn -0.8681 -0.4964 -0.0000
vn -0.5021 -0.8648 -0.0000
vn -0.0000 -0.0293 0.9996
vn -0.0000 -1.0000 -0.0000
vn 0.5021 -0.8648 -0.0000
vn 0.8681 -0.4964 -0.0000
vn 0.0001 -0.0292 -0.9996
vn 1.0000 0.0048 -0.0000
vn -0.0001 -0.0292 0.9996
vn 0.0001 -0.0291 -0.9996
vn 0.8639 0.5036 -0.0000
vn -0.0001 -0.0293 0.9996
vn 0.6865 0.7271 -0.0000
vn -0.6659 -0.7460 -0.0000
vn -0.0000 0.0153 -0.9999
vn -0.0001 0.0153 -0.9999
vn 0.5011 0.8654 -0.0000
vn 0.6866 0.7270 -0.0000
vn -0.0001 0.0154 0.9999
vn -0.0001 0.0153 0.9999
vn -0.0000 0.0155 0.9999
vn -0.5011 0.8654 -0.0000
vn 0.0001 0.0154 0.9999
vn 0.0001 0.0153 -0.9999
vn -0.6866 0.7270 -0.0000
vn 0.0001 0.0153 0.9999
vn -0.0000 0.0154 -0.9999
vn -0.6869 0.7267 -0.0000
vn -0.8671 0.4981 -0.0000
vn -0.0001 0.0155 0.9999
vn 0.0001 0.0154 -0.9999
vn -1.0000 -0.0025 -0.0000
vn -0.8649 -0.5019 -0.0000
vn -0.0000 0.0154 0.9999
vn -0.0000 0.0155 -0.9999
vn -0.4989 -0.8667 -0.0000
vn 0.4989 -0.8667 -0.0000
vn -0.0001 0.0154 -0.9999
vn 0.8649 -0.5019 -0.0000
vn 1.0000 -0.0025 -0.0000
vn 0.8671 0.4981 -0.0000
vn 0.0001 0.0155 -0.9999
vn 0.6869 0.7267 -0.0000
vn -0.0004 -0.0767 -0.9971
vn -0.0019 -0.0710 -0.9975
vn -0.0025 -0.0713 -0.9975
vn -0.0008 -0.0770 -0.9970
vn 0.4944 0.8692 -0.0000
vn 0.6874 0.7263 -0.0000
vn -0.0001 -0.0768 0.9970
vn -0.0020 -0.0709 0.9975
vn -0.0024 -0.0715 0.9974
vn -0.0004 -0.0772 0.9970
vn -0.0001 -0.0784 -0.9969
vn 0.0002 -0.0786 0.9969
vn 0.0001 -0.0784 0.9969
vn 0.0004 -0.0772 -0.9970
vn 0.0004 -0.0768 -0.9970
vn -0.4944 0.8692 -0.0000
vn 0.0007 -0.0770 0.9970
vn 0.0004 -0.0767 0.9971
vn 0.0024 -0.0715 -0.9974
vn 0.0020 -0.0709 -0.9975
vn -0.6874 0.7263 -0.0000
vn 0.0025 -0.0713 0.9975
vn 0.0019 -0.0710 0.9975
vn 0.0009 -0.0506 -0.9987
vn 0.0004 -0.0505 -0.9987
vn -0.6863 0.7273 -0.0000
vn 0.0008 -0.0506 0.9987
vn 0.0003 -0.0502 0.9987
vn 0.0023 -0.0221 -0.9998
vn 0.0019 -0.0219 -0.9998
vn -0.8645 0.5026 -0.0000
vn 0.0022 -0.0222 0.9998
vn 0.0018 -0.0220 0.9998
vn 0.0002 0.0095 -1.0000
vn 0.0001 0.0096 -1.0000
vn -1.0000 -0.0015 -0.0000
vn 0.0001 0.0091 1.0000
vn 0.0002 0.0091 1.0000
vn 0.0018 0.0407 -0.9992
vn 0.0022 0.0409 -0.9992
vn -0.8632 -0.5049 -0.0000
vn 0.0020 0.0405 0.9992
vn 0.0023 0.0408 0.9992
vn 0.0033 0.0672 -0.9977
vn 0.0037 0.0676 -0.9977
vn -0.4955 -0.8686 -0.0000
vn 0.0032 0.0674 0.9977
vn 0.0034 0.0678 0.9977
vn 0.0002 0.0786 -0.9969
vn 0.0003 0.0786 -0.9969
vn -0.0003 0.0786 0.9969
vn -0.0002 0.0786 0.9969
vn -0.0034 0.0678 -0.9977
vn -0.0032 0.0674 -0.9977
vn 0.4955 -0.8686 -0.0000
vn -0.0037 0.0676 0.9977
vn -0.0033 0.0672 0.9977
vn -0.0023 0.0408 -0.9992
vn -0.0020 0.0405 -0.9992
vn 0.8632 -0.5049 -0.0000
vn -0.0022 0.0409 0.9992
vn -0.0018 0.0407 0.9992
vn -0.0002 0.0091 -1.0000
vn -0.0001 0.0091 -1.0000
vn 1.0000 -0.0015 -0.0000
vn -0.0001 0.0096 1.0000
vn -0.0002 0.0095 1.0000
vn -0.0018 -0.0220 -0.9998
vn -0.0022 -0.0222 -0.9998
vn 0.8645 0.5026 -0.0000
vn -0.0019 -0.0218 0.9998
vn -0.0023 -0.0221 0.9998
vn -0.0003 -0.0502 -0.9987
vn -0.0008 -0.0506 -0.9987
vn 0.6863 0.7273 -0.0000
vn -0.0005 -0.0507 0.9987
vn -0.0009 -0.0506 0.9987
vn 0.0006 0.0682 -0.9977
vn 0.0031 0.0583 -0.9983
vn 0.0041 0.0590 -0.9982
vn 0.0014 0.0687 -0.9976
vn 0.5048 0.8632 -0.0000
vn 0.6862 0.7274 -0.0000
vn 0.0004 0.0683 0.9977
vn 0.0034 0.0581 0.9983
vn 0.0039 0.0591 0.9982
vn 0.0007 0.0692 0.9976
vn 0.0003 0.0717 -0.9974
vn 0.0004 0.0717 -0.9974
vn -0.0004 0.0718 0.9974
vn -0.0003 0.0717 0.9974
vn -0.0006 0.0691 -0.9976
vn -0.0005 0.0683 -0.9977
vn -0.5048 0.8632 -0.0000
vn -0.0014 0.0687 0.9976
vn -0.0006 0.0682 0.9977
vn -0.0039 0.0591 -0.9982
vn -0.0034 0.0581 -0.9983
vn -0.6862 0.7274 -0.0000
vn -0.0041 0.0590 0.9983
vn -0.0031 0.0583 0.9983
vn -0.0006 0.0260 -0.9997
vn -0.0000 0.0254 -0.9997
vn -0.0005 0.0261 0.9997
vn 0.0002 0.0255 0.9997
vn -0.0017 -0.0093 -1.0000
vn -0.0013 -0.0096 -1.0000
vn -0.8653 0.5012 -0.0000
vn -0.0015 -0.0091 1.0000
vn -0.0011 -0.0093 1.0000
vn -0.0002 -0.0357 -0.9994
vn -0.0000 -0.0358 -0.9994
vn -1.0000 0.0059 -0.0000
vn -0.0001 -0.0354 0.9994
vn -0.0012 -0.0509 -0.9987
vn -0.0013 -0.0509 -0.9987
vn -0.8696 -0.4938 -0.0000
vn -0.0012 -0.0510 0.9987
vn -0.0000 -0.0540 -0.9985
vn -0.5038 -0.8638 -0.0000
vn -0.0000 -0.0540 0.9985
vn -0.0000 -0.0541 0.9985
vn -0.0000 -0.0523 -0.9986
vn 0.0001 -0.0523 -0.9986
vn -0.0001 -0.0522 0.9986
vn -0.0000 -0.0522 0.9986
vn -0.0001 -0.0539 -0.9985
vn 0.5038 -0.8638 -0.0000
vn 0.0011 -0.0509 -0.9987
vn 0.8696 -0.4938 -0.0000
vn 0.0015 -0.0509 0.9987
vn 0.0013 -0.0509 0.9987
vn 0.0002 -0.0354 -0.9994
vn 1.0000 0.0059 -0.0000
vn -0.0000 -0.0358 0.9994
vn 0.0002 -0.0357 0.9994
vn 0.0011 -0.0093 -1.0000
vn 0.0015 -0.0091 -1.0000
vn 0.8653 0.5012 -0.0000
vn 0.0013 -0.0096 1.0000
vn 0.0017 -0.0093 1.0000
vn -0.0002 0.0255 -0.9997
vn 0.0005 0.0261 -0.9997
vn -0.0000 0.0254 0.9997
vn 0.0006 0.0261 0.9997
vn -0.0000 0.0362 0.9993
vn 0.7066 0.0362 0.7067
vn -0.0000 0.9347 0.3556
vn 0.2514 0.9347 0.2514
vn -0.0000 0.2158 0.9764
vn 0.6904 0.2157 0.6905
vn 0.6905 0.2157 0.6904
vn -0.0000 0.5662 0.8243
vn 0.5828 0.5662 0.5828
vn -0.0000 0.9442 0.3295
vn 0.2330 0.9442 0.2330
vn 0.7070 -0.0000 0.7072
vn -0.0000 0.9648 0.2629
vn 0.1859 0.9648 0.1859
vn 0.9993 0.0362 -0.0000
vn 0.3555 0.9347 -0.0000
vn 0.9765 0.2157 -0.0000
vn 0.8242 0.5662 -0.0000
vn 0.3295 0.9442 -0.0000
vn 0.2629 0.9648 -0.0000
vn 0.7066 0.0362 -0.7067
vn 0.7066 0.0362 -0.7066
vn 0.2514 0.9347 -0.2514
vn 0.6904 0.2157 -0.6905
vn 0.6905 0.2157 -0.6904
vn 0.5829 0.5662 -0.5828
vn 0.5828 0.5662 -0.5828
vn 0.2330 0.9442 -0.2330
vn 0.7071 -0.0000 -0.7071
vn 0.1859 0.9648 -0.1859
vn -0.0000 0.0362 -0.9993
vn -0.0000 0.9347 -0.3556
vn -0.0000 0.2158 -0.9764
vn -0.0000 0.5662 -0.8243
vn -0.0000 0.9442 -0.3295
vn -0.0000 -0.0000 -1.0000
vn -0.0000 0.9648 -0.2629
vn -0.7066 0.0362 -0.7067
vn -0.7066 0.0362 -0.7066
vn -0.2514 0.9347 -0.2514
vn -0.6904 0.2157 -0.6905
vn -0.6905 0.2157 -0.6904
vn -0.5829 0.5662 -0.5828
vn -0.5828 0.5662 -0.5828
vn -0.2330 0.9442 -0.2330
vn -0.7071 -0.0000 -0.7071
vn -0.1859 0.9648 -0.1859
vn -0.9993 0.0362 -0.0000
vn -0.3555 0.9347 -0.0000
vn -0.9765 0.2157 -0.0000
vn -0.8242 0.5662 -0.0000
vn -0.3295 0.9442 -0.0000
vn -1.0000 -0.0000 -0.0000
vn -0.2629 0.9648 -0.0000
vn -0.7066 0.0362 0.7067
vn -0.2514 0.9347 0.2514
vn -0.6904 0.2157 0.6905
vn -0.6905 0.2157 0.6904
vn -0.5828 0.5662 0.5828
vn -0.2330 0.9442 0.2330
vn -0.7070 -0.0000 0.7072
vn -0.1859 0.9648 0.1859
vn -0.9600 -0.2397 0.1445
vn -0.9644 -0.2529 0.0775
vn -0.7119 0.6984 -0.0740
vn -0.7060 0.7078 -0.0240
vn 0.2487 0.9434 -0.2196
vn 0.2585 0.9607 -0.1015
vn 0.9600 0.2397 -0.1445
vn 0.9644 0.2529 -0.0775
vn 0.7119 -0.6984 0.0740
vn 0.7060 -0.7078 0.0240
vn -0.2487 -0.9434 0.2196
vn -0.2585 -0.9607 0.1015
vn -0.9454 -0.2102 0.2492
vn -0.7206 0.6771 -0.1491
vn 0.2248 0.8890 -0.3989
vn 0.9454 0.2103 -0.2492
vn 0.7206 -0.6771 0.1491
vn -0.2249 -0.8890 0.3989
vn -0.9330 -0.1825 0.3103
vn -0.7273 0.6610 -0.1848
vn 0.2056 0.8440 -0.4954
vn 0.9329 0.1826 -0.3103
vn 0.7273 -0.6610 0.1849
vn -0.2056 -0.8440 0.4954
vn -0.9236 -0.1617 0.3477
vn -0.7295 0.6557 -0.1946
vn 0.1940 0.8174 -0.5424
vn 0.9235 0.1617 -0.3477
vn 0.7295 -0.6557 0.1946
vn -0.1939 -0.8175 0.5424
vn -0.9209 -0.1560 0.3573
vn -0.7318 0.6506 -0.2029
vn 0.1892 0.8065 -0.5601
vn 0.9209 0.1560 -0.3572
vn 0.7318 -0.6506 0.2029
vn -0.1891 -0.8065 0.5601
vn -0.9338 -0.1919 0.3018
vn -0.7436 0.6180 -0.2555
vn -0.7433 0.6181 -0.2556
vn 0.1894 0.8090 -0.5565
vn 0.1896 0.8089 -0.5565
vn 0.9339 0.1919 -0.3018
vn 0.7433 -0.6181 0.2556
vn -0.1898 -0.8088 0.5565
vn -0.9457 -0.2909 0.1454
vn -0.9457 -0.2908 0.1454
vn -0.7499 0.5514 -0.3656
vn 0.1910 0.8392 -0.5093
vn 0.1910 0.8391 -0.5093
vn 0.9457 0.2908 -0.1453
vn 0.9457 0.2908 -0.1454
vn 0.7499 -0.5513 0.3656
vn -0.1910 -0.8392 0.5093
vn -0.8986 -0.4277 -0.0978
vn -0.7223 0.4757 -0.5019
vn -0.7223 0.4758 -0.5019
vn 0.1677 0.8989 -0.4047
vn 0.8986 0.4276 0.0979
vn 0.7224 -0.4757 0.5019
vn -0.1678 -0.8989 0.4047
vn -0.7743 -0.5343 -0.3390
vn -0.7745 -0.5339 -0.3392
vn -0.6641 0.4226 -0.6168
vn -0.6639 0.4230 -0.6167
vn 0.1047 0.9542 -0.2803
vn 0.1050 0.9542 -0.2801
vn 0.7740 0.5345 0.3394
vn 0.7742 0.5341 0.3395
vn 0.6638 -0.4225 0.6172
vn 0.6636 -0.4229 0.6170
vn -0.1050 -0.9540 0.2807
vn -0.1054 -0.9541 0.2803
vn -0.6014 -0.5687 -0.5612
vn -0.6018 -0.5681 -0.5613
vn -0.6622 0.4133 -0.6251
vn -0.6617 0.4140 -0.6251
vn -0.0680 0.9952 -0.0709
vn -0.0672 0.9952 -0.0708
vn 0.6014 0.5686 0.5612
vn 0.6019 0.5680 0.5614
vn 0.6620 -0.4133 0.6253
vn 0.6617 -0.4141 0.6250
vn 0.0679 -0.9951 0.0713
vn 0.0674 -0.9952 0.0708
vn -0.4227 -0.5103 -0.7489
vn -0.4231 -0.5096 -0.7491
vn -0.7748 0.3710 -0.5120
vn -0.7746 0.3718 -0.5117
vn -0.3597 0.9010 0.2425
vn -0.3591 0.9012 0.2426
vn 0.4225 0.5102 0.7491
vn 0.4234 0.5097 0.7490
vn 0.7747 -0.3711 0.5120
vn 0.7747 -0.3718 0.5115
vn 0.3600 -0.9010 -0.2423
vn 0.3592 -0.9011 -0.2428
vn -0.3407 -0.4366 -0.8327
vn -0.3413 -0.4361 -0.8326
vn -0.8990 0.2407 -0.3658
vn -0.8990 0.2413 -0.3655
vn -0.5577 0.6818 0.4734
vn -0.5569 0.6822 0.4739
vn 0.3407 0.4364 0.8327
vn 0.3414 0.4361 0.8326
vn 0.8990 -0.2408 0.3659
vn 0.8990 -0.2415 0.3654
vn 0.5575 -0.6820 -0.4734
vn 0.5571 -0.6822 -0.4735
vn -0.3468 -0.4773 -0.8074
vn -0.3479 -0.4769 -0.8072
vn -0.9800 0.0076 -0.1988
vn -0.9801 0.0088 -0.1981
vn -0.6214 0.4865 0.6141
vn -0.6205 0.4873 0.6144
vn 0.3468 0.4767 0.8077
vn 0.3480 0.4766 0.8073
vn 0.9799 -0.0082 0.1992
vn 0.9801 -0.0091 0.1983
vn 0.6214 -0.4871 -0.6137
vn 0.6205 -0.4874 -0.6143
vn -0.2684 -0.7181 -0.6421
vn -0.2705 -0.7174 -0.6420
vn -0.9863 -0.1385 -0.0893
vn -0.9865 -0.1376 -0.0884
vn -0.5685 0.3001 0.7660
vn -0.5677 0.3024 0.7657
vn 0.2691 0.7170 0.6430
vn 0.2711 0.7174 0.6418
vn 0.9862 0.1401 0.0886
vn 0.9864 0.1395 0.0870
vn 0.5693 -0.3009 -0.7651
vn 0.5679 -0.3022 -0.7656
vn 0.0158 -0.9306 -0.3657
vn 0.0136 -0.9310 -0.3648
vn -0.4825 -0.7146 0.5065
vn -0.6615 -0.6592 0.3577
vn -0.6623 -0.6575 0.3592
vn -0.4840 -0.7130 0.5073
vn -0.4841 0.2131 0.8487
vn -0.4840 0.2152 0.8482
vn -0.0160 0.9306 0.3657
vn -0.0143 0.9312 0.3641
vn 0.4821 0.7150 -0.5063
vn 0.6646 0.6571 -0.3556
vn 0.6646 0.6557 -0.3583
vn 0.4831 0.7133 -0.5078
vn 0.4842 -0.2128 -0.8487
vn 0.4830 -0.2147 -0.8489
vn 0.3390 -0.9304 -0.1393
vn 0.3384 -0.9307 -0.1389
vn -0.2272 -0.7163 0.6598
vn -0.2276 -0.7159 0.6601
vn -0.5646 0.2027 0.8001
vn -0.5645 0.2034 0.8000
vn -0.3401 0.9301 0.1388
vn -0.3396 0.9304 0.1381
vn 0.2262 0.7162 -0.6603
vn 0.2264 0.7155 -0.6609
vn 0.5636 -0.2029 -0.8008
vn 0.5633 -0.2037 -0.8008
vn 0.6121 -0.7880 0.0673
vn 0.6121 -0.7879 0.0673
vn -0.1201 -0.6572 0.7441
vn -0.1200 -0.6574 0.7439
vn -0.7242 0.1183 0.6793
vn -0.7240 0.1183 0.6796
vn -0.6120 0.7880 -0.0673
vn -0.6121 0.7879 -0.0673
vn 0.1201 0.6572 -0.7441
vn 0.1200 0.6574 -0.7439
vn 0.7240 -0.1184 -0.6796
vn 0.7240 -0.1184 -0.6795
vn 0.7927 -0.5486 0.2659
vn 0.7927 -0.5485 0.2659
vn -0.0348 -0.5472 0.8363
vn -0.0348 -0.5471 0.8363
vn -0.8196 -0.0039 0.5729
vn -0.8196 -0.0040 0.5729
vn -0.7927 0.5486 -0.2659
vn -0.7927 0.5485 -0.2659
vn 0.0349 0.5471 -0.8363
vn 0.0348 0.5471 -0.8363
vn 0.8196 0.0039 -0.5729
vn 0.8611 -0.3228 0.3928
vn 0.8609 -0.3230 0.3931
vn 0.0049 -0.4262 0.9046
vn 0.0044 -0.4263 0.9046
vn -0.8522 -0.1042 0.5128
vn -0.8524 -0.1041 0.5125
vn -0.8610 0.3235 -0.3925
vn -0.8608 0.3236 -0.3929
vn -0.0048 0.4269 -0.9043
vn -0.0044 0.4269 -0.9043
vn 0.8523 0.1049 -0.5125
vn 0.8524 0.1047 -0.5123
vn 0.8584 -0.1554 0.4889
vn 0.8580 -0.1561 0.4893
vn 0.0197 -0.4923 0.8702
vn 0.0188 -0.4924 0.8702
vn -0.8574 -0.3416 0.3849
vn -0.8580 -0.3410 0.3841
vn -0.8585 0.1555 -0.4887
vn -0.8580 0.1559 -0.4894
vn -0.0197 0.4925 -0.8701
vn -0.0189 0.4922 -0.8703
vn 0.8574 0.3417 -0.3848
vn 0.8579 0.3409 -0.3843
vn 0.8217 -0.0571 0.5671
vn 0.8214 -0.0577 0.5674
vn 0.1203 -0.7335 0.6690
vn 0.1197 -0.7337 0.6689
vn -0.7246 -0.6830 0.0921
vn -0.7250 -0.6826 0.0916
vn -0.8214 0.0569 -0.5675
vn -0.8212 0.0573 -0.5677
vn -0.1202 0.7333 -0.6692
vn -0.1195 0.7333 -0.6693
vn 0.7249 0.6827 -0.0922
vn 0.7253 0.6822 -0.0920
vn 0.7903 -0.0303 0.6120
vn 0.2923 -0.8645 0.4090
vn 0.2922 -0.8644 0.4091
vn -0.5074 -0.8358 -0.2098
vn -0.5074 -0.8358 -0.2097
vn -0.7903 0.0302 -0.6120
vn -0.2924 0.8642 -0.4094
vn -0.2922 0.8645 -0.4090
vn 0.5069 0.8361 0.2098
vn 0.5074 0.8358 0.2097
vn 0.7840 -0.0288 0.6201
vn 0.7843 -0.0290 0.6197
vn 0.5306 -0.8394 0.1176
vn 0.5302 -0.8396 0.1178
vn -0.2761 -0.8087 -0.5194
vn -0.2762 -0.8088 -0.5193
vn -0.7842 0.0288 -0.6198
vn -0.7843 0.0290 -0.6196
vn -0.5306 0.8394 -0.1176
vn -0.5305 0.8395 -0.1177
vn 0.2757 0.8088 0.5195
vn 0.2762 0.8087 0.5193
vn 0.7975 -0.0025 0.6034
vn 0.7976 -0.0027 0.6032
vn 0.6563 -0.7518 -0.0639
vn 0.6561 -0.7519 -0.0645
vn -0.1314 -0.7219 -0.6794
vn -0.1319 -0.7214 -0.6798
vn -0.7974 0.0027 -0.6035
vn -0.7974 0.0032 -0.6034
vn -0.6559 0.7521 0.0638
vn -0.6556 0.7524 0.0641
vn 0.1318 0.7221 0.6791
vn 0.1321 0.7220 0.6792
vn 0.8064 0.0246 0.5909
vn 0.9150 0.0148 -0.4031
vn 0.1086 -0.0098 -0.9940
vn -0.8065 -0.0246 -0.5908
vn -0.9150 -0.0149 0.4032
vn -0.1085 0.0098 0.9941
vn -0.0563 -0.0899 -0.9944
vn 0.0215 -0.9997 0.0122
vn 0.0214 -0.9997 0.0122
vn 0.0216 -0.9997 0.0122
vn 0.0215 -0.9997 0.0123
vn 0.0216 -0.9997 0.0121
vn -0.0000 -0.4395 -0.8983
vn 0.2197 -0.3806 -0.8982
vn 0.5000 -0.8660 -0.0000
vn -0.0000 -0.2334 -0.9724
vn 0.1167 -0.2021 -0.9724
vn 0.2014 -0.3488 -0.9153
vn -0.0000 -0.4027 -0.9153
vn 0.3287 -0.5694 -0.7535
vn -0.0000 -0.6575 -0.7535
vn 0.4474 -0.7749 -0.4465
vn -0.0000 -0.8948 -0.4465
vn 0.4965 -0.8600 -0.1175
vn -0.0000 -0.9931 -0.1175
vn 0.4945 -0.8566 0.1474
vn -0.0000 -0.9891 0.1474
vn 0.4184 -0.7246 0.5476
vn -0.0000 -0.8367 0.5476
vn 0.2535 -0.4392 0.8619
vn -0.0000 -0.5071 0.8619
vn 0.1756 -0.3041 0.9363
vn -0.0000 -0.3511 0.9363
vn 0.3806 -0.2197 -0.8982
vn 0.8660 -0.5000 -0.0000
vn 0.2021 -0.1167 -0.9724
vn 0.3488 -0.2014 -0.9153
vn 0.5694 -0.3287 -0.7535
vn 0.7749 -0.4474 -0.4464
vn 0.8600 -0.4965 -0.1175
vn 0.8566 -0.4945 0.1474
vn 0.7246 -0.4184 0.5476
vn 0.4392 -0.2536 0.8619
vn 0.3041 -0.1756 0.9363
vn 0.4395 -0.0000 -0.8983
vn 0.2334 -0.0000 -0.9724
vn 0.4027 -0.0000 -0.9153
vn 0.6575 -0.0000 -0.7535
vn 0.8948 -0.0000 -0.4464
vn 0.9931 -0.0000 -0.1175
vn 0.9891 -0.0000 0.1474
vn 0.8367 -0.0000 0.5476
vn 0.5071 -0.0000 0.8619
vn 0.3511 -0.0000 0.9363
vn 0.3806 0.2197 -0.8983
vn 0.8660 0.5000 -0.0000
vn 0.2021 0.1167 -0.9724
vn 0.3488 0.2014 -0.9153
vn 0.5694 0.3287 -0.7535
vn 0.7749 0.4474 -0.4464
vn 0.8600 0.4965 -0.1175
vn 0.8566 0.4945 0.1474
vn 0.7246 0.4184 0.5476
vn 0.4392 0.2536 0.8619
vn 0.3041 0.1756 0.9363
vn 0.2197 0.3806 -0.8983
vn 0.5000 0.8660 -0.0000
vn 0.1167 0.2021 -0.9724
vn 0.2014 0.3488 -0.9153
vn 0.3287 0.5694 -0.7535
vn 0.4474 0.7749 -0.4464
vn 0.4965 0.8600 -0.1175
vn 0.4945 0.8566 0.1474
vn 0.4184 0.7246 0.5476
vn 0.2535 0.4392 0.8619
vn 0.1756 0.3041 0.9363
vn -0.0000 0.4395 -0.8983
vn -0.0000 0.2334 -0.9724
vn -0.0000 0.4028 -0.9153
vn -0.0000 0.6575 -0.7535
vn -0.0000 0.8948 -0.4464
vn -0.0000 0.9931 -0.1175
vn -0.0000 0.9891 0.1474
vn -0.0000 0.8367 0.5476
vn -0.0000 0.5071 0.8619
vn -0.0000 0.3511 0.9363
vn -0.2197 0.3806 -0.8983
vn -0.5000 0.8660 -0.0000
vn -0.1167 0.2021 -0.9724
vn -0.2014 0.3488 -0.9153
vn -0.3287 0.5694 -0.7535
vn -0.4474 0.7749 -0.4464
vn -0.4965 0.8600 -0.1175
vn -0.4945 0.8566 0.1474
vn -0.4184 0.7246 0.5476
vn -0.2535 0.4392 0.8619
vn -0.1756 0.3041 0.9363
vn -0.3806 0.2197 -0.8983
vn -0.8660 0.5000 -0.0000
vn -0.2021 0.1167 -0.9724
vn -0.3488 0.2014 -0.9153
vn -0.5694 0.3287 -0.7535
vn -0.7749 0.4474 -0.4464
vn -0.8600 0.4965 -0.1175
vn -0.8566 0.4945 0.1474
vn -0.7246 0.4184 0.5476
vn -0.4392 0.2536 0.8619
vn -0.3041 0.1756 0.9363
vn -0.4395 -0.0000 -0.8983
vn -0.2334 -0.0000 -0.9724
vn -0.4027 -0.0000 -0.9153
vn -0.6575 -0.0000 -0.7535
vn -0.8948 -0.0000 -0.4464
vn -0.9931 -0.0000 -0.1174
vn -0.9891 -0.0000 0.1474
vn -0.8367 -0.0000 0.5476
vn -0.5071 -0.0000 0.8619
vn -0.3511 -0.0000 0.9363
vn -0.3806 -0.2197 -0.8982
vn -0.8660 -0.5000 -0.0000
vn -0.2021 -0.1167 -0.9724
vn -0.3488 -0.2014 -0.9153
vn -0.5694 -0.3287 -0.7535
vn -0.7749 -0.4474 -0.4464
vn -0.8600 -0.4965 -0.1175
vn -0.8566 -0.4945 0.1474
vn -0.7246 -0.4184 0.5476
vn -0.4392 -0.2535 0.8619
vn -0.3041 -0.1756 0.9363
vn -0.2197 -0.3806 -0.8982
vn -0.5000 -0.8660 -0.0000
vn -0.1167 -0.2021 -0.9724
vn -0.2014 -0.3488 -0.9153
vn -0.3287 -0.5694 -0.7535
vn -0.4474 -0.7749 -0.4464
vn -0.4965 -0.8600 -0.1175
vn -0.4945 -0.8566 0.1474
vn -0.4184 -0.7246 0.5476
vn -0.2535 -0.4392 0.8619
vn -0.1756 -0.3041 0.9363
vn -0.0000 -0.9768 -0.2140
vn 0.4884 -0.8460 -0.2140
vn 0.8460 -0.4884 -0.2139
vn 0.9768 -0.0000 -0.2140
vn 0.8460 0.4884 -0.2139
vn 0.4884 0.8460 -0.2139
vn -0.0000 0.9769 -0.2139
vn -0.4884 0.8460 -0.2139
vn -0.8460 0.4884 -0.2139
vn -0.9768 -0.0000 -0.2140
vn -0.8460 -0.4884 -0.2140
vn -0.4884 -0.8460 -0.2140
vn -0.0000 -0.9769 -0.2139
vn 0.4884 -0.8460 -0.2139
vn 0.4792 -0.8301 -0.2852
vn -0.0000 -0.9585 -0.2852
vn 0.8460 -0.4885 -0.2139
vn 0.8301 -0.4793 -0.2851
vn 0.9769 -0.0000 -0.2139
vn 0.9585 -0.0000 -0.2851
vn 0.8301 0.4792 -0.2851
vn 0.4791 0.8300 -0.2855
vn -0.0000 0.9768 -0.2140
vn -0.0000 0.9585 -0.2849
vn -0.4884 0.8460 -0.2140
vn -0.4792 0.8301 -0.2850
vn -0.8460 0.4884 -0.2140
vn -0.8301 0.4792 -0.2851
vn -0.9585 -0.0000 -0.2851
vn -0.8301 -0.4793 -0.2851
vn -0.4884 -0.8460 -0.2139
vn -0.4792 -0.8301 -0.2852
vn -0.0000 -0.6991 -0.7151
vn -0.0000 -0.6500 -0.7599
vn 0.3250 -0.5630 -0.7599
vn 0.3495 -0.6054 -0.7151
vn 0.5630 -0.3250 -0.7599
vn 0.6055 -0.3495 -0.7150
vn 0.6501 -0.0000 -0.7598
vn 0.6992 -0.0000 -0.7149
vn 0.5630 0.3250 -0.7599
vn 0.6055 0.3496 -0.7149
vn 0.3251 0.5630 -0.7598
vn 0.3496 0.6056 -0.7149
vn -0.0000 0.6502 -0.7598
vn -0.0000 0.6993 -0.7149
vn -0.3251 0.5630 -0.7598
vn -0.3496 0.6056 -0.7149
vn -0.5630 0.3250 -0.7599
vn -0.6055 0.3496 -0.7149
vn -0.6501 -0.0000 -0.7598
vn -0.6992 -0.0000 -0.7149
vn -0.5630 -0.3250 -0.7598
vn -0.6057 -0.3496 -0.7148
vn -0.3250 -0.5630 -0.7599
vn -0.3495 -0.6054 -0.7151
vn -0.0000 -0.9651 -0.2617
vn 0.4826 -0.8359 -0.2614
vn 0.4884 -0.8460 0.2140
vn -0.0000 -0.9768 0.2140
vn 0.8359 -0.4826 -0.2616
vn 0.8460 -0.4884 0.2139
vn 0.9652 -0.0000 -0.2616
vn 0.9768 -0.0000 0.2140
vn 0.8359 0.4825 -0.2615
vn 0.8460 0.4884 0.2139
vn 0.4826 0.8359 -0.2615
vn 0.4884 0.8460 0.2139
vn -0.0000 0.9652 -0.2615
vn -0.0000 0.9769 0.2139
vn -0.4826 0.8359 -0.2615
vn -0.4884 0.8460 0.2139
vn -0.8359 0.4825 -0.2615
vn -0.8460 0.4884 0.2139
vn -0.9652 -0.0000 -0.2616
vn -0.9768 -0.0000 0.2140
vn -0.8359 -0.4826 -0.2616
vn -0.8460 -0.4884 0.2139
vn -0.4826 -0.8359 -0.2614
vn -0.4884 -0.8460 0.2140
vn 0.4884 -0.8460 0.2139
vn -0.0000 -0.9769 0.2139
vn 0.9769 -0.0000 0.2139
vn -0.0000 0.9768 0.2140
vn -0.4884 0.8460 0.2140
vn -0.8460 0.4884 0.2140
vn -0.8460 -0.4884 0.2140
vn -0.4884 -0.8460 0.2139
vn 0.4999 -0.8661 -0.0000
vn -0.8660 -0.5001 -0.0000
vn 0.1382 -0.5159 -0.8454
vn -0.1383 -0.5159 -0.8454
vn -0.3776 -0.3776 -0.8454
vn -0.5158 -0.1382 -0.8455
vn -0.5158 0.1382 -0.8455
vn -0.3776 0.3776 -0.8454
vn -0.1382 0.5158 -0.8455
vn 0.1382 0.5158 -0.8455
vn 0.3776 0.3776 -0.8454
vn 0.5159 0.1382 -0.8454
vn 0.5159 -0.1382 -0.8454
vn 0.3776 -0.3776 -0.8454
vn -0.2589 0.9659 -0.0000
vn 0.2589 0.9659 -0.0000
vn 0.7071 0.7071 -0.0000
vn 0.9659 0.2589 -0.0000
vn 0.9659 -0.2589 -0.0000
vn 0.7071 -0.7071 -0.0000
vn 0.2587 -0.9660 -0.0000
vn -0.2587 -0.9660 -0.0000
vn -0.7071 -0.7071 -0.0000
vn -0.9659 -0.2589 -0.0000
vn -0.9659 0.2589 -0.0000
vn -0.7071 0.7071 -0.0000
vn -0.9662 -0.2564 -0.0255
vn -0.9659 -0.2588 -0.0000
vn -0.7088 0.7019 0.0698
vn 0.2600 0.9609 0.0956
vn 0.2588 0.9659 -0.0000
vn 0.9662 0.2563 0.0255
vn 0.9659 0.2588 -0.0000
vn 0.7088 -0.7020 -0.0699
vn 0.7070 -0.7072 -0.0000
vn -0.2600 -0.9609 -0.0956
vn -0.2588 -0.9659 -0.0000
vn -0.9672 -0.2343 -0.0982
vn -0.7140 0.6457 0.2705
vn 0.2636 0.8897 0.3728
vn 0.2636 0.8897 0.3727
vn 0.9672 0.2343 0.0982
vn 0.7140 -0.6457 -0.2705
vn -0.2636 -0.8897 -0.3728
vn -0.9662 -0.1980 -0.1648
vn -0.7088 0.5421 0.4514
vn 0.2600 0.7421 0.6178
vn 0.2600 0.7421 0.6179
vn 0.9662 0.1980 0.1648
vn 0.7089 -0.5421 -0.4513
vn -0.2601 -0.7421 -0.6178
vn -0.2601 -0.7420 -0.6178
vn -0.7087 0.5422 0.4514
vn -0.7140 0.6458 0.2706
vn -0.7140 0.6458 0.2705
vn 0.7140 -0.6458 -0.2705
vn -0.2636 -0.8897 -0.3727
vn -0.7088 0.7019 0.0699
vn 0.9663 0.2563 0.0255
vn -0.9661 -0.2574 0.0197
vn -0.7081 0.7041 -0.0538
vn 0.2595 0.9629 -0.0736
vn 0.9661 0.2573 -0.0197
vn 0.7081 -0.7041 0.0538
vn -0.2595 -0.9629 0.0736
vn -0.9667 -0.2442 0.0769
vn -0.7111 0.6706 -0.2113
vn 0.2615 0.9206 -0.2900
vn 0.9667 0.2442 -0.0769
vn 0.7112 -0.6705 0.2112
vn -0.2616 -0.9206 0.2900
vn -0.9661 -0.2221 0.1314
vn -0.7081 0.6078 -0.3595
vn 0.2595 0.8312 -0.4916
vn 0.9661 0.2222 -0.1314
vn 0.7081 -0.6078 0.3595
vn -0.2595 -0.8312 0.4916
vn -0.9659 -0.2121 0.1483
vn -0.7071 0.5795 -0.4053
vn 0.2589 0.7915 -0.5536
vn 0.9659 0.2122 -0.1484
vn 0.7071 -0.5795 0.4053
vn -0.2588 -0.7915 0.5537
vn -0.9966 0.0779 -0.0261
vn -0.9632 -0.1779 -0.2013
vn -0.9990 -0.0313 -0.0315
vn -0.9990 0.0331 0.0284
vn -0.9551 -0.1921 0.2256
vn -0.8655 0.5008 -0.0000
vn -0.5029 0.8643 -0.0000
vn 0.5029 0.8643 -0.0000
vn 0.8655 0.5008 -0.0000
vn 1.0000 0.0039 0.0015
vn 0.8760 -0.4823 -0.0000
vn 0.9049 -0.4183 0.0783
vn 0.9426 -0.2408 0.2313
vn 0.0007 -0.9338 -0.3577
vn -0.4849 -0.8746 -0.0000
vn -0.4516 -0.8128 -0.3679
vn -0.8188 -0.4518 -0.3542
vn -0.8760 -0.4823 -0.0000
vn -0.8104 0.4675 -0.3532
vn -0.4654 0.8029 -0.3724
vn -0.0012 0.9357 -0.3527
vn -0.8091 0.4697 0.3532
vn -0.9282 -0.0015 0.3720
vn -0.8196 -0.4501 0.3544
vn -0.4500 -0.8138 0.3678
vn -0.0007 -0.9338 0.3577
vn -0.9282 0.0013 -0.3721
vn 0.4849 -0.8746 -0.0000
vn 0.4516 -0.8128 0.3679
vn 0.8188 -0.4518 0.3542
vn 0.9997 0.0231 0.0060
vn 0.9999 -0.0168 0.0037
vn 0.9999 0.0127 -0.0062
vn 0.9396 -0.2582 -0.2249
vn 0.8196 -0.4501 -0.3544
vn 0.4500 -0.8138 -0.3678
vn 0.8091 0.4697 -0.3532
vn 0.9282 -0.0015 -0.3720
vn -0.8139 -0.3561 0.4591
vn -0.8713 -0.0000 0.4907
vn -0.9294 -0.3691 -0.0009
vn -0.8216 -0.3573 -0.4442
vn -0.8549 0.0347 -0.5177
vn -0.4685 0.1075 -0.8769
vn -0.4381 -0.3629 -0.8224
vn -0.0000 -0.3633 -0.9317
vn 0.0180 0.0276 -0.9995
vn -0.5827 -0.1645 0.7959
vn -0.6541 -0.6499 0.3870
vn -0.8257 0.0112 0.5640
vn -0.4153 0.1119 0.9028
vn -0.0147 0.0227 0.9996
vn -0.0510 -0.0836 0.9952
vn 0.0124 -0.7366 0.6763
vn 0.5611 -0.1620 -0.8117
vn 0.6371 -0.6546 -0.4070
vn 0.8880 -0.0546 -0.4565
vn 0.3910 0.1375 -0.9100
vn 0.8827 0.0077 -0.4698
vn 0.0650 -0.0743 -0.9951
vn -0.0124 -0.7365 -0.6763
vn 0.8145 -0.3563 0.4578
vn 0.8501 0.0294 0.5258
vn 0.4784 0.0892 0.8736
vn 0.4460 -0.3659 0.8168
vn 0.0004 -0.3598 0.9330
vn 0.8212 -0.3570 -0.4452
vn 0.9997 0.0234 -0.0073
vn 0.9294 -0.3692 0.0008
vn -0.4680 0.8014 0.3724
vn 0.0012 0.9357 0.3527
vn 0.4654 0.8029 0.3724
vn 0.8104 0.4675 0.3532
vn 0.9282 0.0013 0.3721
vn -0.5560 -0.8207 -0.1318
vn -0.0000 -0.9925 -0.1221
vn -0.6136 -0.6599 -0.4337
vn -0.8858 -0.4639 0.0096
vn -0.5475 -0.8242 0.1445
vn -0.0000 -0.9925 0.1221
vn 0.5475 -0.8242 0.1445
vn 0.5942 -0.6800 0.4295
vn 0.4680 0.8014 -0.3724
vn 0.5475 -0.8242 -0.1446
vn 0.9028 -0.4219 -0.0831
vn 1.0000 0.0022 -0.0017
vn -0.9986 -0.0529 -0.0091
vn -0.8389 -0.0109 -0.5442
vn -0.5954 -0.2145 -0.7743
vn -0.4470 -0.3660 0.8162
vn 0.4384 -0.3632 -0.8221
vn 0.5918 -0.2314 0.7722
vn 0.8788 -0.0842 0.4698
vn 0.9986 0.0507 -0.0129
vn 0.0013 -0.4475 -0.8943
vn -0.2034 -0.3645 -0.9087
vn -0.3998 -0.2221 -0.8893
vn -0.4057 0.0016 -0.9140
vn -0.4005 0.2289 -0.8873
vn -0.2018 0.3506 -0.9145
vn -0.0026 0.4626 -0.8866
vn 0.2050 0.3487 -0.9145
vn 0.3980 0.2333 -0.8872
vn 0.4056 -0.0019 -0.9141
vn 0.4019 -0.2187 -0.8892
vn 0.2011 -0.3656 -0.9088
vn -0.3980 0.2333 0.8872
vn -0.4056 -0.0019 0.9141
vn -0.4019 -0.2187 0.8892
vn -0.2011 -0.3656 0.9088
vn -0.0013 -0.4475 0.8943
vn 0.2034 -0.3645 0.9087
vn 0.3998 -0.2221 0.8893
vn 0.4057 0.0016 0.9140
vn 0.4005 0.2289 0.8873
vn 0.2018 0.3506 0.9145
vn 0.0026 0.4626 0.8866
vn -0.2050 0.3487 0.9145
vn -0.3930 -0.8922 0.2226
vn -0.4140 -0.9103 -0.0013
vn -0.3953 -0.8936 -0.2125
vn -0.2023 -0.9023 -0.3808
vn -0.0000 -0.9024 -0.4310
vn 0.2030 -0.9021 -0.3808
vn 0.3941 -0.8937 -0.2142
vn 0.4141 -0.9102 0.0011
vn 0.3945 -0.8921 0.2203
vn 0.2020 -0.9062 0.3714
vn 0.0008 -0.8974 0.4413
vn -0.2035 -0.9062 0.3707
vn -0.0000 -0.8983 0.4395
vn 0.2197 -0.8982 0.3806
vn 0.5000 -0.0000 0.8660
vn -0.0000 -0.9724 0.2334
vn 0.1167 -0.9724 0.2021
vn 0.2014 -0.9153 0.3488
vn -0.0000 -0.9153 0.4028
vn 0.3287 -0.7535 0.5694
vn -0.0000 -0.7535 0.6575
vn 0.4474 -0.4465 0.7749
vn -0.0000 -0.4465 0.8948
vn 0.4965 -0.1175 0.8600
vn -0.0000 -0.1175 0.9931
vn 0.4945 0.1474 0.8566
vn -0.0000 0.1474 0.9891
vn 0.4184 0.5476 0.7246
vn -0.0000 0.5476 0.8367
vn 0.2535 0.8619 0.4392
vn -0.0000 0.8619 0.5071
vn 0.1756 0.9363 0.3041
vn -0.0000 0.9363 0.3511
vn 0.3806 -0.8982 0.2197
vn 0.8660 -0.0000 0.5000
vn 0.2021 -0.9724 0.1167
vn 0.3488 -0.9153 0.2014
vn 0.5694 -0.7535 0.3287
vn 0.7749 -0.4464 0.4474
vn 0.8600 -0.1175 0.4965
vn 0.8566 0.1474 0.4945
vn 0.7246 0.5476 0.4184
vn 0.4392 0.8619 0.2536
vn 0.3041 0.9363 0.1756
vn 0.4395 -0.8983 -0.0000
vn 0.2334 -0.9724 -0.0000
vn 0.4028 -0.9153 -0.0000
vn 0.6575 -0.7535 -0.0000
vn 0.8948 -0.4464 -0.0000
vn 0.9931 -0.1174 -0.0000
vn 0.9891 0.1474 -0.0000
vn 0.8367 0.5476 -0.0000
vn 0.5071 0.8619 -0.0000
vn 0.3511 0.9363 -0.0000
vn 0.3806 -0.8983 -0.2197
vn 0.8660 -0.0000 -0.5000
vn 0.2021 -0.9724 -0.1167
vn 0.3488 -0.9153 -0.2014
vn 0.5694 -0.7535 -0.3288
vn 0.7749 -0.4464 -0.4474
vn 0.8600 -0.1175 -0.4965
vn 0.8566 0.1474 -0.4945
vn 0.7246 0.5476 -0.4184
vn 0.4392 0.8619 -0.2536
vn 0.3041 0.9363 -0.1756
vn 0.2197 -0.8983 -0.3806
vn 0.5000 -0.0000 -0.8660
vn 0.1167 -0.9724 -0.2021
vn 0.2014 -0.9153 -0.3488
vn 0.3287 -0.7535 -0.5694
vn 0.4474 -0.4464 -0.7749
vn 0.4965 -0.1175 -0.8600
vn 0.4945 0.1474 -0.8566
vn 0.4184 0.5476 -0.7246
vn 0.2535 0.8619 -0.4392
vn 0.1756 0.9363 -0.3041
vn -0.0000 -0.8983 -0.4395
vn -0.0000 -0.9724 -0.2334
vn -0.0000 -0.9153 -0.4028
vn -0.0000 -0.7535 -0.6575
vn -0.0000 -0.4464 -0.8948
vn -0.0000 -0.1175 -0.9931
vn -0.0000 0.1474 -0.9891
vn -0.0000 0.5476 -0.8367
vn -0.0000 0.8619 -0.5071
vn -0.0000 0.9363 -0.3511
vn -0.2197 -0.8983 -0.3806
vn -0.5000 -0.0000 -0.8660
vn -0.1167 -0.9724 -0.2022
vn -0.2014 -0.9153 -0.3488
vn -0.3287 -0.7535 -0.5694
vn -0.4474 -0.4464 -0.7749
vn -0.4965 -0.1175 -0.8600
vn -0.4945 0.1474 -0.8566
vn -0.4184 0.5476 -0.7246
vn -0.2535 0.8619 -0.4392
vn -0.1756 0.9363 -0.3041
vn -0.3806 -0.8983 -0.2197
vn -0.8660 -0.0000 -0.5000
vn -0.2022 -0.9724 -0.1167
vn -0.3488 -0.9153 -0.2014
vn -0.5694 -0.7535 -0.3287
vn -0.7749 -0.4464 -0.4474
vn -0.8600 -0.1174 -0.4965
vn -0.8566 0.1474 -0.4945
vn -0.7246 0.5476 -0.4184
vn -0.4392 0.8619 -0.2536
vn -0.3041 0.9363 -0.1756
vn -0.4395 -0.8983 -0.0000
vn -0.2334 -0.9724 -0.0000
vn -0.4028 -0.9153 -0.0000
vn -0.6575 -0.7535 -0.0000
vn -0.8948 -0.4464 -0.0000
vn -0.9931 -0.1174 -0.0000
vn -0.9891 0.1474 -0.0000
vn -0.8367 0.5476 -0.0000
vn -0.5071 0.8619 -0.0000
vn -0.3511 0.9363 -0.0000
vn -0.3806 -0.8982 0.2197
vn -0.8660 -0.0000 0.5000
vn -0.2021 -0.9724 0.1167
vn -0.3488 -0.9153 0.2014
vn -0.5694 -0.7535 0.3287
vn -0.7749 -0.4464 0.4474
vn -0.8600 -0.1175 0.4965
vn -0.8566 0.1474 0.4945
vn -0.7246 0.5476 0.4184
vn -0.4392 0.8619 0.2535
vn -0.3041 0.9363 0.1756
vn -0.2197 -0.8982 0.3806
vn -0.5000 -0.0000 0.8660
vn -0.1167 -0.9724 0.2021
vn -0.2014 -0.9153 0.3488
vn -0.3287 -0.7535 0.5694
vn -0.4474 -0.4465 0.7749
vn -0.4965 -0.1175 0.8600
vn -0.4945 0.1474 0.8566
vn -0.4184 0.5476 0.7246
vn -0.2535 0.8619 0.4392
vn -0.1756 0.9363 0.3041
vn 0.2550 -0.5456 0.7983
vn 0.4063 -0.9137 -0.0010
vn 0.8518 -0.5239 -0.0000
vn 0.5448 -0.3115 0.7786
vn -0.0000 -0.9743 0.2254
vn 0.4242 -0.8939 0.1451
vn 0.4241 -0.8939 0.1451
vn -0.0000 0.0666 0.9978
vn 0.3292 0.1289 0.9354
vn 0.3293 0.1289 0.9354
vn -0.0000 -0.7071 0.7071
vn 0.5000 -0.6124 0.6124
vn -0.0000 -0.9304 -0.3665
vn 0.1994 -0.8926 -0.4043
vn -0.0000 -0.8025 -0.5967
vn 0.0727 -0.7887 -0.6105
vn -0.0000 -0.7894 0.6139
vn 0.4961 -0.6954 0.5199
vn -0.0000 0.6484 0.7613
vn 0.0399 0.6560 0.7537
vn -0.0000 -0.5547 0.8321
vn 0.4903 -0.4618 0.7392
vn 0.3979 0.5905 -0.7021
vn 0.0397 -0.7535 -0.6562
vn -0.0000 -0.7611 -0.6487
vn 0.7346 -0.6744 -0.0745
vn 0.5703 0.2993 0.7650
vn 0.8660 -0.3536 0.3536
vn 0.3453 -0.7894 -0.5075
vn 0.1260 -0.7510 -0.6481
vn 0.8593 -0.4385 0.2631
vn 0.0691 0.6767 0.7331
vn 0.8492 -0.2080 0.4854
vn 0.0688 -0.7330 -0.6768
vn 0.0573 0.7884 0.6125
vn 0.8483 -0.3745 -0.3744
vn 0.8483 -0.3744 -0.3745
vn 0.6585 0.5322 0.5322
vn 0.3987 -0.6485 -0.6485
vn 0.1455 -0.6996 -0.6996
vn 0.9923 -0.0877 -0.0877
vn 0.0797 0.7048 0.7049
vn 0.9806 0.1387 0.1387
vn 0.0795 -0.7049 -0.7049
vn 0.0795 -0.7198 -0.6897
vn 0.7347 -0.0745 -0.6743
vn 0.5702 0.7650 0.2994
vn 0.8660 0.3536 -0.3536
vn 0.3453 -0.5075 -0.7894
vn 0.1260 -0.6481 -0.7510
vn 0.8593 0.2632 -0.4385
vn 0.8594 0.2631 -0.4385
vn 0.0691 0.7330 0.6767
vn 0.8492 0.4854 -0.2080
vn 0.0688 -0.6768 -0.7330
vn 0.4979 -0.5932 0.6326
vn 0.4242 0.1451 -0.8939
vn 0.3292 0.9354 0.1289
vn 0.3293 0.9354 0.1289
vn 0.5000 0.6124 -0.6124
vn 0.1993 -0.4043 -0.8926
vn 0.0728 -0.6105 -0.7887
vn 0.4961 0.5200 -0.6953
vn 0.4962 0.5199 -0.6953
vn 0.0399 0.7537 0.6560
vn 0.4903 0.7391 -0.4618
vn 0.0397 -0.6562 -0.7535
vn 0.0145 0.5666 0.8239
vn -0.0000 0.2255 -0.9743
vn -0.0000 0.9978 0.0665
vn -0.0000 0.7071 -0.7071
vn -0.0000 -0.3666 -0.9304
vn -0.0000 -0.5967 -0.8025
vn -0.0000 0.6139 -0.7894
vn -0.0000 0.7612 0.6485
vn -0.0000 0.8320 -0.5547
vn -0.0000 -0.6487 -0.7611
vn 0.0053 -0.6487 -0.7611
vn -0.4242 0.1451 -0.8939
vn -0.3292 0.9354 0.1289
vn -0.3293 0.9354 0.1289
vn -0.5000 0.6124 -0.6124
vn -0.1993 -0.4043 -0.8926
vn -0.0727 -0.6105 -0.7887
vn -0.0728 -0.6105 -0.7887
vn -0.4961 0.5199 -0.6954
vn -0.4962 0.5199 -0.6954
vn -0.0399 0.7537 0.6560
vn -0.4903 0.7391 -0.4618
vn -0.3979 -0.7021 0.5905
vn -0.0397 -0.6562 -0.7535
vn -0.7347 -0.0745 -0.6743
vn -0.5702 0.7650 0.2994
vn -0.8660 0.3536 -0.3536
vn -0.3453 -0.5075 -0.7894
vn -0.1260 -0.6481 -0.7510
vn -0.8593 0.2631 -0.4385
vn -0.8594 0.2631 -0.4385
vn -0.0690 0.7331 0.6767
vn -0.8492 0.4854 -0.2080
vn -0.0573 0.6125 0.7884
vn -0.0688 -0.6768 -0.7330
vn -0.8483 -0.3745 -0.3744
vn -0.8483 -0.3744 -0.3745
vn -0.6585 0.5322 0.5322
vn -0.3987 -0.6485 -0.6485
vn -0.1455 -0.6996 -0.6996
vn -0.9923 -0.0877 -0.0877
vn -0.0797 0.7048 0.7049
vn -0.9806 0.1387 0.1387
vn -0.0783 -0.5734 -0.8155
vn -0.0795 -0.7049 -0.7049
vn -0.7346 -0.6744 -0.0745
vn -0.5703 0.2993 0.7650
vn -0.8660 -0.3536 0.3536
vn -0.3453 -0.7894 -0.5075
vn -0.1260 -0.7510 -0.6481
vn -0.8593 -0.4386 0.2631
vn -0.0691 0.6767 0.7331
vn -0.8492 -0.2080 0.4854
vn -0.0134 0.5782 -0.8158
vn -0.0688 -0.7330 -0.6768
vn -0.4242 -0.8939 0.1451
vn -0.4241 -0.8939 0.1451
vn -0.3292 0.1289 0.9354
vn -0.3293 0.1289 0.9354
vn -0.5000 -0.6124 0.6124
vn -0.1994 -0.8926 -0.4043
vn -0.0727 -0.7887 -0.6105
vn -0.0728 -0.7887 -0.6105
vn -0.4961 -0.6954 0.5199
vn -0.4961 -0.6954 0.5198
vn -0.0399 0.6560 0.7537
vn -0.4903 -0.4618 0.7392
vn -0.0582 -0.7458 -0.6636
vn -0.0397 -0.7535 -0.6562
vn -0.6319 -0.7464 0.2087
vn -0.6744 -0.7383 -0.0000
vn 0.0130 -0.9670 0.2543
vn -0.9819 0.1675 0.0880
vn -0.9859 0.1671 -0.0000
vn 0.6207 -0.7491 0.2317
vn 0.6744 -0.7383 -0.0000
vn 0.9859 0.1671 -0.0000
vn 0.9819 0.1675 0.0880
vn -0.8385 0.5388 0.0809
vn -0.8413 0.5406 -0.0000
vn 0.8385 0.5388 0.0809
vn 0.8413 0.5406 -0.0000
vn 0.0164 -0.5287 0.8487
vn -0.6348 -0.3300 0.6986
vn 0.6267 -0.3516 0.6954
vn -0.7013 0.0422 0.7116
vn 0.7013 0.0422 0.7116
vn -0.6231 -0.7822 -0.0000
vn -0.9928 0.1199 -0.0000
vn 0.9659 -0.2588 -0.0000
vn 0.6231 -0.7822 -0.0000
vn 0.9928 0.1199 -0.0000
vn -0.8244 0.5660 -0.0000
vn 0.8244 0.5660 -0.0000
vn -0.2572 0.4456 -0.8575
vn -0.2573 0.4456 -0.8575
vn -0.0000 0.5145 -0.8575
vn -0.3000 0.5197 0.8000
vn -0.0000 0.6001 0.7999
vn -0.2030 0.3517 -0.9138
vn -0.0000 0.4061 -0.9138
vn -0.3841 0.6653 0.6402
vn -0.0000 0.7682 0.6402
vn -0.4574 0.7922 -0.4040
vn -0.0000 0.9148 -0.4040
vn -0.3070 0.5318 -0.7893
vn -0.0000 0.6141 -0.7892
vn -0.4930 0.8539 -0.1671
vn -0.0000 0.9859 -0.1671
vn -0.4456 0.2572 -0.8575
vn -0.4456 0.2573 -0.8575
vn -0.5197 0.3000 0.8000
vn -0.3517 0.2030 -0.9138
vn -0.6653 0.3841 0.6401
vn -0.7922 0.4574 -0.4040
vn -0.5318 0.3070 -0.7893
vn -0.8539 0.4930 -0.1671
vn -0.5145 -0.0000 -0.8575
vn -0.6001 -0.0000 0.7999
vn -0.4061 -0.0000 -0.9138
vn -0.7682 -0.0000 0.6402
vn -0.9148 -0.0000 -0.4040
vn -0.6141 -0.0000 -0.7892
vn -0.9859 -0.0000 -0.1671
vn -0.4456 -0.2572 -0.8575
vn -0.4456 -0.2573 -0.8575
vn -0.5197 -0.3000 0.7999
vn -0.3517 -0.2030 -0.9138
vn -0.6653 -0.3841 0.6401
vn -0.7922 -0.4574 -0.4040
vn -0.5318 -0.3070 -0.7893
vn -0.8539 -0.4930 -0.1671
vn -0.2572 -0.4456 -0.8575
vn -0.2573 -0.4456 -0.8575
vn -0.3000 -0.5197 0.8000
vn -0.2030 -0.3517 -0.9138
vn -0.3841 -0.6653 0.6402
vn -0.4574 -0.7922 -0.4040
vn -0.3070 -0.5318 -0.7893
vn -0.4930 -0.8539 -0.1671
vn -0.0000 -0.5145 -0.8575
vn -0.0000 -0.6001 0.7999
vn -0.0000 -0.4061 -0.9138
vn -0.0000 -0.7682 0.6402
vn -0.0000 -0.9148 -0.4040
vn -0.0000 -0.6141 -0.7892
vn -0.0000 -0.9859 -0.1671
vn 0.2572 -0.4456 -0.8575
vn 0.2573 -0.4456 -0.8575
vn 0.3000 -0.5197 0.7999
vn 0.2030 -0.3517 -0.9138
vn 0.3841 -0.6653 0.6402
vn 0.4574 -0.7922 -0.4040
vn 0.3070 -0.5318 -0.7893
vn 0.4930 -0.8539 -0.1671
vn 0.4456 -0.2572 -0.8575
vn 0.4456 -0.2573 -0.8575
vn 0.5197 -0.3000 0.7999
vn 0.3517 -0.2030 -0.9138
vn 0.6653 -0.3841 0.6402
vn 0.7922 -0.4574 -0.4040
vn 0.5318 -0.3070 -0.7893
vn 0.8539 -0.4930 -0.1671
vn 0.5145 -0.0000 -0.8575
vn 0.6001 -0.0000 0.7999
vn 0.4061 -0.0000 -0.9138
vn 0.7682 -0.0000 0.6402
vn 0.9148 -0.0000 -0.4040
vn 0.6141 -0.0000 -0.7892
vn 0.9859 -0.0000 -0.1671
vn 0.4456 0.2572 -0.8575
vn 0.4456 0.2573 -0.8575
vn 0.5197 0.3000 0.7999
vn 0.3517 0.2030 -0.9138
vn 0.6653 0.3841 0.6402
vn 0.7922 0.4574 -0.4040
vn 0.5318 0.3070 -0.7893
vn 0.8539 0.4930 -0.1671
vn 0.2572 0.4456 -0.8575
vn 0.3000 0.5197 0.7999
vn 0.2030 0.3517 -0.9138
vn 0.3841 0.6653 0.6402
vn 0.4574 0.7922 -0.4040
vn 0.3070 0.5318 -0.7893
vn 0.4930 0.8539 -0.1671
vn -0.0000 0.2931 0.9561
vn -0.1465 0.2538 0.9561
vn -0.2538 0.1465 0.9561
vn -0.2931 -0.0000 0.9561
vn -0.2538 -0.1465 0.9561
vn -0.1465 -0.2538 0.9561
vn -0.0000 -0.2931 0.9561
vn 0.1465 -0.2538 0.9561
vn 0.2538 -0.1465 0.9561
vn 0.2931 -0.0000 0.9561
vn 0.2538 0.1465 0.9561
vn 0.1465 0.2538 0.9561
vn -0.0000 -0.4367 0.8996
vn 0.2183 -0.3782 0.8996
vn 0.3782 -0.2183 0.8996
vn 0.4367 -0.0000 0.8996
vn 0.3782 0.2183 0.8996
vn 0.2183 0.3782 0.8996
vn -0.0000 0.4367 0.8996
vn -0.2183 0.3782 0.8996
vn -0.3782 0.2183 0.8996
vn -0.4367 -0.0000 0.8996
vn -0.3782 -0.2183 0.8996
vn -0.2183 -0.3782 0.8996
vn 0.3786 -0.6557 0.6532
vn -0.0000 -0.7572 0.6532
vn 0.6557 -0.3786 0.6532
vn 0.7572 -0.0000 0.6532
vn 0.6557 0.3786 0.6532
vn 0.3786 0.6557 0.6532
vn -0.0000 0.7572 0.6532
vn -0.3786 0.6557 0.6532
vn -0.6557 0.3786 0.6532
vn -0.7572 -0.0000 0.6532
vn -0.6557 -0.3786 0.6532
vn -0.3786 -0.6557 0.6532
vn -0.0000 0.6693 0.7430
vn -0.3278 0.5702 0.7533
vn -0.3278 0.5702 -0.7532
vn -0.0000 0.6693 -0.7430
vn -0.4931 0.8700 -0.0000
vn -0.5585 0.3238 0.7637
vn -0.5585 0.3238 -0.7637
vn -0.8580 0.5136 -0.0000
vn -0.6270 0.0489 0.7775
vn -0.6270 0.0489 -0.7775
vn -0.9947 0.1032 -0.0000
vn -0.5646 -0.0936 0.8200
vn -0.5646 -0.0936 -0.8200
vn -0.9877 -0.1561 -0.0000
vn -0.5232 -0.3308 0.7854
vn -0.5232 -0.3308 -0.7854
vn -0.8327 -0.5537 -0.0000
vn -0.2550 -0.5456 0.7983
vn -0.0000 -0.5863 0.8101
vn -0.2537 -0.5469 -0.7978
vn -0.0000 -0.5878 -0.8090
vn -0.4063 -0.9137 -0.0008
vn -0.0000 -1.0000 -0.0018
vn 0.3278 0.5702 0.7532
vn 0.3278 0.5702 -0.7532
vn 0.4933 0.8699 -0.0000
vn 0.5585 0.3238 0.7637
vn 0.5585 0.3238 -0.7637
vn 0.8580 0.5136 -0.0000
vn 0.6270 0.0489 0.7775
vn 0.6270 0.0489 -0.7775
vn 0.9947 0.1032 -0.0000
vn 0.5646 -0.0936 0.8200
vn 0.5646 -0.0936 -0.8200
vn 0.9877 -0.1561 -0.0000
vn 0.5232 -0.3308 0.7854
vn 0.5232 -0.3308 -0.7854
vn 0.8327 -0.5537 -0.0000
vn 0.2537 -0.5469 -0.7978
vn -0.3278 0.5702 0.7532
vn -0.4928 0.8701 -0.0000
vn -0.5586 -0.0692 0.8265
vn -0.5586 -0.0692 -0.8266
vn -0.9930 -0.1179 -0.0000
vn -0.5448 -0.3115 0.7786
vn -0.5448 -0.3115 -0.7786
vn -0.8517 -0.5240 -0.0000
vn -0.2550 -0.5457 0.7983
vn -0.0000 -0.5864 0.8101
vn -0.4063 -0.9137 -0.0010
vn 0.3278 0.5702 -0.7533
vn 0.4928 0.8701 -0.0000
vn 0.5586 -0.0692 0.8265
vn 0.5586 -0.0692 -0.8266
vn 0.9930 -0.1179 -0.0000
vn 0.5448 -0.3115 -0.7786
vn 0.8517 -0.5240 -0.0000
vn -0.5586 -0.0692 -0.8265
vn -0.8518 -0.5239 -0.0000
vn -0.0000 -0.5879 -0.8090
vn -0.4063 -0.9137 -0.0009
vn 0.5586 -0.0692 -0.8265
vn -0.0053 -0.7611 -0.6487
vt 0.589300 0.152900
vt 0.592100 0.180600
vt 0.580200 0.181600
vt 0.575700 0.154700
vt 0.586200 0.124200
vt 0.571500 0.125800
vt 0.602900 0.122800
vt 0.605100 0.151600
vt 0.606400 0.179900
vt 0.621300 0.150900
vt 0.621300 0.180200
vt 0.619700 0.121400
vt 0.634800 0.120300
vt 0.635700 0.150800
vt 0.634500 0.180800
vt 0.651600 0.151200
vt 0.649200 0.182500
vt 0.651500 0.119600
vt 0.668900 0.116300
vt 0.668100 0.152100
vt 0.664300 0.184100
vt 0.686500 0.164200
vt 0.682600 0.187300
vt 0.691700 0.151500
vt 0.700800 0.169200
vt 0.698900 0.176900
vt 0.696600 0.191400
vt 0.561100 0.157400
vt 0.567800 0.183900
vt 0.546600 0.161000
vt 0.555800 0.186800
vt 0.535000 0.144400
vt 0.555700 0.128100
vt 0.582200 0.100700
vt 0.567200 0.102100
vt 0.581800 0.077900
vt 0.567000 0.079000
vt 0.598500 0.076600
vt 0.600700 0.099100
vt 0.534800 0.175700
vt 0.543000 0.192200
vt 0.533600 0.198900
vt 0.528800 0.189200
vt 0.527400 0.167100
vt 0.525100 0.184000
vt 0.513800 0.045200
vt 0.505600 0.077900
vt 0.491400 0.074500
vt 0.498100 0.044300
vt 0.517000 0.020400
vt 0.501700 0.016900
vt 0.535700 0.023600
vt 0.533100 0.052000
vt 0.524500 0.085600
vt 0.552300 0.103600
vt 0.533700 0.113900
vt 0.550700 0.079900
vt 0.639900 0.045600
vt 0.654200 0.042000
vt 0.661700 0.069300
vt 0.645400 0.071000
vt 0.625600 0.048300
vt 0.629700 0.073400
vt 0.621800 0.025200
vt 0.634500 0.022700
vt 0.646900 0.019700
vt 0.619200 0.097400
vt 0.634200 0.095900
vt 0.615100 0.075100
vt 0.668900 0.032200
vt 0.660600 0.014000
vt 0.671200 0.007600
vt 0.681300 0.027300
vt 0.685200 0.057900
vt 0.696600 0.050000
vt 0.508700 0.140500
vt 0.514800 0.156200
vt 0.483900 0.167800
vt 0.492200 0.175900
vt 0.474500 0.160100
vt 0.501200 0.125100
vt 0.518200 0.172500
vt 0.517300 0.188100
vt 0.499600 0.185600
vt 0.505600 0.196200
vt 0.718300 0.086700
vt 0.754700 0.113200
vt 0.745100 0.125600
vt 0.706100 0.100300
vt 0.727100 0.076900
vt 0.762600 0.104100
vt 0.704000 0.117800
vt 0.738300 0.137000
vt 0.732500 0.148600
vt 0.702900 0.135600
vt 0.665300 0.092400
vt 0.703200 0.154900
vt 0.727900 0.162500
vt 0.725600 0.175500
vt 0.710600 0.170800
vt 0.485300 0.116800
vt 0.461900 0.152300
vt 0.451900 0.147000
vt 0.473700 0.111100
vt 0.580300 0.052100
vt 0.565900 0.052400
vt 0.580100 0.027000
vt 0.566600 0.026500
vt 0.595200 0.027200
vt 0.596400 0.051300
vt 0.612100 0.050000
vt 0.609700 0.026400
vt 0.549900 0.052300
vt 0.551500 0.025000
vt 0.649300 0.094300
vt 0.580500 0.183600
vt 0.592200 0.182600
vt 0.592400 0.191000
vt 0.581200 0.191700
vt 0.606500 0.182000
vt 0.606100 0.190700
vt 0.621200 0.182400
vt 0.620400 0.191400
vt 0.634300 0.183100
vt 0.633000 0.192300
vt 0.648900 0.184800
vt 0.647400 0.194400
vt 0.663900 0.186400
vt 0.661800 0.196300
vt 0.682100 0.189900
vt 0.679300 0.200300
vt 0.695700 0.193800
vt 0.689800 0.203300
vt 0.534800 0.200400
vt 0.543900 0.193900
vt 0.547800 0.200500
vt 0.541300 0.205400
vt 0.556400 0.188700
vt 0.558600 0.196100
vt 0.568200 0.185900
vt 0.569500 0.193700
vt 0.517500 0.017800
vt 0.502700 0.014300
vt 0.508600 0.004100
vt 0.520100 0.006900
vt 0.669800 0.005900
vt 0.659700 0.012100
vt 0.655700 0.004900
vt 0.662900 0.000000
vt 0.646300 0.017800
vt 0.644000 0.010000
vt 0.634100 0.020700
vt 0.632700 0.012600
vt 0.621500 0.023200
vt 0.620700 0.014800
vt 0.609600 0.024300
vt 0.609300 0.015700
vt 0.595100 0.025100
vt 0.595400 0.016200
vt 0.580100 0.024800
vt 0.580800 0.015600
vt 0.566800 0.024200
vt 0.568000 0.014700
vt 0.551700 0.022600
vt 0.553200 0.012700
vt 0.536100 0.021200
vt 0.538100 0.010900
vt 0.482600 0.169200
vt 0.490800 0.177100
vt 0.484900 0.181500
vt 0.477300 0.174600
vt 0.497900 0.186700
vt 0.491400 0.190400
vt 0.503800 0.196900
vt 0.495500 0.197800
vt 0.727700 0.175500
vt 0.730100 0.163100
vt 0.738500 0.164800
vt 0.737000 0.173400
vt 0.734400 0.149400
vt 0.741900 0.152600
vt 0.740100 0.138100
vt 0.747200 0.142500
vt 0.746800 0.126800
vt 0.753500 0.131900
vt 0.756300 0.114500
vt 0.762100 0.120500
vt 0.764100 0.105800
vt 0.769000 0.113700
vt 0.451100 0.149000
vt 0.460900 0.153900
vt 0.457300 0.160700
vt 0.449500 0.157500
vt 0.473300 0.161600
vt 0.468500 0.167800
vt 0.003800 0.971200
vt 0.000000 0.971200
vt 0.000000 0.985600
vt 0.003800 0.985600
vt 0.003800 0.956800
vt 0.000000 0.956800
vt 0.003800 0.942400
vt 0.000000 0.942400
vt 0.007500 0.971200
vt 0.007500 0.985600
vt 0.007500 0.956800
vt 0.007500 0.942400
vt 0.011300 0.971200
vt 0.011300 0.985600
vt 0.011300 0.956800
vt 0.011300 0.942400
vt 0.015000 0.971200
vt 0.015000 0.985600
vt 0.015000 0.956800
vt 0.015000 0.942400
vt 0.036800 0.985600
vt 0.015000 1.000000
vt 0.036800 1.000000
vt 0.036800 0.971200
vt 0.036800 0.956800
vt 0.036800 0.942400
vt 0.060100 0.971200
vt 0.060100 0.985600
vt 0.060100 0.956800
vt 0.060100 0.942400
vt 0.083400 0.971200
vt 0.083400 0.985600
vt 0.083400 0.956800
vt 0.083400 0.942400
vt 0.106700 0.971200
vt 0.106700 0.985600
vt 0.106700 0.956800
vt 0.106700 0.942400
vt 0.130000 0.971200
vt 0.130000 0.985600
vt 0.130000 0.956800
vt 0.130000 0.942400
vt 0.153300 0.971200
vt 0.153300 0.985600
vt 0.153300 0.956800
vt 0.153300 0.942400
vt 0.176600 0.971200
vt 0.176600 0.985600
vt 0.176600 0.956800
vt 0.176600 0.942400
vt 0.199900 0.971200
vt 0.199900 0.985600
vt 0.199900 0.956800
vt 0.199900 0.942400
vt 0.223300 0.971200
vt 0.223300 0.985600
vt 0.223300 0.956800
vt 0.223300 0.942400
vt 0.246600 0.971200
vt 0.246600 0.985600
vt 0.246600 0.956800
vt 0.246600 0.942400
vt 0.269900 0.971200
vt 0.269900 0.985600
vt 0.269900 0.956800
vt 0.269900 0.942400
vt 0.291600 0.985600
vt 0.269900 1.000000
vt 0.291600 1.000000
vt 0.291600 0.971200
vt 0.291600 0.956800
vt 0.291600 0.942400
vt 0.693000 0.450900
vt 0.689300 0.450900
vt 0.689300 0.465100
vt 0.693000 0.465100
vt 0.693000 0.436700
vt 0.689300 0.436700
vt 0.693000 0.422500
vt 0.689300 0.422500
vt 0.696700 0.450900
vt 0.696700 0.465100
vt 0.696700 0.436700
vt 0.696700 0.422500
vt 0.700400 0.450900
vt 0.700400 0.465100
vt 0.700400 0.436700
vt 0.700400 0.422500
vt 0.704100 0.450900
vt 0.704100 0.465100
vt 0.704100 0.436700
vt 0.704100 0.422500
vt 0.725600 0.465100
vt 0.704100 0.479300
vt 0.725600 0.479300
vt 0.725600 0.450900
vt 0.725600 0.436700
vt 0.725600 0.422500
vt 0.748600 0.450900
vt 0.748600 0.465100
vt 0.748600 0.436700
vt 0.748600 0.422500
vt 0.771600 0.450900
vt 0.771600 0.465100
vt 0.771600 0.436700
vt 0.771600 0.422500
vt 0.794600 0.450900
vt 0.794600 0.465100
vt 0.794600 0.436700
vt 0.794600 0.422500
vt 0.817600 0.450900
vt 0.817600 0.465100
vt 0.817600 0.436700
vt 0.817600 0.422500
vt 0.840600 0.450900
vt 0.840600 0.465100
vt 0.840600 0.436700
vt 0.840600 0.422500
vt 0.863600 0.450900
vt 0.863600 0.465100
vt 0.863600 0.436700
vt 0.863600 0.422500
vt 0.886600 0.450900
vt 0.886600 0.465100
vt 0.886600 0.436700
vt 0.886600 0.422500
vt 0.909600 0.450900
vt 0.909600 0.465100
vt 0.909600 0.436700
vt 0.909600 0.422500
vt 0.932600 0.450900
vt 0.932600 0.465100
vt 0.932600 0.436700
vt 0.932600 0.422500
vt 0.955600 0.450900
vt 0.955600 0.465100
vt 0.955600 0.436700
vt 0.955600 0.422500
vt 0.977000 0.465100
vt 0.955600 0.479300
vt 0.977000 0.479300
vt 0.977000 0.450900
vt 0.977000 0.436700
vt 0.977000 0.422500
vt 0.453300 0.247800
vt 0.449500 0.247800
vt 0.449500 0.262600
vt 0.453300 0.262600
vt 0.453300 0.233000
vt 0.449500 0.233000
vt 0.453300 0.218300
vt 0.449500 0.218300
vt 0.457200 0.247800
vt 0.457200 0.262600
vt 0.457200 0.233000
vt 0.457200 0.218300
vt 0.461000 0.247800
vt 0.461000 0.262600
vt 0.461000 0.233000
vt 0.461000 0.218300
vt 0.464900 0.247800
vt 0.464900 0.262600
vt 0.464900 0.233000
vt 0.464900 0.218300
vt 0.487200 0.262600
vt 0.464900 0.277300
vt 0.487200 0.277300
vt 0.487200 0.247800
vt 0.487200 0.233000
vt 0.487200 0.218300
vt 0.511100 0.247800
vt 0.511100 0.262600
vt 0.511100 0.233000
vt 0.511100 0.218300
vt 0.535000 0.247800
vt 0.535000 0.262600
vt 0.535000 0.233000
vt 0.535000 0.218300
vt 0.558900 0.247800
vt 0.558900 0.262600
vt 0.558900 0.233000
vt 0.558900 0.218300
vt 0.582800 0.247800
vt 0.582800 0.262600
vt 0.582800 0.233000
vt 0.582800 0.218300
vt 0.606700 0.247800
vt 0.606700 0.262600
vt 0.606700 0.233000
vt 0.606700 0.218300
vt 0.630600 0.247800
vt 0.630600 0.262600
vt 0.630600 0.233000
vt 0.630600 0.218300
vt 0.654500 0.247800
vt 0.654500 0.262600
vt 0.654500 0.233000
vt 0.654500 0.218300
vt 0.678400 0.247800
vt 0.678400 0.262600
vt 0.678400 0.233000
vt 0.678400 0.218300
vt 0.702300 0.247800
vt 0.702300 0.262600
vt 0.702300 0.233000
vt 0.702300 0.218300
vt 0.726200 0.247800
vt 0.726200 0.262600
vt 0.726200 0.233000
vt 0.726200 0.218300
vt 0.748500 0.262600
vt 0.726200 0.277300
vt 0.748500 0.277300
vt 0.748500 0.247800
vt 0.748500 0.233000
vt 0.748500 0.218300
vt 0.428300 0.779400
vt 0.424200 0.779400
vt 0.424200 0.795300
vt 0.428300 0.795300
vt 0.428300 0.763500
vt 0.424200 0.763500
vt 0.428300 0.747600
vt 0.424200 0.747600
vt 0.432500 0.779400
vt 0.432500 0.795300
vt 0.432500 0.763500
vt 0.432500 0.747600
vt 0.436600 0.779400
vt 0.436600 0.795300
vt 0.436600 0.763500
vt 0.436600 0.747600
vt 0.440800 0.779400
vt 0.440800 0.795300
vt 0.440800 0.763500
vt 0.440800 0.747600
vt 0.464800 0.795300
vt 0.440800 0.811200
vt 0.464800 0.811200
vt 0.464800 0.779400
vt 0.464800 0.763500
vt 0.464800 0.747600
vt 0.490500 0.779400
vt 0.490500 0.795300
vt 0.490500 0.763500
vt 0.490500 0.747600
vt 0.516300 0.779400
vt 0.516300 0.795300
vt 0.516300 0.763500
vt 0.516300 0.747600
vt 0.542000 0.779400
vt 0.542000 0.795300
vt 0.542000 0.763500
vt 0.542000 0.747600
vt 0.567700 0.779400
vt 0.567700 0.795300
vt 0.567700 0.763500
vt 0.567700 0.747600
vt 0.593500 0.779400
vt 0.593500 0.795300
vt 0.593500 0.763500
vt 0.593500 0.747600
vt 0.619200 0.779400
vt 0.619200 0.795300
vt 0.619200 0.763500
vt 0.619200 0.747600
vt 0.645000 0.779400
vt 0.645000 0.795300
vt 0.645000 0.763500
vt 0.645000 0.747600
vt 0.670700 0.779400
vt 0.670700 0.795300
vt 0.670700 0.763500
vt 0.670700 0.747600
vt 0.696400 0.779400
vt 0.696400 0.795300
vt 0.696400 0.763500
vt 0.696400 0.747600
vt 0.722200 0.779400
vt 0.722200 0.795300
vt 0.722200 0.763500
vt 0.722200 0.747600
vt 0.746200 0.795300
vt 0.722200 0.811200
vt 0.746200 0.811200
vt 0.746200 0.779400
vt 0.746200 0.763500
vt 0.746200 0.747600
vt 0.887500 0.340800
vt 0.896900 0.340800
vt 0.896900 0.327800
vt 0.887500 0.327800
vt 0.896900 0.325200
vt 0.887500 0.325200
vt 0.896900 0.323100
vt 0.887500 0.323100
vt 0.896900 0.315400
vt 0.887500 0.315400
vt 0.896900 0.311800
vt 0.887500 0.311800
vt 0.896900 0.306200
vt 0.887500 0.306200
vt 0.896900 0.303600
vt 0.887500 0.303600
vt 0.906300 0.340800
vt 0.906300 0.327800
vt 0.906300 0.325200
vt 0.906300 0.323100
vt 0.906300 0.315400
vt 0.906300 0.311800
vt 0.906300 0.306200
vt 0.906300 0.303600
vt 0.915700 0.340800
vt 0.915700 0.327800
vt 0.915700 0.325200
vt 0.915700 0.323100
vt 0.915700 0.315400
vt 0.915700 0.311800
vt 0.915700 0.306200
vt 0.915700 0.303600
vt 0.925100 0.340800
vt 0.925100 0.327800
vt 0.925100 0.325200
vt 0.925100 0.323100
vt 0.925100 0.315400
vt 0.925100 0.311800
vt 0.925100 0.306200
vt 0.925100 0.303600
vt 0.934500 0.340800
vt 0.934500 0.327800
vt 0.934500 0.325200
vt 0.934500 0.323100
vt 0.934500 0.315400
vt 0.934500 0.311800
vt 0.934500 0.306200
vt 0.934500 0.303600
vt 0.944000 0.340800
vt 0.944000 0.327800
vt 0.944000 0.325200
vt 0.944000 0.323100
vt 0.944000 0.315400
vt 0.944000 0.311800
vt 0.944000 0.306200
vt 0.944000 0.303600
vt 0.953400 0.340800
vt 0.953400 0.327800
vt 0.953400 0.325200
vt 0.953400 0.323100
vt 0.953400 0.315400
vt 0.953400 0.311800
vt 0.953400 0.306200
vt 0.953400 0.303600
vt 0.962800 0.340800
vt 0.962800 0.327800
vt 0.962800 0.325200
vt 0.962800 0.323100
vt 0.962800 0.315400
vt 0.962800 0.311800
vt 0.962800 0.306200
vt 0.962800 0.303600
vt 0.416200 0.882000
vt 0.388200 0.882000
vt 0.388200 0.886800
vt 0.416200 0.886800
vt 0.416200 0.877300
vt 0.388200 0.877300
vt 0.416200 0.872600
vt 0.388200 0.872600
vt 0.416200 0.867900
vt 0.388200 0.867900
vt 0.416200 0.863200
vt 0.388200 0.863200
vt 0.416200 0.858500
vt 0.388200 0.858500
vt 0.447000 0.882000
vt 0.447000 0.886800
vt 0.447000 0.877300
vt 0.447000 0.872600
vt 0.447000 0.867900
vt 0.447000 0.863200
vt 0.447000 0.858500
vt 0.479300 0.882000
vt 0.479300 0.886800
vt 0.479300 0.877300
vt 0.479300 0.872600
vt 0.479300 0.867900
vt 0.479300 0.863200
vt 0.479300 0.858500
vt 0.511000 0.882000
vt 0.511000 0.886800
vt 0.511000 0.877300
vt 0.511000 0.872600
vt 0.511000 0.867900
vt 0.511000 0.863200
vt 0.511000 0.858500
vt 0.539300 0.882000
vt 0.539300 0.886800
vt 0.539300 0.877300
vt 0.539300 0.872600
vt 0.539300 0.867900
vt 0.539300 0.863200
vt 0.539300 0.858500
vt 0.568100 0.882000
vt 0.568100 0.886800
vt 0.568100 0.877300
vt 0.568100 0.872600
vt 0.568100 0.867900
vt 0.568100 0.863200
vt 0.568100 0.858500
vt 0.592700 0.882000
vt 0.592700 0.886800
vt 0.592700 0.877300
vt 0.592700 0.872600
vt 0.592700 0.867900
vt 0.592700 0.863200
vt 0.592700 0.858500
vt 0.615300 0.882000
vt 0.615300 0.886800
vt 0.615300 0.877300
vt 0.615300 0.872600
vt 0.615300 0.867900
vt 0.615300 0.863200
vt 0.615300 0.858500
vt 0.639700 0.882000
vt 0.639700 0.886800
vt 0.639700 0.877300
vt 0.639700 0.872600
vt 0.639700 0.867900
vt 0.639700 0.863200
vt 0.639700 0.858500
vt 0.670400 0.882000
vt 0.670400 0.886800
vt 0.670400 0.877300
vt 0.670400 0.872600
vt 0.670400 0.867900
vt 0.670400 0.863200
vt 0.670400 0.858500
vt 0.690000 0.882000
vt 0.690000 0.886800
vt 0.690000 0.877300
vt 0.690000 0.872600
vt 0.690000 0.867900
vt 0.690000 0.863200
vt 0.690000 0.858500
vt 0.711600 0.882000
vt 0.711600 0.886800
vt 0.711600 0.877300
vt 0.711600 0.872600
vt 0.711600 0.867900
vt 0.711600 0.863200
vt 0.711600 0.858500
vt 0.733200 0.882000
vt 0.733200 0.886800
vt 0.733200 0.877300
vt 0.733200 0.872600
vt 0.733200 0.867900
vt 0.733200 0.863200
vt 0.733200 0.858500
vt 0.751300 0.882000
vt 0.751300 0.886800
vt 0.751300 0.877300
vt 0.751300 0.872600
vt 0.751300 0.867900
vt 0.751300 0.863200
vt 0.751300 0.858500
vt 0.767400 0.882000
vt 0.767400 0.886800
vt 0.767400 0.877300
vt 0.767400 0.872600
vt 0.767400 0.867900
vt 0.767400 0.863200
vt 0.767400 0.858500
vt 0.791600 0.882000
vt 0.791600 0.886800
vt 0.791600 0.877300
vt 0.791600 0.872600
vt 0.791600 0.867900
vt 0.791600 0.863200
vt 0.791600 0.858500
vt 0.812900 0.882000
vt 0.812900 0.886800
vt 0.812900 0.877300
vt 0.812900 0.872600
vt 0.812900 0.867900
vt 0.812900 0.863200
vt 0.812900 0.858500
vt 0.835000 0.882000
vt 0.835000 0.886800
vt 0.835000 0.877300
vt 0.835000 0.872600
vt 0.835000 0.867900
vt 0.835000 0.863200
vt 0.835000 0.858500
vt 0.861400 0.882000
vt 0.861400 0.886800
vt 0.861400 0.877300
vt 0.861400 0.872600
vt 0.861400 0.867900
vt 0.861400 0.863200
vt 0.861400 0.858500
vt 0.894700 0.882000
vt 0.894700 0.886800
vt 0.894700 0.877300
vt 0.894700 0.872600
vt 0.894700 0.867900
vt 0.894700 0.863200
vt 0.894700 0.858500
vt 0.911300 0.882000
vt 0.911300 0.886800
vt 0.911300 0.877300
vt 0.911300 0.872600
vt 0.911300 0.867900
vt 0.911300 0.863200
vt 0.911300 0.858500
vt 0.931700 0.882000
vt 0.931700 0.886800
vt 0.931700 0.877300
vt 0.931700 0.872600
vt 0.931700 0.867900
vt 0.931700 0.863200
vt 0.931700 0.858500
vt 0.952000 0.882000
vt 0.952000 0.886800
vt 0.952000 0.877300
vt 0.952000 0.872600
vt 0.952000 0.867900
vt 0.952000 0.863200
vt 0.952000 0.858500
vt 0.968200 0.882000
vt 0.968200 0.886800
vt 0.968200 0.877300
vt 0.968200 0.872600
vt 0.968200 0.867900
vt 0.968200 0.863200
vt 0.968200 0.858500
vt 0.986500 0.882000
vt 0.986500 0.886800
vt 0.986500 0.877300
vt 0.986500 0.872600
vt 0.986500 0.867900
vt 0.986500 0.863200
vt 0.986500 0.858500
vt 0.827600 0.186100
vt 0.781800 0.198000
vt 0.782000 0.173600
vt 0.436600 0.000000
vt 0.400200 0.000000
vt 0.400200 0.007200
vt 0.436600 0.007200
vt 0.400200 0.012300
vt 0.436600 0.012300
vt 0.400200 0.014900
vt 0.436600 0.014900
vt 0.400200 0.021700
vt 0.436600 0.021700
vt 0.400200 0.035000
vt 0.436600 0.035000
vt 0.400200 0.048200
vt 0.436600 0.048200
vt 0.400200 0.212400
vt 0.436600 0.212400
vt 0.400200 0.224900
vt 0.436600 0.224900
vt 0.400200 0.237300
vt 0.436600 0.237300
vt 0.400200 0.278500
vt 0.436600 0.278500
vt 0.400200 0.290800
vt 0.436600 0.290800
vt 0.793900 0.219300
vt 0.363900 0.000000
vt 0.363900 0.007200
vt 0.363900 0.012300
vt 0.363900 0.014900
vt 0.363900 0.021700
vt 0.363900 0.035000
vt 0.363900 0.048200
vt 0.363900 0.212400
vt 0.363900 0.224900
vt 0.363900 0.237300
vt 0.363900 0.278500
vt 0.363900 0.290800
vt 0.815000 0.231700
vt 0.327500 0.000000
vt 0.327500 0.007200
vt 0.327500 0.012300
vt 0.327500 0.014900
vt 0.327500 0.021700
vt 0.327500 0.035000
vt 0.327500 0.048200
vt 0.327500 0.212400
vt 0.327500 0.224900
vt 0.327500 0.237300
vt 0.327500 0.278500
vt 0.327500 0.290800
vt 0.839500 0.231900
vt 0.291100 0.000000
vt 0.291100 0.007200
vt 0.291100 0.012300
vt 0.291100 0.014900
vt 0.291100 0.021700
vt 0.291100 0.035000
vt 0.291100 0.048200
vt 0.291100 0.212400
vt 0.291100 0.224900
vt 0.291100 0.237300
vt 0.291100 0.278500
vt 0.291100 0.290800
vt 0.860800 0.219800
vt 0.254700 0.000000
vt 0.254700 0.007200
vt 0.254700 0.012300
vt 0.254700 0.014900
vt 0.254700 0.021700
vt 0.254700 0.035000
vt 0.254700 0.048200
vt 0.254700 0.212400
vt 0.254700 0.224900
vt 0.254700 0.237300
vt 0.254700 0.278500
vt 0.254700 0.290800
vt 0.873200 0.198700
vt 0.218300 0.000000
vt 0.218300 0.007200
vt 0.218300 0.012300
vt 0.218300 0.014900
vt 0.218300 0.021700
vt 0.218300 0.035000
vt 0.218300 0.048200
vt 0.218300 0.212400
vt 0.218300 0.224900
vt 0.218300 0.237300
vt 0.218300 0.278500
vt 0.218300 0.290800
vt 0.873300 0.174200
vt 0.181900 0.000000
vt 0.181900 0.007200
vt 0.181900 0.012300
vt 0.181900 0.014900
vt 0.181900 0.021700
vt 0.181900 0.035000
vt 0.181900 0.048200
vt 0.181900 0.212400
vt 0.181900 0.224900
vt 0.181900 0.237300
vt 0.181900 0.278500
vt 0.181900 0.290800
vt 0.861200 0.153000
vt 0.145500 0.000000
vt 0.145500 0.007200
vt 0.145500 0.012300
vt 0.145500 0.014900
vt 0.145500 0.021700
vt 0.145500 0.035000
vt 0.145500 0.048200
vt 0.145500 0.212400
vt 0.145500 0.224900
vt 0.145500 0.237300
vt 0.145500 0.278500
vt 0.145500 0.290800
vt 0.840100 0.140600
vt 0.109200 0.000000
vt 0.109200 0.007200
vt 0.109200 0.012300
vt 0.109200 0.014900
vt 0.109200 0.021700
vt 0.109200 0.035000
vt 0.109200 0.048200
vt 0.109200 0.212400
vt 0.109200 0.224900
vt 0.109200 0.237300
vt 0.109200 0.278500
vt 0.109200 0.290800
vt 0.815700 0.140400
vt 0.072800 0.000000
vt 0.072800 0.007200
vt 0.072800 0.012300
vt 0.072800 0.014900
vt 0.072800 0.021700
vt 0.072800 0.035000
vt 0.072800 0.048200
vt 0.072800 0.212400
vt 0.072800 0.224900
vt 0.072800 0.237300
vt 0.072800 0.278500
vt 0.072800 0.290800
vt 0.794400 0.152500
vt 0.036400 0.000000
vt 0.036400 0.007200
vt 0.036400 0.012300
vt 0.036400 0.014900
vt 0.036400 0.021700
vt 0.036400 0.035000
vt 0.036400 0.048200
vt 0.036400 0.212400
vt 0.036400 0.224900
vt 0.036400 0.237300
vt 0.036400 0.278500
vt 0.036400 0.290800
vt 0.000000 0.000000
vt 0.000000 0.007200
vt 0.000000 0.012300
vt 0.000000 0.014900
vt 0.000000 0.021700
vt 0.000000 0.035000
vt 0.000000 0.048200
vt 0.000000 0.212400
vt 0.000000 0.224900
vt 0.000000 0.237300
vt 0.000000 0.278500
vt 0.000000 0.290800
vt 0.378900 0.747600
vt 0.378900 0.755800
vt 0.411400 0.755800
vt 0.411400 0.747600
vt 0.378900 0.763900
vt 0.411400 0.763900
vt 0.378900 0.772100
vt 0.411400 0.772100
vt 0.378900 0.780300
vt 0.411400 0.780300
vt 0.378900 0.788500
vt 0.411400 0.788500
vt 0.378900 0.796600
vt 0.411400 0.796600
vt 0.378900 0.804800
vt 0.411400 0.804800
vt 0.378900 0.813000
vt 0.411400 0.813000
vt 0.378900 0.821100
vt 0.411400 0.821100
vt 0.378900 0.829300
vt 0.411400 0.829300
vt 0.378900 0.837500
vt 0.411400 0.837500
vt 0.378900 0.845600
vt 0.411400 0.845600
vt 0.305400 0.747600
vt 0.305400 0.755800
vt 0.337200 0.755800
vt 0.337200 0.747600
vt 0.305400 0.763900
vt 0.337200 0.763900
vt 0.305400 0.772100
vt 0.337200 0.772100
vt 0.305400 0.780300
vt 0.337200 0.780300
vt 0.305400 0.788500
vt 0.337200 0.788500
vt 0.305400 0.796600
vt 0.337200 0.796600
vt 0.305400 0.804800
vt 0.337200 0.804800
vt 0.305400 0.813000
vt 0.337200 0.813000
vt 0.305400 0.821100
vt 0.337200 0.821100
vt 0.305400 0.829300
vt 0.337200 0.829300
vt 0.305400 0.837500
vt 0.337200 0.837500
vt 0.305400 0.845600
vt 0.337200 0.845600
vt 0.341800 0.747600
vt 0.338100 0.747600
vt 0.338100 0.755800
vt 0.341800 0.755800
vt 0.338100 0.763900
vt 0.341800 0.763900
vt 0.338100 0.772100
vt 0.341800 0.772100
vt 0.338100 0.780300
vt 0.341800 0.780300
vt 0.338100 0.788500
vt 0.341800 0.788500
vt 0.338100 0.796600
vt 0.341800 0.796600
vt 0.338100 0.804800
vt 0.341800 0.804800
vt 0.338100 0.813000
vt 0.341800 0.813000
vt 0.338100 0.821100
vt 0.341800 0.821100
vt 0.338100 0.829300
vt 0.341800 0.829300
vt 0.338100 0.837500
vt 0.341800 0.837500
vt 0.338100 0.845600
vt 0.341800 0.845600
vt 0.342700 0.747600
vt 0.342700 0.755800
vt 0.374500 0.755800
vt 0.374500 0.747600
vt 0.342700 0.763900
vt 0.374500 0.763900
vt 0.342700 0.772100
vt 0.374500 0.772100
vt 0.342700 0.780300
vt 0.374500 0.780300
vt 0.342700 0.788500
vt 0.374500 0.788500
vt 0.342700 0.796600
vt 0.374500 0.796600
vt 0.342700 0.804800
vt 0.374500 0.804800
vt 0.342700 0.813000
vt 0.374500 0.813000
vt 0.342700 0.821100
vt 0.374500 0.821100
vt 0.342700 0.829300
vt 0.374500 0.829300
vt 0.342700 0.837500
vt 0.374500 0.837500
vt 0.342700 0.845600
vt 0.374500 0.845600
vt 0.000000 0.747600
vt 0.000000 0.755800
vt 0.301000 0.755800
vt 0.301000 0.747600
vt 0.000000 0.763900
vt 0.301000 0.763900
vt 0.000000 0.772100
vt 0.301000 0.772100
vt 0.000000 0.780300
vt 0.301000 0.780300
vt 0.000000 0.788500
vt 0.301000 0.788500
vt 0.000000 0.796600
vt 0.301000 0.796600
vt 0.000000 0.804800
vt 0.301000 0.804800
vt 0.000000 0.813000
vt 0.301000 0.813000
vt 0.000000 0.821100
vt 0.301000 0.821100
vt 0.000000 0.829300
vt 0.301000 0.829300
vt 0.000000 0.837500
vt 0.301000 0.837500
vt 0.000000 0.845600
vt 0.301000 0.845600
vt 0.376700 0.755800
vt 0.376700 0.747600
vt 0.376700 0.763900
vt 0.376700 0.772100
vt 0.376700 0.780300
vt 0.376700 0.788500
vt 0.376700 0.796600
vt 0.376700 0.804800
vt 0.376700 0.813000
vt 0.376700 0.821100
vt 0.376700 0.829300
vt 0.376700 0.837500
vt 0.376700 0.845600
vt 0.303200 0.755800
vt 0.303200 0.747600
vt 0.303200 0.763900
vt 0.303200 0.772100
vt 0.303200 0.780300
vt 0.303200 0.788500
vt 0.303200 0.796600
vt 0.303200 0.804800
vt 0.303200 0.813000
vt 0.303200 0.821100
vt 0.303200 0.829300
vt 0.303200 0.837500
vt 0.303200 0.845600
vt 0.474500 0.333700
vt 0.472000 0.332900
vt 0.470200 0.331000
vt 0.469800 0.328500
vt 0.470700 0.326000
vt 0.472700 0.324300
vt 0.475200 0.323700
vt 0.477700 0.324500
vt 0.479500 0.326400
vt 0.480000 0.329000
vt 0.479000 0.331400
vt 0.477000 0.333100
vt 0.458400 0.336900
vt 0.458300 0.326900
vt 0.461800 0.327600
vt 0.462300 0.335000
vt 0.462300 0.319700
vt 0.464600 0.321700
vt 0.468100 0.315200
vt 0.469400 0.317800
vt 0.475200 0.313200
vt 0.475300 0.316200
vt 0.483300 0.314300
vt 0.481800 0.317500
vt 0.491400 0.320400
vt 0.487500 0.322400
vt 0.491400 0.330500
vt 0.488000 0.329800
vt 0.487500 0.337700
vt 0.485100 0.335800
vt 0.481600 0.342200
vt 0.480300 0.339600
vt 0.474500 0.344200
vt 0.474400 0.341100
vt 0.466400 0.343000
vt 0.467900 0.339900
vt 0.464400 0.328000
vt 0.465100 0.333500
vt 0.466500 0.323100
vt 0.470400 0.319800
vt 0.475400 0.318600
vt 0.480600 0.319900
vt 0.484600 0.323900
vt 0.485300 0.329400
vt 0.483200 0.334300
vt 0.479300 0.337600
vt 0.474300 0.338800
vt 0.469100 0.337500
vt 0.498200 0.913800
vt 0.388200 0.913800
vt 0.388200 0.921000
vt 0.498200 0.921000
vt 0.498200 0.906700
vt 0.388200 0.906700
vt 0.498200 0.899600
vt 0.388200 0.899600
vt 0.498200 0.935300
vt 0.388200 0.935300
vt 0.388200 0.942400
vt 0.498200 0.942400
vt 0.498200 0.928100
vt 0.388200 0.928100
vt 0.504600 0.913800
vt 0.504600 0.921000
vt 0.504600 0.906700
vt 0.504600 0.899600
vt 0.504600 0.935300
vt 0.504600 0.942400
vt 0.504600 0.928100
vt 0.511100 0.913800
vt 0.511100 0.921000
vt 0.511100 0.906700
vt 0.511100 0.899600
vt 0.511100 0.935300
vt 0.511100 0.942400
vt 0.511100 0.928100
vt 0.562100 0.913800
vt 0.562100 0.921000
vt 0.562100 0.906700
vt 0.562100 0.899600
vt 0.562100 0.935300
vt 0.562100 0.942400
vt 0.562100 0.928100
vt 0.568600 0.913800
vt 0.568600 0.921000
vt 0.568600 0.906700
vt 0.568600 0.899600
vt 0.568600 0.935300
vt 0.568600 0.942400
vt 0.568600 0.928100
vt 0.575000 0.913800
vt 0.575000 0.921000
vt 0.575000 0.906700
vt 0.575000 0.899600
vt 0.575000 0.935300
vt 0.575000 0.942400
vt 0.575000 0.928100
vt 0.622100 0.913800
vt 0.622100 0.921000
vt 0.622100 0.906700
vt 0.622100 0.899600
vt 0.622100 0.935300
vt 0.622100 0.942400
vt 0.622100 0.928100
vt 0.628700 0.913800
vt 0.628700 0.921000
vt 0.628700 0.906700
vt 0.628700 0.899600
vt 0.628700 0.935300
vt 0.628700 0.942400
vt 0.628700 0.928100
vt 0.635300 0.913800
vt 0.635300 0.921000
vt 0.635300 0.906700
vt 0.635300 0.899600
vt 0.635300 0.935300
vt 0.635300 0.942400
vt 0.635300 0.928100
vt 0.692600 0.913800
vt 0.692600 0.921000
vt 0.692600 0.906700
vt 0.692600 0.899600
vt 0.692600 0.935300
vt 0.692600 0.942400
vt 0.692600 0.928100
vt 0.532000 0.440300
vt 0.540100 0.449100
vt 0.531100 0.461100
vt 0.521100 0.449800
vt 0.524100 0.431000
vt 0.510700 0.438600
vt 0.535000 0.422200
vt 0.542500 0.431000
vt 0.550200 0.439600
vt 0.536700 0.403500
vt 0.542100 0.410100
vt 0.530400 0.416400
vt 0.530200 0.395300
vt 0.523100 0.406900
vt 0.537400 0.383300
vt 0.543300 0.390400
vt 0.549500 0.397700
vt 0.557300 0.386300
vt 0.562900 0.392500
vt 0.550400 0.378500
vt 0.562800 0.373700
vt 0.570900 0.382200
vt 0.575800 0.387500
vt 0.580600 0.372800
vt 0.585900 0.378100
vt 0.572000 0.364600
vt 0.580700 0.354900
vt 0.590400 0.362500
vt 0.595000 0.364300
vt 0.570800 0.521700
vt 0.538400 0.497600
vt 0.541000 0.486200
vt 0.576300 0.512700
vt 0.582900 0.503100
vt 0.545500 0.472200
vt 0.597000 0.488200
vt 0.563300 0.453400
vt 0.575700 0.448500
vt 0.605000 0.482000
vt 0.613500 0.475000
vt 0.588700 0.443700
vt 0.493600 0.364300
vt 0.512300 0.414800
vt 0.483200 0.370000
vt 0.473300 0.376400
vt 0.500900 0.422400
vt 0.485400 0.425600
vt 0.461200 0.382300
vt 0.450100 0.387100
vt 0.472500 0.427300
vt 0.554100 0.462500
vt 0.589900 0.495600
vt 0.555600 0.305400
vt 0.587900 0.329600
vt 0.585200 0.341000
vt 0.550000 0.314300
vt 0.543400 0.323900
vt 0.589300 0.423500
vt 0.583900 0.417000
vt 0.590900 0.404900
vt 0.595500 0.410600
vt 0.595800 0.431700
vt 0.602800 0.420000
vt 0.582700 0.436600
vt 0.576600 0.429300
vt 0.593900 0.386900
vt 0.603100 0.378700
vt 0.601700 0.396100
vt 0.616800 0.388500
vt 0.583400 0.396100
vt 0.652700 0.450300
vt 0.624900 0.404500
vt 0.640400 0.401300
vt 0.664700 0.444400
vt 0.653300 0.399500
vt 0.675800 0.439600
vt 0.632500 0.462500
vt 0.613600 0.412100
vt 0.642800 0.456700
vt 0.552500 0.422500
vt 0.563000 0.413500
vt 0.563200 0.434600
vt 0.573500 0.404600
vt 0.468900 0.487100
vt 0.498700 0.453300
vt 0.507800 0.462000
vt 0.475100 0.493100
vt 0.480900 0.499500
vt 0.515900 0.471700
vt 0.519500 0.485300
vt 0.486700 0.508000
vt 0.490800 0.515400
vt 0.521100 0.495400
vt 0.491800 0.440600
vt 0.491700 0.438900
vt 0.506700 0.443500
vt 0.485100 0.448800
vt 0.474500 0.446800
vt 0.478800 0.439900
vt 0.479100 0.437600
vt 0.634000 0.386500
vt 0.634200 0.388100
vt 0.619100 0.383800
vt 0.640800 0.378400
vt 0.627000 0.373900
vt 0.651100 0.380200
vt 0.647000 0.387000
vt 0.646700 0.389300
vt 0.644700 0.328000
vt 0.609900 0.355500
vt 0.606500 0.342200
vt 0.639300 0.319800
vt 0.635100 0.312300
vt 0.605000 0.332000
vt 0.656600 0.340300
vt 0.618000 0.365100
vt 0.650500 0.334300
vt 0.502800 0.357900
vt 0.512700 0.351900
vt 0.521200 0.344900
vt 0.529200 0.338700
vt 0.536400 0.331300
vt 0.532700 0.480400
vt 0.531800 0.492300
vt 0.529200 0.479100
vt 0.529800 0.490900
vt 0.536000 0.464700
vt 0.568700 0.440800
vt 0.555200 0.445000
vt 0.519400 0.424900
vt 0.507600 0.433300
vt 0.490700 0.435100
vt 0.477500 0.435300
vt 0.545500 0.454400
vt 0.593500 0.346800
vt 0.594400 0.334900
vt 0.596800 0.348000
vt 0.596300 0.336400
vt 0.623300 0.468900
vt 0.635100 0.391800
vt 0.618200 0.393500
vt 0.648200 0.391600
vt 0.606500 0.402100
vt 0.516900 0.453700
vt 0.526000 0.464600
vt 0.527600 0.479000
vt 0.527800 0.491400
vt 0.460700 0.481200
vt 0.453200 0.476600
vt 0.664800 0.346400
vt 0.672100 0.350700
vt 0.598400 0.348100
vt 0.599800 0.362600
vt 0.598400 0.335900
vt 0.608900 0.373500
vt 0.573300 0.522600
vt 0.578100 0.513500
vt 0.584600 0.517000
vt 0.581600 0.523400
vt 0.584000 0.503900
vt 0.589600 0.508800
vt 0.591500 0.497100
vt 0.596600 0.502400
vt 0.598000 0.489200
vt 0.602900 0.495300
vt 0.606400 0.483700
vt 0.610900 0.490100
vt 0.614400 0.476200
vt 0.618800 0.483200
vt 0.624700 0.470900
vt 0.628900 0.478200
vt 0.633400 0.463900
vt 0.637700 0.471900
vt 0.644300 0.458900
vt 0.649000 0.467000
vt 0.653500 0.451700
vt 0.657600 0.459500
vt 0.665400 0.446500
vt 0.668000 0.454700
vt 0.676500 0.442600
vt 0.676100 0.452100
vt 0.492700 0.362900
vt 0.481700 0.367800
vt 0.477100 0.359700
vt 0.488400 0.354900
vt 0.472500 0.375000
vt 0.468400 0.367200
vt 0.460500 0.380200
vt 0.458000 0.372000
vt 0.449500 0.384000
vt 0.449800 0.374500
vt 0.553100 0.304500
vt 0.548300 0.313500
vt 0.541800 0.310000
vt 0.544800 0.303600
vt 0.542300 0.323100
vt 0.536800 0.318200
vt 0.534800 0.329900
vt 0.529700 0.324600
vt 0.528300 0.337700
vt 0.523400 0.331600
vt 0.519800 0.343200
vt 0.515400 0.336800
vt 0.511800 0.350700
vt 0.507400 0.343600
vt 0.501500 0.355900
vt 0.497300 0.348600
vt 0.468200 0.488000
vt 0.473900 0.494200
vt 0.469400 0.498300
vt 0.464100 0.492600
vt 0.479900 0.500200
vt 0.475000 0.503800
vt 0.485400 0.508600
vt 0.479700 0.511000
vt 0.488500 0.516100
vt 0.481800 0.516800
vt 0.672900 0.348500
vt 0.665500 0.345100
vt 0.668400 0.339700
vt 0.673800 0.341800
vt 0.657300 0.339400
vt 0.661500 0.334900
vt 0.651600 0.333200
vt 0.656100 0.329200
vt 0.645700 0.327400
vt 0.650600 0.323900
vt 0.640600 0.319200
vt 0.646200 0.316700
vt 0.637200 0.311600
vt 0.644000 0.311000
vt 0.452400 0.478800
vt 0.460000 0.482600
vt 0.457100 0.488000
vt 0.451600 0.485700
vt 0.920000 0.653000
vt 0.908100 0.607300
vt 0.932600 0.607400
vt 0.436600 0.303600
vt 0.400200 0.303600
vt 0.400200 0.310900
vt 0.436600 0.310900
vt 0.400200 0.315900
vt 0.436600 0.315900
vt 0.400200 0.318600
vt 0.436600 0.318600
vt 0.400200 0.325400
vt 0.436600 0.325400
vt 0.400200 0.338600
vt 0.436600 0.338600
vt 0.400200 0.351800
vt 0.436600 0.351800
vt 0.400200 0.516000
vt 0.436600 0.516000
vt 0.400200 0.528500
vt 0.436600 0.528500
vt 0.400200 0.541000
vt 0.436600 0.541000
vt 0.400200 0.582100
vt 0.436600 0.582100
vt 0.400200 0.594400
vt 0.436600 0.594400
vt 0.886800 0.619300
vt 0.363900 0.303600
vt 0.363900 0.310900
vt 0.363900 0.315900
vt 0.363900 0.318600
vt 0.363900 0.325400
vt 0.363900 0.338600
vt 0.363900 0.351800
vt 0.363900 0.516000
vt 0.363900 0.528500
vt 0.363900 0.541000
vt 0.363900 0.582100
vt 0.363900 0.594400
vt 0.874400 0.640400
vt 0.327500 0.303600
vt 0.327500 0.310900
vt 0.327500 0.315900
vt 0.327500 0.318600
vt 0.327500 0.325400
vt 0.327500 0.338600
vt 0.327500 0.351800
vt 0.327500 0.516000
vt 0.327500 0.528500
vt 0.327500 0.541000
vt 0.327500 0.582100
vt 0.327500 0.594400
vt 0.874300 0.664900
vt 0.291100 0.303600
vt 0.291100 0.310900
vt 0.291100 0.315900
vt 0.291100 0.318600
vt 0.291100 0.325400
vt 0.291100 0.338600
vt 0.291100 0.351800
vt 0.291100 0.516000
vt 0.291100 0.528500
vt 0.291100 0.541000
vt 0.291100 0.582100
vt 0.291100 0.594400
vt 0.886300 0.686200
vt 0.254700 0.303600
vt 0.254700 0.310900
vt 0.254700 0.315900
vt 0.254700 0.318600
vt 0.254700 0.325400
vt 0.254700 0.338600
vt 0.254700 0.351800
vt 0.254700 0.516000
vt 0.254700 0.528500
vt 0.254700 0.541000
vt 0.254700 0.582100
vt 0.254700 0.594400
vt 0.907400 0.698600
vt 0.218300 0.303600
vt 0.218300 0.310900
vt 0.218300 0.315900
vt 0.218300 0.318600
vt 0.218300 0.325400
vt 0.218300 0.338600
vt 0.218300 0.351800
vt 0.218300 0.516000
vt 0.218300 0.528500
vt 0.218300 0.541000
vt 0.218300 0.582100
vt 0.218300 0.594400
vt 0.931900 0.698700
vt 0.181900 0.303600
vt 0.181900 0.310900
vt 0.181900 0.315900
vt 0.181900 0.318600
vt 0.181900 0.325400
vt 0.181900 0.338600
vt 0.181900 0.351800
vt 0.181900 0.516000
vt 0.181900 0.528500
vt 0.181900 0.541000
vt 0.181900 0.582100
vt 0.181900 0.594400
vt 0.953200 0.686700
vt 0.145500 0.303600
vt 0.145500 0.310900
vt 0.145500 0.315900
vt 0.145500 0.318600
vt 0.145500 0.325400
vt 0.145500 0.338600
vt 0.145500 0.351800
vt 0.145500 0.516000
vt 0.145500 0.528500
vt 0.145500 0.541000
vt 0.145500 0.582100
vt 0.145500 0.594400
vt 0.965600 0.665600
vt 0.109200 0.303600
vt 0.109200 0.310900
vt 0.109200 0.315900
vt 0.109200 0.318600
vt 0.109200 0.325400
vt 0.109200 0.338600
vt 0.109200 0.351800
vt 0.109200 0.516000
vt 0.109200 0.528500
vt 0.109200 0.541000
vt 0.109200 0.582100
vt 0.109200 0.594400
vt 0.965700 0.641100
vt 0.072800 0.303600
vt 0.072800 0.310900
vt 0.072800 0.315900
vt 0.072800 0.318600
vt 0.072800 0.325400
vt 0.072800 0.338600
vt 0.072800 0.351800
vt 0.072800 0.516000
vt 0.072800 0.528500
vt 0.072800 0.541000
vt 0.072800 0.582100
vt 0.072800 0.594400
vt 0.953700 0.619800
vt 0.036400 0.303600
vt 0.036400 0.310900
vt 0.036400 0.315900
vt 0.036400 0.318600
vt 0.036400 0.325400
vt 0.036400 0.338600
vt 0.036400 0.351800
vt 0.036400 0.516000
vt 0.036400 0.528500
vt 0.036400 0.541000
vt 0.036400 0.582100
vt 0.036400 0.594400
vt 0.000000 0.303600
vt 0.000000 0.310900
vt 0.000000 0.315900
vt 0.000000 0.318600
vt 0.000000 0.325400
vt 0.000000 0.338600
vt 0.000000 0.351800
vt 0.000000 0.516000
vt 0.000000 0.528500
vt 0.000000 0.541000
vt 0.000000 0.582100
vt 0.000000 0.594400
vt 0.874800 0.497700
vt 0.874800 0.502700
vt 0.865100 0.502700
vt 0.865100 0.497700
vt 0.858300 0.409700
vt 0.858300 0.400800
vt 0.854700 0.400800
vt 0.854700 0.409700
vt 0.850500 0.400800
vt 0.850500 0.409700
vt 0.742800 0.400800
vt 0.742800 0.409700
vt 0.733100 0.400800
vt 0.733100 0.409700
vt 0.719800 0.400800
vt 0.719800 0.409700
vt 0.716600 0.400800
vt 0.716600 0.409700
vt 0.697200 0.400800
vt 0.697200 0.409700
vt 0.689300 0.400800
vt 0.689300 0.409700
vt 0.874600 0.409700
vt 0.858300 0.392000
vt 0.854700 0.392000
vt 0.850500 0.392000
vt 0.742800 0.392000
vt 0.733100 0.392000
vt 0.719800 0.392000
vt 0.716600 0.392000
vt 0.697200 0.392000
vt 0.689300 0.392000
vt 0.874600 0.400800
vt 0.858300 0.383200
vt 0.854700 0.383200
vt 0.850500 0.383200
vt 0.742800 0.383200
vt 0.733100 0.383200
vt 0.719800 0.383200
vt 0.716600 0.383200
vt 0.697200 0.383200
vt 0.689300 0.383200
vt 0.874600 0.392000
vt 0.858300 0.374300
vt 0.854700 0.374300
vt 0.850500 0.374300
vt 0.742800 0.374300
vt 0.733100 0.374300
vt 0.719800 0.374300
vt 0.716600 0.374300
vt 0.697200 0.374300
vt 0.689300 0.374300
vt 0.874600 0.383200
vt 0.858300 0.365500
vt 0.854700 0.365500
vt 0.850500 0.365500
vt 0.742800 0.365500
vt 0.733100 0.365500
vt 0.719800 0.365500
vt 0.716600 0.365500
vt 0.697200 0.365500
vt 0.689300 0.365500
vt 0.874600 0.374300
vt 0.858300 0.356600
vt 0.854700 0.356600
vt 0.850500 0.356600
vt 0.742800 0.356600
vt 0.733100 0.356600
vt 0.719800 0.356600
vt 0.716600 0.356600
vt 0.697200 0.356600
vt 0.689300 0.356600
vt 0.874600 0.365500
vt 0.858300 0.347800
vt 0.854700 0.347800
vt 0.850500 0.347800
vt 0.742800 0.347800
vt 0.733100 0.347800
vt 0.719800 0.347800
vt 0.716600 0.347800
vt 0.697200 0.347800
vt 0.689300 0.347800
vt 0.874600 0.356600
vt 0.858300 0.339000
vt 0.854700 0.339000
vt 0.850500 0.339000
vt 0.742800 0.339000
vt 0.733100 0.339000
vt 0.719800 0.339000
vt 0.716600 0.339000
vt 0.697200 0.339000
vt 0.689300 0.339000
vt 0.874600 0.347800
vt 0.858300 0.330100
vt 0.854700 0.330100
vt 0.850500 0.330100
vt 0.742800 0.330100
vt 0.733100 0.330100
vt 0.719800 0.330100
vt 0.716600 0.330100
vt 0.697200 0.330100
vt 0.689300 0.330100
vt 0.874600 0.339000
vt 0.858300 0.321300
vt 0.854700 0.321300
vt 0.850500 0.321300
vt 0.742800 0.321300
vt 0.733100 0.321300
vt 0.719800 0.321300
vt 0.716600 0.321300
vt 0.697200 0.321300
vt 0.689300 0.321300
vt 0.874600 0.330100
vt 0.858300 0.312500
vt 0.854700 0.312500
vt 0.850500 0.312500
vt 0.742800 0.312500
vt 0.733100 0.312500
vt 0.719800 0.312500
vt 0.716600 0.312500
vt 0.697200 0.312500
vt 0.689300 0.312500
vt 0.874600 0.321300
vt 0.858300 0.303600
vt 0.854700 0.303600
vt 0.850500 0.303600
vt 0.742800 0.303600
vt 0.733100 0.303600
vt 0.719800 0.303600
vt 0.716600 0.303600
vt 0.697200 0.303600
vt 0.689300 0.303600
vt 0.029100 0.886100
vt 0.369600 0.871500
vt 0.370200 0.885400
vt 0.029900 0.898900
vt 0.026300 0.874100
vt 0.369000 0.858500
vt 0.030100 0.911600
vt 0.370700 0.899400
vt 0.371100 0.912400
vt 0.028300 0.923800
vt 0.025500 0.872700
vt 0.027600 0.925300
vt 0.006200 0.899800
vt 0.006900 0.886200
vt 0.008100 0.913200
vt 0.000000 0.900100
vt 0.004400 0.884000
vt 0.005600 0.915500
vt 0.861400 0.724200
vt 0.000000 0.724200
vt 0.000000 0.734800
vt 0.861400 0.734800
vt 0.861400 0.714100
vt 0.000000 0.714100
vt 0.861400 0.702900
vt 0.000000 0.702900
vt 0.000000 0.712900
vt 0.861400 0.712900
vt 0.861400 0.692300
vt 0.000000 0.692300
vt 0.861400 0.681600
vt 0.000000 0.681600
vt 0.861400 0.671000
vt 0.000000 0.671000
vt 0.861400 0.660400
vt 0.000000 0.660400
vt 0.861400 0.649800
vt 0.000000 0.649800
vt 0.861400 0.639100
vt 0.000000 0.639100
vt 0.861400 0.629100
vt 0.000000 0.629100
vt 0.861400 0.617900
vt 0.000000 0.617900
vt 0.000000 0.627900
vt 0.861400 0.627900
vt 0.861400 0.607300
vt 0.000000 0.607300
vt 0.797800 0.118600
vt 0.797800 0.127600
vt 0.781800 0.127600
vt 0.781800 0.118600
vt 0.797800 0.111100
vt 0.781800 0.111100
vt 0.797800 0.105300
vt 0.781800 0.105300
vt 0.797800 0.098800
vt 0.781800 0.098800
vt 0.797800 0.088600
vt 0.781800 0.088600
vt 0.797800 0.082200
vt 0.781800 0.082200
vt 0.797800 0.075100
vt 0.781800 0.075100
vt 0.797800 0.065100
vt 0.781800 0.065100
vt 0.797800 0.056100
vt 0.781800 0.056100
vt 0.797800 0.042000
vt 0.781800 0.042000
vt 0.797800 0.025000
vt 0.781800 0.025000
vt 0.797800 0.000000
vt 0.781800 0.000000
vt 0.813800 0.118600
vt 0.813800 0.127600
vt 0.813800 0.111100
vt 0.813800 0.105300
vt 0.813800 0.098800
vt 0.813800 0.088600
vt 0.813800 0.082200
vt 0.813800 0.075100
vt 0.813800 0.065100
vt 0.813800 0.056100
vt 0.813800 0.042000
vt 0.813800 0.025000
vt 0.813800 0.000000
vt 0.829800 0.118600
vt 0.829800 0.127600
vt 0.829800 0.111100
vt 0.829800 0.105300
vt 0.829800 0.098800
vt 0.829800 0.088600
vt 0.829800 0.082200
vt 0.829800 0.075100
vt 0.829800 0.065100
vt 0.829800 0.056100
vt 0.829800 0.042000
vt 0.829800 0.025000
vt 0.829800 0.000000
vt 0.845800 0.118600
vt 0.845800 0.127600
vt 0.845800 0.111100
vt 0.845800 0.105300
vt 0.845800 0.098800
vt 0.845800 0.088600
vt 0.845800 0.082200
vt 0.845800 0.075100
vt 0.845800 0.065100
vt 0.845800 0.056100
vt 0.845800 0.042000
vt 0.845800 0.025000
vt 0.845800 0.000000
vt 0.861700 0.118600
vt 0.861700 0.127600
vt 0.861700 0.111100
vt 0.861700 0.105300
vt 0.861700 0.098800
vt 0.861700 0.088600
vt 0.861700 0.082200
vt 0.861700 0.075100
vt 0.861700 0.065100
vt 0.861700 0.056100
vt 0.861700 0.042000
vt 0.861700 0.025000
vt 0.861700 0.000000
vt 0.877700 0.118600
vt 0.877700 0.127600
vt 0.877700 0.111100
vt 0.877700 0.105300
vt 0.877700 0.098800
vt 0.877700 0.088600
vt 0.877700 0.082200
vt 0.877700 0.075100
vt 0.877700 0.065100
vt 0.877700 0.056100
vt 0.877700 0.042000
vt 0.877700 0.025000
vt 0.877700 0.000000
vt 0.893700 0.118600
vt 0.893700 0.127600
vt 0.893700 0.111100
vt 0.893700 0.105300
vt 0.893700 0.098800
vt 0.893700 0.088600
vt 0.893700 0.082200
vt 0.893700 0.075100
vt 0.893700 0.065100
vt 0.893700 0.056100
vt 0.893700 0.042000
vt 0.893700 0.025000
vt 0.893700 0.000000
vt 0.909700 0.118600
vt 0.909700 0.127600
vt 0.909700 0.111100
vt 0.909700 0.105300
vt 0.909700 0.098800
vt 0.909700 0.088600
vt 0.909700 0.082200
vt 0.909700 0.075100
vt 0.909700 0.065100
vt 0.909700 0.056100
vt 0.909700 0.042000
vt 0.909700 0.025000
vt 0.909700 0.000000
vt 0.925700 0.118600
vt 0.925700 0.127600
vt 0.925700 0.111100
vt 0.925700 0.105300
vt 0.925700 0.098800
vt 0.925700 0.088600
vt 0.925700 0.082200
vt 0.925700 0.075100
vt 0.925700 0.065100
vt 0.925700 0.056100
vt 0.925700 0.042000
vt 0.925700 0.025000
vt 0.925700 0.000000
vt 0.941600 0.118600
vt 0.941600 0.127600
vt 0.941600 0.111100
vt 0.941600 0.105300
vt 0.941600 0.098800
vt 0.941600 0.088600
vt 0.941600 0.082200
vt 0.941600 0.075100
vt 0.941600 0.065100
vt 0.941600 0.056100
vt 0.941600 0.042000
vt 0.941600 0.025000
vt 0.941600 0.000000
vt 0.957600 0.118600
vt 0.957600 0.127600
vt 0.957600 0.111100
vt 0.957600 0.105300
vt 0.957600 0.098800
vt 0.957600 0.088600
vt 0.957600 0.082200
vt 0.957600 0.075100
vt 0.957600 0.065100
vt 0.957600 0.056100
vt 0.957600 0.042000
vt 0.957600 0.025000
vt 0.957600 0.000000
vt 0.973600 0.118600
vt 0.973600 0.127600
vt 0.973600 0.111100
vt 0.973600 0.105300
vt 0.973600 0.098800
vt 0.973600 0.088600
vt 0.973600 0.082200
vt 0.973600 0.075100
vt 0.973600 0.065100
vt 0.973600 0.056100
vt 0.973600 0.042000
vt 0.973600 0.025000
vt 0.973600 0.000000
vt 0.791700 0.747700
vt 0.815700 0.747600
vt 0.811700 0.762800
vt 0.795800 0.762900
vt 0.836600 0.759500
vt 0.825500 0.770700
vt 0.848700 0.780300
vt 0.833500 0.784400
vt 0.848800 0.804300
vt 0.833600 0.800300
vt 0.836900 0.825200
vt 0.825700 0.814100
vt 0.816200 0.837300
vt 0.812000 0.822100
vt 0.792100 0.837400
vt 0.796100 0.822200
vt 0.771300 0.825500
vt 0.782300 0.814400
vt 0.759100 0.804800
vt 0.774300 0.800600
vt 0.759000 0.780700
vt 0.774200 0.784700
vt 0.770900 0.759900
vt 0.782100 0.770900
vt 0.806700 0.782000
vt 0.801100 0.782000
vt 0.811600 0.784800
vt 0.814400 0.789700
vt 0.814500 0.795300
vt 0.811700 0.800200
vt 0.806800 0.803000
vt 0.801200 0.803100
vt 0.796300 0.800300
vt 0.793400 0.795400
vt 0.793400 0.789800
vt 0.796200 0.784900
vt 0.539300 0.536200
vt 0.550200 0.536200
vt 0.550200 0.541900
vt 0.539300 0.541900
vt 0.539300 0.552000
vt 0.550200 0.552000
vt 0.550200 0.557700
vt 0.539300 0.557700
vt 0.539300 0.547000
vt 0.550200 0.547000
vt 0.527900 0.536200
vt 0.527900 0.541900
vt 0.527900 0.552000
vt 0.527900 0.557700
vt 0.527900 0.547000
vt 0.514900 0.536200
vt 0.514900 0.541900
vt 0.514900 0.552000
vt 0.514900 0.557700
vt 0.514900 0.547000
vt 0.496800 0.536200
vt 0.496800 0.541900
vt 0.496800 0.552000
vt 0.496800 0.557700
vt 0.496800 0.547000
vt 0.472300 0.541900
vt 0.472300 0.536200
vt 0.472300 0.557700
vt 0.472300 0.552000
vt 0.472300 0.547000
vt 0.462400 0.536200
vt 0.462400 0.541900
vt 0.449500 0.541900
vt 0.449500 0.536200
vt 0.462400 0.552000
vt 0.462400 0.557700
vt 0.449500 0.557700
vt 0.449500 0.552000
vt 0.462400 0.547000
vt 0.449500 0.547000
vt 0.561200 0.536200
vt 0.561200 0.541900
vt 0.561200 0.552000
vt 0.561200 0.557700
vt 0.561200 0.547000
vt 0.572500 0.536200
vt 0.572500 0.541900
vt 0.572500 0.552000
vt 0.572500 0.557700
vt 0.572500 0.547000
vt 0.585600 0.536200
vt 0.585600 0.541900
vt 0.585600 0.552000
vt 0.585600 0.557700
vt 0.585600 0.547000
vt 0.603600 0.536200
vt 0.603600 0.541900
vt 0.603600 0.552000
vt 0.603600 0.557700
vt 0.603600 0.547000
vt 0.628200 0.541900
vt 0.628200 0.536200
vt 0.628200 0.552000
vt 0.628200 0.557700
vt 0.628200 0.547000
vt 0.638100 0.536200
vt 0.651000 0.536200
vt 0.651000 0.541900
vt 0.638100 0.541900
vt 0.638100 0.552000
vt 0.651000 0.552000
vt 0.651000 0.557700
vt 0.638100 0.557700
vt 0.638100 0.547000
vt 0.651000 0.547000
vt 0.512500 0.824000
vt 0.523300 0.824000
vt 0.523300 0.829600
vt 0.512500 0.829600
vt 0.512500 0.839600
vt 0.523300 0.839600
vt 0.523300 0.845100
vt 0.512500 0.845100
vt 0.512500 0.834600
vt 0.523300 0.834600
vt 0.501300 0.824000
vt 0.501300 0.829600
vt 0.501300 0.839600
vt 0.501300 0.845100
vt 0.501300 0.834600
vt 0.488500 0.824000
vt 0.488500 0.829600
vt 0.488500 0.839600
vt 0.488500 0.845100
vt 0.488500 0.834600
vt 0.470800 0.824000
vt 0.470800 0.829600
vt 0.470800 0.839600
vt 0.470800 0.845100
vt 0.470800 0.834600
vt 0.446600 0.829600
vt 0.446600 0.824000
vt 0.446600 0.845100
vt 0.446600 0.839600
vt 0.446600 0.834600
vt 0.436900 0.824000
vt 0.436900 0.829600
vt 0.424200 0.829600
vt 0.424200 0.824000
vt 0.436900 0.839600
vt 0.436900 0.845100
vt 0.424200 0.845100
vt 0.424200 0.839600
vt 0.436900 0.834600
vt 0.424200 0.834600
vt 0.534100 0.824000
vt 0.534100 0.829600
vt 0.534100 0.839600
vt 0.534100 0.845100
vt 0.534100 0.834600
vt 0.545200 0.824000
vt 0.545200 0.829600
vt 0.545200 0.839600
vt 0.545200 0.845100
vt 0.545200 0.834600
vt 0.558000 0.824000
vt 0.558000 0.829600
vt 0.558000 0.839600
vt 0.558000 0.845100
vt 0.558000 0.834600
vt 0.575800 0.824000
vt 0.575800 0.829600
vt 0.575800 0.839600
vt 0.575800 0.845100
vt 0.575800 0.834600
vt 0.600000 0.829600
vt 0.600000 0.824000
vt 0.600000 0.839600
vt 0.600000 0.845100
vt 0.600000 0.834600
vt 0.609700 0.824000
vt 0.622400 0.824000
vt 0.622400 0.829600
vt 0.609700 0.829600
vt 0.609700 0.839600
vt 0.622400 0.839600
vt 0.622400 0.845100
vt 0.609700 0.845100
vt 0.609700 0.834600
vt 0.622400 0.834600
vt 0.777600 0.492100
vt 0.788400 0.492100
vt 0.788400 0.497700
vt 0.777600 0.497700
vt 0.777600 0.507700
vt 0.788400 0.507700
vt 0.788400 0.513300
vt 0.777600 0.513300
vt 0.777600 0.502700
vt 0.788400 0.502700
vt 0.766400 0.492100
vt 0.766400 0.497700
vt 0.766400 0.507700
vt 0.766400 0.513300
vt 0.766400 0.502700
vt 0.753600 0.492100
vt 0.753600 0.497700
vt 0.753600 0.507700
vt 0.753600 0.513300
vt 0.753600 0.502700
vt 0.735900 0.492100
vt 0.735900 0.497700
vt 0.735900 0.507700
vt 0.735900 0.513300
vt 0.735900 0.502700
vt 0.711700 0.497700
vt 0.711700 0.492100
vt 0.711700 0.513300
vt 0.711700 0.507700
vt 0.711700 0.502700
vt 0.702000 0.492100
vt 0.702000 0.497700
vt 0.689300 0.497700
vt 0.689300 0.492100
vt 0.702000 0.507700
vt 0.702000 0.513300
vt 0.689300 0.513300
vt 0.689300 0.507700
vt 0.702000 0.502700
vt 0.689300 0.502700
vt 0.799200 0.492100
vt 0.799200 0.497700
vt 0.799200 0.507700
vt 0.799200 0.513300
vt 0.799200 0.502700
vt 0.810400 0.492100
vt 0.810400 0.497700
vt 0.810400 0.507700
vt 0.810400 0.513300
vt 0.810400 0.502700
vt 0.823200 0.492100
vt 0.823200 0.497700
vt 0.823200 0.507700
vt 0.823200 0.513300
vt 0.823200 0.502700
vt 0.840900 0.492100
vt 0.840900 0.497700
vt 0.840900 0.507700
vt 0.840900 0.513300
vt 0.840900 0.502700
vt 0.865100 0.492100
vt 0.865100 0.507700
vt 0.865100 0.513300
vt 0.874800 0.492100
vt 0.887500 0.492100
vt 0.887500 0.497700
vt 0.874800 0.507700
vt 0.887500 0.507700
vt 0.887500 0.513300
vt 0.874800 0.513300
vt 0.887500 0.502700
vt 0.874600 0.312500
s 1
usemtl FT
f 1/1/1 2/2/2 3/3/3 4/4/4
f 5/5/5 1/1/1 4/4/4 6/6/6
f 1/1/1 5/5/5 7/7/7 8/8/7
f 2/2/2 1/1/1 8/8/7 9/9/8
f 10/10/9 11/11/10 9/9/8 8/8/7
f 12/12/11 10/10/9 8/8/7 7/7/7
f 10/10/9 12/12/11 13/13/12 14/14/13
f 11/11/10 10/10/9 14/14/13 15/15/14
f 16/16/15 17/17/16 15/15/14 14/14/13
f 18/18/17 16/16/15 14/14/13 13/13/12
f 16/16/15 18/18/17 19/19/18 20/20/19
f 17/17/16 16/16/15 20/20/19 21/21/20
f 22/22/21 23/23/22 21/21/20 20/20/19
f 24/24/23 22/22/21 20/20/19 19/19/18
f 22/22/21 24/24/23 25/25/24 26/26/25
f 23/23/22 22/22/21 26/26/25 27/27/26
f 28/28/27 4/4/4 3/3/3 29/29/28
f 30/30/29 28/28/27 29/29/28 31/31/30
f 28/28/27 30/30/29 32/32/31 33/33/32
f 4/4/4 28/28/27 33/33/32 6/6/6
f 34/34/33 5/5/5 6/6/6 35/35/34
f 36/36/35 34/34/33 35/35/34 37/37/36
f 34/34/33 36/36/35 38/38/37 39/39/38
f 5/5/5 34/34/33 39/39/38 7/7/7
f 40/40/39 41/41/40 27/42/26 26/43/25
f 42/44/41 40/40/39 26/43/25 25/45/24
f 40/40/39 42/44/41 32/32/31 30/30/29
f 41/41/40 40/40/39 30/30/29 31/31/30
f 43/46/42 44/47/43 45/48/44 46/49/45
f 47/50/46 43/46/42 46/49/45 48/51/47
f 43/46/42 47/50/46 49/52/48 50/53/49
f 44/47/43 43/46/42 50/53/49 51/54/50
f 52/55/51 33/33/32 32/32/31 53/56/52
f 54/57/53 52/55/51 53/56/52 51/54/50
f 52/55/51 54/57/53 37/37/36 35/35/34
f 33/33/32 52/55/51 35/35/34 6/6/6
f 55/58/15 56/59/54 57/60/55 58/61/56
f 59/62/13 55/58/15 58/61/56 60/63/57
f 55/58/15 59/62/13 61/64/58 62/65/59
f 56/59/54 55/58/15 62/65/59 63/66/60
f 64/67/61 65/68/62 13/13/12 12/12/11
f 39/39/38 64/67/61 12/12/11 7/7/7
f 64/67/61 39/39/38 38/38/37 66/69/63
f 65/68/62 64/67/61 66/69/63 60/63/57
f 67/70/64 68/71/65 48/72/47 46/73/45
f 69/74/66 67/70/64 46/73/45 45/75/44
f 67/70/64 69/74/66 57/60/55 56/59/54
f 68/71/65 67/70/64 56/59/54 63/66/60
f 70/76/67 53/56/52 32/32/31 71/77/68
f 72/78/69 70/76/67 71/77/68 73/79/70
f 70/76/67 72/78/69 74/80/71 75/81/72
f 53/56/52 70/76/67 75/81/72 51/54/50
f 76/82/73 42/44/41 25/45/24 77/83/74
f 78/84/75 76/82/73 77/83/74 79/85/76
f 76/82/73 78/84/75 73/79/70 71/77/68
f 42/44/41 76/82/73 71/77/68 32/32/31
f 80/86/77 81/87/78 82/88/79 83/89/80
f 69/74/66 80/86/77 83/89/80 57/60/55
f 80/86/77 69/74/66 45/75/44 84/90/81
f 81/87/78 80/86/77 84/90/81 85/91/82
f 86/92/15 87/93/83 88/94/84 89/95/85
f 90/96/86 86/92/15 89/95/85 19/19/18
f 86/92/15 90/96/86 57/60/55 83/89/80
f 87/93/83 86/92/15 83/89/80 82/88/79
f 91/97/87 92/98/88 79/99/76 77/100/74
f 24/24/23 91/97/87 77/100/74 25/25/24
f 91/97/87 24/24/23 19/19/18 89/95/85
f 92/98/88 91/97/87 89/95/85 88/94/84
f 93/101/89 44/47/43 51/54/50 75/81/72
f 94/102/90 93/101/89 75/81/72 74/80/71
f 93/101/89 94/102/90 85/103/82 84/104/81
f 44/47/43 93/101/89 84/104/81 45/48/44
f 95/105/1 36/36/35 37/37/36 96/106/4
f 97/107/91 95/105/1 96/106/4 98/108/92
f 95/105/1 97/107/91 99/109/93 100/110/7
f 36/36/35 95/105/1 100/110/7 38/38/37
f 101/111/9 66/69/63 38/38/37 100/110/7
f 102/112/94 101/111/9 100/110/7 99/109/93
f 101/111/9 102/112/94 61/64/58 59/62/13
f 66/69/63 101/111/9 59/62/13 60/63/57
f 103/113/95 54/57/53 51/54/50 50/53/49
f 104/114/96 103/113/95 50/53/49 49/52/48
f 103/113/95 104/114/96 98/108/92 96/106/4
f 54/57/53 103/113/95 96/106/4 37/37/36
f 105/115/97 58/61/56 57/60/55 90/96/86
f 18/18/17 105/115/97 90/96/86 19/19/18
f 105/115/97 18/18/17 13/13/12 65/68/62
f 58/61/56 105/115/97 65/68/62 60/63/57
f 106/116/98 107/117/99 108/118/100 109/119/101
f 107/117/99 110/120/102 111/121/103 108/118/100
f 110/120/102 112/122/104 113/123/105 111/121/103
f 112/122/104 114/124/106 115/125/107 113/123/105
f 114/124/106 116/126/108 117/127/109 115/125/107
f 116/126/108 118/128/110 119/129/111 117/127/109
f 118/128/110 120/130/112 121/131/113 119/129/111
f 120/130/112 122/132/114 123/133/115 121/131/113
f 122/134/114 124/135/116 125/136/117 123/137/115
f 124/135/116 126/138/118 127/139/119 125/136/117
f 126/138/118 128/140/120 129/141/121 127/139/119
f 128/140/120 106/116/98 109/119/101 129/141/121
f 130/142/122 131/143/123 132/144/124 133/145/124
f 131/146/123 134/147/125 135/148/124 132/149/124
f 134/147/125 136/150/126 137/151/124 135/148/124
f 136/150/126 138/152/127 139/153/124 137/151/124
f 138/152/127 140/154/128 141/155/124 139/153/124
f 140/154/128 142/156/129 143/157/124 141/155/124
f 142/156/129 144/158/130 145/159/124 143/157/124
f 144/158/130 146/160/131 147/161/124 145/159/124
f 146/160/131 148/162/132 149/163/124 147/161/124
f 148/162/132 150/164/133 151/165/124 149/163/124
f 150/164/133 152/166/134 153/167/124 151/165/124
f 152/166/134 130/142/122 133/145/124 153/167/124
f 154/168/135 155/169/136 156/170/137 157/171/138
f 155/169/136 158/172/139 159/173/140 156/170/137
f 158/172/139 160/174/141 161/175/142 159/173/140
f 160/176/141 162/177/143 163/178/144 161/179/142
f 162/177/143 164/180/145 165/181/146 163/178/144
f 164/180/145 166/182/147 167/183/148 165/181/146
f 166/182/147 168/184/149 169/185/150 167/183/148
f 168/184/149 170/186/151 171/187/152 169/185/150
f 170/186/151 172/188/153 173/189/154 171/187/152
f 172/190/153 174/191/155 175/192/156 173/193/154
f 174/191/155 176/194/157 177/195/158 175/192/156
f 176/194/157 154/168/135 157/171/138 177/195/158
f 106/116/98 3/3/3 2/2/2 107/117/99
f 107/117/99 2/2/2 9/9/8 110/120/102
f 110/120/102 9/9/8 11/11/10 112/122/104
f 112/122/104 11/11/10 15/15/14 114/124/106
f 114/124/106 15/15/14 17/17/16 116/126/108
f 116/126/108 17/17/16 21/21/20 118/128/110
f 118/128/110 21/21/20 23/23/22 120/130/112
f 120/130/112 23/23/22 27/27/26 122/132/114
f 128/140/120 29/29/28 3/3/3 106/116/98
f 126/138/118 31/31/30 29/29/28 128/140/120
f 122/134/114 27/42/26 41/41/40 124/135/116
f 124/135/116 41/41/40 31/31/30 126/138/118
f 130/142/122 47/50/46 48/51/47 131/143/123
f 152/166/134 49/52/48 47/50/46 130/142/122
f 138/152/127 62/65/59 61/64/58 140/154/128
f 136/150/126 63/66/60 62/65/59 138/152/127
f 131/146/123 48/72/47 68/71/65 134/147/125
f 134/147/125 68/71/65 63/66/60 136/150/126
f 154/168/135 72/78/69 73/79/70 155/169/136
f 176/194/157 74/80/71 72/78/69 154/168/135
f 158/172/139 78/84/75 79/85/76 160/174/141
f 155/169/136 73/79/70 78/84/75 158/172/139
f 168/184/149 82/88/79 81/87/78 170/186/151
f 170/186/151 81/87/78 85/91/82 172/188/153
f 164/180/145 88/94/84 87/93/83 166/182/147
f 166/182/147 87/93/83 82/88/79 168/184/149
f 160/176/141 79/99/76 92/98/88 162/177/143
f 162/177/143 92/98/88 88/94/84 164/180/145
f 174/191/155 94/102/90 74/80/71 176/194/157
f 172/190/153 85/103/82 94/102/90 174/191/155
f 146/160/131 97/107/91 98/108/92 148/162/132
f 144/158/130 99/109/93 97/107/91 146/160/131
f 142/156/129 102/112/94 99/109/93 144/158/130
f 140/154/128 61/64/58 102/112/94 142/156/129
f 150/164/133 104/114/96 49/52/48 152/166/134
f 148/162/132 98/108/92 104/114/96 150/164/133
f 178/196/159 179/197/160 180/198/160 181/199/161
f 182/200/162 183/201/163 179/197/163 178/196/162
f 184/202/164 185/203/165 183/201/165 182/200/164
f 186/204/160 178/196/159 181/199/161 187/205/160
f 188/206/7 182/200/162 178/196/162 186/204/7
f 189/207/164 184/202/164 182/200/164 188/206/164
f 190/208/166 186/204/160 187/205/160 191/209/167
f 192/210/168 188/206/7 186/204/7 190/208/168
f 193/211/164 189/207/164 188/206/164 192/210/164
f 194/212/166 190/208/166 191/209/167 195/213/166
f 196/214/169 192/210/168 190/208/168 194/212/169
f 197/215/165 193/211/164 192/210/164 196/214/165
f 198/216/170 195/213/170 197/217/170 199/218/170
f 200/219/171 194/212/172 195/213/172 198/216/171
f 201/220/173 196/214/169 194/212/169 200/219/173
f 199/221/165 197/215/165 196/214/165 201/220/165
f 202/222/171 200/219/171 198/216/171 203/223/171
f 204/224/174 201/220/173 200/219/173 202/222/174
f 205/225/175 199/221/176 201/220/176 204/224/175
f 206/226/177 202/222/171 203/223/171 207/227/177
f 208/228/178 204/224/174 202/222/174 206/226/178
f 209/229/179 205/225/175 204/224/175 208/228/179
f 210/230/159 206/226/177 207/227/177 211/231/159
f 212/232/180 208/228/178 206/226/178 210/230/180
f 213/233/165 209/229/179 208/228/179 212/232/165
f 214/234/159 210/230/159 211/231/159 215/235/159
f 216/236/181 212/232/180 210/230/180 214/234/181
f 217/237/182 213/233/165 212/232/165 216/236/182
f 218/238/160 214/234/159 215/235/159 219/239/160
f 220/240/183 216/236/181 214/234/181 218/238/183
f 221/241/182 217/237/182 216/236/182 220/240/182
f 222/242/166 218/238/160 219/239/160 223/243/166
f 224/244/184 220/240/183 218/238/183 222/242/184
f 225/245/182 221/241/182 220/240/182 224/244/182
f 226/246/166 222/242/166 223/243/166 227/247/166
f 228/248/185 224/244/184 222/242/184 226/246/185
f 229/249/165 225/245/182 224/244/182 228/248/165
f 230/250/186 226/246/166 227/247/166 231/251/186
f 232/252/187 228/248/185 226/246/185 230/250/187
f 233/253/188 229/249/165 228/248/165 232/252/188
f 234/254/189 230/250/186 231/251/186 235/255/189
f 236/256/190 232/252/187 230/250/187 234/254/190
f 237/257/191 233/253/188 232/252/188 236/256/191
f 238/258/159 234/254/189 235/255/189 239/259/159
f 240/260/192 236/256/190 234/254/190 238/258/192
f 241/261/191 237/257/191 236/256/191 240/260/191
f 180/262/193 239/259/193 241/263/193 185/264/193
f 179/265/160 238/258/172 239/259/172 180/262/160
f 183/266/163 240/260/192 238/258/192 179/265/163
f 185/267/165 241/261/191 240/260/191 183/266/165
f 242/268/194 243/269/195 244/270/195 245/271/194
f 246/272/196 247/273/197 243/269/197 242/268/196
f 248/274/198 249/275/199 247/273/199 246/272/198
f 250/276/194 242/268/194 245/271/194 251/277/194
f 252/278/7 246/272/196 242/268/196 250/276/7
f 253/279/200 248/274/198 246/272/198 252/278/200
f 254/280/194 250/276/194 251/277/194 255/281/194
f 256/282/201 252/278/7 250/276/7 254/280/201
f 257/283/202 253/279/200 252/278/200 256/282/202
f 258/284/203 254/280/194 255/281/194 259/285/203
f 260/286/204 256/282/201 254/280/201 258/284/204
f 261/287/205 257/283/202 256/282/202 260/286/205
f 262/288/170 259/285/170 261/289/170 263/290/170
f 264/291/206 258/284/203 259/285/203 262/288/206
f 265/292/207 260/286/204 258/284/204 264/291/207
f 263/293/205 261/287/205 260/286/205 265/292/205
f 266/294/206 264/291/206 262/288/206 267/295/206
f 268/296/208 265/292/207 264/291/207 266/294/208
f 269/297/198 263/293/209 265/292/209 268/296/198
f 270/298/210 266/294/206 267/295/206 271/299/210
f 272/300/211 268/296/208 266/294/208 270/298/211
f 273/301/198 269/297/198 268/296/198 272/300/198
f 274/302/210 270/298/210 271/299/210 275/303/210
f 276/304/212 272/300/211 270/298/211 274/302/212
f 277/305/213 273/301/198 272/300/198 276/304/213
f 278/306/214 274/302/210 275/303/210 279/307/214
f 280/308/215 276/304/212 274/302/212 278/306/215
f 281/309/213 277/305/213 276/304/213 280/308/213
f 282/310/214 278/306/214 279/307/214 283/311/214
f 284/312/183 280/308/215 278/306/215 282/310/183
f 285/313/200 281/309/213 280/308/213 284/312/200
f 286/314/214 282/310/214 283/311/214 287/315/214
f 288/316/216 284/312/183 282/310/183 286/314/216
f 289/317/213 285/313/200 284/312/200 288/316/213
f 290/318/217 286/314/214 287/315/214 291/319/217
f 292/320/218 288/316/216 286/314/216 290/318/218
f 293/321/213 289/317/213 288/316/213 292/320/213
f 294/322/217 290/318/217 291/319/217 295/323/217
f 296/324/219 292/320/218 290/318/218 294/322/219
f 297/325/202 293/321/213 292/320/213 296/324/202
f 298/326/206 294/322/217 295/323/217 299/327/206
f 300/328/220 296/324/219 294/322/219 298/326/220
f 301/329/202 297/325/202 296/324/202 300/328/202
f 302/330/221 298/326/206 299/327/206 303/331/221
f 304/332/222 300/328/220 298/326/220 302/330/222
f 305/333/213 301/329/202 300/328/202 304/332/213
f 244/334/193 303/331/193 305/335/193 249/336/193
f 243/337/195 302/330/195 303/331/195 244/334/195
f 247/338/197 304/332/222 302/330/222 243/337/197
f 249/339/199 305/333/213 304/332/213 247/338/199
f 306/340/223 307/341/224 308/342/225 309/343/226
f 310/344/227 311/345/228 307/341/228 306/340/227
f 312/346/229 313/347/230 311/345/231 310/344/232
f 314/348/233 306/340/223 309/343/226 315/349/233
f 316/350/7 310/344/227 306/340/227 314/348/7
f 317/351/234 312/346/229 310/344/232 316/350/235
f 318/352/236 314/348/233 315/349/233 319/353/237
f 320/354/238 316/350/7 314/348/7 318/352/238
f 321/355/239 317/351/234 316/350/235 320/354/240
f 322/356/241 318/352/236 319/353/237 323/357/242
f 324/358/243 320/354/238 318/352/238 322/356/243
f 325/359/244 321/355/239 320/354/240 324/358/245
f 326/360/170 323/357/170 325/361/170 327/362/170
f 328/363/246 322/356/241 323/357/242 326/360/247
f 329/364/248 324/358/243 322/356/243 328/363/248
f 327/365/249 325/359/244 324/358/245 329/364/250
f 330/366/251 328/363/246 326/360/247 331/367/252
f 332/368/253 329/364/248 328/363/248 330/366/253
f 333/369/254 327/365/249 329/364/250 332/368/255
f 334/370/256 330/366/251 331/367/252 335/371/257
f 336/372/258 332/368/253 330/366/253 334/370/258
f 337/373/259 333/369/254 332/368/255 336/372/260
f 338/374/261 334/370/256 335/371/257 339/375/262
f 340/376/263 336/372/258 334/370/258 338/374/263
f 341/377/264 337/373/259 336/372/260 340/376/265
f 342/378/266 338/374/261 339/375/262 343/379/267
f 344/380/268 340/376/263 338/374/263 342/378/268
f 345/381/269 341/377/264 340/376/265 344/380/270
f 346/382/271 342/378/266 343/379/267 347/383/272
f 348/384/183 344/380/268 342/378/268 346/382/183
f 349/385/273 345/381/269 344/380/270 348/384/274
f 350/386/275 346/382/271 347/383/272 351/387/276
f 352/388/277 348/384/183 346/382/183 350/386/277
f 353/389/278 349/385/273 348/384/274 352/388/279
f 354/390/280 350/386/275 351/387/276 355/391/281
f 356/392/282 352/388/277 350/386/277 354/390/282
f 357/393/283 353/389/278 352/388/279 356/392/284
f 358/394/285 354/390/280 355/391/281 359/395/286
f 360/396/287 356/392/282 354/390/282 358/394/287
f 361/397/288 357/393/283 356/392/284 360/396/289
f 362/398/290 358/394/285 359/395/286 363/399/291
f 364/400/292 360/396/287 358/394/287 362/398/292
f 365/401/293 361/397/288 360/396/289 364/400/294
f 366/402/295 362/398/290 363/399/291 367/403/296
f 368/404/297 364/400/292 362/398/292 366/402/297
f 369/405/298 365/401/293 364/400/294 368/404/299
f 308/406/193 367/403/193 369/407/193 313/408/193
f 307/409/224 366/402/295 367/403/296 308/406/225
f 311/410/228 368/404/297 366/402/297 307/409/228
f 313/411/230 369/405/298 368/404/299 311/410/231
f 370/412/300 371/413/301 372/414/302 373/415/303
f 374/416/304 375/417/305 371/413/305 370/412/304
f 376/418/306 377/419/307 375/417/308 374/416/309
f 378/420/310 370/412/300 373/415/303 379/421/311
f 380/422/7 374/416/304 370/412/304 378/420/7
f 381/423/312 376/418/306 374/416/309 380/422/313
f 382/424/314 378/420/310 379/421/311 383/425/315
f 384/426/316 380/422/7 378/420/7 382/424/316
f 385/427/317 381/423/312 380/422/313 384/426/318
f 386/428/319 382/424/314 383/425/315 387/429/320
f 388/430/321 384/426/316 382/424/316 386/428/321
f 389/431/322 385/427/317 384/426/318 388/430/323
f 390/432/170 387/429/170 389/433/170 391/434/170
f 392/435/324 386/428/319 387/429/320 390/432/325
f 393/436/169 388/430/321 386/428/321 392/435/169
f 391/437/326 389/431/322 388/430/323 393/436/327
f 394/438/328 392/435/324 390/432/325 395/439/329
f 396/440/330 393/436/169 392/435/169 394/438/330
f 397/441/331 391/437/326 393/436/327 396/440/332
f 398/442/333 394/438/328 395/439/329 399/443/334
f 400/444/335 396/440/330 394/438/330 398/442/335
f 401/445/336 397/441/331 396/440/332 400/444/336
f 402/446/337 398/442/333 399/443/334 403/447/338
f 404/448/339 400/444/335 398/442/335 402/446/339
f 405/449/340 401/445/336 400/444/336 404/448/340
f 406/450/341 402/446/337 403/447/338 407/451/341
f 408/452/342 404/448/339 402/446/339 406/450/342
f 409/453/343 405/449/340 404/448/340 408/452/344
f 410/454/345 406/450/341 407/451/341 411/455/346
f 412/456/183 408/452/342 406/450/342 410/454/183
f 413/457/347 409/453/343 408/452/344 412/456/348
f 414/458/349 410/454/345 411/455/346 415/459/341
f 416/460/350 412/456/183 410/454/183 414/458/350
f 417/461/343 413/457/347 412/456/348 416/460/344
f 418/462/351 414/458/349 415/459/341 419/463/351
f 420/464/352 416/460/350 414/458/350 418/462/352
f 421/465/353 417/461/343 416/460/344 420/464/354
f 422/466/355 418/462/351 419/463/351 423/467/355
f 424/468/356 420/464/352 418/462/352 422/466/356
f 425/469/357 421/465/353 420/464/354 424/468/358
f 426/470/359 422/466/355 423/467/355 427/471/360
f 428/472/361 424/468/356 422/466/356 426/470/361
f 429/473/362 425/469/357 424/468/358 428/472/363
f 430/474/364 426/470/359 427/471/360 431/475/365
f 432/476/163 428/472/361 426/470/361 430/474/163
f 433/477/366 429/473/362 428/472/363 432/476/367
f 372/478/193 431/475/193 433/479/193 377/480/193
f 371/481/301 430/474/364 431/475/365 372/478/302
f 375/482/305 432/476/163 430/474/163 371/481/305
f 377/483/307 433/477/366 432/476/367 375/482/308
f 434/484/368 435/485/369 436/486/369 437/487/368
f 437/487/370 436/486/371 438/488/371 439/489/370
f 439/489/372 438/488/373 440/490/374 441/491/372
f 441/491/375 440/490/376 442/492/376 443/493/375
f 443/493/377 442/492/378 444/494/378 445/495/377
f 445/495/124 444/494/379 446/496/379 447/497/124
f 447/497/380 446/496/381 448/498/381 449/499/380
f 435/485/369 450/500/382 451/501/382 436/486/369
f 436/486/371 451/501/383 452/502/383 438/488/371
f 438/488/373 452/502/384 453/503/384 440/490/374
f 440/490/376 453/503/385 454/504/385 442/492/376
f 442/492/378 454/504/386 455/505/386 444/494/378
f 444/494/379 455/505/15 456/506/15 446/496/379
f 446/496/381 456/506/387 457/507/387 448/498/381
f 450/500/382 458/508/388 459/509/389 451/501/382
f 451/501/383 459/509/390 460/510/390 452/502/383
f 452/502/384 460/510/391 461/511/392 453/503/384
f 453/503/385 461/511/393 462/512/394 454/504/385
f 454/504/386 462/512/395 463/513/395 455/505/386
f 455/505/15 463/513/396 464/514/396 456/506/15
f 456/506/387 464/514/397 465/515/397 457/507/387
f 458/508/388 466/516/398 467/517/398 459/509/389
f 459/509/390 467/517/399 468/518/399 460/510/390
f 460/510/391 468/518/400 469/519/400 461/511/392
f 461/511/393 469/519/401 470/520/401 462/512/394
f 462/512/395 470/520/402 471/521/402 463/513/395
f 463/513/396 471/521/403 472/522/403 464/514/396
f 464/514/397 472/522/404 473/523/404 465/515/397
f 466/516/398 474/524/405 475/525/406 467/517/398
f 467/517/399 475/525/407 476/526/407 468/518/399
f 468/518/400 476/526/408 477/527/409 469/519/400
f 469/519/401 477/527/410 478/528/411 470/520/401
f 470/520/402 478/528/412 479/529/412 471/521/402
f 471/521/403 479/529/413 480/530/413 472/522/403
f 472/522/404 480/530/414 481/531/414 473/523/404
f 474/524/405 482/532/415 483/533/415 475/525/406
f 475/525/407 483/533/416 484/534/416 476/526/407
f 476/526/408 484/534/417 485/535/417 477/527/409
f 477/527/410 485/535/418 486/536/418 478/528/411
f 478/528/412 486/536/419 487/537/419 479/529/412
f 479/529/413 487/537/420 488/538/420 480/530/413
f 480/530/414 488/538/421 489/539/421 481/531/414
f 482/532/415 490/540/422 491/541/422 483/533/415
f 483/533/416 491/541/423 492/542/423 484/534/416
f 484/534/417 492/542/424 493/543/425 485/535/417
f 485/535/418 493/543/426 494/544/426 486/536/418
f 486/536/419 494/544/427 495/545/427 487/537/419
f 487/537/420 495/545/428 496/546/428 488/538/420
f 488/538/421 496/546/429 497/547/429 489/539/421
f 490/540/422 434/548/368 437/549/368 491/541/422
f 491/541/423 437/549/370 439/550/370 492/542/423
f 492/542/424 439/550/372 441/551/372 493/543/425
f 493/543/426 441/551/375 443/552/375 494/544/426
f 494/544/427 443/552/377 445/553/377 495/545/427
f 495/545/428 445/553/124 447/554/124 496/546/428
f 496/546/429 447/554/380 449/555/380 497/547/429
f 498/556/430 499/557/431 500/558/431 501/559/430
f 502/560/432 503/561/433 499/557/433 498/556/432
f 504/562/434 505/563/435 503/561/435 502/560/434
f 506/564/436 507/565/437 505/563/437 504/562/436
f 508/566/438 509/567/439 507/565/439 506/564/438
f 501/568/440 500/569/441 509/567/441 508/566/440
f 510/570/442 498/556/430 501/559/430 511/571/442
f 512/572/443 502/560/432 498/556/432 510/570/443
f 513/573/444 504/562/434 502/560/434 512/572/444
f 514/574/445 506/564/436 504/562/436 513/573/445
f 515/575/446 508/566/438 506/564/438 514/574/446
f 511/576/447 501/568/440 508/566/440 515/575/447
f 516/577/448 510/570/442 511/571/442 517/578/448
f 518/579/449 512/572/443 510/570/443 516/577/449
f 519/580/450 513/573/444 512/572/444 518/579/450
f 520/581/451 514/574/445 513/573/445 519/580/451
f 521/582/452 515/575/446 514/574/446 520/581/452
f 517/583/453 511/576/447 515/575/447 521/582/453
f 522/584/454 516/577/448 517/578/448 523/585/454
f 524/586/455 518/579/449 516/577/449 522/584/455
f 525/587/456 519/580/450 518/579/450 524/586/456
f 526/588/457 520/581/451 519/580/451 525/587/457
f 527/589/458 521/582/452 520/581/452 526/588/458
f 523/590/459 517/583/453 521/582/453 527/589/459
f 528/591/460 522/584/454 523/585/454 529/592/460
f 530/593/461 524/586/455 522/584/455 528/591/461
f 531/594/462 525/587/456 524/586/456 530/593/462
f 532/595/463 526/588/457 525/587/457 531/594/463
f 533/596/464 527/589/458 526/588/458 532/595/464
f 529/597/465 523/590/459 527/589/459 533/596/465
f 534/598/466 528/591/460 529/592/460 535/599/466
f 536/600/467 530/593/461 528/591/461 534/598/468
f 537/601/469 531/594/462 530/593/462 536/600/470
f 538/602/471 532/595/463 531/594/463 537/601/471
f 539/603/472 533/596/464 532/595/464 538/602/472
f 535/604/473 529/597/465 533/596/465 539/603/473
f 540/605/474 534/598/466 535/599/466 541/606/475
f 542/607/476 536/600/467 534/598/468 540/605/476
f 543/608/477 537/601/469 536/600/470 542/607/478
f 544/609/479 538/602/471 537/601/471 543/608/480
f 545/610/481 539/603/472 538/602/472 544/609/481
f 541/611/482 535/604/473 539/603/473 545/610/482
f 546/612/483 540/605/474 541/606/475 547/613/483
f 548/614/484 542/607/476 540/605/476 546/612/485
f 549/615/486 543/608/477 542/607/478 548/614/486
f 550/616/487 544/609/479 543/608/480 549/615/487
f 551/617/488 545/610/481 544/609/481 550/616/488
f 547/618/489 541/611/482 545/610/482 551/617/489
f 552/619/490 546/612/483 547/613/483 553/620/491
f 554/621/492 548/614/484 546/612/485 552/619/493
f 555/622/494 549/615/486 548/614/486 554/621/495
f 556/623/496 550/616/487 549/615/487 555/622/497
f 557/624/498 551/617/488 550/616/488 556/623/499
f 553/625/500 547/618/489 551/617/489 557/624/501
f 558/626/502 552/619/490 553/620/491 559/627/503
f 560/628/504 554/621/492 552/619/493 558/626/505
f 561/629/506 555/622/494 554/621/495 560/628/507
f 562/630/508 556/623/496 555/622/497 561/629/509
f 563/631/510 557/624/498 556/623/499 562/630/511
f 559/632/512 553/625/500 557/624/501 563/631/513
f 564/633/514 558/626/502 559/627/503 565/634/515
f 566/635/516 560/628/504 558/626/505 564/633/517
f 567/636/518 561/629/506 560/628/507 566/635/519
f 568/637/520 562/630/508 561/629/509 567/636/521
f 569/638/522 563/631/510 562/630/511 568/637/523
f 565/639/524 559/632/512 563/631/513 569/638/525
f 570/640/526 564/633/514 565/634/515 571/641/527
f 572/642/528 566/635/516 564/633/517 570/640/529
f 573/643/530 567/636/518 566/635/519 572/642/531
f 574/644/532 568/637/520 567/636/521 573/643/533
f 575/645/534 569/638/522 568/637/523 574/644/535
f 571/646/536 565/639/524 569/638/525 575/645/537
f 576/647/538 570/640/526 571/641/527 577/648/539
f 578/649/540 572/642/528 570/640/529 576/647/541
f 579/650/542 573/643/530 572/642/531 578/649/543
f 580/651/544 574/644/532 573/643/533 579/650/545
f 581/652/546 575/645/534 574/644/535 580/651/547
f 577/653/548 571/646/536 575/645/537 581/652/549
f 582/654/550 576/647/538 577/648/539 583/655/551
f 584/656/552 578/649/540 576/647/541 582/654/553
f 585/657/554 579/650/542 578/649/543 584/656/555
f 586/658/556 580/651/544 579/650/545 585/657/557
f 587/659/558 581/652/546 580/651/547 586/658/559
f 583/660/560 577/653/548 581/652/549 587/659/561
f 588/661/562 582/654/550 583/655/551 589/662/563
f 590/663/564 584/656/565 582/654/566 588/661/567
f 591/664/568 585/657/554 584/656/555 590/663/569
f 592/665/570 586/658/556 585/657/557 591/664/571
f 593/666/572 587/659/573 586/658/574 592/665/575
f 589/667/576 583/660/560 587/659/561 593/666/577
f 594/668/578 588/661/562 589/662/563 595/669/579
f 596/670/580 590/663/564 588/661/567 594/668/581
f 597/671/582 591/664/568 590/663/569 596/670/583
f 598/672/584 592/665/570 591/664/571 597/671/585
f 599/673/586 593/666/572 592/665/575 598/672/587
f 595/674/588 589/667/576 593/666/577 599/673/589
f 600/675/590 594/668/578 595/669/579 601/676/591
f 602/677/592 596/670/580 594/668/581 600/675/593
f 603/678/594 597/671/582 596/670/583 602/677/595
f 604/679/596 598/672/584 597/671/585 603/678/597
f 605/680/598 599/673/586 598/672/587 604/679/599
f 601/681/600 595/674/588 599/673/589 605/680/601
f 606/682/602 600/675/590 601/676/591 607/683/603
f 608/684/604 602/677/592 600/675/593 606/682/605
f 609/685/606 603/678/594 602/677/595 608/684/607
f 610/686/608 604/679/596 603/678/597 609/685/609
f 611/687/610 605/680/598 604/679/599 610/686/611
f 607/688/612 601/681/600 605/680/601 611/687/612
f 612/689/613 606/682/602 607/683/603 613/690/614
f 614/691/615 608/684/604 606/682/605 612/689/616
f 615/692/617 609/685/606 608/684/607 614/691/618
f 616/693/619 610/686/608 609/685/609 615/692/620
f 617/694/621 611/687/610 610/686/611 616/693/622
f 613/695/623 607/688/612 611/687/612 617/694/624
f 618/696/625 612/689/613 613/690/614 619/697/626
f 620/698/627 614/691/615 612/689/616 618/696/628
f 621/699/629 615/692/617 614/691/618 620/698/630
f 622/700/631 616/693/619 615/692/620 621/699/632
f 623/701/633 617/694/621 616/693/622 622/700/634
f 619/702/635 613/695/623 617/694/624 623/701/636
f 624/703/637 618/696/625 619/697/626 625/704/638
f 626/705/639 620/698/627 618/696/628 624/703/640
f 627/706/641 621/699/629 620/698/630 626/705/642
f 628/707/643 622/700/631 621/699/632 627/706/644
f 629/708/645 623/701/633 622/700/634 628/707/646
f 625/709/647 619/702/635 623/701/636 629/708/648
f 630/710/649 624/703/637 625/704/638 631/711/649
f 632/712/650 626/705/639 624/703/640 630/710/651
f 633/713/652 627/706/641 626/705/642 632/712/653
f 634/714/654 628/707/643 627/706/644 633/713/654
f 635/715/655 629/708/645 628/707/646 634/714/656
f 631/716/657 625/709/647 629/708/648 635/715/658
f 636/717/659 630/710/649 631/711/649 637/718/660
f 638/719/661 632/712/650 630/710/651 636/717/662
f 639/720/663 633/713/652 632/712/653 638/719/664
f 640/721/665 634/714/654 633/713/654 639/720/666
f 641/722/667 635/715/655 634/714/656 640/721/668
f 637/723/669 631/716/657 635/715/658 641/722/670
f 642/724/671 636/717/659 637/718/660 643/725/672
f 644/726/673 638/719/661 636/717/662 642/724/674
f 645/727/675 639/720/663 638/719/664 644/726/676
f 646/728/677 640/721/665 639/720/666 645/727/678
f 647/729/679 641/722/667 640/721/668 646/728/680
f 643/730/681 637/723/669 641/722/670 647/729/682
f 648/731/683 642/724/671 643/725/672 649/732/683
f 650/733/684 644/726/684 642/724/684 648/731/684
f 651/734/685 645/727/685 644/726/685 650/733/685
f 652/735/686 646/728/677 645/727/678 651/734/686
f 653/736/687 647/729/687 646/728/687 652/735/687
f 649/737/688 643/730/688 647/729/688 653/736/688
f 507/558/689 509/558/689 500/558/689 499/558/689 503/558/689 505/558/689
f 650/558/690 648/558/691 649/558/690
f 649/558/690 652/558/692 651/558/693 650/558/690
f 653/558/694 652/558/692 649/558/690
f 654/738/403 655/739/403 656/740/403
f 656/741/695 655/742/696 657/743/696 658/744/695
f 658/744/183 657/743/697 659/745/697 660/746/183
f 660/746/698 659/745/699 661/747/700 662/748/701
f 662/748/701 661/747/700 663/749/702 664/750/703
f 664/750/703 663/749/702 665/751/704 666/752/705
f 666/752/705 665/751/704 667/753/706 668/754/707
f 668/754/707 667/753/706 669/755/708 670/756/709
f 670/756/709 669/755/708 671/757/710 672/758/711
f 672/758/711 671/757/710 673/759/712 674/760/713
f 674/760/713 673/759/712 675/761/714 676/762/715
f 676/762/183 675/761/697 677/763/697 678/764/183
f 654/738/403 679/765/403 655/739/403
f 655/742/696 679/766/716 680/767/716 657/743/696
f 657/743/697 680/767/717 681/768/717 659/745/697
f 659/745/699 681/768/718 682/769/719 661/747/700
f 661/747/700 682/769/719 683/770/720 663/749/702
f 663/749/702 683/770/720 684/771/721 665/751/704
f 665/751/704 684/771/721 685/772/722 667/753/706
f 667/753/706 685/772/722 686/773/723 669/755/708
f 669/755/708 686/773/723 687/774/724 671/757/710
f 671/757/710 687/774/724 688/775/725 673/759/712
f 673/759/712 688/775/725 689/776/726 675/761/714
f 675/761/697 689/776/717 690/777/717 677/763/697
f 654/738/403 691/778/403 679/765/403
f 679/766/716 691/779/727 692/780/727 680/767/716
f 680/767/717 692/780/15 693/781/15 681/768/717
f 681/768/718 693/781/728 694/782/729 682/769/719
f 682/769/719 694/782/729 695/783/730 683/770/720
f 683/770/720 695/783/730 696/784/731 684/771/721
f 684/771/721 696/784/731 697/785/732 685/772/722
f 685/772/722 697/785/732 698/786/733 686/773/723
f 686/773/723 698/786/733 699/787/734 687/774/724
f 687/774/724 699/787/734 700/788/735 688/775/725
f 688/775/725 700/788/735 701/789/736 689/776/726
f 689/776/717 701/789/15 702/790/15 690/777/717
f 654/738/403 703/791/403 691/778/403
f 691/779/727 703/792/737 704/793/737 692/780/727
f 692/780/15 704/793/738 705/794/738 693/781/15
f 693/781/728 705/794/739 706/795/740 694/782/729
f 694/782/729 706/795/740 707/796/741 695/783/730
f 695/783/730 707/796/741 708/797/742 696/784/731
f 696/784/731 708/797/742 709/798/743 697/785/732
f 697/785/732 709/798/743 710/799/744 698/786/733
f 698/786/733 710/799/744 711/800/745 699/787/734
f 699/787/734 711/800/745 712/801/746 700/788/735
f 700/788/735 712/801/746 713/802/747 701/789/736
f 701/789/15 713/802/738 714/803/738 702/790/15
f 654/738/403 715/804/403 703/791/403
f 703/792/737 715/805/748 716/806/748 704/793/737
f 704/793/738 716/806/749 717/807/749 705/794/738
f 705/794/739 717/807/750 718/808/751 706/795/740
f 706/795/740 718/808/751 719/809/752 707/796/741
f 707/796/741 719/809/752 720/810/753 708/797/742
f 708/797/742 720/810/753 721/811/754 709/798/743
f 709/798/743 721/811/754 722/812/755 710/799/744
f 710/799/744 722/812/755 723/813/756 711/800/745
f 711/800/745 723/813/756 724/814/757 712/801/746
f 712/801/746 724/814/757 725/815/758 713/802/747
f 713/802/738 725/815/749 726/816/749 714/803/738
f 654/738/403 727/817/403 715/804/403
f 715/805/748 727/818/759 728/819/759 716/806/748
f 716/806/749 728/819/7 729/820/7 717/807/749
f 717/807/750 729/820/760 730/821/761 718/808/751
f 718/808/751 730/821/761 731/822/762 719/809/752
f 719/809/752 731/822/762 732/823/763 720/810/753
f 720/810/753 732/823/763 733/824/764 721/811/754
f 721/811/754 733/824/764 734/825/765 722/812/755
f 722/812/755 734/825/765 735/826/766 723/813/756
f 723/813/756 735/826/766 736/827/767 724/814/757
f 724/814/757 736/827/767 737/828/768 725/815/758
f 725/815/749 737/828/7 738/829/7 726/816/749
f 654/738/403 739/830/403 727/817/403
f 727/818/759 739/831/769 740/832/769 728/819/759
f 728/819/7 740/832/770 741/833/770 729/820/7
f 729/820/760 741/833/771 742/834/772 730/821/761
f 730/821/761 742/834/772 743/835/773 731/822/762
f 731/822/762 743/835/773 744/836/774 732/823/763
f 732/823/763 744/836/774 745/837/775 733/824/764
f 733/824/764 745/837/775 746/838/776 734/825/765
f 734/825/765 746/838/776 747/839/777 735/826/766
f 735/826/766 747/839/777 748/840/778 736/827/767
f 736/827/767 748/840/778 749/841/779 737/828/768
f 737/828/7 749/841/770 750/842/770 738/829/7
f 654/738/403 751/843/403 739/830/403
f 739/831/769 751/844/780 752/845/780 740/832/769
f 740/832/770 752/845/781 753/846/781 741/833/770
f 741/833/771 753/846/782 754/847/783 742/834/772
f 742/834/772 754/847/783 755/848/784 743/835/773
f 743/835/773 755/848/784 756/849/785 744/836/774
f 744/836/774 756/849/785 757/850/786 745/837/775
f 745/837/775 757/850/786 758/851/787 746/838/776
f 746/838/776 758/851/787 759/852/788 747/839/777
f 747/839/777 759/852/788 760/853/789 748/840/778
f 748/840/778 760/853/789 761/854/790 749/841/779
f 749/841/770 761/854/781 762/855/781 750/842/770
f 654/738/403 763/856/403 751/843/403
f 751/844/780 763/857/791 764/858/791 752/845/780
f 752/845/781 764/858/420 765/859/420 753/846/781
f 753/846/782 765/859/792 766/860/793 754/847/783
f 754/847/783 766/860/793 767/861/794 755/848/784
f 755/848/784 767/861/794 768/862/795 756/849/785
f 756/849/785 768/862/795 769/863/796 757/850/786
f 757/850/786 769/863/796 770/864/797 758/851/787
f 758/851/787 770/864/797 771/865/798 759/852/788
f 759/852/788 771/865/798 772/866/799 760/853/789
f 760/853/789 772/866/799 773/867/800 761/854/790
f 761/854/781 773/867/420 774/868/420 762/855/781
f 654/738/403 775/869/403 763/856/403
f 763/857/791 775/870/801 776/871/801 764/858/791
f 764/858/420 776/871/802 777/872/802 765/859/420
f 765/859/792 777/872/803 778/873/804 766/860/793
f 766/860/793 778/873/804 779/874/805 767/861/794
f 767/861/794 779/874/805 780/875/806 768/862/795
f 768/862/795 780/875/806 781/876/807 769/863/796
f 769/863/796 781/876/807 782/877/808 770/864/797
f 770/864/797 782/877/808 783/878/809 771/865/798
f 771/865/798 783/878/809 784/879/810 772/866/799
f 772/866/799 784/879/810 785/880/811 773/867/800
f 773/867/420 785/880/802 786/881/802 774/868/420
f 654/738/403 787/882/403 775/869/403
f 775/870/801 787/883/812 788/884/812 776/871/801
f 776/871/802 788/884/813 789/885/813 777/872/802
f 777/872/803 789/885/814 790/886/815 778/873/804
f 778/873/804 790/886/815 791/887/816 779/874/805
f 779/874/805 791/887/816 792/888/817 780/875/806
f 780/875/806 792/888/817 793/889/818 781/876/807
f 781/876/807 793/889/818 794/890/819 782/877/808
f 782/877/808 794/890/819 795/891/820 783/878/809
f 783/878/809 795/891/820 796/892/821 784/879/810
f 784/879/810 796/892/821 797/893/822 785/880/811
f 785/880/802 797/893/813 798/894/813 786/881/802
f 654/738/403 656/740/403 787/882/403
f 787/883/812 656/895/695 658/896/695 788/884/812
f 788/884/813 658/896/183 660/897/183 789/885/813
f 789/885/814 660/897/698 662/898/701 790/886/815
f 790/886/815 662/898/701 664/899/703 791/887/816
f 791/887/816 664/899/703 666/900/705 792/888/817
f 792/888/817 666/900/705 668/901/707 793/889/818
f 793/889/818 668/901/707 670/902/709 794/890/819
f 794/890/819 670/902/709 672/903/711 795/891/820
f 795/891/820 672/903/711 674/904/713 796/892/821
f 796/892/821 674/904/713 676/905/715 797/893/822
f 797/893/813 676/905/183 678/906/183 798/894/813
f 799/907/823 800/908/824 801/909/697 802/910/183
f 800/908/824 803/911/825 804/912/717 801/909/697
f 803/911/825 805/913/826 806/914/15 804/912/717
f 805/913/826 807/915/827 808/916/738 806/914/15
f 807/915/827 809/917/828 810/918/749 808/916/738
f 809/917/828 811/919/829 812/920/7 810/918/749
f 811/919/829 813/921/830 814/922/770 812/920/7
f 813/921/830 815/923/831 816/924/781 814/922/770
f 815/923/831 817/925/832 818/926/420 816/924/781
f 817/925/832 819/927/833 820/928/802 818/926/420
f 819/927/833 821/929/834 822/930/813 820/928/802
f 821/929/834 799/931/823 802/932/183 822/930/813
f 823/933/835 824/934/836 825/935/837 826/936/838
f 824/934/836 827/937/839 828/938/840 825/935/837
f 827/937/839 829/939/841 830/940/842 828/938/840
f 829/939/841 831/941/827 832/942/843 830/940/842
f 831/941/827 833/943/828 834/944/844 832/942/843
f 833/943/828 835/945/845 836/946/846 834/944/844
f 835/945/845 837/947/847 838/948/848 836/946/846
f 837/947/847 839/949/849 840/950/850 838/948/848
f 839/949/849 841/951/832 842/952/851 840/950/850
f 841/951/832 843/953/833 844/954/852 842/952/851
f 843/953/833 845/955/853 846/956/854 844/954/852
f 845/955/853 823/957/835 826/958/838 846/956/854
f 847/959/855 848/960/856 849/961/857 850/962/858
f 850/962/858 849/961/857 851/963/859 852/964/860
f 852/964/860 851/963/859 853/965/861 854/966/862
f 854/966/862 853/965/861 855/967/863 856/968/864
f 856/968/864 855/967/863 857/969/865 858/970/866
f 858/970/866 857/969/865 859/971/867 860/972/868
f 860/972/868 859/971/867 861/973/869 862/974/870
f 862/974/870 861/973/869 863/975/871 864/976/872
f 864/976/872 863/975/871 865/977/873 866/978/874
f 866/978/874 865/977/873 867/979/875 868/980/876
f 868/980/876 867/979/875 869/981/877 870/982/878
f 870/982/878 869/981/877 848/983/856 847/984/855
f 871/985/879 872/986/880 873/987/881 874/988/882
f 872/986/880 875/989/883 876/990/884 873/987/881
f 875/989/883 877/991/885 878/992/886 876/990/884
f 877/991/885 879/993/887 880/994/888 878/992/886
f 879/993/887 881/995/889 882/996/890 880/994/888
f 881/995/889 883/997/891 884/998/892 882/996/890
f 883/997/891 885/999/893 886/1000/894 884/998/892
f 885/999/893 887/1001/895 888/1002/896 886/1000/894
f 887/1001/895 889/1003/897 890/1004/898 888/1002/896
f 889/1003/897 891/1005/899 892/1006/900 890/1004/898
f 891/1005/899 893/1007/901 894/1008/902 892/1006/900
f 893/1007/901 871/1009/879 874/1010/882 894/1008/902
f 895/1011/183 896/1012/697 897/1013/903 898/1014/904
f 896/1012/697 899/1015/717 900/1016/884 897/1013/903
f 899/1015/717 901/1017/15 902/1018/905 900/1016/884
f 901/1017/15 903/1019/738 904/1020/888 902/1018/905
f 903/1019/738 905/1021/749 906/1022/890 904/1020/888
f 905/1021/749 907/1023/7 908/1024/906 906/1022/890
f 907/1023/7 909/1025/770 910/1026/907 908/1024/906
f 909/1025/770 911/1027/781 912/1028/908 910/1026/907
f 911/1027/781 913/1029/420 914/1030/898 912/1028/908
f 913/1029/420 915/1031/802 916/1032/909 914/1030/898
f 915/1031/802 917/1033/813 918/1034/910 916/1032/909
f 918/1034/910 917/1033/813 895/1035/183 898/1036/904
f 919/1037/697 800/908/824 799/907/823 920/1038/183
f 921/1039/717 803/911/825 800/908/824 919/1037/697
f 922/1040/15 805/913/826 803/911/825 921/1039/717
f 923/1041/738 807/915/827 805/913/826 922/1040/15
f 924/1042/749 809/917/828 807/915/827 923/1041/738
f 925/1043/7 811/919/829 809/917/828 924/1042/749
f 926/1044/770 813/921/830 811/919/829 925/1043/7
f 927/1045/781 815/923/831 813/921/830 926/1044/770
f 928/1046/420 817/925/832 815/923/831 927/1045/781
f 929/1047/802 819/927/833 817/925/832 928/1046/420
f 930/1048/813 821/929/834 819/927/833 929/1047/802
f 920/1049/183 799/931/823 821/929/834 930/1048/813
f 931/1050/911 824/934/836 823/933/835 932/1051/183
f 933/1052/717 827/937/839 824/934/836 931/1050/911
f 934/1053/15 829/939/841 827/937/839 933/1052/717
f 935/1054/738 831/941/827 829/939/841 934/1053/15
f 936/1055/749 833/943/828 831/941/827 935/1054/738
f 937/1056/7 835/945/845 833/943/828 936/1055/749
f 938/1057/770 837/947/847 835/945/845 937/1056/7
f 939/1058/781 839/949/849 837/947/847 938/1057/770
f 940/1059/420 841/951/832 839/949/849 939/1058/781
f 941/1060/912 843/953/833 841/951/832 940/1059/420
f 942/1061/813 845/955/853 843/953/833 941/1060/912
f 932/1062/183 823/957/835 845/955/853 942/1061/813
f 920/1038/183 874/988/882 873/987/881 919/1037/697
f 919/1037/697 873/987/881 876/990/884 921/1039/717
f 921/1039/717 876/990/884 878/992/886 922/1040/15
f 922/1040/15 878/992/886 880/994/888 923/1041/738
f 923/1041/738 880/994/888 882/996/890 924/1042/749
f 924/1042/749 882/996/890 884/998/892 925/1043/7
f 925/1043/7 884/998/892 886/1000/894 926/1044/770
f 926/1044/770 886/1000/894 888/1002/896 927/1045/781
f 927/1045/781 888/1002/896 890/1004/898 928/1046/420
f 928/1046/420 890/1004/898 892/1006/900 929/1047/802
f 929/1047/802 892/1006/900 894/1008/902 930/1048/813
f 930/1048/813 894/1008/902 874/1010/882 920/1049/183
f 932/1051/183 898/1014/904 897/1013/903 931/1050/911
f 931/1050/911 897/1013/903 900/1016/884 933/1052/717
f 933/1052/717 900/1016/884 902/1018/905 934/1053/15
f 934/1053/15 902/1018/905 904/1020/888 935/1054/738
f 935/1054/738 904/1020/888 906/1022/890 936/1055/749
f 936/1055/749 906/1022/890 908/1024/906 937/1056/7
f 937/1056/7 908/1024/906 910/1026/907 938/1057/770
f 938/1057/770 910/1026/907 912/1028/908 939/1058/781
f 939/1058/781 912/1028/908 914/1030/898 940/1059/420
f 940/1059/420 914/1030/898 916/1032/909 941/1060/912
f 941/1060/912 916/1032/909 918/1034/910 942/1061/813
f 942/1061/813 918/1034/910 898/1036/904 932/1062/183
f 871/985/879 847/959/855 850/962/858 872/986/880
f 872/986/880 850/962/858 852/964/860 875/989/883
f 875/989/883 852/964/860 854/966/862 877/991/885
f 877/991/885 854/966/862 856/968/864 879/993/887
f 879/993/887 856/968/864 858/970/866 881/995/889
f 881/995/889 858/970/866 860/972/868 883/997/891
f 883/997/891 860/972/868 862/974/870 885/999/893
f 885/999/893 862/974/870 864/976/872 887/1001/895
f 887/1001/895 864/976/872 866/978/874 889/1003/897
f 889/1003/897 866/978/874 868/980/876 891/1005/899
f 891/1005/899 868/980/876 870/982/878 893/1007/901
f 893/1007/901 870/982/878 847/984/855 871/1009/879
f 848/960/856 826/936/838 825/935/837 849/961/857
f 849/961/857 825/935/837 828/938/840 851/963/859
f 851/963/859 828/938/840 830/940/842 853/965/861
f 853/965/861 830/940/842 832/942/843 855/967/863
f 855/967/863 832/942/843 834/944/844 857/969/865
f 857/969/865 834/944/844 836/946/846 859/971/867
f 859/971/867 836/946/846 838/948/848 861/973/869
f 861/973/869 838/948/848 840/950/850 863/975/871
f 863/975/871 840/950/850 842/952/851 865/977/873
f 865/977/873 842/952/851 844/954/852 867/979/875
f 867/979/875 844/954/852 846/956/854 869/981/877
f 869/981/877 846/956/854 826/958/838 848/983/856
f 943/1063/403 944/1064/403 945/1065/403 946/1066/403 947/1067/403 948/1068/403 949/1069/403 950/1070/403 951/1071/403 952/1072/403 953/1073/403 954/1074/403
f 896/1075/913 895/1076/913 955/1077/913 956/1078/913
f 895/1076/914 917/1079/914 957/1080/914 955/1077/914
f 917/1079/915 915/1081/915 958/1082/915 957/1080/915
f 915/1081/916 913/1083/916 959/1084/916 958/1082/916
f 913/1083/917 911/1085/917 960/1086/917 959/1084/917
f 911/1085/918 909/1087/918 961/1088/918 960/1086/918
f 909/1087/919 907/1089/919 962/1090/919 961/1088/919
f 907/1089/920 905/1091/920 963/1092/920 962/1090/920
f 905/1091/921 903/1093/921 964/1094/921 963/1092/921
f 903/1093/922 901/1095/922 965/1096/922 964/1094/922
f 901/1095/923 899/1097/923 966/1098/923 965/1096/923
f 899/1097/924 896/1075/924 956/1078/924 966/1098/924
f 956/1078/403 955/1077/403 967/1099/403 968/1100/403
f 955/1077/403 957/1080/403 969/1101/403 967/1099/403
f 957/1080/403 958/1082/403 970/1102/403 969/1101/403
f 958/1082/403 959/1084/403 971/1103/403 970/1102/403
f 959/1084/403 960/1086/403 972/1104/403 971/1103/403
f 960/1086/403 961/1088/403 973/1105/403 972/1104/403
f 961/1088/403 962/1090/403 974/1106/403 973/1105/403
f 962/1090/403 963/1092/403 975/1107/403 974/1106/403
f 963/1092/403 964/1094/403 976/1108/403 975/1107/403
f 964/1094/403 965/1096/403 977/1109/403 976/1108/403
f 965/1096/403 966/1098/403 978/1110/403 977/1109/403
f 966/1098/403 956/1078/403 968/1100/403 978/1110/403
f 968/1100/925 967/1099/925 946/1066/925 945/1065/925
f 967/1099/926 969/1101/926 947/1067/926 946/1066/926
f 969/1101/927 970/1102/927 948/1068/927 947/1067/927
f 970/1102/928 971/1103/928 949/1069/928 948/1068/928
f 971/1103/929 972/1104/929 950/1070/929 949/1069/929
f 972/1104/930 973/1105/930 951/1071/930 950/1070/930
f 973/1105/931 974/1106/931 952/1072/931 951/1071/931
f 974/1106/932 975/1107/932 953/1073/932 952/1072/932
f 975/1107/933 976/1108/933 954/1074/933 953/1073/933
f 976/1108/934 977/1109/934 943/1063/934 954/1074/934
f 977/1109/935 978/1110/935 944/1064/935 943/1063/935
f 978/1110/936 968/1100/936 945/1065/936 944/1064/936
f 979/1111/937 980/1112/938 981/1113/938 982/1114/937
f 983/1115/939 984/1116/936 980/1112/936 979/1111/939
f 985/1117/940 986/1118/941 984/1116/941 983/1115/940
f 987/1119/942 988/1120/943 986/1121/943 985/1122/942
f 989/1123/944 990/1124/945 988/1120/945 987/1119/944
f 982/1114/946 981/1113/947 990/1124/947 989/1123/946
f 991/1125/948 979/1111/937 982/1114/937 992/1126/948
f 993/1127/949 983/1115/939 979/1111/939 991/1125/949
f 994/1128/950 985/1117/940 983/1115/940 993/1127/951
f 995/1129/952 987/1119/942 985/1122/942 994/1130/952
f 996/1131/953 989/1123/944 987/1119/944 995/1129/953
f 992/1126/954 982/1114/946 989/1123/946 996/1131/954
f 997/1132/955 991/1125/948 992/1126/948 998/1133/955
f 999/1134/956 993/1127/949 991/1125/949 997/1132/956
f 1000/1135/957 994/1128/950 993/1127/951 999/1134/958
f 1001/1136/959 995/1129/952 994/1130/952 1000/1137/959
f 1002/1138/960 996/1131/953 995/1129/953 1001/1136/960
f 998/1133/961 992/1126/954 996/1131/954 1002/1138/962
f 1003/1139/955 997/1132/955 998/1133/955 1004/1140/955
f 1005/1141/963 999/1134/956 997/1132/956 1003/1139/963
f 1006/1142/957 1000/1135/957 999/1134/958 1005/1141/957
f 1007/1143/959 1001/1136/959 1000/1137/959 1006/1144/959
f 1008/1145/960 1002/1138/960 1001/1136/960 1007/1143/960
f 1004/1140/961 998/1133/961 1002/1138/962 1008/1145/961
f 1009/1146/948 1003/1139/955 1004/1140/955 1010/1147/948
f 1011/1148/964 1005/1141/963 1003/1139/963 1009/1146/965
f 1012/1149/951 1006/1142/957 1005/1141/957 1011/1148/951
f 1013/1150/952 1007/1143/959 1006/1144/959 1012/1151/952
f 1014/1152/966 1008/1145/960 1007/1143/960 1013/1150/966
f 1010/1147/967 1004/1140/961 1008/1145/961 1014/1152/967
f 1015/1153/937 1009/1146/948 1010/1147/948 1016/1154/937
f 1017/1155/968 1011/1148/964 1009/1146/965 1015/1153/968
f 1018/1156/940 1012/1149/951 1011/1148/951 1017/1155/940
f 1019/1157/969 1013/1150/952 1012/1151/952 1018/1158/969
f 1020/1159/944 1014/1152/966 1013/1150/966 1019/1157/944
f 1016/1154/946 1010/1147/967 1014/1152/967 1020/1159/946
f 1021/1160/970 1015/1153/937 1016/1154/937 1022/1161/970
f 1023/1162/971 1017/1155/968 1015/1153/968 1021/1160/971
f 1024/1163/972 1018/1156/940 1017/1155/940 1023/1162/972
f 1025/1164/973 1019/1157/969 1018/1158/969 1024/1165/973
f 1026/1166/974 1020/1159/944 1019/1157/944 1025/1164/974
f 1022/1161/975 1016/1154/946 1020/1159/946 1026/1166/975
f 1027/1167/976 1021/1160/970 1022/1161/970 1028/1168/976
f 1029/1169/977 1023/1162/971 1021/1160/971 1027/1167/977
f 1030/1170/978 1024/1163/972 1023/1162/972 1029/1169/978
f 1031/1171/979 1025/1164/973 1024/1165/973 1030/1172/979
f 1032/1173/980 1026/1166/974 1025/1164/974 1031/1171/980
f 1028/1168/981 1022/1161/975 1026/1166/975 1032/1173/981
f 1033/1174/982 1027/1167/976 1028/1168/976 1034/1175/982
f 1035/1176/983 1029/1169/977 1027/1167/977 1033/1174/983
f 1036/1177/984 1030/1170/978 1029/1169/978 1035/1176/984
f 1037/1178/985 1031/1171/979 1030/1172/979 1036/1179/985
f 1038/1180/986 1032/1173/980 1031/1171/980 1037/1178/986
f 1034/1175/987 1028/1168/981 1032/1173/981 1038/1180/987
f 1039/1181/988 1033/1174/982 1034/1175/982 1040/1182/988
f 1041/1183/989 1035/1176/983 1033/1174/983 1039/1181/989
f 1042/1184/990 1036/1177/984 1035/1176/984 1041/1183/990
f 1043/1185/991 1037/1178/985 1036/1179/985 1042/1186/991
f 1044/1187/992 1038/1180/986 1037/1178/986 1043/1185/992
f 1040/1182/993 1034/1175/987 1038/1180/987 1044/1187/993
f 1045/1188/994 1046/1189/420 1047/1190/995 1048/1191/996
f 1049/1192/997 1045/1188/994 1048/1191/996 1050/1193/998
f 1045/1188/994 1049/1192/997 1051/1194/999 1052/1195/999
f 1046/1189/420 1045/1188/994 1052/1195/999 1053/1196/999
f 1054/1197/1000 1055/1198/1000 1051/1194/999 1056/1199/999
f 1057/1200/1000 1054/1197/1000 1056/1199/999 1058/1201/999
f 1054/1197/1000 1057/1200/1000 1059/1202/7 1060/1203/7
f 1055/1198/1000 1054/1197/1000 1060/1203/7 1061/1204/7
f 1062/1205/1001 1063/1206/1001 1061/1204/7 1060/1203/7
f 1064/1207/1001 1062/1205/1001 1060/1203/7 1059/1202/7
f 1062/1205/1001 1064/1207/1001 1065/1208/1002 1066/1209/1002
f 1063/1206/1001 1062/1205/1001 1066/1209/1002 1067/1210/1002
f 1068/1211/15 1069/1212/1003 1067/1210/1002 1066/1209/1002
f 1070/1213/15 1068/1211/15 1066/1209/1002 1065/1208/1002
f 1068/1211/15 1070/1213/15 1071/1214/1004 1072/1215/1005
f 1069/1212/1003 1068/1211/15 1072/1215/1005 1073/1216/1006
f 1074/1217/1007 1075/1218/183 1076/1219/1008 1077/1220/1009
f 1078/1221/1010 1077/1220/1009 1076/1219/1008 1079/1222/1011
f 1080/1223/1012 1081/1224/999 1082/1225/1000 1083/1226/1013
f 1084/1227/1014 1083/1226/1013 1082/1225/1000 1085/1228/7
f 1086/1229/1015 1058/1201/999 1087/1230/420 1088/1231/1016
f 1089/1232/1017 1088/1231/1016 1087/1230/420 1090/1233/1011
f 1089/1232/1017 1090/1233/1011 1091/1234/1008 1092/1235/1018
f 1093/1236/1019 1092/1235/1018 1091/1234/1008 1094/1237/183
f 1078/1221/1010 1079/1222/1011 1095/1238/420 1096/1239/1020
f 1081/1224/999 1080/1223/1012 1096/1239/1020 1095/1238/420
f 1093/1240/1019 1094/1241/183 1097/1242/1021 1098/1243/1022
f 1099/1244/1023 1098/1243/1022 1097/1242/1021 1071/1214/1004
f 1100/1245/1001 1101/1246/1001 1102/1247/1002 1103/1248/1002
f 1104/1249/1001 1100/1245/1001 1103/1248/1002 1105/1250/1002
f 1100/1245/1001 1104/1249/1001 1085/1228/7 1106/1251/7
f 1101/1246/1001 1100/1245/1001 1106/1251/7 1107/1252/7
f 1108/1253/1024 1069/1212/1003 1073/1216/1006 1109/1254/1025
f 1110/1255/1026 1108/1253/1024 1109/1254/1025 1111/1256/1027
f 1108/1253/1024 1110/1255/1026 1102/1247/1002 1112/1257/1002
f 1069/1212/1003 1108/1253/1024 1112/1257/1002 1067/1210/1002
f 1113/1258/1028 1114/1259/1004 1115/1260/1021 1116/1261/1029
f 1075/1262/183 1074/1263/1007 1116/1261/1029 1115/1260/1021
f 1117/1264/1030 1105/1250/1002 1118/1265/15 1119/1266/1031
f 1114/1259/1004 1113/1258/1028 1119/1266/1031 1118/1265/15
f 1120/1267/1000 1055/1198/1000 1061/1204/7 1121/1268/7
f 1122/1269/1000 1120/1267/1000 1121/1268/7 1107/1252/7
f 1120/1267/1000 1122/1269/1000 1053/1196/999 1052/1195/999
f 1055/1198/1000 1120/1267/1000 1052/1195/999 1051/1194/999
f 1123/1270/1001 1101/1246/1001 1107/1252/7 1121/1268/7
f 1063/1206/1001 1123/1270/1001 1121/1268/7 1061/1204/7
f 1123/1270/1001 1063/1206/1001 1067/1210/1002 1112/1257/1002
f 1101/1246/1001 1123/1270/1001 1112/1257/1002 1102/1247/1002
f 1124/1271/1032 1125/1272/1033 1126/1273/420 1127/1274/1034
f 1128/1275/1035 1127/1274/1034 1126/1273/420 1129/1276/1036
f 1128/1275/1035 1129/1276/1036 1130/1277/1037 1131/1278/1038
f 1132/1279/1039 1131/1278/1038 1130/1277/1037 1133/1280/1040
f 1134/1281/1041 1135/1282/1042 1050/1193/998 1136/1283/1043
f 1137/1284/1044 1134/1281/1041 1136/1283/1043 1125/1272/1033
f 1134/1281/1041 1137/1284/1044 1138/1285/1045 1139/1286/1046
f 1135/1282/1042 1134/1281/1041 1139/1286/1046 1140/1287/1047
f 1141/1288/1048 1142/1289/1049 1111/1256/1027 1143/1290/1050
f 1144/1291/1051 1141/1288/1048 1143/1290/1050 1145/1292/1052
f 1141/1288/1048 1144/1291/1051 1133/1293/1040 1146/1294/1053
f 1142/1289/1049 1141/1288/1048 1146/1294/1053 1147/1295/1054
f 1148/1296/1055 1149/1297/1056 1150/1298/1057 1151/1299/1058
f 1152/1300/1059 1151/1299/1058 1150/1298/1057 1138/1301/1045
f 1153/1302/1060 1145/1292/1052 1154/1303/1061 1155/1304/1062
f 1149/1297/1056 1148/1296/1055 1155/1304/1062 1154/1303/1061
f 1058/1201/999 1086/1229/1015 1156/1305/1063 1057/1200/1000
f 1059/1202/7 1057/1200/1000 1156/1305/1063 1157/1306/1064
f 1059/1202/7 1157/1306/1064 1158/1307/1065 1064/1207/1001
f 1065/1208/1002 1064/1207/1001 1158/1307/1065 1159/1308/1066
f 1065/1208/1002 1159/1308/1066 1160/1309/1067 1070/1213/15
f 1099/1244/1023 1071/1214/1004 1070/1213/15 1160/1309/1067
f 1161/1310/1068 1076/1219/1008 1075/1218/183 1162/1311/1069
f 1163/1312/1070 1161/1310/1068 1162/1311/1069 1147/1313/1054
f 1161/1310/1068 1163/1312/1070 1047/1190/995 1164/1314/1011
f 1076/1219/1008 1161/1310/1068 1164/1314/1011 1079/1222/1011
f 1165/1315/1000 1082/1225/1000 1081/1224/999 1166/1316/999
f 1122/1269/1000 1165/1315/1000 1166/1316/999 1053/1196/999
f 1165/1315/1000 1122/1269/1000 1107/1252/7 1106/1251/7
f 1082/1225/1000 1165/1315/1000 1106/1251/7 1085/1228/7
f 1167/1317/420 1087/1230/420 1058/1201/999 1056/1199/999
f 1049/1192/997 1167/1317/420 1056/1199/999 1051/1194/999
f 1167/1317/420 1049/1192/997 1050/1193/998 1168/1318/1071
f 1087/1230/420 1167/1317/420 1168/1318/1071 1090/1233/1011
f 1169/1319/1072 1091/1234/1008 1090/1233/1011 1168/1318/1071
f 1135/1282/1042 1169/1319/1072 1168/1318/1071 1050/1193/998
f 1169/1319/1072 1135/1282/1042 1140/1287/1047 1170/1320/1073
f 1091/1234/1008 1169/1319/1072 1170/1320/1073 1094/1237/183
f 1171/1321/420 1095/1238/420 1079/1222/1011 1164/1314/1011
f 1046/1189/420 1171/1321/420 1164/1314/1011 1047/1190/995
f 1171/1321/420 1046/1189/420 1053/1196/999 1166/1316/999
f 1095/1238/420 1171/1321/420 1166/1316/999 1081/1224/999
f 1172/1322/1074 1097/1242/1021 1094/1241/183 1170/1323/1073
f 1173/1324/1075 1172/1322/1074 1170/1323/1073 1140/1325/1047
f 1172/1322/1074 1173/1324/1075 1073/1216/1006 1072/1215/1005
f 1097/1242/1021 1172/1322/1074 1072/1215/1005 1071/1214/1004
f 1105/1250/1002 1117/1264/1030 1174/1326/1076 1104/1249/1001
f 1084/1227/1014 1085/1228/7 1104/1249/1001 1174/1326/1076
f 1175/1327/1077 1115/1260/1021 1114/1259/1004 1176/1328/1078
f 1142/1289/1049 1175/1327/1077 1176/1328/1078 1111/1256/1027
f 1175/1327/1077 1142/1289/1049 1147/1295/1054 1162/1329/1069
f 1115/1260/1021 1175/1327/1077 1162/1329/1069 1075/1262/183
f 1177/1330/1079 1118/1265/15 1105/1250/1002 1103/1248/1002
f 1110/1255/1026 1177/1330/1079 1103/1248/1002 1102/1247/1002
f 1177/1330/1079 1110/1255/1026 1111/1256/1027 1176/1328/1078
f 1118/1265/15 1177/1330/1079 1176/1328/1078 1114/1259/1004
f 1178/1331/1080 1126/1273/420 1125/1272/1033 1136/1283/1043
f 1048/1191/996 1178/1331/1080 1136/1283/1043 1050/1193/998
f 1178/1331/1080 1048/1191/996 1047/1190/995 1179/1332/1081
f 1126/1273/420 1178/1331/1080 1179/1332/1081 1129/1276/1036
f 1180/1333/1082 1130/1277/1037 1129/1276/1036 1179/1332/1081
f 1163/1312/1070 1180/1333/1082 1179/1332/1081 1047/1190/995
f 1180/1333/1082 1163/1312/1070 1147/1313/1054 1146/1334/1053
f 1130/1277/1037 1180/1333/1082 1146/1334/1053 1133/1280/1040
f 1125/1272/1033 1124/1271/1032 1181/1335/1083 1137/1284/1044
f 1152/1336/1059 1138/1285/1045 1137/1284/1044 1181/1335/1083
f 1145/1292/1052 1153/1302/1060 1182/1337/1084 1144/1291/1051
f 1132/1338/1039 1133/1293/1040 1144/1291/1051 1182/1337/1084
f 1183/1339/1085 1150/1298/1057 1149/1297/1056 1184/1340/1086
f 1173/1324/1075 1183/1339/1085 1184/1340/1086 1073/1216/1006
f 1183/1339/1085 1173/1324/1075 1140/1325/1047 1139/1341/1046
f 1150/1298/1057 1183/1339/1085 1139/1341/1046 1138/1301/1045
f 1185/1342/1087 1154/1303/1061 1145/1292/1052 1143/1290/1050
f 1109/1254/1025 1185/1342/1087 1143/1290/1050 1111/1256/1027
f 1185/1342/1087 1109/1254/1025 1073/1216/1006 1184/1340/1086
f 1154/1303/1061 1185/1342/1087 1184/1340/1086 1149/1297/1056
f 1186/1343/1088 1187/1344/1089 1188/1345/403 1189/1346/403
f 1187/1344/1089 1190/1347/1090 1191/1348/403 1188/1345/403
f 1190/1347/1090 1192/1349/1091 1193/1350/403 1191/1348/403
f 1192/1349/1091 1194/1351/1092 1195/1352/403 1193/1350/403
f 1194/1351/1092 1196/1353/1093 1197/1354/403 1195/1352/403
f 1196/1353/1093 1198/1355/1094 1199/1356/403 1197/1354/403
f 1198/1355/1094 1200/1357/1095 1201/1358/403 1199/1356/403
f 1200/1357/1095 1202/1359/1096 1203/1360/403 1201/1358/403
f 1202/1359/1096 1204/1361/1097 1205/1362/403 1203/1360/403
f 1204/1361/1097 1206/1363/1098 1207/1364/403 1205/1362/403
f 1206/1363/1098 1208/1365/1099 1209/1366/403 1207/1364/403
f 1208/1365/1099 1186/1367/1088 1189/1368/403 1209/1366/403
f 1210/1369/1100 1211/1370/1101 1212/1371/124 1213/1372/124
f 1211/1370/1101 1214/1373/1102 1215/1374/124 1212/1371/124
f 1214/1373/1102 1216/1375/1103 1217/1376/124 1215/1374/124
f 1216/1375/1103 1218/1377/1104 1219/1378/124 1217/1376/124
f 1218/1379/1104 1220/1380/1105 1221/1381/124 1219/1382/124
f 1220/1380/1105 1222/1383/1106 1223/1384/124 1221/1381/124
f 1222/1383/1106 1224/1385/1107 1225/1386/124 1223/1384/124
f 1224/1385/1107 1226/1387/1108 1227/1388/124 1225/1386/124
f 1226/1387/1108 1228/1389/1109 1229/1390/124 1227/1388/124
f 1228/1389/1109 1230/1391/1110 1231/1392/124 1229/1390/124
f 1230/1391/1110 1232/1393/1111 1233/1394/124 1231/1392/124
f 1232/1393/1111 1210/1369/1100 1213/1372/124 1233/1394/124
f 1234/1395/1112 1235/1396/1113 1236/1397/183 1237/1398/183
f 1235/1396/1113 1238/1399/1114 1239/1400/183 1236/1397/183
f 1238/1399/1114 1240/1401/1115 1241/1402/183 1239/1400/183
f 1240/1401/1115 1242/1403/1116 1243/1404/183 1241/1402/183
f 1242/1405/1116 1244/1406/1117 1245/1407/183 1243/1408/183
f 1244/1406/1117 1246/1409/1118 1247/1410/183 1245/1407/183
f 1246/1409/1118 1248/1411/1119 1249/1412/183 1247/1410/183
f 1248/1411/1119 1250/1413/1120 1251/1414/183 1249/1412/183
f 1250/1413/1120 1252/1415/1121 1253/1416/183 1251/1414/183
f 1252/1415/1121 1254/1417/1122 1255/1418/183 1253/1416/183
f 1254/1419/1122 1256/1420/1123 1257/1421/183 1255/1422/183
f 1256/1420/1123 1234/1395/1112 1237/1398/183 1257/1421/183
f 1186/1343/1088 1074/1217/1007 1077/1220/1009 1187/1344/1089
f 1187/1344/1089 1077/1220/1009 1078/1221/1010 1190/1347/1090
f 1194/1351/1092 1080/1223/1012 1083/1226/1013 1196/1353/1093
f 1196/1353/1093 1083/1226/1013 1084/1227/1014 1198/1355/1094
f 1210/1369/1100 1086/1229/1015 1088/1231/1016 1211/1370/1101
f 1211/1370/1101 1088/1231/1016 1089/1232/1017 1214/1373/1102
f 1214/1373/1102 1089/1232/1017 1092/1235/1018 1216/1375/1103
f 1216/1375/1103 1092/1235/1018 1093/1236/1019 1218/1377/1104
f 1190/1347/1090 1078/1221/1010 1096/1239/1020 1192/1349/1091
f 1192/1349/1091 1096/1239/1020 1080/1223/1012 1194/1351/1092
f 1218/1379/1104 1093/1240/1019 1098/1243/1022 1220/1380/1105
f 1220/1380/1105 1098/1243/1022 1099/1244/1023 1222/1383/1106
f 1206/1363/1098 1113/1258/1028 1116/1261/1029 1208/1365/1099
f 1208/1365/1099 1116/1261/1029 1074/1263/1007 1186/1367/1088
f 1202/1359/1096 1117/1264/1030 1119/1266/1031 1204/1361/1097
f 1204/1361/1097 1119/1266/1031 1113/1258/1028 1206/1363/1098
f 1234/1395/1112 1124/1271/1032 1127/1274/1034 1235/1396/1113
f 1235/1396/1113 1127/1274/1034 1128/1275/1035 1238/1399/1114
f 1238/1399/1114 1128/1275/1035 1131/1278/1038 1240/1401/1115
f 1240/1401/1115 1131/1278/1038 1132/1279/1039 1242/1403/1116
f 1250/1413/1120 1148/1296/1055 1151/1299/1058 1252/1415/1121
f 1252/1415/1121 1151/1299/1058 1152/1300/1059 1254/1417/1122
f 1246/1409/1118 1153/1302/1060 1155/1304/1062 1248/1411/1119
f 1248/1411/1119 1155/1304/1062 1148/1296/1055 1250/1413/1120
f 1232/1393/1111 1156/1305/1063 1086/1229/1015 1210/1369/1100
f 1230/1391/1110 1157/1306/1064 1156/1305/1063 1232/1393/1111
f 1228/1389/1109 1158/1307/1065 1157/1306/1064 1230/1391/1110
f 1226/1387/1108 1159/1308/1066 1158/1307/1065 1228/1389/1109
f 1224/1385/1107 1160/1309/1067 1159/1308/1066 1226/1387/1108
f 1222/1383/1106 1099/1244/1023 1160/1309/1067 1224/1385/1107
f 1200/1357/1095 1174/1326/1076 1117/1264/1030 1202/1359/1096
f 1198/1355/1094 1084/1227/1014 1174/1326/1076 1200/1357/1095
f 1256/1420/1123 1181/1335/1083 1124/1271/1032 1234/1395/1112
f 1254/1419/1122 1152/1336/1059 1181/1335/1083 1256/1420/1123
f 1244/1406/1117 1182/1337/1084 1153/1302/1060 1246/1409/1118
f 1242/1405/1116 1132/1338/1039 1182/1337/1084 1244/1406/1117
f 1258/1423/183 1259/1424/183 1260/1425/183
f 1260/1426/1124 1259/1427/1125 1261/1428/1125 1262/1429/1124
f 1262/1429/124 1261/1428/1126 1263/1430/1126 1264/1431/124
f 1264/1431/1127 1263/1430/1128 1265/1432/1129 1266/1433/1130
f 1266/1433/1130 1265/1432/1129 1267/1434/1131 1268/1435/1132
f 1268/1435/1132 1267/1434/1131 1269/1436/1133 1270/1437/1134
f 1270/1437/1134 1269/1436/1133 1271/1438/1135 1272/1439/1136
f 1272/1439/1136 1271/1438/1135 1273/1440/1137 1274/1441/1138
f 1274/1441/1138 1273/1440/1137 1275/1442/1139 1276/1443/1140
f 1276/1443/1140 1275/1442/1139 1277/1444/1141 1278/1445/1142
f 1278/1445/1142 1277/1444/1141 1279/1446/1143 1280/1447/1144
f 1280/1447/124 1279/1446/1126 1281/1448/1126 1282/1449/124
f 1258/1423/183 1283/1450/183 1259/1424/183
f 1259/1427/1125 1283/1451/1145 1284/1452/1145 1261/1428/1125
f 1261/1428/1126 1284/1452/1146 1285/1453/1146 1263/1430/1126
f 1263/1430/1128 1285/1453/1147 1286/1454/1148 1265/1432/1129
f 1265/1432/1129 1286/1454/1148 1287/1455/1149 1267/1434/1131
f 1267/1434/1131 1287/1455/1149 1288/1456/1150 1269/1436/1133
f 1269/1436/1133 1288/1456/1150 1289/1457/1151 1271/1438/1135
f 1271/1438/1135 1289/1457/1151 1290/1458/1152 1273/1440/1137
f 1273/1440/1137 1290/1458/1152 1291/1459/1153 1275/1442/1139
f 1275/1442/1139 1291/1459/1153 1292/1460/1154 1277/1444/1141
f 1277/1444/1141 1292/1460/1154 1293/1461/1155 1279/1446/1143
f 1279/1446/1126 1293/1461/1146 1294/1462/1146 1281/1448/1126
f 1258/1423/183 1295/1463/183 1283/1450/183
f 1283/1451/1145 1295/1464/1156 1296/1465/1156 1284/1452/1145
f 1284/1452/1146 1296/1465/15 1297/1466/15 1285/1453/1146
f 1285/1453/1147 1297/1466/1157 1298/1467/1158 1286/1454/1148
f 1286/1454/1148 1298/1467/1158 1299/1468/1159 1287/1455/1149
f 1287/1455/1149 1299/1468/1159 1300/1469/1160 1288/1456/1150
f 1288/1456/1150 1300/1469/1160 1301/1470/1161 1289/1457/1151
f 1289/1457/1151 1301/1470/1161 1302/1471/1162 1290/1458/1152
f 1290/1458/1152 1302/1471/1162 1303/1472/1163 1291/1459/1153
f 1291/1459/1153 1303/1472/1163 1304/1473/1164 1292/1460/1154
f 1292/1460/1154 1304/1473/1164 1305/1474/1165 1293/1461/1155
f 1293/1461/1146 1305/1474/15 1306/1475/15 1294/1462/1146
f 1258/1423/183 1307/1476/183 1295/1463/183
f 1295/1464/1156 1307/1477/1166 1308/1478/1166 1296/1465/1156
f 1296/1465/15 1308/1478/1167 1309/1479/1167 1297/1466/15
f 1297/1466/1157 1309/1479/1168 1310/1480/1169 1298/1467/1158
f 1298/1467/1158 1310/1480/1169 1311/1481/1170 1299/1468/1159
f 1299/1468/1159 1311/1481/1170 1312/1482/1171 1300/1469/1160
f 1300/1469/1160 1312/1482/1171 1313/1483/1172 1301/1470/1161
f 1301/1470/1161 1313/1483/1172 1314/1484/1173 1302/1471/1162
f 1302/1471/1162 1314/1484/1173 1315/1485/1174 1303/1472/1163
f 1303/1472/1163 1315/1485/1174 1316/1486/1175 1304/1473/1164
f 1304/1473/1164 1316/1486/1175 1317/1487/1176 1305/1474/1165
f 1305/1474/15 1317/1487/1167 1318/1488/1167 1306/1475/15
f 1258/1423/183 1319/1489/183 1307/1476/183
f 1307/1477/1166 1319/1490/1177 1320/1491/1177 1308/1478/1166
f 1308/1478/1167 1320/1491/1178 1321/1492/1178 1309/1479/1167
f 1309/1479/1168 1321/1492/1179 1322/1493/1180 1310/1480/1169
f 1310/1480/1169 1322/1493/1180 1323/1494/1181 1311/1481/1170
f 1311/1481/1170 1323/1494/1181 1324/1495/1182 1312/1482/1171
f 1312/1482/1171 1324/1495/1182 1325/1496/1183 1313/1483/1172
f 1313/1483/1172 1325/1496/1183 1326/1497/1184 1314/1484/1173
f 1314/1484/1173 1326/1497/1184 1327/1498/1185 1315/1485/1174
f 1315/1485/1174 1327/1498/1185 1328/1499/1186 1316/1486/1175
f 1316/1486/1175 1328/1499/1186 1329/1500/1187 1317/1487/1176
f 1317/1487/1167 1329/1500/1178 1330/1501/1178 1318/1488/1167
f 1258/1423/183 1331/1502/183 1319/1489/183
f 1319/1490/1177 1331/1503/1188 1332/1504/1188 1320/1491/1177
f 1320/1491/1178 1332/1504/403 1333/1505/403 1321/1492/1178
f 1321/1492/1179 1333/1505/1189 1334/1506/1190 1322/1493/1180
f 1322/1493/1180 1334/1506/1190 1335/1507/1191 1323/1494/1181
f 1323/1494/1181 1335/1507/1191 1336/1508/1192 1324/1495/1182
f 1324/1495/1182 1336/1508/1192 1337/1509/1193 1325/1496/1183
f 1325/1496/1183 1337/1509/1193 1338/1510/1194 1326/1497/1184
f 1326/1497/1184 1338/1510/1194 1339/1511/1195 1327/1498/1185
f 1327/1498/1185 1339/1511/1195 1340/1512/1196 1328/1499/1186
f 1328/1499/1186 1340/1512/1196 1341/1513/1197 1329/1500/1187
f 1329/1500/1178 1341/1513/403 1342/1514/403 1330/1501/1178
f 1258/1423/183 1343/1515/183 1331/1502/183
f 1331/1503/1188 1343/1516/1198 1344/1517/1198 1332/1504/1188
f 1332/1504/403 1344/1517/1199 1345/1518/1199 1333/1505/403
f 1333/1505/1189 1345/1518/1200 1346/1519/1201 1334/1506/1190
f 1334/1506/1190 1346/1519/1201 1347/1520/1202 1335/1507/1191
f 1335/1507/1191 1347/1520/1202 1348/1521/1203 1336/1508/1192
f 1336/1508/1192 1348/1521/1203 1349/1522/1204 1337/1509/1193
f 1337/1509/1193 1349/1522/1204 1350/1523/1205 1338/1510/1194
f 1338/1510/1194 1350/1523/1205 1351/1524/1206 1339/1511/1195
f 1339/1511/1195 1351/1524/1206 1352/1525/1207 1340/1512/1196
f 1340/1512/1196 1352/1525/1207 1353/1526/1208 1341/1513/1197
f 1341/1513/403 1353/1526/1199 1354/1527/1199 1342/1514/403
f 1258/1423/183 1355/1528/183 1343/1515/183
f 1343/1516/1198 1355/1529/1209 1356/1530/1209 1344/1517/1198
f 1344/1517/1199 1356/1530/1210 1357/1531/1210 1345/1518/1199
f 1345/1518/1200 1357/1531/1211 1358/1532/1212 1346/1519/1201
f 1346/1519/1201 1358/1532/1212 1359/1533/1213 1347/1520/1202
f 1347/1520/1202 1359/1533/1213 1360/1534/1214 1348/1521/1203
f 1348/1521/1203 1360/1534/1214 1361/1535/1215 1349/1522/1204
f 1349/1522/1204 1361/1535/1215 1362/1536/1216 1350/1523/1205
f 1350/1523/1205 1362/1536/1216 1363/1537/1217 1351/1524/1206
f 1351/1524/1206 1363/1537/1217 1364/1538/1218 1352/1525/1207
f 1352/1525/1207 1364/1538/1218 1365/1539/1219 1353/1526/1208
f 1353/1526/1199 1365/1539/1210 1366/1540/1210 1354/1527/1199
f 1258/1423/183 1367/1541/183 1355/1528/183
f 1355/1529/1209 1367/1542/1220 1368/1543/1220 1356/1530/1209
f 1356/1530/1210 1368/1543/420 1369/1544/420 1357/1531/1210
f 1357/1531/1211 1369/1544/1221 1370/1545/1222 1358/1532/1212
f 1358/1532/1212 1370/1545/1222 1371/1546/1223 1359/1533/1213
f 1359/1533/1213 1371/1546/1223 1372/1547/1224 1360/1534/1214
f 1360/1534/1214 1372/1547/1224 1373/1548/1225 1361/1535/1215
f 1361/1535/1215 1373/1548/1225 1374/1549/1226 1362/1536/1216
f 1362/1536/1216 1374/1549/1226 1375/1550/1227 1363/1537/1217
f 1363/1537/1217 1375/1550/1227 1376/1551/1228 1364/1538/1218
f 1364/1538/1218 1376/1551/1228 1377/1552/1229 1365/1539/1219
f 1365/1539/1210 1377/1552/420 1378/1553/420 1366/1540/1210
f 1258/1423/183 1379/1554/183 1367/1541/183
f 1367/1542/1220 1379/1555/1230 1380/1556/1230 1368/1543/1220
f 1368/1543/420 1380/1556/1231 1381/1557/1231 1369/1544/420
f 1369/1544/1221 1381/1557/1232 1382/1558/1233 1370/1545/1222
f 1370/1545/1222 1382/1558/1233 1383/1559/1234 1371/1546/1223
f 1371/1546/1223 1383/1559/1234 1384/1560/1235 1372/1547/1224
f 1372/1547/1224 1384/1560/1235 1385/1561/1236 1373/1548/1225
f 1373/1548/1225 1385/1561/1236 1386/1562/1237 1374/1549/1226
f 1374/1549/1226 1386/1562/1237 1387/1563/1238 1375/1550/1227
f 1375/1550/1227 1387/1563/1238 1388/1564/1239 1376/1551/1228
f 1376/1551/1228 1388/1564/1239 1389/1565/1240 1377/1552/1229
f 1377/1552/420 1389/1565/1231 1390/1566/1231 1378/1553/420
f 1258/1423/183 1391/1567/183 1379/1554/183
f 1379/1555/1230 1391/1568/1241 1392/1569/1241 1380/1556/1230
f 1380/1556/1231 1392/1569/1242 1393/1570/1242 1381/1557/1231
f 1381/1557/1232 1393/1570/1243 1394/1571/1244 1382/1558/1233
f 1382/1558/1233 1394/1571/1244 1395/1572/1245 1383/1559/1234
f 1383/1559/1234 1395/1572/1245 1396/1573/1246 1384/1560/1235
f 1384/1560/1235 1396/1573/1246 1397/1574/1247 1385/1561/1236
f 1385/1561/1236 1397/1574/1247 1398/1575/1248 1386/1562/1237
f 1386/1562/1237 1398/1575/1248 1399/1576/1249 1387/1563/1238
f 1387/1563/1238 1399/1576/1249 1400/1577/1250 1388/1564/1239
f 1388/1564/1239 1400/1577/1250 1401/1578/1251 1389/1565/1240
f 1389/1565/1231 1401/1578/1242 1402/1579/1242 1390/1566/1231
f 1258/1423/183 1260/1425/183 1391/1567/183
f 1391/1568/1241 1260/1580/1124 1262/1581/1124 1392/1569/1241
f 1392/1569/1242 1262/1581/124 1264/1582/124 1393/1570/1242
f 1393/1570/1243 1264/1582/1127 1266/1583/1130 1394/1571/1244
f 1394/1571/1244 1266/1583/1130 1268/1584/1132 1395/1572/1245
f 1395/1572/1245 1268/1584/1132 1270/1585/1134 1396/1573/1246
f 1396/1573/1246 1270/1585/1134 1272/1586/1136 1397/1574/1247
f 1397/1574/1247 1272/1586/1136 1274/1587/1138 1398/1575/1248
f 1398/1575/1248 1274/1587/1138 1276/1588/1140 1399/1576/1249
f 1399/1576/1249 1276/1588/1140 1278/1589/1142 1400/1577/1250
f 1400/1577/1250 1278/1589/1142 1280/1590/1144 1401/1578/1251
f 1401/1578/1242 1280/1590/124 1282/1591/124 1402/1579/1242
f 1958/1592/1252 1961/1593/1253 1956/1594/1254 1952/1595/1255
f 1405/1596/1256 1404/1597/1257 1406/1598/1258 1407/1599/1256
f 1407/1599/1259 1406/1598/1260 1408/1600/1261 1409/1601/1259
f 1409/1601/1262 1408/1600/1263 1410/1602/1263 1411/1603/1262
f 1411/1603/1264 1410/1602/1265 1412/1604/1265 1413/1605/1264
f 1413/1605/1266 1412/1604/1267 1414/1606/1267 1415/1607/1266
f 1415/1607/1268 1414/1606/1269 1416/1608/1269 1417/1609/1268
f 1417/1609/1270 1416/1608/1271 1418/1610/1271 1419/1611/1270
f 1419/1611/1272 1418/1610/1273 1420/1612/1273 1421/1613/1272
f 1403/1614/1274 1404/1597/1275 1405/1596/1276
f 1404/1597/1257 1422/1615/1277 1423/1616/1277 1406/1598/1258
f 1406/1598/1260 1423/1616/1278 1424/1617/1278 1408/1600/1261
f 1408/1600/1263 1424/1617/1279 1425/1618/1279 1410/1602/1263
f 1410/1602/1265 1425/1618/1280 1426/1619/1280 1412/1604/1265
f 1412/1604/1267 1426/1619/1281 1427/1620/1281 1414/1606/1267
f 1414/1606/1269 1427/1620/1282 1428/1621/1282 1416/1608/1269
f 1416/1608/1271 1428/1621/1283 1429/1622/1283 1418/1610/1271
f 1418/1610/1273 1429/1622/1284 1430/1623/1284 1420/1612/1273
f 1422/1615/1285 1404/1597/1275 1403/1624/1286
f 1422/1615/1277 1431/1625/1287 1432/1626/1288 1423/1616/1277
f 1423/1616/1278 1432/1626/1289 1433/1627/1289 1424/1617/1278
f 1424/1617/1279 1433/1627/15 1434/1628/15 1425/1618/1279
f 1425/1618/1280 1434/1628/1290 1435/1629/1290 1426/1619/1280
f 1426/1619/1281 1435/1629/1291 1436/1630/1291 1427/1620/1281
f 1427/1620/1282 1436/1630/1292 1437/1631/1292 1428/1621/1282
f 1428/1621/1283 1437/1631/1293 1438/1632/1293 1429/1622/1283
f 1429/1622/1284 1438/1632/1294 1439/1633/1294 1430/1623/1284
f 1431/1625/1295 1422/1615/1285 1403/1634/1296
f 1431/1625/1287 1440/1635/1297 1441/1636/1297 1432/1626/1288
f 1432/1626/1289 1441/1636/1298 1442/1637/1298 1433/1627/1289
f 1433/1627/15 1442/1637/1299 1443/1638/1299 1434/1628/15
f 1434/1628/1290 1443/1638/1300 1444/1639/1300 1435/1629/1290
f 1435/1629/1291 1444/1639/1301 1445/1640/1301 1436/1630/1291
f 1436/1630/1292 1445/1640/1302 1446/1641/1303 1437/1631/1292
f 1437/1631/1293 1446/1641/1304 1447/1642/1304 1438/1632/1293
f 1438/1632/1294 1447/1642/1305 1448/1643/1305 1439/1633/1294
f 1440/1635/1306 1431/1625/1295 1403/1644/1307
f 1440/1635/1297 1449/1645/1308 1450/1646/1308 1441/1636/1297
f 1441/1636/1298 1450/1646/1309 1451/1647/1310 1442/1637/1298
f 1442/1637/1299 1451/1647/1311 1452/1648/1311 1443/1638/1299
f 1443/1638/1300 1452/1648/1312 1453/1649/1312 1444/1639/1300
f 1444/1639/1301 1453/1649/1313 1454/1650/1313 1445/1640/1301
f 1445/1640/1302 1454/1650/1314 1455/1651/1315 1446/1641/1303
f 1446/1641/1304 1455/1651/1316 1456/1652/1316 1447/1642/1304
f 1447/1642/1305 1456/1652/1317 1457/1653/1317 1448/1643/1305
f 1449/1645/1318 1440/1635/1306 1403/1654/1319
f 1449/1645/1308 1458/1655/1320 1459/1656/1320 1450/1646/1308
f 1450/1646/1309 1459/1656/1321 1460/1657/1321 1451/1647/1310
f 1451/1647/1311 1460/1657/1322 1461/1658/1322 1452/1648/1311
f 1452/1648/1312 1461/1658/1323 1462/1659/1323 1453/1649/1312
f 1453/1649/1313 1462/1659/1324 1463/1660/1324 1454/1650/1313
f 1454/1650/1314 1463/1660/1325 1464/1661/1325 1455/1651/1315
f 1455/1651/1316 1464/1661/1326 1465/1662/1326 1456/1652/1316
f 1456/1652/1317 1465/1662/1327 1466/1663/1327 1457/1653/1317
f 1458/1655/1328 1449/1645/1318 1403/1664/1329
f 1458/1655/1320 1467/1665/1330 1468/1666/1330 1459/1656/1320
f 1459/1656/1321 1468/1666/1331 1469/1667/1332 1460/1657/1321
f 1460/1657/1322 1469/1667/1333 1470/1668/1333 1461/1658/1322
f 1461/1658/1323 1470/1668/1334 1471/1669/1334 1462/1659/1323
f 1462/1659/1324 1471/1669/1335 1472/1670/1336 1463/1660/1324
f 1463/1660/1325 1472/1670/1337 1473/1671/1338 1464/1661/1325
f 1464/1661/1326 1473/1671/1339 1474/1672/1339 1465/1662/1326
f 1465/1662/1327 1474/1672/1340 1475/1673/1340 1466/1663/1327
f 1458/1655/1328 1403/1674/1341 1467/1665/1342
f 1467/1665/1330 1476/1675/1343 1477/1676/1343 1468/1666/1330
f 1468/1666/1331 1477/1676/1344 1478/1677/1344 1469/1667/1332
f 1469/1667/1333 1478/1677/1345 1479/1678/1345 1470/1668/1333
f 1470/1668/1334 1479/1678/1346 1480/1679/1346 1471/1669/1334
f 1471/1669/1335 1480/1679/1347 1481/1680/1347 1472/1670/1336
f 1472/1670/1337 1481/1680/1348 1482/1681/1349 1473/1671/1338
f 1473/1671/1339 1482/1681/1350 1483/1682/1350 1474/1672/1339
f 1474/1672/1340 1483/1682/1351 1484/1683/1351 1475/1673/1340
f 1467/1665/1342 1403/1684/1352 1476/1675/1353
f 1476/1675/1343 1485/1685/1354 1486/1686/1355 1477/1676/1343
f 1477/1676/1344 1486/1686/1356 1487/1687/1356 1478/1677/1344
f 1478/1677/1345 1487/1687/420 1488/1688/420 1479/1678/1345
f 1479/1678/1346 1488/1688/1357 1489/1689/1357 1480/1679/1346
f 1480/1679/1347 1489/1689/1358 1490/1690/1358 1481/1680/1347
f 1481/1680/1348 1490/1690/1359 1491/1691/1359 1482/1681/1349
f 1482/1681/1350 1491/1691/1360 1492/1692/1360 1483/1682/1350
f 1483/1682/1351 1492/1692/1361 1493/1693/1361 1484/1683/1351
f 1476/1675/1353 1403/1694/1362 1485/1685/1363
f 1485/1685/1354 1494/1695/1364 1495/1696/1364 1486/1686/1355
f 1486/1686/1356 1495/1696/1365 1496/1697/1365 1487/1687/1356
f 1487/1687/420 1496/1697/1366 1497/1698/1366 1488/1688/420
f 1488/1688/1357 1497/1698/1367 1498/1699/1367 1489/1689/1357
f 1489/1689/1358 1498/1699/1368 1499/1700/1368 1490/1690/1358
f 1490/1690/1359 1499/1700/1369 1500/1701/1369 1491/1691/1359
f 1491/1691/1360 1500/1701/1370 1501/1702/1370 1492/1692/1360
f 1492/1692/1361 1501/1702/1371 1502/1703/1371 1493/1693/1361
f 1403/1704/1372 1494/1695/1373 1485/1685/1363
f 1494/1695/1364 1503/1705/1374 1504/1706/1375 1495/1696/1364
f 1495/1696/1365 1504/1706/1376 1505/1707/1377 1496/1697/1365
f 1496/1697/1366 1505/1707/1378 1506/1708/1378 1497/1698/1366
f 1497/1698/1367 1506/1708/1379 1507/1709/1379 1498/1699/1367
f 1498/1699/1368 1507/1709/1380 1508/1710/1381 1499/1700/1368
f 1499/1700/1369 1508/1710/1382 1509/1711/1383 1500/1701/1369
f 1500/1701/1370 1509/1711/1384 1510/1712/1384 1501/1702/1370
f 1501/1702/1371 1510/1712/1385 1511/1713/1385 1502/1703/1371
f 1403/1714/1386 1503/1705/1387 1494/1695/1373
f 1503/1705/1374 1405/1715/1256 1407/1716/1256 1504/1706/1375
f 1504/1706/1376 1407/1716/1259 1409/1717/1259 1505/1707/1377
f 1505/1707/1378 1409/1717/1262 1411/1718/1262 1506/1708/1378
f 1506/1708/1379 1411/1718/1264 1413/1719/1264 1507/1709/1379
f 1507/1709/1380 1413/1719/1266 1415/1720/1266 1508/1710/1381
f 1508/1710/1382 1415/1720/1268 1417/1721/1268 1509/1711/1383
f 1509/1711/1384 1417/1721/1270 1419/1722/1270 1510/1712/1384
f 1510/1712/1385 1419/1722/1272 1421/1723/1272 1511/1713/1385
f 1512/1724/1388 1513/1725/1389 1514/1726/183 1515/1727/1390
f 1516/1728/1391 1517/1729/1392 1513/1725/1389 1512/1724/1388
f 1518/1730/1393 1519/1731/1394 1520/1732/1395 1521/1733/1396
f 1515/1727/1390 1514/1726/183 1519/1731/1394 1518/1730/1393
f 1516/1728/1391 1522/1734/1397 1523/1729/1398 1517/1729/1392
f 1524/1735/1399 1521/1733/1396 1520/1732/1395 1525/1732/1400
f 1512/1724/1388 1515/1727/1390 1526/1736/1401 1527/1737/1402
f 1515/1727/1390 1518/1730/1393 1528/1738/1403 1526/1736/1401
f 1527/1737/1402 1526/1736/1401 1529/1739/124 1530/1740/1404
f 1526/1736/1401 1528/1738/1403 1531/1741/1405 1529/1739/124
f 1516/1728/1391 1512/1724/1388 1527/1737/1402
f 1518/1730/1393 1521/1733/1396 1528/1738/1403
f 1531/1741/1405 1528/1738/1403 1521/1733/1396 1524/1735/1399
f 1530/1740/1404 1522/1734/1397 1516/1728/1391 1527/1737/1402
f 1532/1742/1406 1533/1743/1406 1534/1744/183 1535/1745/183
f 1536/1746/1407 1537/1747/1407 1533/1743/1406 1532/1742/1406
f 1538/1748/420 1539/1749/420 1540/1750/938 1541/1751/938
f 1542/1752/781 1543/1753/781 1539/1749/420 1538/1748/420
f 1544/1754/770 1545/1755/770 1543/1753/781 1542/1752/781
f 1546/1756/7 1547/1757/7 1545/1755/770 1544/1754/770
f 1548/1758/749 1549/1759/749 1547/1757/7 1546/1756/7
f 1550/1760/738 1551/1761/738 1549/1759/749 1548/1758/749
f 1552/1762/15 1553/1763/15 1551/1761/738 1550/1760/738
f 1554/1764/1408 1555/1765/1408 1553/1763/15 1552/1762/15
f 1556/1766/1409 1557/1767/1409 1558/1768/1410 1559/1769/1410
f 1535/1770/183 1534/1771/183 1557/1767/1409 1556/1766/1409
f 1536/1746/1407 1541/1751/1411 1540/1750/1411 1537/1747/1407
f 1554/1764/1412 1559/1769/1410 1558/1768/1410 1555/1765/1412
f 1560/1772/770 1561/1773/770 1562/1774/7 1563/1775/7
f 1564/1776/1413 1560/1772/1414 1563/1775/1415 1565/1777/1415
f 1566/1778/770 1564/1776/770 1565/1777/7 1567/1779/7
f 1568/1780/1416 1566/1778/1416 1567/1779/1417 1569/1781/1417
f 1570/1782/770 1568/1780/770 1569/1781/7 1571/1783/7
f 1572/1784/1418 1570/1782/1418 1571/1783/1419 1573/1785/1419
f 1574/1786/770 1572/1784/770 1573/1785/7 1575/1787/7
f 1576/1788/1420 1574/1786/1420 1575/1787/1421 1577/1789/1421
f 1578/1790/770 1576/1788/770 1577/1789/7 1579/1791/7
f 1580/1792/1422 1578/1790/1422 1579/1791/1423 1581/1793/1423
f 1582/1794/1424 1580/1792/1424 1581/1793/1425 1583/1795/1425
f 1584/1796/1426 1582/1794/1426 1583/1795/1427 1585/1797/1427
f 1586/1798/781 1587/1799/781 1561/1773/770 1560/1772/770
f 1588/1800/1428 1586/1798/1429 1560/1772/1414 1564/1776/1413
f 1589/1801/781 1588/1800/781 1564/1776/770 1566/1778/770
f 1590/1802/1430 1589/1801/1430 1566/1778/1416 1568/1780/1416
f 1591/1803/781 1590/1802/781 1568/1780/770 1570/1782/770
f 1592/1804/1431 1591/1803/1431 1570/1782/1418 1572/1784/1418
f 1593/1805/781 1592/1804/781 1572/1784/770 1574/1786/770
f 1594/1806/1432 1593/1805/1432 1574/1786/1420 1576/1788/1420
f 1595/1807/781 1594/1806/781 1576/1788/770 1578/1790/770
f 1596/1808/1433 1595/1807/1433 1578/1790/1422 1580/1792/1422
f 1597/1809/1434 1596/1808/1434 1580/1792/1424 1582/1794/1424
f 1598/1810/1435 1597/1809/1435 1582/1794/1426 1584/1796/1426
f 1599/1811/420 1600/1812/420 1587/1799/781 1586/1798/781
f 1601/1813/1436 1599/1811/1436 1586/1798/1429 1588/1800/1428
f 1602/1814/420 1601/1813/420 1588/1800/781 1589/1801/781
f 1603/1815/1437 1602/1814/1437 1589/1801/1430 1590/1802/1430
f 1604/1816/420 1603/1815/420 1590/1802/781 1591/1803/781
f 1605/1817/1438 1604/1816/1438 1591/1803/1431 1592/1804/1431
f 1606/1818/420 1605/1817/420 1592/1804/781 1593/1805/781
f 1607/1819/1439 1606/1818/1439 1593/1805/1432 1594/1806/1432
f 1608/1820/420 1607/1819/420 1594/1806/781 1595/1807/781
f 1609/1821/1440 1608/1820/1440 1595/1807/1433 1596/1808/1433
f 1610/1822/1441 1609/1821/1441 1596/1808/1434 1597/1809/1434
f 1611/1823/1442 1610/1822/1442 1597/1809/1435 1598/1810/1435
f 1612/1824/802 1613/1825/802 1600/1812/420 1599/1811/420
f 1614/1826/1443 1612/1824/1444 1599/1811/1436 1601/1813/1436
f 1615/1827/802 1614/1826/802 1601/1813/420 1602/1814/420
f 1616/1828/1445 1615/1827/1445 1602/1814/1437 1603/1815/1437
f 1617/1829/802 1616/1828/802 1603/1815/420 1604/1816/420
f 1618/1830/1446 1617/1829/1446 1604/1816/1438 1605/1817/1438
f 1619/1831/802 1618/1830/802 1605/1817/420 1606/1818/420
f 1620/1832/1447 1619/1831/1447 1606/1818/1439 1607/1819/1439
f 1621/1833/802 1620/1832/802 1607/1819/420 1608/1820/420
f 1622/1834/1448 1621/1833/1448 1608/1820/1440 1609/1821/1440
f 1623/1835/1449 1622/1834/1449 1609/1821/1441 1610/1822/1441
f 1624/1836/1450 1623/1835/1450 1610/1822/1442 1611/1823/1442
f 1625/1837/813 1626/1838/813 1613/1825/802 1612/1824/802
f 1627/1839/1451 1625/1837/1452 1612/1824/1444 1614/1826/1443
f 1628/1840/813 1627/1839/813 1614/1826/802 1615/1827/802
f 1629/1841/1453 1628/1840/1453 1615/1827/1445 1616/1828/1445
f 1630/1842/813 1629/1841/813 1616/1828/802 1617/1829/802
f 1631/1843/1454 1630/1842/1454 1617/1829/1446 1618/1830/1446
f 1632/1844/813 1631/1843/813 1618/1830/802 1619/1831/802
f 1633/1845/1455 1632/1844/1455 1619/1831/1447 1620/1832/1447
f 1634/1846/813 1633/1845/813 1620/1832/802 1621/1833/802
f 1635/1847/1456 1634/1846/1456 1621/1833/1448 1622/1834/1448
f 1636/1848/1457 1635/1847/1457 1622/1834/1449 1623/1835/1449
f 1637/1849/1458 1636/1848/1458 1623/1835/1450 1624/1836/1450
f 1638/1850/183 1639/1851/183 1626/1838/813 1625/1837/813
f 1640/1852/1459 1638/1850/1459 1625/1837/1452 1627/1839/1451
f 1641/1853/183 1640/1852/183 1627/1839/813 1628/1840/813
f 1642/1854/1460 1641/1853/1460 1628/1840/1453 1629/1841/1453
f 1643/1855/183 1642/1854/183 1629/1841/813 1630/1842/813
f 1644/1856/1461 1643/1855/1461 1630/1842/1454 1631/1843/1454
f 1645/1857/183 1644/1856/183 1631/1843/813 1632/1844/813
f 1646/1858/1462 1645/1857/1462 1632/1844/1455 1633/1845/1455
f 1647/1859/183 1646/1858/183 1633/1845/813 1634/1846/813
f 1648/1860/1463 1647/1859/1463 1634/1846/1456 1635/1847/1456
f 1649/1861/1464 1648/1860/1464 1635/1847/1457 1636/1848/1457
f 1650/1862/1465 1649/1861/1465 1636/1848/1458 1637/1849/1458
f 1651/1863/697 1652/1864/697 1639/1851/183 1638/1850/183
f 1653/1865/1466 1651/1863/1467 1638/1850/1459 1640/1852/1459
f 1654/1866/697 1653/1865/697 1640/1852/183 1641/1853/183
f 1655/1867/1468 1654/1866/1468 1641/1853/1460 1642/1854/1460
f 1656/1868/697 1655/1867/697 1642/1854/183 1643/1855/183
f 1657/1869/1469 1656/1868/1469 1643/1855/1461 1644/1856/1461
f 1658/1870/697 1657/1869/697 1644/1856/183 1645/1857/183
f 1659/1871/1470 1658/1870/1470 1645/1857/1462 1646/1858/1462
f 1660/1872/697 1659/1871/697 1646/1858/183 1647/1859/183
f 1661/1873/1471 1660/1872/1471 1647/1859/1463 1648/1860/1463
f 1662/1874/1472 1661/1873/1472 1648/1860/1464 1649/1861/1464
f 1663/1875/1473 1662/1874/1473 1649/1861/1465 1650/1862/1465
f 1664/1876/717 1665/1877/717 1652/1864/697 1651/1863/697
f 1666/1878/1474 1664/1876/1475 1651/1863/1467 1653/1865/1466
f 1667/1879/717 1666/1878/717 1653/1865/697 1654/1866/697
f 1668/1880/1476 1667/1879/1476 1654/1866/1468 1655/1867/1468
f 1669/1881/717 1668/1880/717 1655/1867/697 1656/1868/697
f 1670/1882/1477 1669/1881/1477 1656/1868/1469 1657/1869/1469
f 1671/1883/717 1670/1882/717 1657/1869/697 1658/1870/697
f 1672/1884/1478 1671/1883/1478 1658/1870/1470 1659/1871/1470
f 1673/1885/717 1672/1884/717 1659/1871/697 1660/1872/697
f 1674/1886/1479 1673/1885/1479 1660/1872/1471 1661/1873/1471
f 1675/1887/1480 1674/1886/1480 1661/1873/1472 1662/1874/1472
f 1676/1888/1481 1675/1887/1481 1662/1874/1473 1663/1875/1473
f 1677/1889/15 1678/1890/15 1665/1877/717 1664/1876/717
f 1679/1891/1482 1677/1889/1482 1664/1876/1475 1666/1878/1474
f 1680/1892/15 1679/1891/15 1666/1878/717 1667/1879/717
f 1681/1893/1483 1680/1892/1483 1667/1879/1476 1668/1880/1476
f 1682/1894/15 1681/1893/15 1668/1880/717 1669/1881/717
f 1683/1895/1484 1682/1894/1484 1669/1881/1477 1670/1882/1477
f 1684/1896/15 1683/1895/15 1670/1882/717 1671/1883/717
f 1685/1897/1485 1684/1896/1485 1671/1883/1478 1672/1884/1478
f 1686/1898/15 1685/1897/15 1672/1884/717 1673/1885/717
f 1687/1899/1486 1686/1898/1486 1673/1885/1479 1674/1886/1479
f 1688/1900/1487 1687/1899/1487 1674/1886/1480 1675/1887/1480
f 1689/1901/1488 1688/1900/1488 1675/1887/1481 1676/1888/1481
f 1690/1902/738 1691/1903/738 1678/1890/15 1677/1889/15
f 1692/1904/1489 1690/1902/1490 1677/1889/1482 1679/1891/1482
f 1693/1905/738 1692/1904/738 1679/1891/15 1680/1892/15
f 1694/1906/1491 1693/1905/1491 1680/1892/1483 1681/1893/1483
f 1695/1907/738 1694/1906/738 1681/1893/15 1682/1894/15
f 1696/1908/1492 1695/1907/1492 1682/1894/1484 1683/1895/1484
f 1697/1909/738 1696/1908/738 1683/1895/15 1684/1896/15
f 1698/1910/1493 1697/1909/1493 1684/1896/1485 1685/1897/1485
f 1699/1911/738 1698/1910/738 1685/1897/15 1686/1898/15
f 1700/1912/1494 1699/1911/1494 1686/1898/1486 1687/1899/1486
f 1701/1913/1495 1700/1912/1495 1687/1899/1487 1688/1900/1487
f 1702/1914/1496 1701/1913/1496 1688/1900/1488 1689/1901/1488
f 1703/1915/749 1704/1916/749 1691/1903/738 1690/1902/738
f 1705/1917/1497 1703/1915/1497 1690/1902/1490 1692/1904/1489
f 1706/1918/749 1705/1917/749 1692/1904/738 1693/1905/738
f 1707/1919/1498 1706/1918/1498 1693/1905/1491 1694/1906/1491
f 1708/1920/749 1707/1919/749 1694/1906/738 1695/1907/738
f 1709/1921/1499 1708/1920/1499 1695/1907/1492 1696/1908/1492
f 1710/1922/749 1709/1921/749 1696/1908/738 1697/1909/738
f 1711/1923/1500 1710/1922/1500 1697/1909/1493 1698/1910/1493
f 1712/1924/749 1711/1923/749 1698/1910/738 1699/1911/738
f 1713/1925/1501 1712/1924/1501 1699/1911/1494 1700/1912/1494
f 1714/1926/1502 1713/1925/1502 1700/1912/1495 1701/1913/1495
f 1715/1927/1503 1714/1926/1503 1701/1913/1496 1702/1914/1496
f 1563/1928/7 1562/1929/7 1704/1916/749 1703/1915/749
f 1565/1930/1415 1563/1928/1415 1703/1915/1497 1705/1917/1497
f 1567/1931/7 1565/1930/7 1705/1917/749 1706/1918/749
f 1569/1932/1417 1567/1931/1417 1706/1918/1498 1707/1919/1498
f 1571/1933/7 1569/1932/7 1707/1919/749 1708/1920/749
f 1573/1934/1419 1571/1933/1419 1708/1920/1499 1709/1921/1499
f 1575/1935/7 1573/1934/7 1709/1921/749 1710/1922/749
f 1577/1936/1421 1575/1935/1421 1710/1922/1500 1711/1923/1500
f 1579/1937/7 1577/1936/7 1711/1923/749 1712/1924/749
f 1581/1938/1423 1579/1937/1423 1712/1924/1501 1713/1925/1501
f 1583/1939/1425 1581/1938/1425 1713/1925/1502 1714/1926/1502
f 1585/1940/1427 1583/1939/1427 1714/1926/1503 1715/1927/1503
f 1562/1941/1504 1561/1942/1505 1716/1943/1505 1717/1944/1504
f 1561/1942/1505 1587/1945/1506 1718/1946/1506 1716/1943/1505
f 1587/1945/1506 1600/1947/1507 1719/1948/1507 1718/1946/1506
f 1600/1947/1507 1613/1949/1508 1720/1950/1508 1719/1948/1507
f 1613/1949/1508 1626/1951/1509 1721/1952/1509 1720/1950/1508
f 1626/1951/1509 1639/1953/1510 1722/1954/1510 1721/1952/1509
f 1639/1953/1510 1652/1955/1511 1723/1956/1511 1722/1954/1510
f 1652/1955/1511 1665/1957/1512 1724/1958/1512 1723/1956/1511
f 1665/1957/1512 1678/1959/1513 1725/1960/1513 1724/1958/1512
f 1678/1959/1513 1691/1961/1514 1726/1962/1514 1725/1960/1513
f 1691/1961/1514 1704/1963/1515 1727/1964/1515 1726/1962/1514
f 1704/1963/1515 1562/1941/1504 1717/1944/1504 1727/1964/1515
f 1717/1944/1516 1716/1943/1517 1728/1965/1517 1729/1966/1516
f 1716/1943/1517 1718/1946/1518 1730/1967/1518 1728/1965/1517
f 1718/1946/1518 1719/1948/1519 1731/1968/1519 1730/1967/1518
f 1719/1948/1519 1720/1950/1520 1732/1969/1520 1731/1968/1519
f 1720/1950/1520 1721/1952/1521 1733/1970/1521 1732/1969/1520
f 1721/1952/1521 1722/1954/1522 1734/1971/1522 1733/1970/1521
f 1722/1954/1522 1723/1956/1523 1735/1972/1523 1734/1971/1522
f 1723/1956/1523 1724/1958/1524 1736/1973/1524 1735/1972/1523
f 1724/1958/1524 1725/1960/1525 1737/1974/1525 1736/1973/1524
f 1725/1960/1525 1726/1962/1526 1738/1975/1526 1737/1974/1525
f 1726/1962/1526 1727/1964/1527 1739/1976/1527 1738/1975/1526
f 1727/1964/1527 1717/1944/1516 1729/1966/1516 1739/1976/1527
f 1729/1966/183 1728/1965/697 1740/1965/1528 1741/1966/1529
f 1728/1965/697 1730/1967/717 1742/1967/1530 1740/1965/1528
f 1730/1967/717 1731/1968/15 1743/1968/1531 1742/1967/1530
f 1731/1968/15 1732/1969/738 1744/1969/1532 1743/1968/1531
f 1732/1969/738 1733/1970/749 1745/1970/1533 1744/1969/1532
f 1733/1970/749 1734/1971/7 1746/1971/1534 1745/1970/1533
f 1734/1971/7 1735/1972/770 1747/1972/1535 1746/1971/1534
f 1735/1972/770 1736/1973/781 1748/1973/1536 1747/1972/1535
f 1736/1973/781 1737/1974/420 1749/1974/1537 1748/1973/1536
f 1737/1974/420 1738/1975/802 1750/1975/1538 1749/1974/1537
f 1738/1975/802 1739/1976/813 1751/1976/1539 1750/1975/1538
f 1739/1976/813 1729/1966/183 1741/1966/1529 1751/1976/1539
f 1750/1975/1538 1751/1976/1539 1741/1966/1529 1740/1965/1528 1742/1967/1530 1743/1968/1531 1744/1969/1532 1745/1970/1533 1746/1971/1534 1747/1972/1535 1748/1973/1536 1749/1974/1537
f 1752/1977/124 1753/1978/124 1754/1979/1540 1755/1980/1541
f 1756/1981/1542 1757/1982/1543 1758/1983/403 1759/1984/403
f 1756/1981/1542 1760/1985/1544 1761/1986/7 1757/1982/1543
f 1762/1987/124 1752/1977/124 1755/1980/1541 1763/1988/1545
f 1764/1989/1546 1756/1981/1542 1759/1984/403 1765/1990/403
f 1764/1989/1546 1766/1991/1547 1760/1985/1544 1756/1981/1542
f 1767/1992/124 1762/1987/124 1763/1988/1545 1768/1993/1548
f 1769/1994/1549 1764/1989/1546 1765/1990/403 1770/1995/403
f 1769/1994/1549 1771/1996/1550 1766/1991/1547 1764/1989/1546
f 1772/1997/124 1767/1992/124 1768/1993/1548 1773/1998/1551
f 1774/1999/1552 1769/1994/1549 1770/1995/403 1775/2000/403
f 1774/1999/1552 1776/2001/1553 1771/1996/1550 1769/1994/1549
f 1777/2002/1554 1778/2003/124 1772/1997/124 1773/1998/1551
f 1775/2000/403 1779/2004/403 1780/2005/1555 1774/1999/1552
f 1780/2005/1555 1781/2006/1556 1776/2001/1553 1774/1999/1552
f 1782/2007/124 1783/2008/1557 1784/2009/1558 1785/2010/124
f 1786/2011/1559 1787/2012/403 1788/2013/403 1789/2014/1560
f 1790/2015/1561 1791/2016/1562 1784/2009/1558 1783/2008/1557
f 1777/2002/1554 1783/2008/1557 1782/2007/124 1778/2003/124
f 1779/2004/403 1787/2012/403 1786/2011/1559 1780/2005/1555
f 1786/2011/1559 1790/2015/1561 1781/2006/1556 1780/2005/1555
f 1755/1980/1541 1754/1979/1540 1761/1986/7 1760/1985/1544
f 1763/1988/1545 1755/1980/1541 1760/1985/1544 1766/1991/1547
f 1768/1993/1548 1763/1988/1545 1766/1991/1547 1771/1996/1550
f 1773/1998/1551 1768/1993/1548 1771/1996/1550 1776/2001/1553
f 1777/2002/1554 1773/1998/1551 1776/2001/1553 1781/2006/1556
f 1786/2011/1559 1789/2014/1560 1791/2016/1562 1790/2015/1561
f 1783/2008/1557 1777/2002/1554 1781/2006/1556 1790/2015/1561
f 1792/2017/124 1793/2018/1563 1754/1979/1540 1753/1978/124
f 1794/2019/1564 1795/2020/403 1758/1983/403 1757/1982/1543
f 1794/2019/1564 1757/1982/1543 1761/1986/7 1796/2021/1565
f 1797/2022/124 1798/2023/1566 1793/2018/1563 1792/2017/124
f 1799/2024/1567 1800/2025/403 1795/2020/403 1794/2019/1564
f 1799/2024/1567 1794/2019/1564 1796/2021/1565 1801/2026/1568
f 1802/2027/124 1803/2028/1569 1798/2023/1566 1797/2022/124
f 1804/2029/1570 1805/2030/403 1800/2025/403 1799/2024/1567
f 1804/2029/1570 1799/2024/1567 1801/2026/1568 1806/2031/1571
f 1807/2032/124 1808/2033/1572 1803/2028/1569 1802/2027/124
f 1809/2034/1573 1810/2035/403 1805/2030/403 1804/2029/1570
f 1809/2034/1573 1804/2029/1570 1806/2031/1571 1811/2036/1574
f 1812/2037/1575 1808/2033/1572 1807/2032/124 1813/2038/124
f 1810/2035/403 1809/2034/1573 1814/2039/1576 1815/2040/403
f 1814/2039/1576 1809/2034/1573 1811/2036/1574 1816/2041/1577
f 1817/2042/124 1785/2043/124 1784/2044/1558 1818/2045/1252
f 1819/2046/1578 1789/2047/1560 1788/2048/403 1820/2049/403
f 1821/2050/1253 1818/2045/1252 1784/2044/1558 1791/2051/1562
f 1812/2037/1575 1813/2038/124 1817/2042/124 1818/2045/1252
f 1815/2040/403 1814/2039/1576 1819/2046/1578 1820/2049/403
f 1819/2046/1578 1814/2039/1576 1816/2041/1577 1821/2050/1253
f 1793/2018/1563 1796/2021/1565 1761/1986/7 1754/1979/1540
f 1798/2023/1566 1801/2026/1568 1796/2021/1565 1793/2018/1563
f 1803/2028/1569 1806/2031/1571 1801/2026/1568 1798/2023/1566
f 1808/2033/1572 1811/2036/1574 1806/2031/1571 1803/2028/1569
f 1812/2037/1575 1816/2041/1577 1811/2036/1574 1808/2033/1572
f 1819/2046/1578 1821/2050/1253 1791/2051/1562 1789/2047/1560
f 1818/2045/1252 1821/2050/1253 1816/2041/1577 1812/2037/1575
f 1822/2052/124 1823/2053/124 1824/2054/1540 1825/2055/1579
f 1826/2056/1542 1827/2057/1543 1828/2058/403 1829/2059/403
f 1826/2056/1542 1830/2060/1580 1831/2061/7 1827/2057/1543
f 1832/2062/124 1822/2052/124 1825/2055/1579 1833/2063/1545
f 1834/2064/1546 1826/2056/1542 1829/2059/403 1835/2065/403
f 1834/2064/1546 1836/2066/1547 1830/2060/1580 1826/2056/1542
f 1837/2067/124 1832/2062/124 1833/2063/1545 1838/2068/1548
f 1839/2069/1549 1834/2064/1546 1835/2065/403 1840/2070/403
f 1839/2069/1549 1841/2071/1550 1836/2066/1547 1834/2064/1546
f 1842/2072/124 1837/2067/124 1838/2068/1548 1843/2073/1581
f 1844/2074/1582 1839/2069/1549 1840/2070/403 1845/2075/403
f 1844/2074/1582 1846/2076/1583 1841/2071/1550 1839/2069/1549
f 1847/2077/1584 1848/2078/124 1842/2072/124 1843/2073/1581
f 1845/2075/403 1849/2079/403 1850/2080/1585 1844/2074/1582
f 1850/2080/1585 1851/2081/1586 1846/2076/1583 1844/2074/1582
f 1852/2082/124 1853/2083/1587 1854/2084/1588 1855/2085/124
f 1856/2086/1559 1857/2087/403 1858/2088/403 1859/2089/1560
f 1860/2090/1589 1861/2091/1562 1854/2084/1588 1853/2083/1587
f 1847/2077/1584 1853/2083/1587 1852/2082/124 1848/2078/124
f 1849/2079/403 1857/2087/403 1856/2086/1559 1850/2080/1585
f 1856/2086/1559 1860/2090/1589 1851/2081/1586 1850/2080/1585
f 1825/2055/1579 1824/2054/1540 1831/2061/7 1830/2060/1580
f 1833/2063/1545 1825/2055/1579 1830/2060/1580 1836/2066/1547
f 1838/2068/1548 1833/2063/1545 1836/2066/1547 1841/2071/1550
f 1843/2073/1581 1838/2068/1548 1841/2071/1550 1846/2076/1583
f 1847/2077/1584 1843/2073/1581 1846/2076/1583 1851/2081/1586
f 1856/2086/1559 1859/2089/1560 1861/2091/1562 1860/2090/1589
f 1853/2083/1587 1847/2077/1584 1851/2081/1586 1860/2090/1589
f 1862/2092/124 1863/2093/1563 1824/2054/1540 1823/2053/124
f 1864/2094/1590 1865/2095/403 1828/2058/403 1827/2057/1543
f 1864/2094/1590 1827/2057/1543 1831/2061/7 1866/2096/1591
f 1867/2097/124 1868/2098/1566 1863/2093/1563 1862/2092/124
f 1869/2099/1567 1870/2100/403 1865/2095/403 1864/2094/1590
f 1869/2099/1567 1864/2094/1590 1866/2096/1591 1871/2101/1568
f 1872/2102/124 1873/2103/1569 1868/2098/1566 1867/2097/124
f 1874/2104/1570 1875/2105/403 1870/2100/403 1869/2099/1567
f 1874/2104/1570 1869/2099/1567 1871/2101/1568 1876/2106/1571
f 1877/2107/124 1878/2108/1592 1873/2103/1569 1872/2102/124
f 1879/2109/1593 1880/2110/403 1875/2105/403 1874/2104/1570
f 1879/2109/1593 1874/2104/1570 1876/2106/1571 1881/2111/1594
f 1882/2112/1255 1878/2108/1592 1877/2107/124 1883/2113/124
f 1880/2110/403 1879/2109/1593 1884/2114/1595 1885/2115/403
f 1884/2114/1595 1879/2109/1593 1881/2111/1594 1886/2116/1596
f 1887/2117/124 1855/2118/124 1854/2119/1588 1888/2120/1252
f 1889/2121/1578 1859/2122/1560 1858/2123/403 1890/2124/403
f 1891/2125/1253 1888/2120/1252 1854/2119/1588 1861/2126/1562
f 1882/2112/1255 1883/2113/124 1887/2117/124 1888/2120/1252
f 1885/2115/403 1884/2114/1595 1889/2121/1578 1890/2124/403
f 1889/2121/1578 1884/2114/1595 1886/2116/1596 1891/2125/1253
f 1863/2093/1563 1866/2096/1591 1831/2061/7 1824/2054/1540
f 1868/2098/1566 1871/2101/1568 1866/2096/1591 1863/2093/1563
f 1873/2103/1569 1876/2106/1571 1871/2101/1568 1868/2098/1566
f 1878/2108/1592 1881/2111/1594 1876/2106/1571 1873/2103/1569
f 1882/2112/1255 1886/2116/1596 1881/2111/1594 1878/2108/1592
f 1889/2121/1578 1891/2125/1253 1861/2126/1562 1859/2122/1560
f 1888/2120/1252 1891/2125/1253 1886/2116/1596 1882/2112/1255
f 1892/2127/124 1893/2128/124 1894/2129/1540 1895/2130/1579
f 1896/2131/1542 1897/2132/1543 1898/2133/403 1899/2134/403
f 1896/2131/1542 1900/2135/1580 1901/2136/7 1897/2132/1543
f 1902/2137/124 1892/2127/124 1895/2130/1579 1903/2138/1545
f 1904/2139/1546 1896/2131/1542 1899/2134/403 1905/2140/403
f 1904/2139/1546 1906/2141/1547 1900/2135/1580 1896/2131/1542
f 1907/2142/124 1902/2137/124 1903/2138/1545 1908/2143/1548
f 1909/2144/1549 1904/2139/1546 1905/2140/403 1910/2145/403
f 1909/2144/1549 1911/2146/1550 1906/2141/1547 1904/2139/1546
f 1912/2147/124 1907/2142/124 1908/2143/1548 1913/2148/1581
f 1914/2149/1597 1909/2144/1549 1910/2145/403 1915/2150/403
f 1914/2149/1597 1916/2151/1583 1911/2146/1550 1909/2144/1549
f 1917/2152/1584 1918/2153/124 1912/2147/124 1913/2148/1581
f 1915/2150/403 1919/2154/403 1920/2155/1585 1914/2149/1597
f 1920/2155/1585 1921/2156/1598 1916/2151/1583 1914/2149/1597
f 1922/2157/124 1923/2158/1557 1924/2159/1588 1925/2160/124
f 1926/2161/1559 1927/2162/403 1928/2163/403 1929/2164/1599
f 1930/2165/1600 1931/2166/1562 1924/2159/1588 1923/2158/1557
f 1917/2152/1584 1923/2158/1557 1922/2157/124 1918/2153/124
f 1919/2154/403 1927/2162/403 1926/2161/1559 1920/2155/1585
f 1926/2161/1559 1930/2165/1600 1921/2156/1598 1920/2155/1585
f 1895/2130/1579 1894/2129/1540 1901/2136/7 1900/2135/1580
f 1903/2138/1545 1895/2130/1579 1900/2135/1580 1906/2141/1547
f 1908/2143/1548 1903/2138/1545 1906/2141/1547 1911/2146/1550
f 1913/2148/1581 1908/2143/1548 1911/2146/1550 1916/2151/1583
f 1917/2152/1584 1913/2148/1581 1916/2151/1583 1921/2156/1598
f 1926/2161/1559 1929/2164/1599 1931/2166/1562 1930/2165/1600
f 1923/2158/1557 1917/2152/1584 1921/2156/1598 1930/2165/1600
f 1932/2167/124 1933/2168/1563 1894/2129/1540 1893/2128/124
f 1934/2169/1564 1935/2170/403 1898/2133/403 1897/2132/1543
f 1934/2169/1564 1897/2132/1543 1901/2136/7 1936/2171/1591
f 1937/2172/124 1938/2173/1566 1933/2168/1563 1932/2167/124
f 1939/2174/1567 1940/2175/403 1935/2170/403 1934/2169/1564
f 1939/2174/1567 1934/2169/1564 1936/2171/1591 1941/2176/1568
f 1942/2177/124 1943/2178/1569 1938/2173/1566 1937/2172/124
f 1944/2179/1570 1945/2180/403 1940/2175/403 1939/2174/1567
f 1944/2179/1570 1939/2174/1567 1941/2176/1568 1946/2181/1571
f 1947/2182/124 1948/2183/1592 1943/2178/1569 1942/2177/124
f 1949/2184/1601 1950/2185/403 1945/2180/403 1944/2179/1570
f 1949/2184/1601 1944/2179/1570 1946/2181/1571 1951/2186/1594
f 1952/1595/1255 1948/2183/1592 1947/2182/124 1953/2187/124
f 1950/2185/403 1949/2184/1601 1954/2188/1595 1955/2189/403
f 1954/2188/1595 1949/2184/1601 1951/2186/1594 1956/1594/1254
f 1957/2190/124 1925/2191/124 1924/2192/1588 1958/1592/1252
f 1959/2193/1578 1929/2194/1599 1928/2195/403 1960/2196/403
f 1961/1593/1253 1958/1592/1252 1924/2192/1588 1931/2197/1562
f 1952/1595/1255 1953/2187/124 1957/2190/124 1958/1592/1252
f 1955/2189/403 1954/2188/1595 1959/2193/1578 1960/2196/403
f 1959/2193/1578 1954/2188/1595 1956/1594/1254 1961/1593/1253
f 1933/2168/1563 1936/2171/1591 1901/2136/7 1894/2129/1540
f 1938/2173/1566 1941/2176/1568 1936/2171/1591 1933/2168/1563
f 1943/2178/1569 1946/2181/1571 1941/2176/1568 1938/2173/1566
f 1948/2183/1592 1951/2186/1594 1946/2181/1571 1943/2178/1569
f 1952/1595/1255 1956/1594/1254 1951/2186/1594 1948/2183/1592
f 1959/2193/1578 1961/1593/1253 1931/2197/1562 1929/2194/1599
f 1403/2198/1602 1405/1715/1276 1503/1705/1387
