# Blender 5.1.2
# www.blender.org
mtllib m110_a2.mtl
o m1
v -3.190400 -0.026450 6.410200
v -3.190400 -0.037050 6.534100
v -3.190400 0.173350 6.370200
v -3.190400 0.209250 6.489100
v -3.190400 0.342750 6.257000
v -3.190400 0.423150 6.352300
v -3.190400 0.455950 6.087600
v -3.190400 0.566550 6.145400
v -3.190400 0.495650 5.887800
v -3.190400 0.621750 5.887800
v -2.163000 0.173350 6.370200
v -3.190400 -0.026450 6.410200
v -3.190400 0.173350 6.370200
v -2.163000 -0.037050 6.534100
v -3.190400 0.209250 6.489100
v -2.163000 0.209250 6.489100
v -3.190400 0.209250 6.489100
v -2.163000 -0.037050 6.534100
v -3.190400 -0.037050 6.534100
v -2.163000 0.342750 6.257000
v -3.190400 0.173350 6.370200
v -2.163000 0.173350 6.370200
v -3.190400 0.173350 6.370200
v -2.163000 0.342750 6.257000
v -3.190400 0.342750 6.257000
v -2.163000 0.209250 6.489100
v -3.190400 0.423150 6.352300
v -2.163000 0.423150 6.352300
v -3.190400 0.423150 6.352300
v -2.163000 0.209250 6.489100
v -3.190400 0.209250 6.489100
v -2.163000 0.423150 6.352300
v -3.190400 0.566550 6.145400
v -2.163000 0.566550 6.145400
v -3.190400 0.566550 6.145400
v -2.163000 0.423150 6.352300
v -3.190400 0.423150 6.352300
v -3.190400 0.621750 5.887800
v -2.163000 0.566550 6.145400
v -3.190400 0.566550 6.145400
v -1.771900 -0.068351 -4.313900
v -2.150800 0.879749 -4.313900
v -2.146600 -0.223251 -4.313900
v -1.774000 0.879749 -4.313900
v -1.516400 -0.068351 -4.313900
v -1.516400 -0.223251 -4.313900
v -2.146600 -0.496851 -4.163600
v 1.472900 -0.223251 -4.313900
v 2.103100 -0.496851 -4.163600
v 2.103100 -0.616551 -3.973600
v -2.146600 -0.616551 -3.973600
v 2.103100 -0.223251 -4.313900
v 1.472900 -0.068351 -4.313900
v 1.728300 -0.068351 -4.313900
v 2.107300 0.879749 -4.313900
v 1.730500 0.879749 -4.313900
v -2.668900 1.506249 -0.335800
v -1.972400 1.506249 0.140800
v -2.155000 1.513650 3.482000
v -1.275900 1.506249 0.510700
v -0.648800 1.506249 0.698200
v -0.021800 1.506249 0.761100
v 2.111500 1.513650 3.482000
v 0.605300 1.506249 0.698200
v 1.232300 1.506249 0.510700
v 1.928800 1.506249 0.140800
v 2.625300 1.506249 -0.335800
v 3.085100 1.513650 3.482000
v 3.080400 1.506249 -0.633700
v 3.193500 1.506249 -0.633700
v 3.193500 1.513650 3.482000
v -3.128600 1.513650 3.482000
v -3.123900 1.506249 -0.633700
v -3.237000 1.506249 -0.633700
v -3.237000 1.513650 3.482000
v -2.146600 -0.223251 -4.313900
v -2.150800 0.879749 -4.313900
v -2.146600 -0.496851 -4.163600
v -2.146600 -0.616551 -3.973600
v -2.146600 0.975550 5.254800
v -2.146600 -0.616550 5.727700
v -2.146600 0.704250 6.203700
v -2.146600 -0.529750 6.020000
v -2.146600 -0.293550 6.215300
v -2.146600 -0.377050 6.199500
v -2.146600 0.753550 6.186100
v -3.237000 0.879749 -4.312200
v -3.237000 1.353649 -4.147300
v -3.237000 1.353649 -0.818700
v -3.237000 0.912949 -4.379700
v -3.237000 1.513650 3.482000
v -3.237000 0.721350 5.815300
v -3.237000 0.817350 5.997600
v -3.237000 0.727650 5.997600
v -3.237000 0.753550 6.186100
v -3.237000 0.684950 6.180000
v -3.237000 1.506249 -0.633700
v -2.146600 0.753550 6.186100
v -3.128600 1.513650 3.482000
v -2.155000 1.513650 3.482000
v -3.168800 0.753550 6.186100
v -3.237000 0.817350 5.997600
v -3.237000 0.753550 6.186100
v -3.237000 1.513650 3.482000
v 2.103100 0.753550 6.186100
v 2.111500 1.513650 3.482000
v 3.085100 1.513650 3.482000
v 3.125300 0.753550 6.186100
v 3.193500 0.817350 5.997600
v 3.193500 1.513650 3.482000
v 3.193500 0.753550 6.186100
v -3.168800 0.721350 5.831700
v -3.168800 0.756850 5.812500
v -3.123900 0.879749 -4.312400
v -3.168800 0.727650 5.997600
v -3.168800 0.753550 6.186100
v -3.168800 0.684950 6.180000
v -3.168800 0.756850 5.812500
v -2.146600 0.753550 6.186100
v -2.146600 0.975550 5.254800
v -3.168800 0.753550 6.186100
v -2.150800 0.879749 -4.313900
v -3.123900 0.879749 -4.312400
v -3.237000 0.727650 5.997600
v -3.168800 0.684950 6.180000
v -3.168800 0.727650 5.997600
v -3.237000 0.684950 6.180000
v -3.237000 0.721350 5.815300
v -3.168800 0.721350 5.831700
v -3.123900 0.879749 -4.312400
v -3.237000 0.879749 -4.312200
v -3.168800 0.753550 6.186100
v -3.237000 0.684950 6.180000
v -3.237000 0.753550 6.186100
v -3.168800 0.684950 6.180000
v -3.123900 1.506249 -0.633700
v -3.237000 1.353649 -0.818700
v -3.123900 1.353649 -0.818700
v -3.237000 1.506249 -0.633700
v -3.124000 1.353649 -4.147300
v -3.237000 1.353649 -0.818700
v -3.237000 1.353649 -4.147300
v -3.123900 1.353649 -0.818700
v -3.123900 1.104149 -0.633700
v -3.124000 1.353649 -4.147300
v -3.123900 1.104149 -3.989900
v -3.123900 1.353649 -0.818700
v -3.123900 1.506249 -0.633700
v -3.123900 0.879749 -4.312400
v -3.124000 0.912949 -4.379900
v -2.668900 1.104149 -0.335800
v -1.972400 1.506249 0.140800
v -2.668900 1.506249 -0.335800
v -1.972400 1.104149 0.140800
v -1.275900 1.506249 0.510700
v -1.275900 1.104149 0.510700
v -0.648800 1.506249 0.698200
v -0.648800 1.104149 0.698200
v -0.021800 1.104149 0.760900
v -0.021800 1.506249 0.761100
v 0.605300 1.506249 0.698200
v 0.605300 1.104149 0.698200
v 1.232300 1.104149 0.510700
v 1.232300 1.506249 0.510700
v 1.928800 1.104149 0.140800
v 1.928800 1.506249 0.140800
v 2.625300 1.104149 -0.335800
v 2.625300 1.506249 -0.335800
v 3.080400 1.104149 -0.633700
v 3.080400 1.506249 -0.633700
v -3.123900 0.879749 -4.312400
v -1.770100 1.104149 -3.989900
v -3.123900 1.104149 -3.989900
v -2.150800 0.879749 -4.313900
v -1.774000 0.879749 -4.313900
v -3.237000 0.912949 -4.379700
v -3.124000 1.353649 -4.147300
v -3.237000 1.353649 -4.147300
v -3.124000 0.912949 -4.379900
v -3.123900 1.104149 -0.633700
v -3.123900 1.506249 -0.633700
v -1.771900 1.104149 -4.618200
v -1.771900 -0.068351 -4.618200
v -1.516400 -0.068351 -4.618200
v 1.472900 -0.068351 -4.618200
v 1.728300 1.104149 -4.618200
v 1.728300 -0.068351 -4.618200
v 1.472900 -0.223251 -4.618200
v -1.516400 -0.223251 -4.618200
v -1.516400 -0.068351 -4.618200
v -1.516400 -0.223251 -4.313900
v -1.516400 -0.223251 -4.618200
v -1.516400 -0.068351 -4.313900
v -1.771900 -0.068351 -4.618200
v -1.516400 -0.068351 -4.313900
v -1.516400 -0.068351 -4.618200
v -1.771900 -0.068351 -4.313900
v -1.771900 1.104149 -4.618200
v -1.771900 -0.068351 -4.313900
v -1.771900 -0.068351 -4.618200
v -1.774000 0.879749 -4.313900
v -1.770100 1.104149 -3.989900
v 2.103100 -0.223251 -4.313900
v 2.103100 -0.496851 -4.163600
v 2.107300 0.879749 -4.313900
v 2.103100 -0.616551 -3.973600
v 2.103100 0.975550 5.254800
v 2.103100 -0.616550 5.727700
v 2.103100 0.704250 6.203700
v 2.103100 -0.529750 6.020000
v 2.103100 -0.293550 6.215300
v 2.103100 0.753550 6.186100
v 3.193500 0.879749 -4.312200
v 3.193500 1.353649 -0.818700
v 3.193500 1.353649 -4.147300
v 3.193500 1.513650 3.482000
v 3.193500 0.721350 5.815300
v 3.193500 0.817350 5.997600
v 3.193500 0.727650 5.997600
v 3.193500 0.753550 6.186100
v 3.193500 0.684950 6.180000
v 3.193500 1.506249 -0.633700
v 3.193500 0.912949 -4.379700
v 3.125300 0.721350 5.831700
v 3.080400 0.879749 -4.312400
v 3.125300 0.756850 5.812500
v 3.125300 0.727650 5.997600
v 3.125300 0.753550 6.186100
v 3.125300 0.684950 6.180000
v 3.125300 0.756850 5.812500
v 2.103100 0.753550 6.186100
v 3.125300 0.753550 6.186100
v 2.103100 0.975550 5.254800
v 2.107300 0.879749 -4.313900
v 3.080400 0.879749 -4.312400
v 2.103100 -0.616551 -3.973600
v -2.146600 -0.616550 5.727700
v 2.103100 -0.616550 5.727700
v -2.146600 -0.616551 -3.973600
v 2.103100 -0.293550 6.215300
v -2.146600 -0.377050 6.199500
v -2.146600 -0.293550 6.215300
v 2.103100 -0.377050 6.199500
v -2.146600 -0.529750 6.020000
v 2.103100 -0.529750 6.020000
v -2.146600 -0.616550 5.727700
v 2.103100 -0.616550 5.727700
v 2.103100 0.704250 6.203700
v -2.146600 0.704250 6.203700
v 2.103100 0.753550 6.186100
v -2.146600 0.753550 6.186100
v 3.193500 0.727650 5.997600
v 3.125300 0.684950 6.180000
v 3.193500 0.684950 6.180000
v 3.125300 0.727650 5.997600
v 3.193500 0.721350 5.815300
v 3.125300 0.721350 5.831700
v 3.080400 0.879749 -4.312400
v 3.193500 0.879749 -4.312200
v 3.125300 0.753550 6.186100
v 3.193500 0.684950 6.180000
v 3.125300 0.684950 6.180000
v 3.193500 0.753550 6.186100
v 3.080400 1.506249 -0.633700
v 3.193500 1.353649 -0.818700
v 3.193500 1.506249 -0.633700
v 3.080400 1.353649 -0.818700
v 3.080400 1.353649 -4.147300
v 3.193500 1.353649 -0.818700
v 3.080400 1.353649 -0.818700
v 3.193500 1.353649 -4.147300
v 3.080400 1.104149 -0.633700
v 3.080400 1.353649 -4.147300
v 3.080400 1.353649 -0.818700
v 3.080400 1.104149 -3.989900
v 3.080400 0.879749 -4.312400
v 3.080400 0.912949 -4.379900
v 3.080400 1.506249 -0.633700
v 3.080400 0.879749 -4.312400
v 1.726500 1.104149 -3.989900
v 2.107300 0.879749 -4.313900
v 3.080400 1.104149 -3.989900
v 1.730500 0.879749 -4.313900
v 3.193500 0.912949 -4.379700
v 3.080400 1.353649 -4.147300
v 3.080400 0.912949 -4.379900
v 3.193500 1.353649 -4.147300
v 1.726500 1.104149 -3.989900
v 3.080400 1.104149 -3.989900
v 3.080400 1.104149 -0.633700
v -3.123900 1.104149 -0.633700
v -1.770100 1.104149 -3.989900
v -3.123900 1.104149 -3.989900
v 1.728300 1.104149 -4.618200
v -1.771900 1.104149 -4.618200
v 2.625300 1.104149 -0.335800
v -2.668900 1.104149 -0.335800
v -1.972400 1.104149 0.140800
v 1.928800 1.104149 0.140800
v -1.275900 1.104149 0.510700
v 1.232300 1.104149 0.510700
v -0.648800 1.104149 0.698200
v 0.605300 1.104149 0.698200
v -0.021800 1.104149 0.760900
v 1.472900 -0.223251 -4.618200
v -1.516400 -0.223251 -4.313900
v 1.472900 -0.223251 -4.313900
v -1.516400 -0.223251 -4.618200
v 1.472900 -0.068351 -4.618200
v 1.472900 -0.223251 -4.313900
v 1.472900 -0.068351 -4.313900
v 1.472900 -0.223251 -4.618200
v 1.728300 -0.068351 -4.618200
v 1.472900 -0.068351 -4.313900
v 1.728300 -0.068351 -4.313900
v 1.472900 -0.068351 -4.618200
v 1.728300 1.104149 -4.618200
v 1.728300 -0.068351 -4.313900
v 1.730500 0.879749 -4.313900
v 1.728300 -0.068351 -4.618200
v 1.726500 1.104149 -3.989900
v -2.364500 1.816749 -2.470200
v -2.960400 1.816749 -4.395800
v -2.364500 1.816749 -4.395800
v -2.960400 1.816749 -2.470200
v -2.813000 1.816749 -2.365000
v -2.512000 1.816749 -2.365000
v -2.355500 1.748949 -2.440900
v -2.507400 1.748949 -2.332400
v -2.817600 1.748949 -2.332400
v -2.969500 1.748949 -2.440900
v -2.969500 1.748949 -4.425100
v -2.969500 1.748949 -2.440900
v -2.512000 1.816749 -4.501100
v -2.813000 1.816749 -4.501100
v -2.969500 1.748949 -4.425100
v -2.817600 1.748949 -4.533600
v -2.507400 1.748949 -4.533600
v -2.355500 1.748949 -4.425100
v -2.355500 1.748949 -4.425100
v -2.355500 1.748949 -2.440900
v -2.795800 1.889149 -0.587200
v -2.753300 1.839849 -0.586800
v -2.730000 1.857349 -0.571500
v -2.802500 1.871650 -0.595900
v -2.715400 1.614450 -0.627600
v -2.689600 1.615249 -0.614600
v -2.717200 1.304250 -0.631300
v -2.691400 1.306350 -0.618200
v -2.680700 1.155349 -0.650700
v -2.655500 1.159849 -0.637300
v -2.802500 1.871650 -0.595900
v -2.751600 1.841650 -0.557300
v -2.753300 1.839849 -0.586800
v -2.805400 1.874949 -0.575700
v -2.713800 1.611850 -0.598800
v -2.715400 1.614450 -0.627600
v -2.715600 1.302449 -0.602500
v -2.717200 1.304250 -0.631300
v -2.678800 1.152149 -0.622100
v -2.680700 1.155349 -0.650700
v -2.805400 1.874949 -0.575700
v -2.730000 1.857349 -0.571500
v -2.751600 1.841650 -0.557300
v -2.795800 1.889149 -0.587200
v -2.689600 1.615249 -0.614600
v -2.713800 1.611850 -0.598800
v -2.691400 1.306350 -0.618200
v -2.715600 1.302449 -0.602500
v -2.655500 1.159849 -0.637300
v -2.678800 1.152149 -0.622100
v -2.678800 1.152149 -0.622100
v -2.655500 1.159849 -0.637300
v -2.680700 1.155349 -0.650700
v -2.858700 1.871349 -0.581500
v -2.829100 1.804549 -0.616800
v -2.829100 1.871449 -0.616800
v -2.858700 1.804449 -0.581500
v -2.813300 1.871449 -0.573500
v -2.858700 1.804449 -0.581500
v -2.858700 1.871349 -0.581500
v -2.813300 1.804649 -0.573500
v -2.829100 1.871449 -0.616800
v -2.813300 1.804649 -0.573500
v -2.813300 1.871449 -0.573500
v -2.829100 1.804549 -0.616800
v -2.850400 1.890749 -0.636200
v -2.881500 1.868049 -0.599000
v -2.850300 1.868150 -0.636200
v -2.881600 1.890649 -0.599000
v -2.864900 1.868150 -0.553400
v -2.865000 1.890749 -0.553400
v -2.817100 1.868349 -0.544900
v -2.817100 1.890849 -0.544900
v -2.785800 1.868349 -0.582100
v -2.785900 1.890949 -0.582100
v -2.802400 1.868349 -0.627800
v -2.802500 1.890849 -0.627800
v -2.785900 1.890949 -0.582100
v -2.785800 1.868349 -0.582100
v -2.881500 1.868049 -0.599000
v -2.802400 1.868349 -0.627800
v -2.850300 1.868150 -0.636200
v -2.864900 1.868150 -0.553400
v -2.785800 1.868349 -0.582100
v -2.817100 1.868349 -0.544900
v -2.850400 1.890749 -0.636200
v -2.802500 1.890849 -0.627800
v -2.881600 1.890649 -0.599000
v -2.865000 1.890749 -0.553400
v -2.785900 1.890949 -0.582100
v -2.817100 1.890849 -0.544900
v -2.800900 1.740949 -0.629600
v -2.869900 1.676250 -0.690300
v -2.765400 1.676450 -0.671900
v -2.851100 1.740949 -0.638400
v -2.938100 1.676149 -0.609000
v -2.883800 1.740849 -0.599400
v -2.901800 1.676250 -0.509200
v -2.866400 1.740949 -0.551600
v -2.797300 1.676450 -0.490800
v -2.816300 1.740949 -0.542700
v -2.729100 1.676549 -0.572100
v -2.783500 1.741050 -0.581700
v -2.712800 1.603950 -0.569300
v -2.791500 1.603849 -0.475400
v -2.912200 1.603549 -0.496600
v -2.954200 1.603449 -0.611800
v -2.875400 1.603549 -0.705700
v -2.754700 1.603849 -0.684400
v -2.729100 1.676549 -0.572100
v -2.712800 1.603950 -0.569300
v -2.783500 1.741050 -0.581700
v -2.875400 1.079149 -0.705700
v -2.754700 1.603849 -0.684400
v -2.875400 1.603549 -0.705700
v -2.754700 1.079449 -0.684400
v -2.712800 1.603950 -0.569300
v -2.712800 1.079549 -0.569300
v -2.954200 1.079049 -0.611800
v -2.954200 1.603449 -0.611800
v -2.912200 1.079149 -0.496600
v -2.912200 1.603549 -0.496600
v -2.791500 1.079449 -0.475400
v -2.791500 1.603849 -0.475400
v -2.712800 1.079549 -0.569300
v -2.712800 1.603950 -0.569300
v -2.883800 1.814250 -0.599400
v -2.851100 1.740949 -0.638400
v -2.851100 1.814250 -0.638400
v -2.883800 1.740849 -0.599400
v -2.866400 1.814250 -0.551600
v -2.866400 1.740949 -0.551600
v -2.816300 1.814349 -0.542700
v -2.816300 1.740949 -0.542700
v -2.783500 1.814449 -0.581700
v -2.783500 1.741050 -0.581700
v -2.800900 1.740949 -0.629600
v -2.800900 1.814349 -0.629600
v -2.783500 1.741050 -0.581700
v -2.783500 1.814449 -0.581700
v -2.851100 1.814250 -0.638400
v -2.800900 1.814349 -0.629600
v -2.783500 1.814449 -0.581700
v -2.883800 1.814250 -0.599400
v -2.816300 1.814349 -0.542700
v -2.866400 1.814250 -0.551600
v -2.295500 1.748849 -2.534400
v -3.032400 1.748849 -4.317500
v -2.295500 1.748849 -4.317500
v -3.032400 1.748849 -2.534400
v -2.966000 1.748849 -2.335000
v -2.362000 1.748849 -2.335000
v -2.766500 1.748849 -2.268500
v -2.561400 1.748849 -2.268500
v -2.362000 1.748849 -4.516900
v -2.966000 1.748849 -4.516900
v -2.561400 1.748849 -4.583400
v -2.766500 1.748849 -4.583400
v -2.766500 1.691449 -4.583400
v -2.362000 1.691449 -4.516900
v -2.561400 1.691449 -4.583400
v -2.966000 1.691449 -4.516900
v -2.295500 1.691449 -4.317500
v -3.032400 1.691449 -4.317500
v -2.295500 1.691449 -2.534400
v -3.032400 1.691449 -2.534400
v -2.362000 1.691449 -2.335000
v -2.966000 1.691449 -2.335000
v -2.561400 1.691449 -2.268500
v -2.766500 1.691449 -2.268500
v -2.295500 1.691449 -2.534400
v -2.295500 1.748849 -4.317500
v -2.295500 1.691449 -4.317500
v -2.295500 1.748849 -2.534400
v -2.766500 1.691449 -2.268500
v -2.561400 1.748849 -2.268500
v -2.561400 1.691449 -2.268500
v -2.766500 1.748849 -2.268500
v -2.966000 1.691449 -2.335000
v -2.966000 1.748849 -2.335000
v -3.032400 1.691449 -2.534400
v -3.032400 1.748849 -2.534400
v -2.362000 1.748849 -2.335000
v -2.362000 1.691449 -2.335000
v -2.295500 1.748849 -2.534400
v -2.295500 1.691449 -2.534400
v -3.032400 1.691449 -4.317500
v -3.032400 1.748849 -2.534400
v -3.032400 1.691449 -2.534400
v -3.032400 1.748849 -4.317500
v -2.561400 1.691449 -4.583400
v -2.766500 1.748849 -4.583400
v -2.766500 1.691449 -4.583400
v -2.561400 1.748849 -4.583400
v -2.362000 1.691449 -4.516900
v -2.362000 1.748849 -4.516900
v -2.295500 1.691449 -4.317500
v -2.295500 1.748849 -4.317500
v -2.966000 1.748849 -4.516900
v -2.966000 1.691449 -4.516900
v -3.032400 1.748849 -4.317500
v -3.032400 1.691449 -4.317500
v 2.913700 2.564250 -0.189900
v 2.612900 2.426549 -0.033400
v 2.612900 2.564250 -0.189900
v 2.913700 2.426549 -0.033400
v 2.612900 2.428649 0.225100
v 2.913700 2.428649 0.225100
v 2.612900 2.367949 0.416700
v 2.913700 2.367949 0.416700
v 2.913700 2.325649 0.444400
v 2.612900 2.325649 0.444400
v 2.913700 1.545949 0.444400
v 2.612900 1.545949 0.444400
v 2.913700 2.545050 -0.267100
v 2.612900 2.564250 -0.189900
v 2.612900 2.545050 -0.267100
v 2.913700 2.564250 -0.189900
v 2.913700 2.545050 -0.267100
v 2.612900 1.545949 -0.281400
v 2.913700 1.545949 -0.281400
v 2.612900 2.545050 -0.267100
v 2.913700 2.564250 -0.189900
v 2.913700 2.545050 -0.267100
v 2.913700 1.545949 -0.281400
v 2.913700 1.545949 0.444400
v 2.913700 2.426549 -0.033400
v 2.913700 2.325649 0.444400
v 2.913700 2.428649 0.225100
v 2.913700 2.367949 0.416700
v 2.612900 2.564250 -0.189900
v 2.612900 1.545949 0.444400
v 2.612900 1.545949 -0.281400
v 2.612900 2.426549 -0.033400
v 2.612900 2.325649 0.444400
v 2.612900 2.428649 0.225100
v 2.612900 2.367949 0.416700
v 2.612900 2.545050 -0.267100
v 2.655200 2.558849 0.229300
v 2.678500 2.410149 0.221700
v 2.678500 2.542349 0.208000
v 2.655200 2.410149 0.248600
v 2.678500 2.552549 0.182200
v 2.655200 2.575949 0.195700
v 2.678500 2.575349 0.250700
v 2.655200 2.558849 0.229300
v 2.678500 2.410149 0.275500
v 2.678500 2.599349 0.209100
v 2.678500 2.575349 0.250700
v 2.701800 2.410149 0.248600
v 2.678500 2.410149 0.275500
v 2.701800 2.558849 0.229300
v 2.678500 2.410149 0.221700
v 2.701800 2.558849 0.229300
v 2.678500 2.542349 0.208000
v 2.678500 2.552549 0.182200
v 2.655200 2.535150 -0.204300
v 2.655200 2.575949 0.195700
v 2.678500 2.508249 -0.204300
v 2.678500 2.562049 -0.204300
v 2.655200 2.575949 0.195700
v 2.678500 2.599349 0.209100
v 2.678500 2.562049 -0.204300
v 2.701800 2.575949 0.195700
v 2.701800 2.535150 -0.204300
v 2.678500 2.552549 0.182200
v 2.701800 2.575949 0.195700
v 2.678500 2.508249 -0.204300
v 2.701800 2.575949 0.195700
v 2.678500 2.599349 0.209100
v 2.678500 2.552549 0.182200
v 2.761800 2.408849 0.384300
v 2.730600 2.412149 0.371800
v 2.793000 2.412149 0.371800
v 2.805900 2.420149 0.341700
v 2.717700 2.420149 0.341700
v 2.793000 2.428249 0.311600
v 2.730600 2.428249 0.311600
v 2.761800 2.431549 0.299000
v 2.817100 2.388749 0.333200
v 2.793000 2.412149 0.371800
v 2.805900 2.420149 0.341700
v 2.800900 2.378449 0.371000
v 2.761800 2.408849 0.384300
v 2.761800 2.374249 0.386600
v 2.730600 2.412149 0.371800
v 2.722700 2.378449 0.371000
v 2.717700 2.420149 0.341700
v 2.706500 2.388749 0.333200
v 2.730600 2.428249 0.311600
v 2.722700 2.398949 0.295400
v 2.800900 2.398949 0.295400
v 2.793000 2.428249 0.311600
v 2.761800 2.403149 0.279800
v 2.761800 2.431549 0.299000
v 2.722700 2.398949 0.295400
v 2.730600 2.428249 0.311600
v 2.675000 1.784849 0.490600
v 2.622600 1.784849 -0.305500
v 2.675000 1.784849 -0.325800
v 2.622600 1.784849 0.468400
v 2.581000 1.784849 -0.262200
v 2.581000 1.784849 0.427000
v 2.581000 1.784849 -0.262200
v 2.622600 1.500149 -0.305500
v 2.622600 1.784849 -0.305500
v 2.581000 1.500149 -0.262200
v 2.675000 1.784849 -0.325800
v 2.675000 1.500149 -0.325800
v 2.830400 1.609049 -0.325800
v 2.823400 1.500149 -0.325800
v 2.901600 1.609049 -0.305500
v 2.901600 1.500149 -0.305500
v 2.943200 1.500149 -0.262200
v 2.943200 1.609049 -0.262200
v 2.943200 1.609049 0.427000
v 2.901600 1.500149 0.468400
v 2.901600 1.609049 0.468400
v 2.943200 1.500149 0.427000
v 2.823400 1.500149 0.490600
v 2.830400 1.609049 0.490600
v 2.675000 1.500149 0.490600
v 2.675000 1.784849 0.490600
v 2.622600 1.500149 0.468400
v 2.622600 1.784849 0.468400
v 2.581000 1.784849 0.427000
v 2.581000 1.500149 0.427000
v 2.943200 1.609049 -0.262200
v 2.901600 1.609049 0.468400
v 2.901600 1.609049 -0.305500
v 2.943200 1.609049 0.427000
v 2.830400 1.609049 0.490600
v 2.830400 1.609049 -0.325800
v 2.830400 1.609049 0.490600
v 2.675000 1.784849 -0.325800
v 2.830400 1.609049 -0.325800
v 2.675000 1.784849 0.490600
v 2.943200 1.500149 -0.262200
v 2.943200 1.609049 0.427000
v 2.943200 1.609049 -0.262200
v 2.943200 1.500149 0.427000
v 2.581000 1.500149 0.427000
v 2.581000 1.784849 -0.262200
v 2.581000 1.784849 0.427000
v 2.581000 1.500149 -0.262200
v -1.940100 0.453850 6.345800
v -2.029300 0.438950 6.299900
v -2.027900 0.453850 6.345800
v -1.941500 0.438950 6.299900
v -1.939300 0.492950 6.374100
v -2.027100 0.492950 6.374100
v -1.939300 0.541250 6.374100
v -2.027100 0.541250 6.374100
v -1.940100 0.580250 6.345800
v -2.027900 0.580250 6.345800
v -2.031100 0.651050 6.177500
v -1.943300 0.651050 6.177500
v -2.030200 0.484150 6.238700
v -1.941500 0.438950 6.299900
v -1.942400 0.484150 6.238700
v -2.029300 0.438950 6.299900
v -1.941500 0.438950 6.299900
v -1.940100 0.580250 6.345800
v -1.942400 0.484150 6.238700
v -1.940100 0.453850 6.345800
v -1.939300 0.541250 6.374100
v -1.939300 0.492950 6.374100
v -1.943300 0.651050 6.177500
v -1.943300 0.494850 6.177500
v -2.027900 0.580250 6.345800
v -2.030200 0.484150 6.238700
v -2.031100 0.651050 6.177500
v -2.029300 0.438950 6.299900
v -2.027900 0.453850 6.345800
v -2.027100 0.541250 6.374100
v -2.027100 0.492950 6.374100
v -2.031100 0.494850 6.177500
v -2.031100 0.494850 6.177500
v -1.942400 0.484150 6.238700
v -1.943300 0.494850 6.177500
v -2.030200 0.484150 6.238700
v 1.896600 0.453850 6.345800
v 1.985800 0.438950 6.299900
v 1.898000 0.438950 6.299900
v 1.984400 0.453850 6.345800
v 1.895800 0.492950 6.374100
v 1.983600 0.492950 6.374100
v 1.895800 0.541250 6.374100
v 1.983600 0.541250 6.374100
v 1.896600 0.580250 6.345800
v 1.984400 0.580250 6.345800
v 1.987500 0.651050 6.177500
v 1.899700 0.651050 6.177500
v 1.986700 0.484150 6.238700
v 1.898000 0.438950 6.299900
v 1.985800 0.438950 6.299900
v 1.898900 0.484150 6.238700
v 1.898000 0.438950 6.299900
v 1.898900 0.484150 6.238700
v 1.896600 0.580250 6.345800
v 1.899700 0.651050 6.177500
v 1.899700 0.494850 6.177500
v 1.896600 0.453850 6.345800
v 1.895800 0.541250 6.374100
v 1.895800 0.492950 6.374100
v 1.984400 0.580250 6.345800
v 1.987500 0.651050 6.177500
v 1.986700 0.484150 6.238700
v 1.987500 0.494850 6.177500
v 1.985800 0.438950 6.299900
v 1.984400 0.453850 6.345800
v 1.983600 0.541250 6.374100
v 1.983600 0.492950 6.374100
v 1.987500 0.494850 6.177500
v 1.898900 0.484150 6.238700
v 1.986700 0.484150 6.238700
v 1.899700 0.494850 6.177500
v -1.894600 0.881250 5.969200
v -1.923000 0.974350 5.873600
v -1.896900 0.881250 5.900300
v -1.932700 1.017150 5.930200
v -1.986000 1.012950 5.809200
v -2.024700 1.073450 5.836200
v -2.049100 0.974350 5.744800
v -2.116700 1.017150 5.742200
v -2.063100 0.856850 5.718100
v -2.142800 0.856850 5.703300
v -1.932700 0.745450 5.930200
v -1.923000 0.788150 5.873600
v -2.000400 0.974350 5.927700
v -1.896900 0.881250 5.900300
v -1.923000 0.974350 5.873600
v -1.974200 0.881250 5.954400
v -1.923000 0.788150 5.873600
v -2.000400 0.788150 5.927700
v -2.063400 1.012950 5.863300
v -1.986000 1.012950 5.809200
v -2.126400 0.974350 5.798900
v -2.049100 0.974350 5.744800
v -2.140500 0.856850 5.772200
v -2.063100 0.856850 5.718100
v -1.974200 0.881250 5.954400
v -1.932700 1.017150 5.930200
v -1.894600 0.881250 5.969200
v -2.000400 0.974350 5.927700
v -2.024700 1.073450 5.836200
v -2.063400 1.012950 5.863300
v -2.116700 1.017150 5.742200
v -2.126400 0.974350 5.798900
v -2.142800 0.856850 5.703300
v -2.140500 0.856850 5.772200
v -2.000400 0.788150 5.927700
v -1.932700 0.745450 5.930200
v 1.851000 0.881250 5.969200
v 1.879500 0.974350 5.873600
v 1.889200 1.017150 5.930200
v 1.853300 0.881250 5.900300
v 1.889200 0.745450 5.930200
v 1.879500 0.788150 5.873600
v 1.942500 1.012950 5.809200
v 1.981200 1.073450 5.836200
v 2.005600 0.974350 5.744800
v 2.073200 1.017150 5.742200
v 2.018400 0.856850 5.718100
v 2.098000 0.856850 5.703300
v 1.956800 0.974350 5.927700
v 1.853300 0.881250 5.900300
v 1.930700 0.881250 5.954400
v 1.879500 0.974350 5.873600
v 2.019900 1.012950 5.863300
v 1.942500 1.012950 5.809200
v 2.082900 0.974350 5.798900
v 2.005600 0.974350 5.744800
v 2.095700 0.856850 5.772200
v 2.018400 0.856850 5.718100
v 1.879500 0.788150 5.873600
v 1.956800 0.788150 5.927700
v 1.930700 0.881250 5.954400
v 1.889200 1.017150 5.930200
v 1.956800 0.974350 5.927700
v 1.851000 0.881250 5.969200
v 1.956800 0.788150 5.927700
v 1.889200 0.745450 5.930200
v 1.981200 1.073450 5.836200
v 2.019900 1.012950 5.863300
v 2.073200 1.017150 5.742200
v 2.082900 0.974350 5.798900
v 2.098000 0.856850 5.703300
v 2.095700 0.856850 5.772200
v -1.500900 0.994850 5.710200
v -1.515900 1.034750 5.503500
v -1.500900 1.053050 5.492900
v -1.515900 0.984250 5.691800
v -1.485800 0.984250 5.691800
v -1.485800 1.034750 5.503500
v -1.485800 1.034750 5.503500
v -1.515900 0.984250 5.691800
v -1.485800 0.984250 5.691800
v -1.515900 1.034750 5.503500
v -1.500900 1.053050 5.492900
v -1.515900 1.034750 5.503500
v -1.500900 0.948250 5.464800
v -1.515900 0.958950 5.483200
v -1.485800 0.958950 5.483200
v -1.485800 1.034750 5.503500
v -1.485800 0.958950 5.483200
v -1.515900 1.034750 5.503500
v -1.485800 1.034750 5.503500
v -1.515900 0.958950 5.483200
v -1.500900 0.890050 5.682100
v -1.515900 0.908450 5.671500
v -1.515900 0.984250 5.691800
v -1.500900 0.994850 5.710200
v -1.485800 0.908450 5.671500
v -1.485800 0.984250 5.691800
v -1.485800 0.984250 5.691800
v -1.515900 0.908450 5.671500
v -1.485800 0.908450 5.671500
v -1.515900 0.984250 5.691800
v 0.523100 0.994850 5.710200
v 0.538100 1.034750 5.503500
v 0.538100 0.984250 5.691800
v 0.523100 1.053050 5.492900
v 0.508000 1.034750 5.503500
v 0.538100 0.984250 5.691800
v 0.538100 1.034750 5.503500
v 0.508000 0.984250 5.691800
v 0.508000 0.984250 5.691800
v 0.523100 0.994850 5.710200
v 0.508000 1.034750 5.503500
v 0.523100 1.053050 5.492900
v 0.523100 0.948250 5.464800
v 0.538100 1.034750 5.503500
v 0.508000 0.958950 5.483200
v 0.508000 1.034750 5.503500
v 0.538100 0.958950 5.483200
v 0.508000 0.958950 5.483200
v 0.538100 1.034750 5.503500
v 0.538100 0.958950 5.483200
v 0.508000 1.034750 5.503500
v 0.523100 0.890050 5.682100
v 0.538100 0.984250 5.691800
v 0.538100 0.908450 5.671500
v 0.523100 0.994850 5.710200
v 0.508000 0.908450 5.671500
v 0.508000 0.984250 5.691800
v 0.508000 0.984250 5.691800
v 0.538100 0.908450 5.671500
v 0.538100 0.984250 5.691800
v 0.508000 0.908450 5.671500
v -1.758400 0.914550 5.879600
v -1.727500 0.882450 5.896500
v -1.727400 0.906150 5.904400
v -1.758500 0.890950 5.871700
v -1.788700 0.906150 5.905200
v -1.788800 0.882450 5.897200
v -1.757800 0.897750 5.930000
v -1.788800 0.882450 5.897200
v -1.788700 0.906150 5.905200
v -1.757900 0.874050 5.922100
v -1.727400 0.906150 5.904400
v -1.727500 0.882450 5.896500
v -1.727400 0.906150 5.904400
v -1.757800 0.897750 5.930000
v -1.788700 0.906150 5.905200
v -1.758400 0.914550 5.879600
v 0.813700 0.914550 5.879600
v 0.782800 0.882450 5.896500
v 0.813800 0.890950 5.871700
v 0.782700 0.906150 5.904400
v 0.844100 0.906150 5.905200
v 0.844200 0.882450 5.897200
v 0.813100 0.897750 5.930000
v 0.844200 0.882450 5.897200
v 0.813200 0.874050 5.922100
v 0.844100 0.906150 5.905200
v 0.782700 0.906150 5.904400
v 0.782800 0.882450 5.896500
v 0.782700 0.906150 5.904400
v 0.844100 0.906150 5.905200
v 0.813100 0.897750 5.930000
v 0.813700 0.914550 5.879600
v 0.678900 1.117550 4.959900
v 0.648000 1.085450 4.976800
v 0.678900 1.093950 4.951900
v 0.647900 1.109150 4.984700
v 0.709200 1.109150 4.985400
v 0.709300 1.085450 4.977500
v 0.678300 1.100750 5.010200
v 0.709300 1.085450 4.977500
v 0.678300 1.077050 5.002300
v 0.709200 1.109150 4.985400
v 0.647900 1.109150 4.984700
v 0.648000 1.085450 4.976800
v 0.647900 1.109150 4.984700
v 0.709200 1.109150 4.985400
v 0.678300 1.100750 5.010200
v 0.678900 1.117550 4.959900
v 2.455100 1.194450 5.009500
v 2.360200 1.103950 4.919600
v 2.454900 1.104150 4.919300
v 2.360400 1.194250 5.009800
v 2.455100 1.124450 5.082400
v 2.360200 1.034050 4.992500
v 2.360400 1.124250 5.082700
v 2.454900 1.034150 4.992200
v 2.455100 1.124450 5.082400
v 2.454900 1.104150 4.919300
v 2.454900 1.034150 4.992200
v 2.455100 1.194450 5.009500
v 2.360400 1.124250 5.082700
v 2.455100 1.194450 5.009500
v 2.455100 1.124450 5.082400
v 2.360400 1.194250 5.009800
v 2.360200 1.034050 4.992500
v 2.360400 1.194250 5.009800
v 2.360400 1.124250 5.082700
v 2.360200 1.103950 4.919600
v 2.452600 0.990150 5.685500
v 2.357900 0.890650 5.686000
v 2.452600 0.890650 5.685600
v 2.357900 0.990150 5.685900
v 2.452600 0.992150 5.786600
v 2.357900 0.864550 5.787000
v 2.357900 0.992150 5.787000
v 2.452600 0.864550 5.786600
v 2.452600 0.992150 5.786600
v 2.452600 0.890650 5.685600
v 2.452600 0.864550 5.786600
v 2.452600 0.990150 5.685500
v 2.357900 0.992150 5.787000
v 2.452600 0.990150 5.685500
v 2.452600 0.992150 5.786600
v 2.357900 0.990150 5.685900
v 2.357900 0.864550 5.787000
v 2.357900 0.990150 5.685900
v 2.357900 0.992150 5.787000
v 2.357900 0.890650 5.686000
v 3.076600 1.189250 5.009500
v 3.171500 1.098750 4.919600
v 3.171300 1.189050 5.009800
v 3.076800 1.098950 4.919300
v 3.076600 1.119250 5.082400
v 3.171500 1.028850 4.992500
v 3.076700 1.028950 4.992200
v 3.171300 1.119050 5.082700
v 3.076600 1.119250 5.082400
v 3.076800 1.098950 4.919300
v 3.076600 1.189250 5.009500
v 3.076700 1.028950 4.992200
v 3.171300 1.119050 5.082700
v 3.076600 1.189250 5.009500
v 3.171300 1.189050 5.009800
v 3.076600 1.119250 5.082400
v 3.171500 1.028850 4.992500
v 3.171300 1.189050 5.009800
v 3.171500 1.098750 4.919600
v 3.171300 1.119050 5.082700
v 3.079100 0.984950 5.685500
v 3.173800 0.857250 5.686000
v 3.173800 0.984950 5.685900
v 3.079100 0.857250 5.685600
v 3.079100 0.986950 5.786600
v 3.173800 0.859350 5.787000
v 3.079100 0.859350 5.786600
v 3.173800 0.986950 5.787000
v 3.079100 0.986950 5.786600
v 3.079100 0.857250 5.685600
v 3.079100 0.984950 5.685500
v 3.079100 0.859350 5.786600
v 3.173800 0.986950 5.787000
v 3.079100 0.984950 5.685500
v 3.173800 0.984950 5.685900
v 3.079100 0.986950 5.786600
v 3.173800 0.859350 5.787000
v 3.173800 0.984950 5.685900
v 3.173800 0.857250 5.686000
v 3.173800 0.986950 5.787000
v 2.423800 1.519250 5.751900
v 2.364500 1.116350 4.988200
v 2.364500 1.536550 5.742300
v 2.423800 1.099050 4.997900
v 2.364500 1.536550 5.742300
v 2.404000 1.150950 4.969000
v 2.404000 1.571050 5.723000
v 2.364500 1.116350 4.988200
v 2.404000 1.571050 5.723000
v 2.423800 1.099050 4.997900
v 2.423800 1.519250 5.751900
v 2.404000 1.150950 4.969000
v 3.165900 1.536550 5.742300
v 3.106600 1.099050 4.997900
v 3.106600 1.519250 5.751900
v 3.165900 1.116350 4.988200
v 3.106600 1.519250 5.751900
v 3.126300 1.150950 4.969000
v 3.126300 1.571050 5.723000
v 3.106600 1.099050 4.997900
v 3.126300 1.571050 5.723000
v 3.165900 1.116350 4.988200
v 3.165900 1.536550 5.742300
v 3.126300 1.150950 4.969000
v 3.126300 1.092150 5.741200
v 2.404000 1.151450 5.760900
v 3.126300 1.151450 5.760900
v 2.404000 1.092150 5.741200
v 3.126300 1.151450 5.760900
v 2.404000 1.131750 5.701600
v 3.126300 1.131750 5.701600
v 2.404000 1.151450 5.760900
v 3.126300 1.131750 5.701600
v 2.404000 1.092150 5.741200
v 3.126300 1.092150 5.741200
v 2.404000 1.131750 5.701600
v 2.364500 0.926750 5.741200
v 2.404000 1.604850 5.780700
v 2.404000 0.926750 5.780700
v 2.364500 1.621250 5.741200
v 2.425900 1.722950 5.741200
v 2.456700 1.692150 5.780700
v 2.544000 1.744850 5.780700
v 2.527600 1.784350 5.741200
v 2.986300 1.744850 5.780700
v 3.002700 1.784350 5.741200
v 2.544000 1.744850 5.701600
v 2.986300 1.744850 5.701600
v 2.560400 1.705250 5.741200
v 2.970000 1.705250 5.741200
v 3.073700 1.692150 5.701600
v 3.042800 1.661350 5.741200
v 3.086800 1.588450 5.741200
v 3.126300 1.604850 5.701600
v 3.126300 0.777650 5.701600
v 3.086800 0.777650 5.741200
v 3.165900 0.777650 5.741200
v 3.165900 1.621250 5.741200
v 3.126300 0.777650 5.780700
v 3.126300 1.604850 5.780700
v 3.086800 0.777650 5.741200
v 3.086800 1.588450 5.741200
v 3.104500 1.722950 5.741200
v 3.073700 1.692150 5.780700
v 2.404000 0.926750 5.780700
v 2.443600 1.588450 5.741200
v 2.443600 0.926750 5.741200
v 2.404000 1.604850 5.780700
v 2.487500 1.661350 5.741200
v 2.443600 0.926750 5.741200
v 2.404000 1.604850 5.701600
v 2.404000 0.926750 5.701600
v 2.443600 1.588450 5.741200
v 2.456700 1.692150 5.701600
v 2.487500 1.661350 5.741200
v 2.404000 0.926750 5.701600
v 2.364500 1.621250 5.741200
v 2.364500 0.926750 5.741200
v 2.404000 1.604850 5.701600
v 2.425900 1.722950 5.741200
v 2.970000 1.705250 5.741200
v 2.560400 1.705250 5.741200
v 3.042800 1.661350 5.741200
v 2.986300 1.744850 5.780700
v 3.104500 1.722950 5.741200
v 2.986300 1.744850 5.701600
v 3.002700 1.784350 5.741200
v 2.456700 1.692150 5.780700
v 2.544000 1.744850 5.780700
v 2.544000 1.744850 5.701600
v 2.527600 1.784350 5.741200
v 2.456700 1.692150 5.701600
v 3.073700 1.692150 5.780700
v 3.126300 1.604850 5.780700
v 3.126300 1.604850 5.701600
v 3.165900 1.621250 5.741200
v 3.073700 1.692150 5.701600
v 2.777900 1.101350 5.407100
v 2.694900 1.436550 5.358800
v 2.777900 1.436650 5.406800
v 2.694900 1.101250 5.359100
v 2.694900 1.101250 5.359100
v 2.777900 1.436350 5.310900
v 2.694900 1.436550 5.358800
v 2.777900 1.101150 5.311200
v 2.777900 1.101150 5.311200
v 2.777900 1.436650 5.406800
v 2.777900 1.436350 5.310900
v 2.777900 1.101350 5.407100
v 2.569600 1.067750 5.463500
v 2.750200 0.900950 5.568000
v 2.569600 0.934950 5.463700
v 2.750200 1.067950 5.567700
v 2.930900 0.873750 5.463800
v 2.930900 1.067750 5.463500
v 2.930900 0.873250 5.255200
v 2.930900 1.067450 5.254900
v 2.750200 0.917850 5.150900
v 2.750200 1.067250 5.150600
v 2.569600 1.067450 5.254900
v 2.569600 0.967050 5.255100
v 2.750200 1.067250 5.150600
v 2.750200 0.917850 5.150900
v 2.596100 1.067750 5.448200
v 2.750200 1.067950 5.567700
v 2.569600 1.067750 5.463500
v 2.750200 1.067950 5.537100
v 2.930900 1.067750 5.463500
v 2.904300 1.067750 5.448200
v 2.930900 1.067450 5.254900
v 2.904300 1.067450 5.270200
v 2.750200 1.067250 5.150600
v 2.750200 1.067250 5.181200
v 2.569600 1.067450 5.254900
v 2.596100 1.067450 5.270200
v 2.612500 1.101450 5.438700
v 2.750200 1.067950 5.537100
v 2.596100 1.067750 5.448200
v 2.750200 1.101550 5.518200
v 2.904300 1.067750 5.448200
v 2.888000 1.101450 5.438700
v 2.904300 1.067450 5.270200
v 2.888000 1.101150 5.279600
v 2.750200 1.067250 5.181200
v 2.750200 1.100950 5.200100
v 2.612500 1.101150 5.279600
v 2.596100 1.067450 5.270200
v 2.750200 1.100950 5.200100
v 2.750200 1.067250 5.181200
v 2.750200 1.101550 5.518200
v 2.612500 1.101450 5.438700
v 2.888000 1.101450 5.438700
v 2.612500 1.101150 5.279600
v 2.888000 1.101150 5.279600
v 2.750200 1.100950 5.200100
v 2.890000 1.672250 5.646600
v 2.693400 1.707150 5.646600
v 2.846100 1.707150 5.646600
v 2.649600 1.672250 5.646600
v 2.846100 1.707150 5.646600
v 2.693400 1.707150 5.561300
v 2.846100 1.707150 5.561300
v 2.693400 1.707150 5.646600
v 2.890000 1.672250 5.646600
v 2.846100 1.707150 5.561300
v 2.890000 1.672250 5.561300
v 2.846100 1.707150 5.646600
v 2.649600 1.672250 5.646600
v 2.890000 1.672250 5.561300
v 2.649600 1.672250 5.561300
v 2.890000 1.672250 5.646600
v 2.693400 1.707150 5.646600
v 2.649600 1.672250 5.561300
v 2.693400 1.707150 5.561300
v 2.649600 1.672250 5.646600
v 3.026800 1.647850 5.566500
v 3.061100 1.546550 5.265500
v 3.063500 1.546350 5.566700
v 3.024100 1.645350 5.265500
v 2.939200 1.710650 5.265500
v 2.939200 1.710650 5.566700
v 2.561300 1.710650 5.265500
v 2.561300 1.710650 5.566700
v 2.473600 1.647850 5.566500
v 2.476300 1.645350 5.265500
v 2.439400 1.546550 5.265500
v 2.436900 1.546350 5.566700
v 2.482400 1.470950 5.265500
v 2.480200 1.468550 5.566600
v 2.561300 1.424850 5.566700
v 2.561300 1.424850 5.265500
v 2.524100 1.502950 5.122000
v 2.576200 1.473450 5.127100
v 2.492500 1.553550 5.127100
v 2.520500 1.619950 5.120900
v 2.576200 1.662050 5.127100
v 2.924200 1.662050 5.127100
v 2.980000 1.619950 5.120900
v 3.008000 1.553550 5.127100
v 2.976300 1.502950 5.122000
v 3.018100 1.470950 5.265500
v 2.939200 1.424850 5.265500
v 2.924200 1.473450 5.127100
v 2.939200 1.424850 5.566700
v 3.020200 1.468550 5.566600
v 2.980000 1.619950 5.120900
v 2.924200 1.473450 5.127100
v 2.976300 1.502950 5.122000
v 2.924200 1.662050 5.127100
v 2.576200 1.662050 5.127100
v 2.576200 1.473450 5.127100
v 2.520500 1.619950 5.120900
v 2.524100 1.502950 5.122000
v 2.492500 1.553550 5.127100
v 3.008000 1.553550 5.127100
v 2.939200 1.424850 5.566700
v 3.026800 1.647850 5.566500
v 3.020200 1.468550 5.566600
v 2.939200 1.710650 5.566700
v 2.561300 1.424850 5.566700
v 2.561300 1.710650 5.566700
v 2.473600 1.647850 5.566500
v 2.480200 1.468550 5.566600
v 2.436900 1.546350 5.566700
v 3.063500 1.546350 5.566700
v 2.561300 1.424850 5.566700
v 2.939200 1.424850 5.265500
v 2.561300 1.424850 5.265500
v 2.939200 1.424850 5.566700
v 2.576200 1.473450 5.127100
v 2.924200 1.473450 5.127100
v -2.498600 1.194450 5.009500
v -2.403700 1.103950 4.919600
v -2.403900 1.194250 5.009800
v -2.498500 1.104150 4.919300
v -2.498600 1.124450 5.082400
v -2.403800 1.034050 4.992500
v -2.498500 1.034150 4.992200
v -2.403900 1.124250 5.082700
v -2.498600 1.124450 5.082400
v -2.498500 1.104150 4.919300
v -2.498600 1.194450 5.009500
v -2.498500 1.034150 4.992200
v -2.403900 1.124250 5.082700
v -2.498600 1.194450 5.009500
v -2.403900 1.194250 5.009800
v -2.498600 1.124450 5.082400
v -2.403800 1.034050 4.992500
v -2.403900 1.194250 5.009800
v -2.403700 1.103950 4.919600
v -2.403900 1.124250 5.082700
v -2.496100 0.990150 5.685500
v -2.401400 0.889250 5.686000
v -2.401400 0.990150 5.685900
v -2.496100 0.889250 5.685600
v -2.496200 0.992150 5.786600
v -2.401400 0.862950 5.787000
v -2.496200 0.862950 5.786600
v -2.401400 0.992150 5.787000
v -2.496200 0.992150 5.786600
v -2.496100 0.889250 5.685600
v -2.496100 0.990150 5.685500
v -2.496200 0.862950 5.786600
v -2.401400 0.992150 5.787000
v -2.496100 0.990150 5.685500
v -2.401400 0.990150 5.685900
v -2.496200 0.992150 5.786600
v -2.401400 0.862950 5.787000
v -2.401400 0.990150 5.685900
v -2.401400 0.889250 5.686000
v -2.401400 0.992150 5.787000
v -3.120100 1.189250 5.009500
v -3.215000 1.098750 4.919600
v -3.120300 1.098950 4.919300
v -3.214800 1.189050 5.009800
v -3.120100 1.119250 5.082400
v -3.215000 1.028850 4.992500
v -3.214800 1.119050 5.082700
v -3.120300 1.028950 4.992200
v -3.120100 1.119250 5.082400
v -3.120300 1.098950 4.919300
v -3.120300 1.028950 4.992200
v -3.120100 1.189250 5.009500
v -3.214800 1.119050 5.082700
v -3.120100 1.189250 5.009500
v -3.120100 1.119250 5.082400
v -3.214800 1.189050 5.009800
v -3.215000 1.028850 4.992500
v -3.214800 1.189050 5.009800
v -3.214800 1.119050 5.082700
v -3.215000 1.098750 4.919600
v -3.122700 0.984950 5.685500
v -3.217400 0.897250 5.686000
v -3.122700 0.897250 5.685600
v -3.217400 0.984950 5.685900
v -3.122600 0.986950 5.786600
v -3.217300 0.859350 5.787000
v -3.217300 0.986950 5.787000
v -3.122600 0.859350 5.786600
v -3.122600 0.986950 5.786600
v -3.122700 0.897250 5.685600
v -3.122600 0.859350 5.786600
v -3.122700 0.984950 5.685500
v -3.217300 0.986950 5.787000
v -3.122700 0.984950 5.685500
v -3.122600 0.986950 5.786600
v -3.217400 0.984950 5.685900
v -3.217300 0.859350 5.787000
v -3.217400 0.984950 5.685900
v -3.217300 0.986950 5.787000
v -3.217400 0.897250 5.686000
v -2.467300 1.519250 5.751900
v -2.408000 1.116350 4.988200
v -2.467300 1.099050 4.997900
v -2.408000 1.536550 5.742300
v -2.408000 1.536550 5.742300
v -2.447600 1.150950 4.969000
v -2.408000 1.116350 4.988200
v -2.447600 1.571050 5.723000
v -2.447600 1.571050 5.723000
v -2.467300 1.099050 4.997900
v -2.447600 1.150950 4.969000
v -2.467300 1.519250 5.751900
v -3.209400 1.536550 5.742300
v -3.150100 1.099050 4.997900
v -3.209400 1.116350 4.988200
v -3.150100 1.519250 5.751900
v -3.150100 1.519250 5.751900
v -3.169900 1.150950 4.969000
v -3.150100 1.099050 4.997900
v -3.169900 1.571050 5.723000
v -3.169900 1.571050 5.723000
v -3.209400 1.116350 4.988200
v -3.169900 1.150950 4.969000
v -3.209400 1.536550 5.742300
v -3.169900 1.092150 5.741200
v -2.447600 1.151450 5.760900
v -2.447600 1.092150 5.741200
v -3.169900 1.151450 5.760900
v -3.169900 1.151450 5.760900
v -2.447600 1.131750 5.701600
v -2.447600 1.151450 5.760900
v -3.169900 1.131750 5.701600
v -3.169900 1.131750 5.701600
v -2.447600 1.092150 5.741200
v -2.447600 1.131750 5.701600
v -3.169900 1.092150 5.741200
v -2.408000 0.924750 5.741200
v -2.447600 1.604850 5.780700
v -2.408000 1.621250 5.741200
v -2.447600 0.924750 5.780700
v -2.469400 1.722950 5.741200
v -2.500200 1.692150 5.780700
v -2.587600 1.744850 5.780700
v -2.571200 1.784350 5.741200
v -3.029900 1.744850 5.780700
v -3.046300 1.784350 5.741200
v -3.148000 1.722950 5.741200
v -3.117200 1.692150 5.780700
v -3.169900 1.604850 5.780700
v -3.209400 1.621250 5.741200
v -3.169900 0.912750 5.780700
v -3.209400 0.912750 5.741200
v -3.169900 1.604850 5.701600
v -3.169900 0.912750 5.701600
v -3.130300 1.588450 5.741200
v -3.130300 0.912750 5.741200
v -3.117200 1.692150 5.701600
v -3.086400 1.661350 5.741200
v -3.013500 1.705250 5.741200
v -3.029900 1.744850 5.701600
v -2.603900 1.705250 5.741200
v -2.587600 1.744850 5.701600
v -2.500200 1.692150 5.701600
v -2.531100 1.661350 5.741200
v -2.487100 1.588450 5.741200
v -2.447600 1.604850 5.701600
v -2.487100 0.924750 5.741200
v -2.447600 0.931450 5.701600
v -2.447600 0.924750 5.780700
v -2.487100 1.588450 5.741200
v -2.487100 0.924750 5.741200
v -2.447600 0.931450 5.701600
v -2.447600 1.604850 5.701600
v -2.447600 1.604850 5.780700
v -2.531100 1.661350 5.741200
v -2.469400 1.722950 5.741200
v -2.408000 1.621250 5.741200
v -3.013500 1.705250 5.741200
v -2.603900 1.705250 5.741200
v -3.029900 1.744850 5.780700
v -3.086400 1.661350 5.741200
v -3.148000 1.722950 5.741200
v -3.029900 1.744850 5.701600
v -3.046300 1.784350 5.741200
v -3.130300 0.912750 5.741200
v -3.130300 1.588450 5.741200
v -2.500200 1.692150 5.780700
v -2.587600 1.744850 5.780700
v -2.587600 1.744850 5.701600
v -2.500200 1.692150 5.701600
v -2.571200 1.784350 5.741200
v -3.117200 1.692150 5.780700
v -3.169900 1.604850 5.780700
v -3.169900 1.604850 5.701600
v -3.117200 1.692150 5.701600
v -3.209400 1.621250 5.741200
v -2.821400 1.101350 5.407100
v -2.738400 1.436550 5.358800
v -2.738400 1.101250 5.359100
v -2.821400 1.436650 5.406800
v -2.738400 1.101250 5.359100
v -2.821400 1.436350 5.310900
v -2.821400 1.101150 5.311200
v -2.738400 1.436550 5.358800
v -2.821400 1.101150 5.311200
v -2.821400 1.436650 5.406800
v -2.821400 1.101350 5.407100
v -2.821400 1.436350 5.310900
v -2.613100 1.067750 5.463500
v -2.793800 0.900950 5.568000
v -2.793800 1.067950 5.567700
v -2.613100 0.934950 5.463700
v -2.613100 1.067450 5.254900
v -2.613100 0.967050 5.255100
v -2.793800 1.067250 5.150600
v -2.793800 0.917850 5.150900
v -2.974400 0.873750 5.463800
v -2.974400 1.067750 5.463500
v -2.974400 0.873250 5.255200
v -2.974400 1.067450 5.254900
v -2.793800 0.917850 5.150900
v -2.793800 1.067250 5.150600
v -2.639700 1.067750 5.448200
v -2.793800 1.067950 5.567700
v -2.793800 1.067950 5.537100
v -2.613100 1.067750 5.463500
v -2.639700 1.067450 5.270200
v -2.613100 1.067450 5.254900
v -2.793800 1.067250 5.181200
v -2.793800 1.067250 5.150600
v -2.947900 1.067450 5.270200
v -2.974400 1.067450 5.254900
v -2.947900 1.067750 5.448200
v -2.974400 1.067750 5.463500
v -2.656000 1.101450 5.438700
v -2.793800 1.067950 5.537100
v -2.793800 1.101550 5.518200
v -2.639700 1.067750 5.448200
v -2.656000 1.101150 5.279600
v -2.639700 1.067450 5.270200
v -2.793800 1.100950 5.200100
v -2.793800 1.067250 5.181200
v -2.947900 1.067750 5.448200
v -2.931500 1.101450 5.438700
v -2.947900 1.067450 5.270200
v -2.931500 1.101150 5.279600
v -2.793800 1.067250 5.181200
v -2.793800 1.100950 5.200100
v -2.793800 1.101550 5.518200
v -2.931500 1.101450 5.438700
v -2.656000 1.101450 5.438700
v -2.656000 1.101150 5.279600
v -2.931500 1.101150 5.279600
v -2.793800 1.100950 5.200100
v -2.933500 1.672250 5.646600
v -2.736900 1.707150 5.646600
v -2.693100 1.672250 5.646600
v -2.889700 1.707150 5.646600
v -2.889700 1.707150 5.646600
v -2.736900 1.707150 5.561300
v -2.736900 1.707150 5.646600
v -2.889700 1.707150 5.561300
v -2.933500 1.672250 5.646600
v -2.889700 1.707150 5.561300
v -2.889700 1.707150 5.646600
v -2.933500 1.672250 5.561300
v -2.693100 1.672250 5.646600
v -2.933500 1.672250 5.561300
v -2.933500 1.672250 5.646600
v -2.693100 1.672250 5.561300
v -2.736900 1.707150 5.646600
v -2.693100 1.672250 5.561300
v -2.693100 1.672250 5.646600
v -2.736900 1.707150 5.561300
v -3.070400 1.647850 5.566500
v -3.104600 1.546550 5.265500
v -3.067700 1.645350 5.265500
v -3.107100 1.546350 5.566700
v -3.061600 1.470950 5.265500
v -3.063700 1.468550 5.566600
v -2.982700 1.424850 5.566700
v -2.982700 1.424850 5.265500
v -3.019900 1.502950 5.122000
v -2.967800 1.473450 5.127100
v -3.051500 1.553550 5.127100
v -3.023500 1.619950 5.120900
v -2.967800 1.662050 5.127100
v -2.982700 1.710650 5.265500
v -2.619700 1.662050 5.127100
v -2.604800 1.710650 5.265500
v -2.519900 1.645350 5.265500
v -2.564000 1.619950 5.120900
v -2.482900 1.546550 5.265500
v -2.536000 1.553550 5.127100
v -2.567700 1.502950 5.122000
v -2.525900 1.470950 5.265500
v -2.604800 1.424850 5.265500
v -2.619700 1.473450 5.127100
v -2.604800 1.424850 5.566700
v -2.523800 1.468550 5.566600
v -2.480500 1.546350 5.566700
v -2.517100 1.647850 5.566500
v -2.604800 1.710650 5.566700
v -2.982700 1.710650 5.566700
v -3.023500 1.619950 5.120900
v -2.967800 1.473450 5.127100
v -2.967800 1.662050 5.127100
v -3.019900 1.502950 5.122000
v -3.051500 1.553550 5.127100
v -2.619700 1.662050 5.127100
v -2.619700 1.473450 5.127100
v -2.564000 1.619950 5.120900
v -2.567700 1.502950 5.122000
v -2.536000 1.553550 5.127100
v -2.982700 1.424850 5.566700
v -3.070400 1.647850 5.566500
v -2.982700 1.710650 5.566700
v -3.063700 1.468550 5.566600
v -3.107100 1.546350 5.566700
v -2.604800 1.424850 5.566700
v -2.604800 1.710650 5.566700
v -2.517100 1.647850 5.566500
v -2.523800 1.468550 5.566600
v -2.480500 1.546350 5.566700
v -2.604800 1.424850 5.566700
v -2.982700 1.424850 5.265500
v -2.982700 1.424850 5.566700
v -2.604800 1.424850 5.265500
v -2.619700 1.473450 5.127100
v -2.967800 1.473450 5.127100
v 1.347200 1.714350 4.162600
v 1.347200 1.730050 3.711800
v 1.347200 1.802850 3.660900
v 1.347200 1.652550 4.151700
v 1.347200 1.621850 3.692800
v 1.347200 1.632750 3.630900
v 1.347200 1.652550 4.151700
v 1.407200 1.730050 3.711800
v 1.347200 1.730050 3.711800
v 1.407200 1.652550 4.151700
v 1.407200 1.652550 4.151700
v 1.407200 1.802850 3.660900
v 1.407200 1.730050 3.711800
v 1.407200 1.714350 4.162600
v 1.407200 1.632750 3.630900
v 1.407200 1.621850 3.692800
v 1.407200 1.714350 4.162600
v 1.347200 1.802850 3.660900
v 1.407200 1.802850 3.660900
v 1.347200 1.714350 4.162600
v 1.347200 1.730050 3.711800
v 1.407200 1.621850 3.692800
v 1.347200 1.621850 3.692800
v 1.407200 1.730050 3.711800
v 1.407200 1.802850 3.660900
v 1.347200 1.632750 3.630900
v 1.407200 1.632750 3.630900
v 1.347200 1.802850 3.660900
v 1.347200 1.714350 4.162600
v 1.407200 1.652550 4.151700
v 1.347200 1.652550 4.151700
v 1.407200 1.714350 4.162600
v 2.813400 1.398850 4.270800
v 2.813400 1.456850 3.984300
v 2.813400 1.508750 3.959500
v 2.813400 1.360450 4.257300
v 2.813400 1.389650 3.960600
v 2.813400 1.403250 3.922300
v 2.813400 1.360450 4.257300
v 2.869200 1.456850 3.984300
v 2.813400 1.456850 3.984300
v 2.869200 1.360450 4.257300
v 2.869200 1.360450 4.257300
v 2.869200 1.508750 3.959500
v 2.869200 1.456850 3.984300
v 2.869200 1.398850 4.270800
v 2.869200 1.403250 3.922300
v 2.869200 1.389650 3.960600
v 2.869200 1.398850 4.270800
v 2.813400 1.508750 3.959500
v 2.869200 1.508750 3.959500
v 2.813400 1.398850 4.270800
v 2.813400 1.456850 3.984300
v 2.869200 1.389650 3.960600
v 2.813400 1.389650 3.960600
v 2.869200 1.456850 3.984300
v 2.869200 1.508750 3.959500
v 2.813400 1.403250 3.922300
v 2.869200 1.403250 3.922300
v 2.813400 1.508750 3.959500
v 2.813400 1.398850 4.270800
v 2.869200 1.360450 4.257300
v 2.813400 1.360450 4.257300
v 2.869200 1.398850 4.270800
v -0.476700 1.728050 2.711600
v -0.552200 1.503750 2.659300
v -0.552200 1.503750 2.711600
v -0.476700 1.728050 2.659300
v -0.544500 1.728050 2.711600
v -0.620000 1.503750 2.659300
v -0.544500 1.728050 2.659300
v -0.620000 1.503750 2.711600
v -0.544500 1.728050 2.711600
v -0.552200 1.503750 2.711600
v -0.620000 1.503750 2.711600
v -0.476700 1.728050 2.711600
v -0.620000 1.503750 2.659300
v -0.476700 1.728050 2.659300
v -0.544500 1.728050 2.659300
v -0.552200 1.503750 2.659300
v 0.519200 1.660350 2.705800
v -0.437300 1.394450 2.665100
v -0.437300 1.394450 2.705800
v 0.519200 1.660350 2.665100
v 0.457800 1.689050 2.705800
v -0.492800 1.433350 2.665100
v 0.457800 1.689050 2.665100
v -0.492800 1.433350 2.705800
v 0.457800 1.689050 2.705800
v -0.437300 1.394450 2.705800
v -0.492800 1.433350 2.705800
v 0.519200 1.660350 2.705800
v -0.492800 1.433350 2.665100
v 0.519200 1.660350 2.665100
v 0.457800 1.689050 2.665100
v -0.437300 1.394450 2.665100
v 0.435500 1.728050 2.711600
v 0.511000 1.503750 2.659300
v 0.435500 1.728050 2.659300
v 0.511000 1.503750 2.711600
v 0.503300 1.728050 2.711600
v 0.578700 1.503750 2.659300
v 0.578700 1.503750 2.711600
v 0.503300 1.728050 2.659300
v 0.503300 1.728050 2.711600
v 0.511000 1.503750 2.711600
v 0.435500 1.728050 2.711600
v 0.578700 1.503750 2.711600
v 0.578700 1.503750 2.659300
v 0.435500 1.728050 2.659300
v 0.511000 1.503750 2.659300
v 0.503300 1.728050 2.659300
v -0.560500 1.660350 2.703400
v 0.396100 1.394450 2.667400
v -0.560500 1.660350 2.667400
v 0.396100 1.394450 2.703400
v -0.499000 1.689050 2.703400
v 0.451600 1.433350 2.667400
v 0.451600 1.433350 2.703400
v -0.499000 1.689050 2.667400
v -0.499000 1.689050 2.703400
v 0.396100 1.394450 2.703400
v -0.560500 1.660350 2.703400
v 0.451600 1.433350 2.703400
v 0.451600 1.433350 2.667400
v -0.560500 1.660350 2.667400
v 0.396100 1.394450 2.667400
v -0.499000 1.689050 2.667400
v 0.454800 1.643050 2.706200
v -0.532900 1.637250 2.664700
v -0.532900 1.637250 2.706200
v 0.454800 1.643050 2.664700
v 0.454800 1.706750 2.706200
v -0.532900 1.637250 2.706200
v -0.532900 1.700950 2.706200
v 0.454800 1.643050 2.706200
v -0.532900 1.700950 2.664700
v 0.454800 1.643050 2.664700
v 0.454800 1.706750 2.664700
v -0.532900 1.637250 2.664700
v 0.508700 1.966650 2.745800
v 0.508700 1.668550 2.625100
v 0.508700 1.966650 2.625100
v 0.508700 1.668550 2.745800
v 0.576500 1.966650 2.745800
v 0.576500 1.668550 2.625100
v 0.576500 1.668550 2.745800
v 0.576500 1.966650 2.625100
v 0.576500 1.668550 2.745800
v 0.508700 1.668550 2.625100
v 0.508700 1.668550 2.745800
v 0.576500 1.668550 2.625100
v 0.576500 1.966650 2.745800
v 0.508700 1.668550 2.745800
v 0.508700 1.966650 2.745800
v 0.576500 1.668550 2.745800
v 0.576500 1.966650 2.625100
v 0.508700 1.966650 2.745800
v 0.508700 1.966650 2.625100
v 0.576500 1.966650 2.745800
v 0.576500 1.668550 2.625100
v 0.508700 1.966650 2.625100
v 0.508700 1.668550 2.625100
v 0.576500 1.966650 2.625100
v -0.552200 1.966650 2.745800
v -0.552200 1.668550 2.625100
v -0.552200 1.668550 2.745800
v -0.552200 1.966650 2.625100
v -0.620000 1.966650 2.745800
v -0.620000 1.668550 2.625100
v -0.620000 1.966650 2.625100
v -0.620000 1.668550 2.745800
v -0.620000 1.668550 2.745800
v -0.552200 1.668550 2.625100
v -0.620000 1.668550 2.625100
v -0.552200 1.668550 2.745800
v -0.620000 1.966650 2.745800
v -0.552200 1.668550 2.745800
v -0.620000 1.668550 2.745800
v -0.552200 1.966650 2.745800
v -0.620000 1.966650 2.625100
v -0.552200 1.966650 2.745800
v -0.620000 1.966650 2.745800
v -0.552200 1.966650 2.625100
v -0.620000 1.668550 2.625100
v -0.552200 1.966650 2.625100
v -0.620000 1.966650 2.625100
v -0.552200 1.668550 2.625100
v -2.658700 1.440150 -0.634100
v -2.806100 1.074849 -0.410100
v -2.658700 1.074849 -0.634100
v -2.806100 1.440150 -0.410100
v -2.627500 1.440150 -0.613500
v -2.806100 1.440150 -0.410100
v -2.658700 1.440150 -0.634100
v -2.774900 1.440150 -0.389600
v -2.627500 1.074849 -0.613500
v -2.774900 1.440150 -0.389600
v -2.627500 1.440150 -0.613500
v -2.774900 1.074849 -0.389600
v -2.658700 1.440150 -0.634100
v -2.627500 1.074849 -0.613500
v -2.627500 1.440150 -0.613500
v -2.658700 1.074849 -0.634100
v -2.853800 1.440549 -0.771500
v -3.005500 1.075249 -0.550400
v -3.005500 1.440549 -0.550400
v -2.853800 1.075249 -0.771500
v -2.884600 1.440549 -0.792600
v -3.005500 1.440549 -0.550400
v -3.036400 1.440549 -0.571600
v -2.853800 1.440549 -0.771500
v -2.884600 1.075249 -0.792600
v -3.036400 1.440549 -0.571600
v -3.036400 1.075249 -0.571600
v -2.884600 1.440549 -0.792600
v -2.853800 1.440549 -0.771500
v -2.884600 1.075249 -0.792600
v -2.853800 1.075249 -0.771500
v -2.884600 1.440549 -0.792600
v -2.710900 1.010549 -4.422400
v -2.661600 0.835549 -4.321300
v -2.710900 0.835549 -4.321300
v -2.661600 1.010549 -4.422400
v -2.710900 1.010549 -4.624500
v -2.661600 1.010549 -4.624500
v -2.710900 0.835549 -4.725600
v -2.661600 0.835549 -4.725600
v -2.710900 0.660449 -4.624500
v -2.661600 0.660449 -4.624500
v -2.710900 0.660449 -4.422400
v -2.661600 0.660449 -4.422400
v -2.661600 0.660449 -4.422400
v -2.710900 0.660449 -4.422400
v -2.661600 0.835549 -4.321300
v -2.661600 0.660449 -4.624500
v -2.661600 0.660449 -4.422400
v -2.661600 0.835549 -4.725600
v -2.661600 1.010549 -4.624500
v -2.661600 1.010549 -4.422400
v -2.710900 0.660449 -4.422400
v -2.710900 0.835549 -4.725600
v -2.710900 0.835549 -4.321300
v -2.710900 0.660449 -4.624500
v -2.710900 1.010549 -4.422400
v -2.710900 1.010549 -4.624500
v -3.022400 1.010549 -4.422400
v -3.071700 0.835549 -4.321300
v -3.071700 1.010549 -4.422400
v -3.022400 0.835549 -4.321300
v -3.071700 0.660449 -4.422400
v -3.022400 0.660449 -4.422400
v -3.022400 1.010549 -4.624500
v -3.071700 1.010549 -4.624500
v -3.022400 0.835549 -4.725600
v -3.071700 0.835549 -4.725600
v -3.022400 0.660449 -4.624500
v -3.071700 0.660449 -4.624500
v -3.022400 0.660449 -4.422400
v -3.071700 0.660449 -4.422400
v -3.071700 0.835549 -4.321300
v -3.071700 0.660449 -4.624500
v -3.071700 0.835549 -4.725600
v -3.071700 0.660449 -4.422400
v -3.071700 1.010549 -4.624500
v -3.071700 1.010549 -4.422400
v -3.022400 0.660449 -4.422400
v -3.022400 0.835549 -4.725600
v -3.022400 0.660449 -4.624500
v -3.022400 0.835549 -4.321300
v -3.022400 1.010549 -4.422400
v -3.022400 1.010549 -4.624500
v -2.004700 -0.343651 -4.235600
v -2.004700 0.192849 -4.469100
v -2.004700 -0.275651 -4.469100
v -2.004700 0.237949 -4.382600
v -2.004700 0.192849 -4.296100
v -2.068900 0.192849 -4.469100
v -2.068900 -0.343651 -4.235600
v -2.068900 -0.275651 -4.469100
v -2.068900 0.237949 -4.382600
v -2.068900 0.192849 -4.296100
v -2.068900 -0.275651 -4.469100
v -2.004700 -0.343651 -4.235600
v -2.004700 -0.275651 -4.469100
v -2.068900 -0.343651 -4.235600
v -2.068900 0.192849 -4.296100
v -2.004700 0.237949 -4.382600
v -2.004700 0.192849 -4.296100
v -2.068900 0.237949 -4.382600
v -2.004700 0.192849 -4.469100
v -2.068900 0.192849 -4.469100
v -2.068900 -0.275651 -4.469100
v -2.004700 0.192849 -4.469100
v -2.068900 0.192849 -4.469100
v -2.004700 -0.275651 -4.469100
v -1.839800 -0.343651 -4.235600
v -1.839800 0.192849 -4.469100
v -1.839800 0.237949 -4.382600
v -1.839800 -0.275651 -4.469100
v -1.839800 0.192849 -4.296100
v -1.775500 0.192849 -4.469100
v -1.775500 -0.343651 -4.235600
v -1.775500 0.237949 -4.382600
v -1.775500 -0.275651 -4.469100
v -1.775500 0.192849 -4.296100
v -1.775500 -0.275651 -4.469100
v -1.839800 -0.343651 -4.235600
v -1.775500 -0.343651 -4.235600
v -1.839800 -0.275651 -4.469100
v -1.775500 0.192849 -4.296100
v -1.839800 0.237949 -4.382600
v -1.775500 0.237949 -4.382600
v -1.839800 0.192849 -4.296100
v -1.839800 0.192849 -4.469100
v -1.775500 0.192849 -4.469100
v -1.775500 -0.275651 -4.469100
v -1.839800 0.192849 -4.469100
v -1.839800 -0.275651 -4.469100
v -1.775500 0.192849 -4.469100
v -2.288200 0.705549 -4.519500
v -2.211200 0.868649 -4.305600
v -2.215800 0.700249 -4.516100
v -2.287100 0.940749 -4.206300
v -1.875600 0.844149 -4.289700
v -1.771500 0.887749 -4.205700
v -1.880200 0.675749 -4.500200
v -1.776400 0.668149 -4.495300
v -2.214600 0.874849 -4.638100
v -2.288200 0.705549 -4.519500
v -2.215800 0.700249 -4.516100
v -2.287500 0.874849 -4.638100
v -2.287500 1.068749 -4.574700
v -2.214600 1.068749 -4.574700
v -2.287500 1.068749 -4.574700
v -2.287100 0.940749 -4.206300
v -2.288200 0.705549 -4.519500
v -2.287500 1.062949 -4.003000
v -2.287500 0.874849 -4.638100
v -2.287500 1.068749 -4.574700
v -2.214600 1.065749 -4.285100
v -2.287500 1.062949 -4.003000
v -2.214600 1.068749 -4.574700
v -1.771900 1.062949 -4.003000
v -1.876500 1.065749 -4.285100
v -1.771900 1.068749 -4.574700
v -1.876500 1.068749 -4.574700
v -2.214600 1.065749 -4.285100
v -2.215800 0.700249 -4.516100
v -2.211200 0.868649 -4.305600
v -2.214600 1.068749 -4.574700
v -2.214600 0.874849 -4.638100
v -1.771900 0.874849 -4.638100
v -1.880200 0.675749 -4.500200
v -1.776400 0.668149 -4.495300
v -1.876500 0.874849 -4.638100
v -1.876500 1.068749 -4.574700
v -1.771900 1.068749 -4.574700
v -1.880200 0.675749 -4.500200
v -1.876500 1.065749 -4.285100
v -1.875600 0.844149 -4.289700
v -1.876500 1.068749 -4.574700
v -1.876500 0.874849 -4.638100
v -1.771900 1.068749 -4.574700
v -1.771500 0.887749 -4.205700
v -1.771900 1.062949 -4.003000
v -1.776400 0.668149 -4.495300
v -1.771900 0.874849 -4.638100
v -1.876500 1.065749 -4.285100
v -2.211200 0.868649 -4.305600
v -1.875600 0.844149 -4.289700
v -2.214600 1.065749 -4.285100
v -1.880300 0.417549 -6.179800
v -2.148400 0.417549 -6.403300
v -2.148400 0.417549 -6.179800
v -1.880300 0.417549 -6.403300
v -1.880300 0.654649 -6.426300
v -2.148400 0.789149 -6.303900
v -2.148400 0.654649 -6.426300
v -1.880300 0.789149 -6.303900
v -2.148400 0.654649 -6.426300
v -2.148400 0.417549 -6.179800
v -2.148400 0.417549 -6.403300
v -2.148400 0.789149 -6.179800
v -2.148400 0.789149 -6.303900
v -1.880300 0.789149 -6.179800
v -2.148400 0.417549 -6.179800
v -2.148400 0.789149 -6.179800
v -1.880300 0.417549 -6.179800
v -1.880300 0.654649 -6.426300
v -1.880300 0.417549 -6.179800
v -1.880300 0.789149 -6.179800
v -1.880300 0.417549 -6.403300
v -1.880300 0.789149 -6.303900
v -1.880300 0.789149 -6.303900
v -2.148400 0.789149 -6.179800
v -2.148400 0.789149 -6.303900
v -1.880300 0.789149 -6.179800
v -1.840400 0.068349 -4.830600
v -1.993500 -0.101151 -4.745300
v -1.840400 -0.101151 -4.745300
v -1.993500 0.068349 -4.830600
v -1.993500 0.237949 -4.691700
v -1.840400 0.237949 -4.691700
v -1.993500 -0.101151 -4.745300
v -1.840400 -0.101151 -4.128300
v -1.840400 -0.101151 -4.745300
v -1.993500 -0.101151 -4.128300
v -1.993500 0.237949 -4.691700
v -1.993500 -0.101151 -4.128300
v -1.993500 -0.101151 -4.745300
v -1.993500 0.237949 -4.128300
v -1.993500 0.068349 -4.830600
v -1.840400 0.237949 -4.691700
v -1.993500 0.237949 -4.128300
v -1.993500 0.237949 -4.691700
v -1.840400 0.237949 -4.128300
v -1.840400 0.237949 -4.691700
v -1.840400 -0.101151 -4.128300
v -1.840400 0.237949 -4.128300
v -1.840400 -0.101151 -4.745300
v -1.840400 0.068349 -4.830600
v -2.920900 0.472549 -4.646300
v -2.953200 0.395649 -4.505800
v -2.953200 0.394649 -4.645900
v -2.920900 0.473549 -4.486300
v -2.843000 0.504849 -4.646500
v -2.843000 0.505849 -4.486500
v -2.765100 0.472549 -4.646300
v -2.765100 0.473549 -4.486300
v -2.732800 0.394649 -4.645900
v -2.732800 0.395449 -4.509300
v -2.765100 0.316749 -4.645400
v -2.765100 0.317149 -4.569000
v -2.843000 0.284449 -4.645200
v -2.843000 0.284949 -4.568800
v -2.920900 0.317149 -4.569000
v -2.920900 0.316749 -4.645400
v -2.843000 0.284949 -4.568800
v -2.843000 0.284449 -4.645200
v -2.920900 0.316749 -4.645400
v -2.732800 0.394649 -4.645900
v -2.953200 0.394649 -4.645900
v -2.765100 0.316749 -4.645400
v -2.843000 0.284449 -4.645200
v -2.920900 0.472549 -4.646300
v -2.765100 0.472549 -4.646300
v -2.843000 0.504849 -4.646500
v -1.050500 0.033349 -4.806600
v -0.927100 -0.014151 -4.723800
v -0.929600 0.033349 -4.806600
v -1.048000 -0.014151 -4.723800
v -0.924700 0.062849 -4.555300
v -1.045600 0.062849 -4.555300
v -1.050500 0.153549 -4.806600
v -0.929600 0.153549 -4.806600
v -0.924700 0.278049 -4.555300
v -1.045600 0.278049 -4.555300
v -1.045600 0.062849 -4.555300
v -1.050500 0.153549 -4.806600
v -1.045600 0.278049 -4.555300
v -1.048000 -0.014151 -4.723800
v -1.050500 0.033349 -4.806600
v -0.924700 0.062849 -4.555300
v -0.929600 0.153549 -4.806600
v -0.927100 -0.014151 -4.723800
v -0.924700 0.278049 -4.555300
v -0.929600 0.033349 -4.806600
v -2.019800 0.897449 -4.626400
v -1.991400 0.749849 -5.202500
v -1.991400 0.829449 -4.617000
v -2.019800 0.817749 -5.211900
v -2.088400 0.869249 -4.622500
v -2.088400 0.789649 -5.208000
v -2.060000 0.801349 -4.613100
v -2.088400 0.789649 -5.208000
v -2.088400 0.869249 -4.622500
v -2.060000 0.721649 -5.198600
v -1.991400 0.829449 -4.617000
v -2.060000 0.721649 -5.198600
v -2.060000 0.801349 -4.613100
v -1.991400 0.749849 -5.202500
v -1.943200 0.865549 -5.211400
v -1.903200 0.636949 -6.158200
v -1.903200 0.769749 -5.198200
v -1.943200 0.732749 -6.171400
v -2.039900 0.905149 -5.216900
v -2.039900 0.772449 -6.176900
v -2.136600 0.865549 -5.211400
v -2.136600 0.732749 -6.171400
v -2.176700 0.769749 -5.198200
v -2.176700 0.636949 -6.158200
v -2.136600 0.673949 -5.185000
v -2.136600 0.541249 -6.144900
v -2.039900 0.634249 -5.179500
v -2.039900 0.501549 -6.139400
v -1.943200 0.541249 -6.144900
v -1.943200 0.673949 -5.185000
v -2.039900 0.501549 -6.139400
v -2.039900 0.634249 -5.179500
v -1.903200 0.636949 -6.158200
v -2.136600 0.541249 -6.144900
v -1.943200 0.541249 -6.144900
v -2.176700 0.636949 -6.158200
v -2.136600 0.732749 -6.171400
v -1.943200 0.732749 -6.171400
v -2.039900 0.772449 -6.176900
v -2.039900 0.501549 -6.139400
v -1.943200 0.673949 -5.185000
v -2.176700 0.769749 -5.198200
v -1.903200 0.769749 -5.198200
v -2.136600 0.673949 -5.185000
v -2.039900 0.634249 -5.179500
v -1.943200 0.865549 -5.211400
v -2.136600 0.865549 -5.211400
v -2.039900 0.905149 -5.216900
v -1.919300 0.846049 -6.566600
v -1.880200 0.606149 -6.477100
v -1.920900 0.622049 -6.444100
v -1.880900 0.844349 -6.607200
v -1.920900 0.622049 -6.444100
v -1.919000 0.813949 -6.634100
v -1.919300 0.846049 -6.566600
v -1.921200 0.577249 -6.498600
v -1.880900 0.844349 -6.607200
v -1.921200 0.577249 -6.498600
v -1.880200 0.606149 -6.477100
v -1.919000 0.813949 -6.634100
v -1.975200 0.896649 -6.590200
v -1.880900 0.844349 -6.607200
v -1.919300 0.846049 -6.566600
v -1.959400 0.915549 -6.640300
v -2.136200 0.896649 -6.590200
v -2.152100 0.915549 -6.640300
v -2.192100 0.846049 -6.566600
v -2.230600 0.844349 -6.607200
v -1.919300 0.846049 -6.566600
v -1.975200 0.865049 -6.658000
v -1.975200 0.896649 -6.590200
v -1.919000 0.813949 -6.634100
v -2.136200 0.865049 -6.658000
v -2.136200 0.896649 -6.590200
v -2.192400 0.813949 -6.634100
v -2.192100 0.846049 -6.566600
v -1.959400 0.915549 -6.640300
v -1.919000 0.813949 -6.634100
v -1.880900 0.844349 -6.607200
v -1.975200 0.865049 -6.658000
v -2.152100 0.915549 -6.640300
v -2.136200 0.865049 -6.658000
v -2.230600 0.844349 -6.607200
v -2.192400 0.813949 -6.634100
v -2.190500 0.622049 -6.444100
v -2.230600 0.844349 -6.607200
v -2.192100 0.846049 -6.566600
v -2.231200 0.606149 -6.477100
v -2.192100 0.846049 -6.566600
v -2.190300 0.577249 -6.498600
v -2.190500 0.622049 -6.444100
v -2.192400 0.813949 -6.634100
v -2.231200 0.606149 -6.477100
v -2.192400 0.813949 -6.634100
v -2.230600 0.844349 -6.607200
v -2.190300 0.577249 -6.498600
v -3.014900 0.684049 -4.650300
v -2.683900 0.655149 -4.679100
v -2.651500 0.684049 -4.650300
v -2.982500 0.655149 -4.679100
v -3.093700 0.613949 -4.650300
v -3.061300 0.585149 -4.679100
v -2.950100 0.626349 -4.650300
v -3.028900 0.556349 -4.650300
v -2.716300 0.626349 -4.650300
v -2.605200 0.585149 -4.679100
v -2.572800 0.613949 -4.650300
v -2.637600 0.556349 -4.650300
v -2.982500 0.655149 -4.621500
v -2.982500 0.655149 -4.679100
v -2.683900 0.655149 -4.679100
v -2.950100 0.626349 -4.650300
v -2.683900 0.655149 -4.621500
v -2.716300 0.626349 -4.650300
v -2.982500 0.655149 -4.621500
v -3.028900 0.556349 -4.650300
v -3.061300 0.585149 -4.621500
v -3.014900 0.684049 -4.650300
v -3.093700 0.613949 -4.650300
v -2.605200 0.585149 -4.621500
v -2.637600 0.556349 -4.650300
v -2.572800 0.613949 -4.650300
v -2.651500 0.684049 -4.650300
v -2.572800 0.613949 -4.650300
v -2.605200 0.213849 -4.679100
v -2.572800 0.185049 -4.650300
v -2.605200 0.585149 -4.679100
v -2.637600 0.242649 -4.650300
v -2.637600 0.556349 -4.650300
v -2.637600 0.556349 -4.650300
v -2.605200 0.213849 -4.621500
v -2.637600 0.242649 -4.650300
v -2.605200 0.585149 -4.621500
v -2.572800 0.185049 -4.650300
v -2.572800 0.613949 -4.650300
v -3.093700 0.185049 -4.650300
v -3.061300 0.585149 -4.679100
v -3.093700 0.613949 -4.650300
v -3.061300 0.213849 -4.679100
v -3.028900 0.556349 -4.650300
v -3.028900 0.242649 -4.650300
v -3.028900 0.242649 -4.650300
v -3.061300 0.585149 -4.621500
v -3.028900 0.556349 -4.650300
v -3.061300 0.213849 -4.621500
v -3.093700 0.613949 -4.650300
v -3.093700 0.185049 -4.650300
v -3.061300 0.213849 -4.679100
v -2.978800 0.185049 -4.650300
v -2.978800 0.213849 -4.679100
v -3.093700 0.185049 -4.650300
v -3.061300 0.213849 -4.621500
v -2.978800 0.213849 -4.621500
v -3.028900 0.242649 -4.650300
v -2.687600 0.185049 -4.650300
v -2.605200 0.213849 -4.679100
v -2.687600 0.213849 -4.679100
v -2.572800 0.185049 -4.650300
v -2.605200 0.213849 -4.621500
v -2.687600 0.213849 -4.621500
v -2.637600 0.242649 -4.650300
v -2.687600 0.242649 -4.650300
v -2.978800 0.213849 -4.679100
v -2.978800 0.242649 -4.650300
v -2.687600 0.213849 -4.679100
v -2.637600 0.242649 -4.650300
v -2.687600 0.242649 -4.650300
v -2.605200 0.213849 -4.679100
v -2.978800 0.213849 -4.621500
v -3.028900 0.242649 -4.650300
v -2.978800 0.242649 -4.650300
v -3.061300 0.213849 -4.621500
v -2.978800 0.185049 -4.650300
v -2.978800 0.242649 -4.650300
v -2.978800 0.213849 -4.679100
v -2.978800 0.213849 -4.621500
v -2.687600 0.213849 -4.679100
v -2.687600 0.213849 -4.621500
v -2.687600 0.185049 -4.650300
v -2.687600 0.242649 -4.650300
v -3.006700 0.244649 -4.626900
v -3.006800 0.502149 -4.696700
v -3.006600 0.506849 -4.495200
v -3.006900 0.244649 -4.696800
v -2.962300 0.546549 -4.696700
v -2.962100 0.546549 -4.475300
v -2.701400 0.546549 -4.696900
v -2.701200 0.546549 -4.475500
v -2.657000 0.502149 -4.697000
v -2.656700 0.506849 -4.495500
v -2.657100 0.244649 -4.697100
v -2.656800 0.244649 -4.627200
v -2.987400 0.482749 -4.696700
v -2.987300 0.244649 -4.627000
v -2.987200 0.488049 -4.496300
v -2.987500 0.244649 -4.696900
v -2.942700 0.527149 -4.475300
v -2.942900 0.527149 -4.696700
v -2.720800 0.527149 -4.696900
v -2.720600 0.527149 -4.475400
v -2.676100 0.488049 -4.496500
v -2.676400 0.482749 -4.696900
v -2.676500 0.244649 -4.697000
v -2.676200 0.244649 -4.627100
v -3.006900 0.244649 -4.696800
v -2.987400 0.482749 -4.696700
v -3.006800 0.502149 -4.696700
v -2.987500 0.244649 -4.696900
v -2.942900 0.527149 -4.696700
v -2.962300 0.546549 -4.696700
v -2.720800 0.527149 -4.696900
v -2.701400 0.546549 -4.696900
v -2.676400 0.482749 -4.696900
v -2.657000 0.502149 -4.697000
v -2.676500 0.244649 -4.697000
v -2.657100 0.244649 -4.697100
v -3.006700 0.244649 -4.626900
v -2.987500 0.244649 -4.696900
v -3.006900 0.244649 -4.696800
v -2.987300 0.244649 -4.627000
v -2.657100 0.244649 -4.697100
v -2.676200 0.244649 -4.627100
v -2.656800 0.244649 -4.627200
v -2.676500 0.244649 -4.697000
v -2.531800 0.603449 -4.618600
v -2.436700 0.383049 -4.729500
v -2.436600 0.603449 -4.618700
v -2.531900 0.383049 -4.729400
v -2.436700 0.294349 -4.699100
v -2.531800 0.253749 -4.614900
v -2.436600 0.253749 -4.615000
v -2.531900 0.294349 -4.699100
v -2.531800 0.633949 -4.528400
v -2.531800 0.253749 -4.614900
v -2.531900 0.294349 -4.699100
v -2.531700 0.593349 -4.444300
v -2.531800 0.603449 -4.618600
v -2.531900 0.383049 -4.729400
v -2.531800 0.633949 -4.528400
v -2.436500 0.593349 -4.444300
v -2.531700 0.593349 -4.444300
v -2.436600 0.633949 -4.528500
v -2.436600 0.633949 -4.528500
v -2.436600 0.253749 -4.615000
v -2.436500 0.593349 -4.444300
v -2.436700 0.294349 -4.699100
v -2.436700 0.383049 -4.729500
v -2.436600 0.603449 -4.618700
v -2.531900 0.294349 -4.699100
v -2.436700 0.383049 -4.729500
v -2.531900 0.383049 -4.729400
v -2.436700 0.294349 -4.699100
v -2.436600 0.633949 -4.528500
v -2.531800 0.603449 -4.618600
v -2.436600 0.603449 -4.618700
v -2.531800 0.633949 -4.528400
v -1.919900 0.230249 -6.147000
v -1.977400 0.144649 -4.592200
v -1.977400 0.172749 -6.148100
v -1.919900 0.202149 -4.591200
v -1.891100 0.143949 -6.148600
v -1.919900 0.202149 -4.591200
v -1.919900 0.230249 -6.147000
v -1.891100 0.115849 -4.592700
v -1.977400 0.172749 -6.148100
v -1.891100 0.115849 -4.592700
v -1.891100 0.143949 -6.148600
v -1.977400 0.144649 -4.592200
v -1.902400 -0.533351 -6.129100
v -1.961100 0.005249 -4.576600
v -1.961100 -0.583551 -6.098600
v -1.902400 0.055449 -4.607100
v -1.873000 -0.608651 -6.083400
v -1.902400 0.055449 -4.607100
v -1.902400 -0.533351 -6.129100
v -1.873000 -0.019951 -4.561400
v -1.961100 -0.583551 -6.098600
v -1.873000 -0.019951 -4.561400
v -1.873000 -0.608651 -6.083400
v -1.961100 0.005249 -4.576600
v -2.004700 -0.287651 -4.271400
v -1.839400 -0.266951 -4.461000
v -2.004700 -0.266951 -4.461000
v -1.839400 -0.287651 -4.271400
v -2.004700 -0.110251 -4.461000
v -1.839400 -0.110251 -4.271400
v -2.004700 -0.110251 -4.271400
v -1.839400 -0.110251 -4.461000
v -2.004700 -0.266951 -4.461000
v -1.839400 -0.110251 -4.461000
v -2.004700 -0.110251 -4.461000
v -1.839400 -0.266951 -4.461000
v -2.041200 0.964149 -4.643300
v -2.156800 0.861149 -4.539400
v -2.156800 0.864049 -4.649800
v -2.041200 0.961249 -4.511800
v -1.925500 0.864049 -4.649800
v -1.925500 0.861149 -4.539400
v -2.041200 0.763949 -4.656200
v -1.925500 0.861149 -4.539400
v -1.925500 0.864049 -4.649800
v -2.041200 0.772949 -4.475100
v -2.156800 0.864049 -4.649800
v -2.041200 0.772949 -4.475100
v -2.041200 0.763949 -4.656200
v -2.156800 0.861149 -4.539400
v -2.156800 0.864049 -4.649800
v -2.041200 0.763949 -4.656200
v -1.925500 0.864049 -4.649800
v -2.041200 0.964149 -4.643300
v -1.854700 1.004849 -4.476700
v -2.216700 0.877349 -4.604200
v -1.854700 0.877349 -4.604200
v -2.216700 1.004849 -4.476700
v -1.854700 0.877349 -4.349100
v -2.216700 1.004849 -4.476700
v -2.216700 0.877349 -4.349100
v -1.854700 0.768449 -4.476700
v -2.216700 0.877349 -4.349100
v -1.854700 0.877349 -4.349100
v -2.216700 0.768449 -4.476700
v -1.854700 0.877349 -4.604200
v -2.216700 0.768449 -4.476700
v -1.854700 0.768449 -4.476700
v -2.216700 0.877349 -4.604200
v -2.028700 0.683949 -6.207600
v -2.082800 0.642149 -6.114700
v -2.082800 0.630349 -6.200200
v -2.028700 0.695849 -6.122100
v -1.974500 0.630349 -6.200200
v -1.974500 0.642149 -6.114700
v -2.028700 0.576749 -6.192800
v -1.974500 0.642149 -6.114700
v -1.974500 0.630349 -6.200200
v -2.028700 0.588549 -6.107300
v -2.028700 0.588549 -6.107300
v -2.028700 0.576749 -6.192800
v -2.082800 0.630349 -6.200200
v -2.082800 0.642149 -6.114700
v -1.498200 0.157749 -5.098300
v -1.633900 -0.052051 -4.934300
v -1.498200 -0.052051 -5.098300
v -1.633900 0.157749 -4.934300
v -1.491000 -0.052051 -4.776600
v -1.491000 0.157749 -4.776600
v -1.355400 0.157749 -4.940600
v -1.498200 -0.052051 -5.098300
v -1.355400 -0.052051 -4.940600
v -1.498200 0.157749 -5.098300
v -1.491000 0.157749 -4.776600
v -1.355400 -0.052051 -4.940600
v -1.491000 -0.052051 -4.776600
v -1.355400 0.157749 -4.940600
v -1.491000 -0.052051 -4.776600
v -1.498200 -0.052051 -5.098300
v -1.633900 -0.052051 -4.934300
v -1.355400 -0.052051 -4.940600
v -1.633900 0.157749 -4.934300
v -1.498200 0.157749 -5.098300
v -1.491000 0.157749 -4.776600
v -1.355400 0.157749 -4.940600
v -0.037500 0.166549 -6.111500
v -1.961600 0.043749 -4.672300
v -0.104200 0.079649 -6.172300
v -1.899400 0.131049 -4.617000
v -0.005800 0.035949 -6.084600
v -1.899400 0.131049 -4.617000
v -0.037500 0.166549 -6.111500
v -1.865500 0.000249 -4.587300
v -0.104200 0.079649 -6.172300
v -1.865500 0.000249 -4.587300
v -0.005800 0.035949 -6.084600
v -1.961600 0.043749 -4.672300
v -2.155000 -0.217051 -4.700900
v -3.237000 -0.217051 -4.662900
v -2.155000 -0.217051 -4.662900
v -3.237000 -0.217051 -4.700900
v -3.237000 0.084049 -4.702200
v -3.237000 0.163549 -4.622100
v -3.237000 0.084049 -4.664200
v -3.237000 0.163549 -4.672900
v -3.237000 -0.217051 -4.662900
v -3.237000 -0.217051 -4.700900
v -3.237000 0.163549 -4.622100
v -2.155000 0.084049 -4.664200
v -3.237000 0.084049 -4.664200
v -2.155000 0.163549 -4.622100
v -3.237000 -0.217051 -4.662900
v -2.155000 -0.217051 -4.662900
v -2.155000 0.084049 -4.664200
v -2.155000 0.163549 -4.672900
v -2.155000 0.084049 -4.702200
v -2.155000 0.163549 -4.622100
v -2.155000 -0.217051 -4.700900
v -2.155000 -0.217051 -4.662900
v -2.155000 0.084049 -4.702200
v -3.237000 0.163549 -4.672900
v -3.237000 0.084049 -4.702200
v -2.155000 0.163549 -4.672900
v -3.237000 -0.217051 -4.700900
v -2.155000 -0.217051 -4.700900
v -3.237000 0.879749 -4.161100
v -3.237000 0.163549 -4.672900
v -3.237000 0.879749 -4.312200
v -3.237000 0.163549 -4.571500
v -3.237000 0.197449 -4.740100
v -3.237000 0.913649 -4.379400
v -3.237000 0.913649 -4.379400
v -3.124000 0.197449 -4.740100
v -3.124000 0.913649 -4.379600
v -3.237000 0.197449 -4.740100
v -3.152000 0.163549 -4.622100
v -3.148000 0.879749 -4.161100
v -3.142400 0.879749 -4.253300
v -3.152000 0.163549 -4.571500
v -3.152000 0.163549 -4.622100
v -2.155000 0.879749 -4.243300
v -2.155000 0.163549 -4.622100
v -3.142400 0.879749 -4.253300
v -3.237000 0.163549 -4.571500
v -3.148000 0.879749 -4.161100
v -3.152000 0.163549 -4.571500
v -3.237000 0.879749 -4.161100
v -3.237000 0.163549 -4.672900
v -3.152000 0.163549 -4.571500
v -3.152000 0.163549 -4.622100
v -3.237000 0.163549 -4.571500
v -2.155000 0.879749 -4.313900
v -2.155000 0.163549 -4.622100
v -2.155000 0.879749 -4.243300
v -2.155000 0.163549 -4.672900
v -3.123900 0.879749 -4.312400
v -2.155000 0.163549 -4.672900
v -2.155000 0.879749 -4.313900
v -3.123900 0.163549 -4.672900
v -3.124000 0.197449 -4.740100
v -3.237000 0.163549 -4.672900
v -3.123900 0.163549 -4.672900
v -3.237000 0.197449 -4.740100
v -3.124000 0.913649 -4.379600
v -3.123900 0.163549 -4.672900
v -3.123900 0.879749 -4.312400
v -3.124000 0.197449 -4.740100
v 1.961100 -0.343651 -4.235600
v 1.961100 0.192849 -4.469100
v 1.961100 0.237949 -4.382600
v 1.961100 -0.275651 -4.469100
v 1.961100 0.192849 -4.296100
v 2.025300 0.192849 -4.469100
v 2.025300 -0.343651 -4.235600
v 2.025300 0.237949 -4.382600
v 2.025300 -0.275651 -4.469100
v 2.025300 0.192849 -4.296100
v 2.025300 -0.275651 -4.469100
v 1.961100 -0.343651 -4.235600
v 2.025300 -0.343651 -4.235600
v 1.961100 -0.275651 -4.469100
v 2.025300 0.192849 -4.296100
v 1.961100 0.237949 -4.382600
v 2.025300 0.237949 -4.382600
v 1.961100 0.192849 -4.296100
v 1.961100 0.192849 -4.469100
v 2.025300 0.192849 -4.469100
v 2.025300 -0.275651 -4.469100
v 1.961100 0.192849 -4.469100
v 1.961100 -0.275651 -4.469100
v 2.025300 0.192849 -4.469100
v 1.796200 -0.343651 -4.235600
v 1.796200 0.192849 -4.469100
v 1.796200 -0.275651 -4.469100
v 1.796200 0.237949 -4.382600
v 1.796200 0.192849 -4.296100
v 1.732000 0.192849 -4.469100
v 1.732000 -0.343651 -4.235600
v 1.732000 -0.275651 -4.469100
v 1.732000 0.237949 -4.382600
v 1.732000 0.192849 -4.296100
v 1.732000 -0.275651 -4.469100
v 1.796200 -0.343651 -4.235600
v 1.796200 -0.275651 -4.469100
v 1.732000 -0.343651 -4.235600
v 1.732000 0.192849 -4.296100
v 1.796200 0.237949 -4.382600
v 1.796200 0.192849 -4.296100
v 1.732000 0.237949 -4.382600
v 1.796200 0.192849 -4.469100
v 1.732000 0.192849 -4.469100
v 1.732000 -0.275651 -4.469100
v 1.796200 0.192849 -4.469100
v 1.732000 0.192849 -4.469100
v 1.796200 -0.275651 -4.469100
v 2.244600 0.705549 -4.519500
v 2.167700 0.868649 -4.305600
v 2.243500 0.940749 -4.206300
v 2.172200 0.700249 -4.516100
v 1.832100 0.844149 -4.289700
v 1.728000 0.887749 -4.205700
v 1.836600 0.675749 -4.500200
v 1.732800 0.668149 -4.495300
v 2.171100 0.874849 -4.638100
v 2.244600 0.705549 -4.519500
v 2.244000 0.874849 -4.638100
v 2.172200 0.700249 -4.516100
v 2.244000 1.068749 -4.574700
v 2.171100 1.068749 -4.574700
v 2.244000 1.068749 -4.574700
v 2.243500 0.940749 -4.206300
v 2.244000 1.062949 -4.003000
v 2.244600 0.705549 -4.519500
v 2.244000 0.874849 -4.638100
v 2.244000 1.068749 -4.574700
v 2.171100 1.065749 -4.285100
v 2.171100 1.068749 -4.574700
v 2.244000 1.062949 -4.003000
v 1.728300 1.062949 -4.003000
v 1.832900 1.065749 -4.285100
v 1.728300 1.068749 -4.574700
v 1.832900 1.068749 -4.574700
v 2.171100 1.065749 -4.285100
v 2.172200 0.700249 -4.516100
v 2.171100 1.068749 -4.574700
v 2.167700 0.868649 -4.305600
v 2.171100 0.874849 -4.638100
v 1.728300 0.874849 -4.638100
v 1.836600 0.675749 -4.500200
v 1.832900 0.874849 -4.638100
v 1.732800 0.668149 -4.495300
v 1.832900 1.068749 -4.574700
v 1.728300 1.068749 -4.574700
v 1.836600 0.675749 -4.500200
v 1.832900 1.065749 -4.285100
v 1.832900 1.068749 -4.574700
v 1.832100 0.844149 -4.289700
v 1.832900 0.874849 -4.638100
v 1.728300 1.068749 -4.574700
v 1.728000 0.887749 -4.205700
v 1.732800 0.668149 -4.495300
v 1.728300 1.062949 -4.003000
v 1.728300 0.874849 -4.638100
v 1.832900 1.065749 -4.285100
v 2.167700 0.868649 -4.305600
v 2.171100 1.065749 -4.285100
v 1.832100 0.844149 -4.289700
v 1.836800 0.417549 -6.179800
v 2.104800 0.417549 -6.403300
v 1.836800 0.417549 -6.403300
v 2.104800 0.417549 -6.179800
v 1.836800 0.654649 -6.426300
v 2.104800 0.789149 -6.303900
v 1.836800 0.789149 -6.303900
v 2.104800 0.654649 -6.426300
v 2.104800 0.654649 -6.426300
v 2.104800 0.417549 -6.179800
v 2.104800 0.789149 -6.179800
v 2.104800 0.417549 -6.403300
v 2.104800 0.789149 -6.303900
v 1.836800 0.789149 -6.179800
v 2.104800 0.417549 -6.179800
v 1.836800 0.417549 -6.179800
v 2.104800 0.789149 -6.179800
v 1.836800 0.654649 -6.426300
v 1.836800 0.417549 -6.179800
v 1.836800 0.417549 -6.403300
v 1.836800 0.789149 -6.179800
v 1.836800 0.789149 -6.303900
v 1.836800 0.789149 -6.303900
v 2.104800 0.789149 -6.179800
v 1.836800 0.789149 -6.179800
v 2.104800 0.789149 -6.303900
v 1.796900 0.068349 -4.830600
v 1.950000 -0.101151 -4.745300
v 1.950000 0.068349 -4.830600
v 1.796900 -0.101151 -4.745300
v 1.950000 0.237949 -4.691700
v 1.796900 0.237949 -4.691700
v 1.950000 -0.101151 -4.745300
v 1.796900 -0.101151 -4.128300
v 1.950000 -0.101151 -4.128300
v 1.796900 -0.101151 -4.745300
v 1.950000 0.237949 -4.691700
v 1.950000 -0.101151 -4.128300
v 1.950000 0.237949 -4.128300
v 1.950000 -0.101151 -4.745300
v 1.950000 0.068349 -4.830600
v 1.796900 0.237949 -4.691700
v 1.950000 0.237949 -4.128300
v 1.796900 0.237949 -4.128300
v 1.950000 0.237949 -4.691700
v 1.796900 0.237949 -4.691700
v 1.796900 -0.101151 -4.128300
v 1.796900 -0.101151 -4.745300
v 1.796900 0.237949 -4.128300
v 1.796900 0.068349 -4.830600
v 2.877400 0.472549 -4.646300
v 2.909700 0.395649 -4.505800
v 2.877400 0.473549 -4.486300
v 2.909700 0.394649 -4.645900
v 2.877400 0.317149 -4.569000
v 2.877400 0.316749 -4.645400
v 2.799500 0.284949 -4.568800
v 2.799500 0.284449 -4.645200
v 2.799500 0.504849 -4.646500
v 2.799500 0.505849 -4.486500
v 2.721500 0.472549 -4.646300
v 2.721500 0.473549 -4.486300
v 2.689200 0.394649 -4.645900
v 2.689200 0.395449 -4.509300
v 2.721500 0.316749 -4.645400
v 2.721500 0.317149 -4.569000
v 2.799500 0.284449 -4.645200
v 2.799500 0.284949 -4.568800
v 2.877400 0.316749 -4.645400
v 2.689200 0.394649 -4.645900
v 2.721500 0.316749 -4.645400
v 2.909700 0.394649 -4.645900
v 2.877400 0.472549 -4.646300
v 2.721500 0.472549 -4.646300
v 2.799500 0.504849 -4.646500
v 2.799500 0.284449 -4.645200
v 1.007000 0.033349 -4.806600
v 0.883600 -0.014151 -4.723800
v 1.004500 -0.014151 -4.723800
v 0.886000 0.033349 -4.806600
v 1.007000 0.153549 -4.806600
v 0.886000 0.153549 -4.806600
v 0.881200 0.278049 -4.555300
v 1.002100 0.278049 -4.555300
v 0.881200 0.062849 -4.555300
v 1.002100 0.062849 -4.555300
v 1.002100 0.062849 -4.555300
v 1.007000 0.153549 -4.806600
v 1.004500 -0.014151 -4.723800
v 1.002100 0.278049 -4.555300
v 1.007000 0.033349 -4.806600
v 0.881200 0.062849 -4.555300
v 0.886000 0.153549 -4.806600
v 0.881200 0.278049 -4.555300
v 0.883600 -0.014151 -4.723800
v 0.886000 0.033349 -4.806600
v 1.976300 0.897449 -4.626400
v 1.947900 0.749849 -5.202500
v 1.976300 0.817749 -5.211900
v 1.947900 0.829449 -4.617000
v 2.044900 0.869249 -4.622500
v 2.044900 0.789649 -5.208000
v 2.016500 0.801349 -4.613100
v 2.044900 0.789649 -5.208000
v 2.016500 0.721649 -5.198600
v 2.044900 0.869249 -4.622500
v 1.947900 0.829449 -4.617000
v 2.016500 0.721649 -5.198600
v 1.947900 0.749849 -5.202500
v 2.016500 0.801349 -4.613100
v 1.899700 0.865549 -5.211400
v 1.859600 0.636949 -6.158200
v 1.899700 0.732749 -6.171400
v 1.859600 0.769749 -5.198200
v 1.899700 0.541249 -6.144900
v 1.899700 0.673949 -5.185000
v 1.996400 0.501549 -6.139400
v 1.996400 0.634249 -5.179500
v 1.996400 0.905149 -5.216900
v 1.996400 0.772449 -6.176900
v 2.093100 0.865549 -5.211400
v 2.093100 0.732749 -6.171400
v 2.133200 0.769749 -5.198200
v 2.133200 0.636949 -6.158200
v 2.093100 0.673949 -5.185000
v 2.093100 0.541249 -6.144900
v 1.996400 0.634249 -5.179500
v 1.996400 0.501549 -6.139400
v 1.859600 0.636949 -6.158200
v 2.093100 0.541249 -6.144900
v 2.133200 0.636949 -6.158200
v 1.899700 0.541249 -6.144900
v 1.996400 0.501549 -6.139400
v 2.093100 0.732749 -6.171400
v 1.899700 0.732749 -6.171400
v 1.996400 0.772449 -6.176900
v 1.899700 0.673949 -5.185000
v 2.133200 0.769749 -5.198200
v 2.093100 0.673949 -5.185000
v 1.859600 0.769749 -5.198200
v 1.899700 0.865549 -5.211400
v 2.093100 0.865549 -5.211400
v 1.996400 0.905149 -5.216900
v 1.996400 0.634249 -5.179500
v 1.875800 0.846049 -6.566600
v 1.836700 0.606149 -6.477100
v 1.837300 0.844349 -6.607200
v 1.877400 0.622049 -6.444100
v 1.877400 0.622049 -6.444100
v 1.875500 0.813949 -6.634100
v 1.877600 0.577249 -6.498600
v 1.875800 0.846049 -6.566600
v 1.837300 0.844349 -6.607200
v 1.877600 0.577249 -6.498600
v 1.875500 0.813949 -6.634100
v 1.836700 0.606149 -6.477100
v 1.931700 0.896649 -6.590200
v 1.837300 0.844349 -6.607200
v 1.915800 0.915549 -6.640300
v 1.875800 0.846049 -6.566600
v 2.092700 0.896649 -6.590200
v 2.108500 0.915549 -6.640300
v 2.148600 0.846049 -6.566600
v 2.187000 0.844349 -6.607200
v 1.875800 0.846049 -6.566600
v 1.931700 0.865049 -6.658000
v 1.875500 0.813949 -6.634100
v 1.931700 0.896649 -6.590200
v 2.092700 0.865049 -6.658000
v 2.092700 0.896649 -6.590200
v 2.148900 0.813949 -6.634100
v 2.148600 0.846049 -6.566600
v 1.915800 0.915549 -6.640300
v 1.875500 0.813949 -6.634100
v 1.931700 0.865049 -6.658000
v 1.837300 0.844349 -6.607200
v 2.108500 0.915549 -6.640300
v 2.092700 0.865049 -6.658000
v 2.187000 0.844349 -6.607200
v 2.148900 0.813949 -6.634100
v 2.147000 0.622049 -6.444100
v 2.187000 0.844349 -6.607200
v 2.187700 0.606149 -6.477100
v 2.148600 0.846049 -6.566600
v 2.148600 0.846049 -6.566600
v 2.146700 0.577249 -6.498600
v 2.148900 0.813949 -6.634100
v 2.147000 0.622049 -6.444100
v 2.187700 0.606149 -6.477100
v 2.148900 0.813949 -6.634100
v 2.146700 0.577249 -6.498600
v 2.187000 0.844349 -6.607200
v 2.971400 0.684049 -4.650300
v 2.640400 0.655149 -4.679100
v 2.939000 0.655149 -4.679100
v 2.608000 0.684049 -4.650300
v 2.561600 0.585149 -4.679100
v 2.529200 0.613949 -4.650300
v 2.594000 0.556349 -4.650300
v 2.672800 0.626349 -4.650300
v 3.050200 0.613949 -4.650300
v 3.017800 0.585149 -4.679100
v 2.906600 0.626349 -4.650300
v 2.985400 0.556349 -4.650300
v 2.939000 0.655149 -4.679100
v 2.640400 0.655149 -4.679100
v 2.906600 0.626349 -4.650300
v 2.640400 0.655149 -4.621500
v 2.939000 0.655149 -4.621500
v 2.672800 0.626349 -4.650300
v 2.561600 0.585149 -4.621500
v 2.594000 0.556349 -4.650300
v 2.529200 0.613949 -4.650300
v 2.608000 0.684049 -4.650300
v 2.985400 0.556349 -4.650300
v 3.017800 0.585149 -4.621500
v 2.971400 0.684049 -4.650300
v 3.050200 0.613949 -4.650300
v 2.939000 0.655149 -4.621500
v 2.640400 0.655149 -4.621500
v 2.529200 0.613949 -4.650300
v 2.561600 0.213849 -4.679100
v 2.561600 0.585149 -4.679100
v 2.529200 0.185049 -4.650300
v 2.594000 0.242649 -4.650300
v 2.594000 0.556349 -4.650300
v 2.594000 0.556349 -4.650300
v 2.561600 0.213849 -4.621500
v 2.561600 0.585149 -4.621500
v 2.594000 0.242649 -4.650300
v 2.529200 0.185049 -4.650300
v 2.529200 0.613949 -4.650300
v 3.050200 0.185049 -4.650300
v 3.017800 0.585149 -4.679100
v 3.017800 0.213849 -4.679100
v 3.050200 0.613949 -4.650300
v 2.985400 0.556349 -4.650300
v 2.985400 0.242649 -4.650300
v 2.985400 0.242649 -4.650300
v 3.017800 0.585149 -4.621500
v 3.017800 0.213849 -4.621500
v 2.985400 0.556349 -4.650300
v 3.050200 0.613949 -4.650300
v 3.050200 0.185049 -4.650300
v 3.017800 0.213849 -4.679100
v 2.935300 0.185049 -4.650300
v 3.050200 0.185049 -4.650300
v 2.935300 0.213849 -4.679100
v 2.985400 0.242649 -4.650300
v 3.017800 0.213849 -4.621500
v 2.935300 0.213849 -4.621500
v 2.644100 0.185049 -4.650300
v 2.561600 0.213849 -4.679100
v 2.529200 0.185049 -4.650300
v 2.644100 0.213849 -4.679100
v 2.561600 0.213849 -4.621500
v 2.644100 0.213849 -4.621500
v 2.594000 0.242649 -4.650300
v 2.644100 0.242649 -4.650300
v 2.935300 0.213849 -4.679100
v 2.935300 0.242649 -4.650300
v 2.644100 0.213849 -4.679100
v 2.594000 0.242649 -4.650300
v 2.561600 0.213849 -4.679100
v 2.644100 0.242649 -4.650300
v 2.935300 0.213849 -4.621500
v 2.985400 0.242649 -4.650300
v 3.017800 0.213849 -4.621500
v 2.935300 0.242649 -4.650300
v 2.935300 0.185049 -4.650300
v 2.935300 0.242649 -4.650300
v 2.935300 0.213849 -4.621500
v 2.935300 0.213849 -4.679100
v 2.644100 0.213849 -4.679100
v 2.644100 0.213849 -4.621500
v 2.644100 0.242649 -4.650300
v 2.644100 0.185049 -4.650300
v 2.963100 0.244649 -4.626900
v 2.963300 0.502149 -4.696700
v 2.963400 0.244649 -4.696800
v 2.963000 0.506849 -4.495200
v 2.918800 0.546549 -4.696700
v 2.918500 0.546549 -4.475300
v 2.657900 0.546549 -4.696900
v 2.657700 0.546549 -4.475500
v 2.613400 0.502149 -4.697000
v 2.613200 0.506849 -4.495500
v 2.613500 0.244649 -4.697100
v 2.613300 0.244649 -4.627200
v 2.943900 0.482749 -4.696700
v 2.943700 0.244649 -4.627000
v 2.944000 0.244649 -4.696900
v 2.943600 0.488049 -4.496300
v 2.899100 0.527149 -4.475300
v 2.899400 0.527149 -4.696700
v 2.677300 0.527149 -4.696900
v 2.677000 0.527149 -4.475400
v 2.632600 0.488049 -4.496500
v 2.632800 0.482749 -4.696900
v 2.632900 0.244649 -4.697000
v 2.632700 0.244649 -4.627100
v 2.963400 0.244649 -4.696800
v 2.943900 0.482749 -4.696700
v 2.944000 0.244649 -4.696900
v 2.963300 0.502149 -4.696700
v 2.899400 0.527149 -4.696700
v 2.918800 0.546549 -4.696700
v 2.677300 0.527149 -4.696900
v 2.657900 0.546549 -4.696900
v 2.632800 0.482749 -4.696900
v 2.613400 0.502149 -4.697000
v 2.632900 0.244649 -4.697000
v 2.613500 0.244649 -4.697100
v 2.963100 0.244649 -4.626900
v 2.944000 0.244649 -4.696900
v 2.943700 0.244649 -4.627000
v 2.963400 0.244649 -4.696800
v 2.613500 0.244649 -4.697100
v 2.632700 0.244649 -4.627100
v 2.632900 0.244649 -4.697000
v 2.613300 0.244649 -4.627200
v 2.488300 0.603449 -4.618600
v 2.393200 0.383049 -4.729500
v 2.488400 0.383049 -4.729400
v 2.393100 0.603449 -4.618700
v 2.393200 0.294349 -4.699100
v 2.488300 0.253749 -4.614900
v 2.488400 0.294349 -4.699100
v 2.393100 0.253749 -4.615000
v 2.488200 0.633949 -4.528400
v 2.488300 0.253749 -4.614900
v 2.488200 0.593349 -4.444300
v 2.488400 0.294349 -4.699100
v 2.488300 0.603449 -4.618600
v 2.488400 0.383049 -4.729400
v 2.488200 0.633949 -4.528400
v 2.393000 0.593349 -4.444300
v 2.393000 0.633949 -4.528500
v 2.488200 0.593349 -4.444300
v 2.393000 0.633949 -4.528500
v 2.393100 0.253749 -4.615000
v 2.393200 0.294349 -4.699100
v 2.393000 0.593349 -4.444300
v 2.393200 0.383049 -4.729500
v 2.393100 0.603449 -4.618700
v 2.488400 0.294349 -4.699100
v 2.393200 0.383049 -4.729500
v 2.393200 0.294349 -4.699100
v 2.488400 0.383049 -4.729400
v 2.393000 0.633949 -4.528500
v 2.488300 0.603449 -4.618600
v 2.488200 0.633949 -4.528400
v 2.393100 0.603449 -4.618700
v 1.876400 0.230249 -6.147000
v 1.933900 0.144649 -4.592200
v 1.876400 0.202149 -4.591200
v 1.933900 0.172749 -6.148100
v 1.847600 0.143949 -6.148600
v 1.876400 0.202149 -4.591200
v 1.847600 0.115849 -4.592700
v 1.876400 0.230249 -6.147000
v 1.933900 0.172749 -6.148100
v 1.847600 0.115849 -4.592700
v 1.933900 0.144649 -4.592200
v 1.847600 0.143949 -6.148600
v 1.858900 -0.533351 -6.129100
v 1.917600 0.005249 -4.576600
v 1.858900 0.055449 -4.607100
v 1.917600 -0.583551 -6.098600
v 1.829500 -0.608651 -6.083400
v 1.858900 0.055449 -4.607100
v 1.829500 -0.019951 -4.561400
v 1.858900 -0.533351 -6.129100
v 1.917600 -0.583551 -6.098600
v 1.829500 -0.019951 -4.561400
v 1.917600 0.005249 -4.576600
v 1.829500 -0.608651 -6.083400
v 1.961100 -0.287651 -4.271400
v 1.795900 -0.266951 -4.461000
v 1.795900 -0.287651 -4.271400
v 1.961100 -0.266951 -4.461000
v 1.961100 -0.110251 -4.461000
v 1.795900 -0.110251 -4.271400
v 1.795900 -0.110251 -4.461000
v 1.961100 -0.110251 -4.271400
v 1.961100 -0.266951 -4.461000
v 1.795900 -0.110251 -4.461000
v 1.795900 -0.266951 -4.461000
v 1.961100 -0.110251 -4.461000
v 1.997600 0.964149 -4.643300
v 2.113300 0.861149 -4.539400
v 1.997600 0.961249 -4.511800
v 2.113300 0.864049 -4.649800
v 1.881900 0.864049 -4.649800
v 1.881900 0.861149 -4.539400
v 1.997600 0.763949 -4.656200
v 1.881900 0.861149 -4.539400
v 1.997600 0.772949 -4.475100
v 1.881900 0.864049 -4.649800
v 2.113300 0.864049 -4.649800
v 1.997600 0.772949 -4.475100
v 2.113300 0.861149 -4.539400
v 1.997600 0.763949 -4.656200
v 2.113300 0.864049 -4.649800
v 1.881900 0.864049 -4.649800
v 1.997600 0.763949 -4.656200
v 1.997600 0.964149 -4.643300
v 1.811200 1.004849 -4.476700
v 2.173200 0.877349 -4.604200
v 2.173200 1.004849 -4.476700
v 1.811200 0.877349 -4.604200
v 1.811200 0.877349 -4.349100
v 2.173200 1.004849 -4.476700
v 2.173200 0.877349 -4.349100
v 1.811200 0.768449 -4.476700
v 2.173200 0.877349 -4.349100
v 2.173200 0.768449 -4.476700
v 1.811200 0.877349 -4.349100
v 1.811200 0.877349 -4.604200
v 2.173200 0.768449 -4.476700
v 2.173200 0.877349 -4.604200
v 1.811200 0.768449 -4.476700
v 1.985100 0.683949 -6.207600
v 2.039300 0.642149 -6.114700
v 1.985100 0.695849 -6.122100
v 2.039300 0.630349 -6.200200
v 1.931000 0.630349 -6.200200
v 1.931000 0.642149 -6.114700
v 1.985100 0.576749 -6.192800
v 1.931000 0.642149 -6.114700
v 1.985100 0.588549 -6.107300
v 1.931000 0.630349 -6.200200
v 2.039300 0.630349 -6.200200
v 1.985100 0.588549 -6.107300
v 2.039300 0.642149 -6.114700
v 1.985100 0.576749 -6.192800
v 1.454700 0.157749 -5.098300
v 1.590400 -0.052051 -4.934300
v 1.590400 0.157749 -4.934300
v 1.454700 -0.052051 -5.098300
v 1.447500 -0.052051 -4.776600
v 1.447500 0.157749 -4.776600
v 1.311800 0.157749 -4.940600
v 1.454700 -0.052051 -5.098300
v 1.454700 0.157749 -5.098300
v 1.311800 -0.052051 -4.940600
v 1.447500 0.157749 -4.776600
v 1.311800 -0.052051 -4.940600
v 1.311800 0.157749 -4.940600
v 1.447500 -0.052051 -4.776600
v 1.447500 -0.052051 -4.776600
v 1.590400 -0.052051 -4.934300
v 1.454700 -0.052051 -5.098300
v 1.311800 -0.052051 -4.940600
v 1.590400 0.157749 -4.934300
v 1.447500 0.157749 -4.776600
v 1.454700 0.157749 -5.098300
v 1.311800 0.157749 -4.940600
v -0.006000 0.166549 -6.111500
v 1.918100 0.043749 -4.672300
v 1.855900 0.131049 -4.617000
v 0.060600 0.079649 -6.172300
v -0.037700 0.035949 -6.084600
v 1.855900 0.131049 -4.617000
v 1.822000 0.000249 -4.587300
v -0.006000 0.166549 -6.111500
v 0.060600 0.079649 -6.172300
v 1.822000 0.000249 -4.587300
v 1.918100 0.043749 -4.672300
v -0.037700 0.035949 -6.084600
v 2.111500 -0.217051 -4.700900
v 3.193500 -0.217051 -4.662900
v 3.193500 -0.217051 -4.700900
v 2.111500 -0.217051 -4.662900
v 3.193500 0.084049 -4.702200
v 3.193500 0.163549 -4.622100
v 3.193500 0.163549 -4.672900
v 3.193500 0.084049 -4.664200
v 3.193500 -0.217051 -4.662900
v 3.193500 -0.217051 -4.700900
v 3.193500 0.163549 -4.622100
v 2.111500 0.084049 -4.664200
v 2.111500 0.163549 -4.622100
v 3.193500 0.084049 -4.664200
v 3.193500 -0.217051 -4.662900
v 2.111500 -0.217051 -4.662900
v 2.111500 0.084049 -4.664200
v 2.111500 0.163549 -4.672900
v 2.111500 0.163549 -4.622100
v 2.111500 0.084049 -4.702200
v 2.111500 -0.217051 -4.700900
v 2.111500 -0.217051 -4.662900
v 2.111500 0.084049 -4.702200
v 3.193500 0.163549 -4.672900
v 2.111500 0.163549 -4.672900
v 3.193500 0.084049 -4.702200
v 3.193500 -0.217051 -4.700900
v 2.111500 -0.217051 -4.700900
v 3.193500 0.879749 -4.161100
v 3.193500 0.163549 -4.672900
v 3.193500 0.163549 -4.571500
v 3.193500 0.879749 -4.312200
v 3.193500 0.197449 -4.740100
v 3.193500 0.913649 -4.379400
v 3.193500 0.913649 -4.379400
v 3.080400 0.197449 -4.740100
v 3.193500 0.197449 -4.740100
v 3.080400 0.913649 -4.379600
v 3.108400 0.163549 -4.622100
v 3.104500 0.879749 -4.161100
v 3.108400 0.163549 -4.571500
v 3.098900 0.879749 -4.253300
v 3.108400 0.163549 -4.622100
v 2.111500 0.879749 -4.243300
v 3.098900 0.879749 -4.253300
v 2.111500 0.163549 -4.622100
v 3.193500 0.163549 -4.571500
v 3.104500 0.879749 -4.161100
v 3.193500 0.879749 -4.161100
v 3.108400 0.163549 -4.571500
v 3.193500 0.163549 -4.672900
v 3.108400 0.163549 -4.571500
v 3.193500 0.163549 -4.571500
v 3.108400 0.163549 -4.622100
v 2.111500 0.879749 -4.313900
v 2.111500 0.163549 -4.622100
v 2.111500 0.163549 -4.672900
v 2.111500 0.879749 -4.243300
v 3.080400 0.879749 -4.312400
v 2.111500 0.163549 -4.672900
v 3.080400 0.163549 -4.672900
v 2.111500 0.879749 -4.313900
v 3.080400 0.197449 -4.740100
v 3.193500 0.163549 -4.672900
v 3.193500 0.197449 -4.740100
v 3.080400 0.163549 -4.672900
v 3.080400 0.913649 -4.379600
v 3.080400 0.163549 -4.672900
v 3.080400 0.197449 -4.740100
v 3.080400 0.879749 -4.312400
v -2.543000 0.255949 -6.059600
v -2.275000 0.093949 -5.946200
v -2.543000 0.093949 -5.946200
v -2.275000 0.255949 -6.059600
v -2.219400 0.003249 -5.882700
v -2.275000 0.349549 -6.125200
v -2.219400 0.606549 -6.305100
v -2.275000 0.512849 -6.239500
v -2.264800 0.606549 -6.305100
v -2.543000 0.512849 -6.239500
v -2.543000 0.349549 -6.125200
v -2.592700 0.606549 -6.305100
v -2.592700 0.003249 -5.882700
v -2.553100 0.003249 -5.882700
v -2.553100 0.606549 -6.305100
v -2.264800 0.003249 -5.882700
v -2.543000 0.093949 -5.946200
v -2.275000 0.033549 -6.032600
v -2.543000 0.033549 -6.032600
v -2.275000 0.093949 -5.946200
v -2.275000 0.255949 -6.059600
v -2.543000 0.195449 -6.145900
v -2.275000 0.195449 -6.145900
v -2.543000 0.255949 -6.059600
v -2.264800 0.003249 -5.882700
v -2.219400 -0.057151 -5.969000
v -2.264800 -0.057151 -5.969000
v -2.219400 0.003249 -5.882700
v -2.553100 -0.057151 -5.969000
v -2.592700 0.003249 -5.882700
v -2.553100 0.003249 -5.882700
v -2.592700 -0.057151 -5.969000
v -2.543000 0.289149 -6.211500
v -2.543000 0.255949 -6.059600
v -2.543000 0.349549 -6.125200
v -2.543000 0.195449 -6.145900
v -2.275000 0.349549 -6.125200
v -2.275000 0.195449 -6.145900
v -2.275000 0.289149 -6.211500
v -2.275000 0.255949 -6.059600
v -2.264800 -0.057151 -5.969000
v -2.275000 0.093949 -5.946200
v -2.264800 0.003249 -5.882700
v -2.275000 0.033549 -6.032600
v -2.553100 0.003249 -5.882700
v -2.543000 0.033549 -6.032600
v -2.553100 -0.057151 -5.969000
v -2.543000 0.093949 -5.946200
v -2.543000 0.349549 -6.125200
v -2.275000 0.289149 -6.211500
v -2.543000 0.289149 -6.211500
v -2.275000 0.349549 -6.125200
v -2.275000 0.512849 -6.239500
v -2.543000 0.452449 -6.325900
v -2.275000 0.452449 -6.325900
v -2.543000 0.512849 -6.239500
v -2.553100 0.606549 -6.305100
v -2.592700 0.546149 -6.391500
v -2.553100 0.546149 -6.391500
v -2.592700 0.606549 -6.305100
v -2.264800 0.546149 -6.391500
v -2.219400 0.606549 -6.305100
v -2.264800 0.606549 -6.305100
v -2.219400 0.546149 -6.391500
v -2.592700 0.546149 -6.391500
v -2.592700 0.003249 -5.882700
v -2.592700 -0.057151 -5.969000
v -2.592700 0.606549 -6.305100
v -2.553100 0.546149 -6.391500
v -2.543000 0.512849 -6.239500
v -2.553100 0.606549 -6.305100
v -2.543000 0.452449 -6.325900
v -2.219400 0.606549 -6.305100
v -2.219400 -0.057151 -5.969000
v -2.219400 0.003249 -5.882700
v -2.219400 0.546149 -6.391500
v -2.264800 0.606549 -6.305100
v -2.275000 0.452449 -6.325900
v -2.264800 0.546149 -6.391500
v -2.275000 0.512849 -6.239500
v -2.162600 0.570149 -6.180300
v -2.207000 0.186049 -5.891100
v -2.207000 0.570149 -6.180300
v -2.162600 0.186049 -5.891100
v -2.162600 -0.129951 -5.803000
v -2.207000 -0.129951 -5.803000
v -2.207000 0.570149 -6.180300
v -2.207000 0.187049 -6.105700
v -2.207000 0.571249 -6.394900
v -2.207000 0.186049 -5.891100
v -2.207000 -0.128851 -6.017600
v -2.207000 -0.129951 -5.803000
v -2.162600 0.186049 -5.891100
v -2.162600 0.571249 -6.394900
v -2.162600 0.187049 -6.105700
v -2.162600 0.570149 -6.180300
v -2.162600 -0.128851 -6.017600
v -2.162600 -0.129951 -5.803000
v -2.207000 0.571249 -6.394900
v -2.162600 0.570149 -6.180300
v -2.207000 0.570149 -6.180300
v -2.162600 0.571249 -6.394900
v -2.162600 -0.128851 -6.017600
v -2.207000 -0.129951 -5.803000
v -2.162600 -0.129951 -5.803000
v -2.207000 -0.128851 -6.017600
v -2.207000 -0.129351 -5.837600
v -3.100000 -0.129351 -6.040800
v -3.100000 -0.129351 -5.837600
v -2.207000 -0.129351 -6.040800
v -2.207000 -0.068351 -5.837600
v -3.100000 -0.129351 -5.837600
v -3.100000 -0.068351 -5.837600
v -2.207000 -0.129351 -5.837600
v -2.207000 -0.068351 -6.040800
v -3.100000 -0.068351 -5.837600
v -3.100000 -0.068351 -6.040800
v -2.207000 -0.068351 -5.837600
v -2.755400 0.343749 -6.030600
v -2.482900 0.309649 -6.014400
v -2.755400 0.309649 -6.014400
v -2.482900 0.343749 -6.030600
v -2.755400 0.309649 -6.014400
v -2.482900 0.238649 -6.163700
v -2.755400 0.238649 -6.163700
v -2.482900 0.309649 -6.014400
v -2.755400 0.343749 -6.030600
v -2.755400 0.238649 -6.163700
v -2.755400 0.272749 -6.179900
v -2.755400 0.309649 -6.014400
v -2.482900 0.343749 -6.030600
v -2.755400 0.272749 -6.179900
v -2.482900 0.272749 -6.179900
v -2.755400 0.343749 -6.030600
v -2.482900 0.309649 -6.014400
v -2.482900 0.272749 -6.179900
v -2.482900 0.238649 -6.163700
v -2.482900 0.343749 -6.030600
v -2.676600 0.255949 -6.059600
v -2.944600 0.093949 -5.946200
v -2.944600 0.255949 -6.059600
v -2.676600 0.093949 -5.946200
v -2.626800 0.003249 -5.882700
v -2.676600 0.349549 -6.125200
v -2.626800 0.606549 -6.305100
v -2.676600 0.512849 -6.239500
v -2.944600 0.349549 -6.125200
v -2.944600 0.512849 -6.239500
v -3.000100 0.606549 -6.305100
v -3.000100 0.003249 -5.882700
v -2.954700 0.003249 -5.882700
v -2.954700 0.606549 -6.305100
v -2.666400 0.606549 -6.305100
v -2.666400 0.003249 -5.882700
v -2.676600 0.093949 -5.946200
v -2.944600 0.033549 -6.032600
v -2.944600 0.093949 -5.946200
v -2.676600 0.033549 -6.032600
v -2.944600 0.255949 -6.059600
v -2.676600 0.195449 -6.145900
v -2.676600 0.255949 -6.059600
v -2.944600 0.195449 -6.145900
v -2.954700 0.003249 -5.882700
v -3.000100 -0.057151 -5.969000
v -3.000100 0.003249 -5.882700
v -2.954700 -0.057151 -5.969000
v -2.666400 -0.057151 -5.969000
v -2.626800 0.003249 -5.882700
v -2.626800 -0.057151 -5.969000
v -2.666400 0.003249 -5.882700
v -2.676600 0.289149 -6.211500
v -2.676600 0.255949 -6.059600
v -2.676600 0.195449 -6.145900
v -2.676600 0.349549 -6.125200
v -2.944600 0.349549 -6.125200
v -2.944600 0.195449 -6.145900
v -2.944600 0.255949 -6.059600
v -2.944600 0.289149 -6.211500
v -2.954700 -0.057151 -5.969000
v -2.944600 0.093949 -5.946200
v -2.944600 0.033549 -6.032600
v -2.954700 0.003249 -5.882700
v -2.666400 0.003249 -5.882700
v -2.676600 0.033549 -6.032600
v -2.676600 0.093949 -5.946200
v -2.666400 -0.057151 -5.969000
v -2.676600 0.349549 -6.125200
v -2.944600 0.289149 -6.211500
v -2.944600 0.349549 -6.125200
v -2.676600 0.289149 -6.211500
v -2.944600 0.512849 -6.239500
v -2.676600 0.452449 -6.325900
v -2.676600 0.512849 -6.239500
v -2.944600 0.452449 -6.325900
v -2.666400 0.606549 -6.305100
v -2.626800 0.546149 -6.391500
v -2.626800 0.606549 -6.305100
v -2.666400 0.546149 -6.391500
v -2.954700 0.546149 -6.391500
v -3.000100 0.606549 -6.305100
v -3.000100 0.546149 -6.391500
v -2.954700 0.606549 -6.305100
v -2.626800 0.546149 -6.391500
v -2.626800 0.003249 -5.882700
v -2.626800 0.606549 -6.305100
v -2.626800 -0.057151 -5.969000
v -2.666400 0.546149 -6.391500
v -2.676600 0.512849 -6.239500
v -2.676600 0.452449 -6.325900
v -2.666400 0.606549 -6.305100
v -3.000100 0.606549 -6.305100
v -3.000100 -0.057151 -5.969000
v -3.000100 0.546149 -6.391500
v -3.000100 0.003249 -5.882700
v -2.954700 0.606549 -6.305100
v -2.944600 0.452449 -6.325900
v -2.944600 0.512849 -6.239500
v -2.954700 0.546149 -6.391500
v 2.499400 0.255949 -6.059600
v 2.231500 0.093949 -5.946200
v 2.231500 0.255949 -6.059600
v 2.499400 0.093949 -5.946200
v 2.549200 0.003249 -5.882700
v 2.499400 0.349549 -6.125200
v 2.549200 0.606549 -6.305100
v 2.499400 0.512849 -6.239500
v 2.231500 0.349549 -6.125200
v 2.231500 0.512849 -6.239500
v 2.175900 0.606549 -6.305100
v 2.175900 0.003249 -5.882700
v 2.221300 0.003249 -5.882700
v 2.221300 0.606549 -6.305100
v 2.509600 0.606549 -6.305100
v 2.509600 0.003249 -5.882700
v 2.499400 0.093949 -5.946200
v 2.231500 0.033549 -6.032600
v 2.231500 0.093949 -5.946200
v 2.499400 0.033549 -6.032600
v 2.231500 0.255949 -6.059600
v 2.499400 0.195449 -6.145900
v 2.499400 0.255949 -6.059600
v 2.231500 0.195449 -6.145900
v 2.221300 0.003249 -5.882700
v 2.175900 -0.057151 -5.969000
v 2.175900 0.003249 -5.882700
v 2.221300 -0.057151 -5.969000
v 2.509600 -0.057151 -5.969000
v 2.549200 0.003249 -5.882700
v 2.549200 -0.057151 -5.969000
v 2.509600 0.003249 -5.882700
v 2.499400 0.289149 -6.211500
v 2.499400 0.255949 -6.059600
v 2.499400 0.195449 -6.145900
v 2.499400 0.349549 -6.125200
v 2.231500 0.349549 -6.125200
v 2.231500 0.195449 -6.145900
v 2.231500 0.255949 -6.059600
v 2.231500 0.289149 -6.211500
v 2.221300 -0.057151 -5.969000
v 2.231500 0.093949 -5.946200
v 2.231500 0.033549 -6.032600
v 2.221300 0.003249 -5.882700
v 2.509600 0.003249 -5.882700
v 2.499400 0.033549 -6.032600
v 2.499400 0.093949 -5.946200
v 2.509600 -0.057151 -5.969000
v 2.499400 0.349549 -6.125200
v 2.231500 0.289149 -6.211500
v 2.231500 0.349549 -6.125200
v 2.499400 0.289149 -6.211500
v 2.231500 0.512849 -6.239500
v 2.499400 0.452449 -6.325900
v 2.499400 0.512849 -6.239500
v 2.231500 0.452449 -6.325900
v 2.509600 0.606549 -6.305100
v 2.549200 0.546149 -6.391500
v 2.549200 0.606549 -6.305100
v 2.509600 0.546149 -6.391500
v 2.221300 0.546149 -6.391500
v 2.175900 0.606549 -6.305100
v 2.175900 0.546149 -6.391500
v 2.221300 0.606549 -6.305100
v 2.549200 0.546149 -6.391500
v 2.549200 0.003249 -5.882700
v 2.549200 0.606549 -6.305100
v 2.549200 -0.057151 -5.969000
v 2.509600 0.546149 -6.391500
v 2.499400 0.512849 -6.239500
v 2.499400 0.452449 -6.325900
v 2.509600 0.606549 -6.305100
v 2.175900 0.606549 -6.305100
v 2.175900 -0.057151 -5.969000
v 2.175900 0.546149 -6.391500
v 2.175900 0.003249 -5.882700
v 2.221300 0.606549 -6.305100
v 2.231500 0.452449 -6.325900
v 2.231500 0.512849 -6.239500
v 2.221300 0.546149 -6.391500
v 2.119100 0.570149 -6.180300
v 2.163400 0.186049 -5.891100
v 2.119100 0.186049 -5.891100
v 2.163400 0.570149 -6.180300
v 2.119100 -0.129951 -5.803000
v 2.163400 -0.129951 -5.803000
v 2.163400 0.570149 -6.180300
v 2.163400 0.187049 -6.105700
v 2.163400 0.186049 -5.891100
v 2.163400 0.571249 -6.394900
v 2.163400 -0.128851 -6.017600
v 2.163400 -0.129951 -5.803000
v 2.119100 0.186049 -5.891100
v 2.119100 0.571249 -6.394900
v 2.119100 0.570149 -6.180300
v 2.119100 0.187049 -6.105700
v 2.119100 -0.128851 -6.017600
v 2.119100 -0.129951 -5.803000
v 2.163400 0.571249 -6.394900
v 2.119100 0.570149 -6.180300
v 2.119100 0.571249 -6.394900
v 2.163400 0.570149 -6.180300
v 2.119100 -0.128851 -6.017600
v 2.163400 -0.129951 -5.803000
v 2.163400 -0.128851 -6.017600
v 2.119100 -0.129951 -5.803000
v 2.163400 -0.129351 -5.837600
v 3.056500 -0.129351 -6.040800
v 2.163400 -0.129351 -6.040800
v 3.056500 -0.129351 -5.837600
v 2.163400 -0.068351 -5.837600
v 3.056500 -0.129351 -5.837600
v 2.163400 -0.129351 -5.837600
v 3.056500 -0.068351 -5.837600
v 2.163400 -0.068351 -6.040800
v 3.056500 -0.068351 -5.837600
v 2.163400 -0.068351 -5.837600
v 3.056500 -0.068351 -6.040800
v 2.711900 0.343749 -6.030600
v 2.439300 0.309649 -6.014400
v 2.439300 0.343749 -6.030600
v 2.711900 0.309649 -6.014400
v 2.711900 0.309649 -6.014400
v 2.439300 0.238649 -6.163700
v 2.439300 0.309649 -6.014400
v 2.711900 0.238649 -6.163700
v 2.711900 0.343749 -6.030600
v 2.711900 0.238649 -6.163700
v 2.711900 0.309649 -6.014400
v 2.711900 0.272749 -6.179900
v 2.439300 0.343749 -6.030600
v 2.711900 0.272749 -6.179900
v 2.711900 0.343749 -6.030600
v 2.439300 0.272749 -6.179900
v 2.439300 0.309649 -6.014400
v 2.439300 0.272749 -6.179900
v 2.439300 0.343749 -6.030600
v 2.439300 0.238649 -6.163700
v 2.633100 0.255949 -6.059600
v 2.901000 0.093949 -5.946200
v 2.633100 0.093949 -5.946200
v 2.901000 0.255949 -6.059600
v 2.956600 0.003249 -5.882700
v 2.901000 0.349549 -6.125200
v 2.956600 0.606549 -6.305100
v 2.901000 0.512849 -6.239500
v 2.911200 0.606549 -6.305100
v 2.633100 0.512849 -6.239500
v 2.633100 0.349549 -6.125200
v 2.583300 0.606549 -6.305100
v 2.583300 0.003249 -5.882700
v 2.622900 0.003249 -5.882700
v 2.622900 0.606549 -6.305100
v 2.911200 0.003249 -5.882700
v 2.633100 0.093949 -5.946200
v 2.901000 0.033549 -6.032600
v 2.633100 0.033549 -6.032600
v 2.901000 0.093949 -5.946200
v 2.901000 0.255949 -6.059600
v 2.633100 0.195449 -6.145900
v 2.901000 0.195449 -6.145900
v 2.633100 0.255949 -6.059600
v 2.911200 0.003249 -5.882700
v 2.956600 -0.057151 -5.969000
v 2.911200 -0.057151 -5.969000
v 2.956600 0.003249 -5.882700
v 2.622900 -0.057151 -5.969000
v 2.583300 0.003249 -5.882700
v 2.622900 0.003249 -5.882700
v 2.583300 -0.057151 -5.969000
v 2.633100 0.289149 -6.211500
v 2.633100 0.255949 -6.059600
v 2.633100 0.349549 -6.125200
v 2.633100 0.195449 -6.145900
v 2.901000 0.349549 -6.125200
v 2.901000 0.195449 -6.145900
v 2.901000 0.289149 -6.211500
v 2.901000 0.255949 -6.059600
v 2.911200 -0.057151 -5.969000
v 2.901000 0.093949 -5.946200
v 2.911200 0.003249 -5.882700
v 2.901000 0.033549 -6.032600
v 2.622900 0.003249 -5.882700
v 2.633100 0.033549 -6.032600
v 2.622900 -0.057151 -5.969000
v 2.633100 0.093949 -5.946200
v 2.633100 0.349549 -6.125200
v 2.901000 0.289149 -6.211500
v 2.633100 0.289149 -6.211500
v 2.901000 0.349549 -6.125200
v 2.901000 0.512849 -6.239500
v 2.633100 0.452449 -6.325900
v 2.901000 0.452449 -6.325900
v 2.633100 0.512849 -6.239500
v 2.622900 0.606549 -6.305100
v 2.583300 0.546149 -6.391500
v 2.622900 0.546149 -6.391500
v 2.583300 0.606549 -6.305100
v 2.911200 0.546149 -6.391500
v 2.956600 0.606549 -6.305100
v 2.911200 0.606549 -6.305100
v 2.956600 0.546149 -6.391500
v 2.583300 0.546149 -6.391500
v 2.583300 0.003249 -5.882700
v 2.583300 -0.057151 -5.969000
v 2.583300 0.606549 -6.305100
v 2.622900 0.546149 -6.391500
v 2.633100 0.512849 -6.239500
v 2.622900 0.606549 -6.305100
v 2.633100 0.452449 -6.325900
v 2.956600 0.606549 -6.305100
v 2.956600 -0.057151 -5.969000
v 2.956600 0.003249 -5.882700
v 2.956600 0.546149 -6.391500
v 2.911200 0.606549 -6.305100
v 2.901000 0.452449 -6.325900
v 2.911200 0.546149 -6.391500
v 2.901000 0.512849 -6.239500
v -3.163300 -1.441251 -6.493600
v -3.109600 -1.526951 -6.496100
v -3.109600 -1.441251 -6.493600
v -3.163300 -1.526951 -6.496100
v -3.163300 -1.526951 -6.496100
v -3.109600 -1.310151 -6.384600
v -3.109600 -1.526951 -6.496100
v -3.163300 -1.310151 -6.384600
v -3.163300 -1.441251 -6.493600
v -3.163300 -1.310151 -6.384600
v -3.163300 -1.526951 -6.496100
v -3.167400 -1.285151 -6.422600
v -3.109600 -1.441251 -6.493600
v -3.167400 -1.285151 -6.422600
v -3.163300 -1.441251 -6.493600
v -3.113600 -1.285151 -6.422600
v -3.109600 -1.526951 -6.496100
v -3.113600 -1.285151 -6.422600
v -3.109600 -1.441251 -6.493600
v -3.109600 -1.310151 -6.384600
v 3.119800 -1.441251 -6.493600
v 3.066100 -1.526951 -6.496100
v 3.119800 -1.526951 -6.496100
v 3.066100 -1.441251 -6.493600
v 3.119800 -1.526951 -6.496100
v 3.066100 -1.310151 -6.384600
v 3.119800 -1.310151 -6.384600
v 3.066100 -1.526951 -6.496100
v 3.119800 -1.441251 -6.493600
v 3.119800 -1.310151 -6.384600
v 3.123800 -1.285151 -6.422600
v 3.119800 -1.526951 -6.496100
v 3.066100 -1.441251 -6.493600
v 3.123800 -1.285151 -6.422600
v 3.070100 -1.285151 -6.422600
v 3.119800 -1.441251 -6.493600
v 3.066100 -1.526951 -6.496100
v 3.070100 -1.285151 -6.422600
v 3.066100 -1.310151 -6.384600
v 3.066100 -1.441251 -6.493600
v 1.885400 -1.441251 -6.493600
v 1.831700 -1.526951 -6.496100
v 1.885400 -1.526951 -6.496100
v 1.831700 -1.441251 -6.493600
v 1.885400 -1.526951 -6.496100
v 1.831700 -1.310151 -6.384600
v 1.885400 -1.310151 -6.384600
v 1.831700 -1.526951 -6.496100
v 1.885400 -1.441251 -6.493600
v 1.885400 -1.310151 -6.384600
v 1.889500 -1.285151 -6.422600
v 1.885400 -1.526951 -6.496100
v 1.831700 -1.441251 -6.493600
v 1.889500 -1.285151 -6.422600
v 1.835700 -1.285151 -6.422600
v 1.885400 -1.441251 -6.493600
v 1.831700 -1.526951 -6.496100
v 1.835700 -1.285151 -6.422600
v 1.831700 -1.310151 -6.384600
v 1.831700 -1.441251 -6.493600
v 0.881200 -1.441251 -6.493600
v 0.827500 -1.526951 -6.496100
v 0.881200 -1.526951 -6.496100
v 0.827500 -1.441251 -6.493600
v 0.881200 -1.526951 -6.496100
v 0.827500 -1.310151 -6.384600
v 0.881200 -1.310151 -6.384600
v 0.827500 -1.526951 -6.496100
v 0.881200 -1.441251 -6.493600
v 0.881200 -1.310151 -6.384600
v 0.885300 -1.285151 -6.422600
v 0.881200 -1.526951 -6.496100
v 0.827500 -1.441251 -6.493600
v 0.885300 -1.285151 -6.422600
v 0.831500 -1.285151 -6.422600
v 0.881200 -1.441251 -6.493600
v 0.827500 -1.526951 -6.496100
v 0.831500 -1.285151 -6.422600
v 0.827500 -1.310151 -6.384600
v 0.827500 -1.441251 -6.493600
v 0.001000 -1.441251 -6.493600
v -0.052700 -1.526951 -6.496100
v 0.001000 -1.526951 -6.496100
v -0.052700 -1.441251 -6.493600
v 0.001000 -1.526951 -6.496100
v -0.052700 -1.310151 -6.384600
v 0.001000 -1.310151 -6.384600
v -0.052700 -1.526951 -6.496100
v 0.001000 -1.441251 -6.493600
v 0.001000 -1.310151 -6.384600
v 0.005000 -1.285151 -6.422600
v 0.001000 -1.526951 -6.496100
v -0.052700 -1.441251 -6.493600
v 0.005000 -1.285151 -6.422600
v -0.048700 -1.285151 -6.422600
v 0.001000 -1.441251 -6.493600
v -0.052700 -1.526951 -6.496100
v -0.048700 -1.285151 -6.422600
v -0.052700 -1.310151 -6.384600
v -0.052700 -1.441251 -6.493600
v -1.925700 -1.441251 -6.493600
v -1.872000 -1.526951 -6.496100
v -1.872000 -1.441251 -6.493600
v -1.925700 -1.526951 -6.496100
v -1.925700 -1.526951 -6.496100
v -1.872000 -1.310151 -6.384600
v -1.872000 -1.526951 -6.496100
v -1.925700 -1.310151 -6.384600
v -1.925700 -1.441251 -6.493600
v -1.925700 -1.310151 -6.384600
v -1.925700 -1.526951 -6.496100
v -1.929800 -1.285151 -6.422600
v -1.872000 -1.441251 -6.493600
v -1.929800 -1.285151 -6.422600
v -1.925700 -1.441251 -6.493600
v -1.876000 -1.285151 -6.422600
v -1.872000 -1.526951 -6.496100
v -1.876000 -1.285151 -6.422600
v -1.872000 -1.441251 -6.493600
v -1.872000 -1.310151 -6.384600
v -0.927000 -1.441251 -6.493600
v -0.873300 -1.526951 -6.496100
v -0.873300 -1.441251 -6.493600
v -0.927000 -1.526951 -6.496100
v -0.927000 -1.526951 -6.496100
v -0.873300 -1.310151 -6.384600
v -0.873300 -1.526951 -6.496100
v -0.927000 -1.310151 -6.384600
v -0.927000 -1.441251 -6.493600
v -0.927000 -1.310151 -6.384600
v -0.927000 -1.526951 -6.496100
v -0.931100 -1.285151 -6.422600
v -0.873300 -1.441251 -6.493600
v -0.931100 -1.285151 -6.422600
v -0.927000 -1.441251 -6.493600
v -0.877300 -1.285151 -6.422600
v -0.873300 -1.526951 -6.496100
v -0.877300 -1.285151 -6.422600
v -0.873300 -1.441251 -6.493600
v -0.873300 -1.310151 -6.384600
v -1.928400 -0.842551 -6.530200
v -1.870000 -0.319351 -6.439900
v -1.928400 -0.319351 -6.439900
v -1.870000 -0.842551 -6.530200
v -1.928400 -1.032551 -6.556600
v -1.870000 -1.032551 -6.556600
v -1.847300 -1.278651 -6.408000
v -1.951100 -1.278651 -6.408000
v -1.870000 -0.005251 -6.548600
v -1.928400 -0.005251 -6.548600
v -1.951100 -0.616851 -6.006700
v -1.928400 -0.842551 -6.530200
v -1.928400 -0.319351 -6.439900
v -1.951100 -1.278651 -6.408000
v -1.928400 -1.032551 -6.556600
v -1.928400 -0.005251 -6.548600
v -2.004200 0.261849 -6.197500
v -2.004200 0.261849 -6.197500
v -1.870000 -0.005251 -6.548600
v -1.794200 0.261849 -6.197500
v -1.928400 -0.005251 -6.548600
v -1.794200 0.261849 -6.197500
v -1.870000 -0.319351 -6.439900
v -1.847300 -0.616851 -6.006700
v -1.870000 -0.005251 -6.548600
v -1.870000 -0.842551 -6.530200
v -1.870000 -1.032551 -6.556600
v -1.847300 -1.278651 -6.408000
v 1.884900 -0.842551 -6.530200
v 1.826500 -0.319351 -6.439900
v 1.826500 -0.842551 -6.530200
v 1.884900 -0.319351 -6.439900
v 1.826500 -0.005251 -6.548600
v 1.884900 -0.005251 -6.548600
v 1.884900 -1.032551 -6.556600
v 1.826500 -1.032551 -6.556600
v 1.803700 -1.278651 -6.408000
v 1.907600 -1.278651 -6.408000
v 1.907600 -0.616851 -6.006700
v 1.884900 -0.319351 -6.439900
v 1.884900 -0.842551 -6.530200
v 1.884900 -0.005251 -6.548600
v 1.960700 0.261849 -6.197500
v 1.907600 -1.278651 -6.408000
v 1.884900 -1.032551 -6.556600
v 1.960700 0.261849 -6.197500
v 1.826500 -0.005251 -6.548600
v 1.884900 -0.005251 -6.548600
v 1.750600 0.261849 -6.197500
v 1.750600 0.261849 -6.197500
v 1.826500 -0.319351 -6.439900
v 1.826500 -0.005251 -6.548600
v 1.803700 -0.616851 -6.006700
v 1.826500 -0.842551 -6.530200
v 1.826500 -1.032551 -6.556600
v 1.803700 -1.278651 -6.408000
v -0.046400 -0.842551 -6.530200
v 0.012000 -0.319351 -6.439900
v -0.046400 -0.319351 -6.439900
v 0.012000 -0.842551 -6.530200
v -0.046400 -1.032551 -6.556600
v 0.012000 -1.032551 -6.556600
v 0.034700 -1.278651 -6.408000
v -0.069200 -1.278651 -6.408000
v 0.012000 -0.005251 -6.548600
v -0.046400 -0.005251 -6.548600
v -0.069200 -0.616851 -6.006700
v -0.046400 -0.842551 -6.530200
v -0.046400 -0.319351 -6.439900
v -0.069200 -1.278651 -6.408000
v -0.046400 -1.032551 -6.556600
v -0.046400 -0.005251 -6.548600
v -0.122300 0.261849 -6.197500
v -0.122300 0.261849 -6.197500
v 0.012000 -0.005251 -6.548600
v 0.087800 0.261849 -6.197500
v -0.046400 -0.005251 -6.548600
v 0.087800 0.261849 -6.197500
v 0.012000 -0.319351 -6.439900
v 0.034700 -0.616851 -6.006700
v 0.012000 -0.005251 -6.548600
v 0.012000 -0.842551 -6.530200
v 0.012000 -1.032551 -6.556600
v 0.034700 -1.278651 -6.408000
v -3.032000 0.469949 -6.333000
v -3.032000 0.793949 -6.689700
v -3.032000 0.398649 -6.385900
v -3.032000 0.889349 -6.580300
v -3.032000 0.890549 -6.657100
v -3.099900 0.793949 -6.689700
v -3.099900 0.469949 -6.333000
v -3.099900 0.398649 -6.385900
v -3.099900 0.889349 -6.580300
v -3.099900 0.890549 -6.657100
v -3.099900 0.889349 -6.580300
v -3.032000 0.469949 -6.333000
v -3.099900 0.469949 -6.333000
v -3.032000 0.889349 -6.580300
v -3.099900 0.889349 -6.580300
v -3.032000 0.890549 -6.657100
v -3.032000 0.889349 -6.580300
v -3.099900 0.890549 -6.657100
v -3.032000 0.793949 -6.689700
v -3.099900 0.793949 -6.689700
v -3.099900 0.398649 -6.385900
v -3.032000 0.793949 -6.689700
v -3.099900 0.793949 -6.689700
v -3.032000 0.398649 -6.385900
v -0.466000 0.469949 -6.333000
v -0.466000 0.793949 -6.689700
v -0.466000 0.398649 -6.385900
v -0.466000 0.889349 -6.580300
v -0.466000 0.890549 -6.657100
v -0.533800 0.793949 -6.689700
v -0.533800 0.469949 -6.333000
v -0.533800 0.398649 -6.385900
v -0.533800 0.889349 -6.580300
v -0.533800 0.890549 -6.657100
v -0.533800 0.889349 -6.580300
v -0.466000 0.469949 -6.333000
v -0.533800 0.469949 -6.333000
v -0.466000 0.889349 -6.580300
v -0.533800 0.889349 -6.580300
v -0.466000 0.890549 -6.657100
v -0.466000 0.889349 -6.580300
v -0.533800 0.890549 -6.657100
v -0.466000 0.793949 -6.689700
v -0.533800 0.793949 -6.689700
v -0.533800 0.398649 -6.385900
v -0.466000 0.793949 -6.689700
v -0.533800 0.793949 -6.689700
v -0.466000 0.398649 -6.385900
v 2.988500 0.469949 -6.333000
v 2.988500 0.793949 -6.689700
v 2.988500 0.889349 -6.580300
v 2.988500 0.398649 -6.385900
v 2.988500 0.890549 -6.657100
v 3.056400 0.793949 -6.689700
v 3.056400 0.469949 -6.333000
v 3.056400 0.889349 -6.580300
v 3.056400 0.398649 -6.385900
v 3.056400 0.890549 -6.657100
v 3.056400 0.889349 -6.580300
v 2.988500 0.469949 -6.333000
v 2.988500 0.889349 -6.580300
v 3.056400 0.469949 -6.333000
v 3.056400 0.889349 -6.580300
v 2.988500 0.890549 -6.657100
v 3.056400 0.890549 -6.657100
v 2.988500 0.889349 -6.580300
v 2.988500 0.793949 -6.689700
v 3.056400 0.793949 -6.689700
v 3.056400 0.398649 -6.385900
v 2.988500 0.793949 -6.689700
v 2.988500 0.398649 -6.385900
v 3.056400 0.793949 -6.689700
v 0.418600 0.469949 -6.333000
v 0.418600 0.793949 -6.689700
v 0.418600 0.889349 -6.580300
v 0.418600 0.398649 -6.385900
v 0.418600 0.890549 -6.657100
v 0.486500 0.793949 -6.689700
v 0.486500 0.469949 -6.333000
v 0.486500 0.889349 -6.580300
v 0.486500 0.398649 -6.385900
v 0.486500 0.890549 -6.657100
v 0.486500 0.889349 -6.580300
v 0.418600 0.469949 -6.333000
v 0.418600 0.889349 -6.580300
v 0.486500 0.469949 -6.333000
v 0.486500 0.889349 -6.580300
v 0.418600 0.890549 -6.657100
v 0.486500 0.890549 -6.657100
v 0.418600 0.889349 -6.580300
v 0.418600 0.793949 -6.689700
v 0.486500 0.793949 -6.689700
v 0.486500 0.398649 -6.385900
v 0.418600 0.793949 -6.689700
v 0.418600 0.398649 -6.385900
v 0.486500 0.793949 -6.689700
v 0.102400 0.659649 -4.833700
v 0.144900 0.569449 -4.796900
v 0.144900 0.659649 -4.833700
v 0.102400 0.569449 -4.796900
v 0.102400 0.569449 -4.796900
v 0.144900 0.615949 -4.682800
v 0.144900 0.569449 -4.796900
v 0.102400 0.615949 -4.682800
v 0.102400 0.659649 -4.833700
v 0.102400 0.615949 -4.682800
v 0.102400 0.569449 -4.796900
v 0.102400 0.706249 -4.719500
v 0.144900 0.659649 -4.833700
v 0.102400 0.706249 -4.719500
v 0.102400 0.659649 -4.833700
v 0.144900 0.706249 -4.719500
v 0.144900 0.569449 -4.796900
v 0.144900 0.706249 -4.719500
v 0.144900 0.659649 -4.833700
v 0.144900 0.615949 -4.682800
v -0.449000 0.659649 -4.833700
v -0.491500 0.569449 -4.796900
v -0.449000 0.569449 -4.796900
v -0.491500 0.659649 -4.833700
v -0.449000 0.569449 -4.796900
v -0.491500 0.615949 -4.682800
v -0.449000 0.615949 -4.682800
v -0.491500 0.569449 -4.796900
v -0.449000 0.659649 -4.833700
v -0.449000 0.615949 -4.682800
v -0.449000 0.706249 -4.719500
v -0.449000 0.569449 -4.796900
v -0.491500 0.659649 -4.833700
v -0.449000 0.706249 -4.719500
v -0.491500 0.706249 -4.719500
v -0.449000 0.659649 -4.833700
v -0.491500 0.569449 -4.796900
v -0.491500 0.706249 -4.719500
v -0.491500 0.615949 -4.682800
v -0.491500 0.659649 -4.833700
v 0.654000 0.899849 -4.923800
v 0.696600 0.809549 -4.887000
v 0.696600 0.899849 -4.923800
v 0.654000 0.809549 -4.887000
v 0.654000 0.809549 -4.887000
v 0.696600 0.856149 -4.772900
v 0.696600 0.809549 -4.887000
v 0.654000 0.856149 -4.772900
v 0.654000 0.899849 -4.923800
v 0.654000 0.856149 -4.772900
v 0.654000 0.809549 -4.887000
v 0.654000 0.946349 -4.809700
v 0.696600 0.899849 -4.923800
v 0.654000 0.946349 -4.809700
v 0.654000 0.899849 -4.923800
v 0.696600 0.946349 -4.809700
v 0.696600 0.809549 -4.887000
v 0.696600 0.946349 -4.809700
v 0.696600 0.899849 -4.923800
v 0.696600 0.856149 -4.772900
v 0.282400 0.795449 -4.923800
v 0.324900 0.705149 -4.887000
v 0.324900 0.795449 -4.923800
v 0.282400 0.705149 -4.887000
v 0.282400 0.705149 -4.887000
v 0.324900 0.751749 -4.772900
v 0.324900 0.705149 -4.887000
v 0.282400 0.751749 -4.772900
v 0.282400 0.795449 -4.923800
v 0.282400 0.751749 -4.772900
v 0.282400 0.705149 -4.887000
v 0.282400 0.841949 -4.809700
v 0.324900 0.795449 -4.923800
v 0.282400 0.841949 -4.809700
v 0.282400 0.795449 -4.923800
v 0.324900 0.841949 -4.809700
v 0.324900 0.705149 -4.887000
v 0.324900 0.841949 -4.809700
v 0.324900 0.795449 -4.923800
v 0.324900 0.751749 -4.772900
v -0.909600 0.898949 -4.924300
v -0.867000 0.808649 -4.887500
v -0.867000 0.898949 -4.924300
v -0.909600 0.808649 -4.887500
v -0.909600 0.808649 -4.887500
v -0.867000 0.855149 -4.773300
v -0.867000 0.808649 -4.887500
v -0.909600 0.855149 -4.773300
v -0.909600 0.898949 -4.924300
v -0.909600 0.855149 -4.773300
v -0.909600 0.808649 -4.887500
v -0.909600 0.945449 -4.810100
v -0.867000 0.898949 -4.924300
v -0.909600 0.945449 -4.810100
v -0.909600 0.898949 -4.924300
v -0.867000 0.945449 -4.810100
v -0.867000 0.808649 -4.887500
v -0.867000 0.945449 -4.810100
v -0.867000 0.898949 -4.924300
v -0.867000 0.855149 -4.773300
v -2.974900 1.748849 -4.232300
v -2.974900 0.904549 -4.135600
v -2.974900 1.748849 -4.135600
v -2.974900 0.904549 -4.232300
v -3.023200 1.748849 -4.184000
v -2.974900 0.904549 -4.232300
v -2.974900 1.748849 -4.232300
v -3.023200 0.904549 -4.184000
v -2.974900 1.748849 -4.135600
v -3.023200 0.904549 -4.184000
v -3.023200 1.748849 -4.184000
v -2.974900 0.904549 -4.135600
v -2.974900 1.748849 -2.782200
v -2.974900 0.904549 -2.685500
v -2.974900 1.748849 -2.685500
v -2.974900 0.904549 -2.782200
v -3.023200 1.748849 -2.733900
v -2.974900 0.904549 -2.782200
v -2.974900 1.748849 -2.782200
v -3.023200 0.904549 -2.733900
v -2.974900 1.748849 -2.685500
v -2.974900 0.904549 -2.685500
v 0.529000 1.716450 3.482000
v -2.406300 1.716450 3.998100
v -2.406300 1.716450 3.482000
v 0.529000 1.716450 3.998100
v -2.406300 1.593850 4.325800
v 0.529000 1.593850 4.325800
v -2.406300 1.381150 4.668600
v 0.529000 1.381150 4.668600
v -2.406300 0.999250 5.013400
v 0.529000 0.999250 5.013400
v -2.406300 1.593850 4.325800
v -2.406300 1.297550 3.990000
v -2.406300 1.716450 3.998100
v -2.406300 1.206950 4.325800
v -2.406300 1.074250 4.656900
v -2.406300 1.381150 4.668600
v -2.406300 0.999250 5.013400
v -2.406300 1.434650 3.482000
v -2.406300 1.716450 3.482000
v 0.529000 1.593850 4.325800
v 0.529000 1.096150 4.602200
v 0.529000 1.381150 4.668600
v 0.529000 1.206950 4.325800
v 0.529000 1.312650 3.934000
v 0.529000 1.716450 3.998100
v 0.529000 1.716450 3.482000
v 0.529000 1.434650 3.482000
v 0.529000 0.999250 5.013400
v 0.529000 1.716450 3.482000
v -2.406300 1.434650 3.482000
v 0.529000 1.434650 3.482000
v -2.406300 1.716450 3.482000
v -0.297400 0.979250 5.616200
v -0.627700 0.920350 5.876800
v -0.628300 0.979250 5.617400
v -0.296700 0.920350 5.875500
v -0.296700 0.920350 5.875500
v -0.627700 0.889550 5.868600
v -0.627700 0.920350 5.876800
v -0.296700 0.889450 5.867400
v -0.297400 0.979250 5.616200
v -0.296700 0.889450 5.867400
v -0.296700 0.920350 5.875500
v -0.297400 0.948350 5.608100
v -0.628300 0.979250 5.617400
v -0.297400 0.948350 5.608100
v -0.297400 0.979250 5.616200
v -0.628300 0.948450 5.609300
v -0.627700 0.920350 5.876800
v -0.628300 0.948450 5.609300
v -0.628300 0.979250 5.617400
v -0.627700 0.889550 5.868600
v 0.583800 0.994950 5.442000
v 0.542400 1.053850 5.204300
v 0.583800 1.043950 5.244500
v -1.867300 0.817550 6.179700
v 0.625100 0.985050 5.482100
v 0.999900 0.817550 6.179700
v 0.933100 0.985050 5.482100
v 0.974500 0.975050 5.522300
v -1.892600 1.053850 5.204300
v 0.542400 0.994050 5.187900
v -1.892600 1.053850 5.204300
v -1.892600 0.994050 5.187900
v 0.542400 1.053850 5.204300
v -1.892600 0.994050 5.187900
v -1.867300 0.817550 6.179700
v -1.867300 0.731050 6.156300
v -1.892600 1.053850 5.204300
v 0.583800 0.929750 5.424200
v 0.583800 1.043950 5.244500
v 0.583800 0.983150 5.227800
v 0.583800 0.994950 5.442000
v 0.542400 1.053850 5.204300
v 0.542400 0.994050 5.187900
v 0.999900 0.731050 6.156300
v 0.974500 0.975050 5.522300
v 0.974500 0.908050 5.504000
v 0.999900 0.817550 6.179700
v 0.933100 0.918950 5.464100
v 0.625100 0.985050 5.482100
v 0.625100 0.918950 5.464100
v 0.933100 0.985050 5.482100
v 0.974500 0.908050 5.504000
v 0.974500 0.975050 5.522300
v 0.583800 0.994950 5.442000
v 0.583800 0.929750 5.424200
v -1.867300 0.731050 6.156300
v 0.999900 0.817550 6.179700
v 0.999900 0.731050 6.156300
v -1.867300 0.817550 6.179700
v 1.762900 0.655650 6.274700
v -1.801500 0.616850 6.274400
v -1.801500 0.655650 6.274700
v 1.762900 0.616850 6.274400
v 1.841400 0.449550 6.172500
v -1.880000 0.449550 6.172500
v 1.841400 0.704150 6.173700
v -1.880000 0.704150 6.173700
v 1.762900 0.655650 6.274700
v 1.841400 0.449550 6.172500
v 1.762900 0.616850 6.274400
v 1.841400 0.704150 6.173700
v -1.801500 0.616850 6.274400
v -1.880000 0.704150 6.173700
v -1.801500 0.655650 6.274700
v -1.880000 0.449550 6.172500
v 1.400100 0.054850 6.254500
v 1.343500 0.075450 6.254500
v 1.362700 0.102950 6.254500
v 1.368200 0.043850 6.254500
v 1.400100 -0.155750 6.254500
v 1.368200 -0.134650 6.254500
v 1.158700 -0.155750 6.254500
v 1.190700 -0.134650 6.254500
v 1.158700 0.054850 6.254500
v 1.190700 0.043850 6.254500
v 1.196200 0.102950 6.254500
v 1.215400 0.075450 6.254500
v 1.279400 0.129550 6.254500
v 1.279400 0.095950 6.254500
v 1.343500 0.075450 6.209100
v 1.368200 0.043850 6.254500
v 1.368200 0.043850 6.209100
v 1.343500 0.075450 6.254500
v 1.279400 0.095950 6.209100
v 1.279400 0.095950 6.254500
v 1.215400 0.075450 6.209100
v 1.215400 0.075450 6.254500
v 1.190700 0.043850 6.209100
v 1.190700 0.043850 6.254500
v 1.190700 -0.134650 6.209100
v 1.190700 -0.134650 6.254500
v 1.368200 -0.134650 6.254500
v 1.368200 -0.134650 6.209100
v 1.368200 -0.134650 6.254500
v 1.190700 -0.134650 6.209100
v 1.368200 -0.134650 6.209100
v 1.190700 -0.134650 6.254500
v 1.400100 0.054850 6.207400
v 1.362700 0.102950 6.254500
v 1.362700 0.102950 6.207400
v 1.400100 0.054850 6.254500
v 1.400100 -0.155750 6.207400
v 1.400100 -0.155750 6.254500
v 1.279400 0.129550 6.254500
v 1.279400 0.129550 6.207400
v 1.196200 0.102950 6.254500
v 1.196200 0.102950 6.207400
v 1.158700 0.054850 6.254500
v 1.158700 0.054850 6.207400
v 1.158700 -0.155750 6.254500
v 1.158700 -0.155750 6.207400
v 1.400100 -0.155750 6.254500
v 1.158700 -0.155750 6.207400
v 1.158700 -0.155750 6.254500
v 1.400100 -0.155750 6.207400
v 3.193500 0.753550 6.186100
v 2.101800 0.631250 6.492900
v 2.103100 0.753550 6.186100
v 3.193500 0.631250 6.492900
v 2.101800 0.315250 6.689700
v 3.193500 0.315250 6.689700
v 3.193500 0.631250 6.492900
v 3.193500 0.753550 6.186100
v 3.193500 0.626250 6.211500
v 3.193500 0.684950 6.180000
v 3.193500 0.571550 6.450000
v 3.193500 0.315250 6.689700
v 3.193500 0.310750 6.594100
v 2.101800 0.663150 6.176400
v 2.101800 0.631250 6.492900
v 2.101800 0.571550 6.450000
v 2.103100 0.753550 6.186100
v 2.101800 0.315250 6.689700
v 2.101800 0.310750 6.594100
v 2.116800 0.613150 6.477200
v 3.193500 0.753550 6.186100
v 2.103100 0.753550 6.186100
v 3.175000 0.613150 6.477200
v 2.117700 0.307550 6.674400
v 3.174100 0.307550 6.674400
v 3.174100 0.684950 6.180000
v 3.193500 0.753550 6.186100
v 3.175000 0.613150 6.477200
v 3.174100 0.626250 6.211500
v 3.174100 0.571550 6.450000
v 3.174100 0.307550 6.674400
v 3.174100 0.310750 6.594100
v 2.116800 0.613150 6.477200
v 2.117700 0.663150 6.176400
v 2.117700 0.571550 6.450000
v 2.103100 0.753550 6.186100
v 2.117700 0.307550 6.674400
v 2.117700 0.310750 6.594100
v 3.193500 0.315250 6.689700
v 2.117700 0.307550 6.674400
v 2.101800 0.315250 6.689700
v 3.174100 0.307550 6.674400
v 3.193500 0.310750 6.594100
v 3.174100 0.310750 6.594100
v 2.101800 0.310750 6.594100
v 2.117700 0.310750 6.594100
v 3.193500 0.626250 6.211500
v 3.174100 0.571550 6.450000
v 3.193500 0.571550 6.450000
v 3.174100 0.626250 6.211500
v 3.193500 0.684950 6.180000
v 3.174100 0.684950 6.180000
v 3.174100 0.310750 6.594100
v 3.193500 0.310750 6.594100
v 2.101800 0.571550 6.450000
v 2.117700 0.663150 6.176400
v 2.101800 0.663150 6.176400
v 2.117700 0.571550 6.450000
v 2.101800 0.310750 6.594100
v 2.117700 0.310750 6.594100
v -3.237000 0.753550 6.186100
v -2.145300 0.631250 6.492900
v -3.237000 0.631250 6.492900
v -2.146600 0.753550 6.186100
v -2.145300 0.315250 6.689700
v -3.237000 0.315250 6.689700
v -3.237000 0.684950 6.180000
v -3.237000 0.631250 6.492900
v -3.237000 0.571550 6.450000
v -3.237000 0.753550 6.186100
v -3.237000 0.315250 6.689700
v -3.237000 0.310750 6.594100
v -3.237000 0.626250 6.211500
v -2.145300 0.663150 6.176400
v -2.145300 0.631250 6.492900
v -2.146600 0.753550 6.186100
v -2.145300 0.571550 6.450000
v -2.145300 0.315250 6.689700
v -2.145300 0.310750 6.594100
v -2.160300 0.613150 6.477200
v -3.237000 0.753550 6.186100
v -3.218500 0.613150 6.477200
v -2.146600 0.753550 6.186100
v -2.161200 0.307550 6.674400
v -3.217600 0.307550 6.674400
v -3.217600 0.684950 6.180000
v -3.218500 0.613150 6.477200
v -3.237000 0.753550 6.186100
v -3.217600 0.626250 6.211500
v -3.217600 0.571550 6.450000
v -3.217600 0.307550 6.674400
v -3.217600 0.310750 6.594100
v -2.160300 0.613150 6.477200
v -2.161200 0.663150 6.176400
v -2.146600 0.753550 6.186100
v -2.161200 0.571550 6.450000
v -2.161200 0.307550 6.674400
v -2.161200 0.310750 6.594100
v -3.237000 0.315250 6.689700
v -2.161200 0.307550 6.674400
v -3.217600 0.307550 6.674400
v -2.145300 0.315250 6.689700
v -2.145300 0.310750 6.594100
v -2.161200 0.310750 6.594100
v -3.237000 0.310750 6.594100
v -3.217600 0.310750 6.594100
v -3.237000 0.626250 6.211500
v -3.217600 0.571550 6.450000
v -3.217600 0.626250 6.211500
v -3.237000 0.571550 6.450000
v -3.217600 0.310750 6.594100
v -3.237000 0.310750 6.594100
v -3.237000 0.684950 6.180000
v -3.217600 0.684950 6.180000
v -2.145300 0.571550 6.450000
v -2.161200 0.663150 6.176400
v -2.161200 0.571550 6.450000
v -2.145300 0.663150 6.176400
v -2.145300 0.310750 6.594100
v -2.161200 0.310750 6.594100
v -2.145300 0.663150 6.176400
v -2.146600 0.753550 6.186100
v -2.161200 0.663150 6.176400
v 3.140100 1.468350 3.766900
v 2.560800 1.318850 4.280900
v 2.560800 1.468350 3.766900
v 3.140100 1.318850 4.280900
v 3.140100 1.318850 4.280900
v 2.560800 1.262650 4.278000
v 2.560800 1.318850 4.280900
v 3.140100 1.262650 4.278000
v 3.140100 1.468350 3.766900
v 3.140100 1.262650 4.278000
v 3.140100 1.318850 4.280900
v 3.140100 1.431250 3.759700
v 2.560800 1.468350 3.766900
v 3.140100 1.431250 3.759700
v 3.140100 1.468350 3.766900
v 2.560800 1.431250 3.759700
v 2.560800 1.318850 4.280900
v 2.560800 1.431250 3.759700
v 2.560800 1.468350 3.766900
v 2.560800 1.262650 4.278000
v 2.298500 1.592950 3.078000
v 2.135600 1.592750 2.809400
v 2.363400 1.592750 3.000600
v 2.070700 1.592950 2.886800
v 2.070700 1.592950 2.886800
v 2.163300 1.500450 2.776400
v 2.135600 1.592750 2.809400
v 2.070600 1.500650 2.886900
v 2.298500 1.592950 3.078000
v 2.070600 1.500650 2.886900
v 2.070700 1.592950 2.886800
v 2.298400 1.500650 3.078100
v 2.363400 1.592750 3.000600
v 2.298400 1.500650 3.078100
v 2.298500 1.592950 3.078000
v 2.391200 1.500450 2.967600
v 2.135600 1.592750 2.809400
v 2.391200 1.500450 2.967600
v 2.363400 1.592750 3.000600
v 2.163300 1.500450 2.776400
v 3.138200 1.307950 4.287800
v 2.560700 1.276350 4.279600
v 3.138200 1.276350 4.279600
v 2.560700 1.307950 4.287800
v 3.138200 1.288950 4.360400
v 2.560700 1.257350 4.352200
v 2.560700 1.288950 4.360400
v 3.138200 1.257350 4.352200
v 3.138200 1.288950 4.360400
v 3.138200 1.276350 4.279600
v 3.138200 1.257350 4.352200
v 3.138200 1.307950 4.287800
v 2.560700 1.288950 4.360400
v 3.138200 1.307950 4.287800
v 3.138200 1.288950 4.360400
v 2.560700 1.307950 4.287800
v 2.560700 1.257350 4.352200
v 2.560700 1.307950 4.287800
v 2.560700 1.288950 4.360400
v 2.560700 1.276350 4.279600
v 3.141500 1.553350 4.849500
v 3.137800 1.112850 4.895900
v 3.137500 1.553450 4.895200
v 3.141800 1.112750 4.850200
v 3.102800 1.553350 4.871600
v 3.141800 1.112750 4.850200
v 3.141500 1.553350 4.849500
v 3.103200 1.112750 4.872300
v 3.137500 1.553450 4.895200
v 3.103200 1.112750 4.872300
v 3.102800 1.553350 4.871600
v 3.137800 1.112850 4.895900
v 3.192300 1.492850 4.693400
v 2.991900 1.551650 5.075000
v 3.015800 1.492850 5.029400
v 3.216200 1.551650 4.647900
v 2.991900 1.749250 5.075000
v 3.216200 1.749250 4.647900
v 3.015800 1.808050 5.029400
v 3.192300 1.808050 4.693400
v 3.012700 1.749250 5.093700
v 3.237000 1.551650 4.666600
v 3.012700 1.551650 5.093700
v 3.237000 1.749250 4.666600
v 3.213100 1.808050 4.712100
v 3.036600 1.808050 5.048200
v 3.036600 1.492850 5.048200
v 3.213100 1.492850 4.712100
v 3.213100 1.492850 4.712100
v 3.015800 1.492850 5.029400
v 3.036600 1.492850 5.048200
v 3.192300 1.492850 4.693400
v 3.237000 1.749250 4.666600
v 3.216200 1.551650 4.647900
v 3.237000 1.551650 4.666600
v 3.216200 1.749250 4.647900
v 3.213100 1.808050 4.712100
v 3.192300 1.808050 4.693400
v 3.192300 1.492850 4.693400
v 3.213100 1.492850 4.712100
v 3.036600 1.808050 5.048200
v 3.192300 1.808050 4.693400
v 3.213100 1.808050 4.712100
v 3.015800 1.808050 5.029400
v 3.012700 1.551650 5.093700
v 2.991900 1.749250 5.075000
v 3.012700 1.749250 5.093700
v 2.991900 1.551650 5.075000
v 3.036600 1.492850 5.048200
v 3.015800 1.492850 5.029400
v 3.015800 1.808050 5.029400
v 3.036600 1.808050 5.048200
v 3.170300 1.616750 4.842700
v 3.135000 1.536150 4.912000
v 3.135000 1.616750 4.912000
v 3.170300 1.536150 4.842700
v 3.170300 1.536150 4.842700
v 3.112100 1.536150 4.900300
v 3.135000 1.536150 4.912000
v 3.147300 1.536150 4.831000
v 3.170300 1.616750 4.842700
v 3.147300 1.536150 4.831000
v 3.170300 1.536150 4.842700
v 3.147300 1.616750 4.831000
v 3.135000 1.616750 4.912000
v 3.147300 1.616750 4.831000
v 3.170300 1.616750 4.842700
v 3.112100 1.616750 4.900300
v 3.135000 1.536150 4.912000
v 3.112100 1.616750 4.900300
v 3.135000 1.616750 4.912000
v 3.112100 1.536150 4.900300
v 1.652100 1.409850 3.957400
v 1.922000 1.562250 3.489900
v 1.922000 1.409850 3.489900
v 1.652100 1.562250 3.957400
v 1.112400 1.409850 3.957400
v 1.112400 1.562250 3.957400
v 0.842500 1.409850 3.489900
v 0.842500 1.562250 3.489900
v 1.652100 1.562250 3.022500
v 1.652100 1.409850 3.022500
v 1.112400 1.562250 3.022500
v 1.112400 1.409850 3.022500
v 0.842500 1.562250 3.489900
v 0.842500 1.409850 3.489900
v 1.201300 1.409850 4.143700
v 1.528400 1.546850 4.143700
v 1.528400 1.409850 4.143700
v 1.201300 1.546850 4.143700
v 1.528400 1.546850 4.143700
v 1.528400 1.409850 3.941700
v 1.528400 1.409850 4.143700
v 1.528400 1.546850 3.941700
v 1.201300 1.409850 4.143700
v 1.201300 1.546850 3.941700
v 1.201300 1.546850 4.143700
v 1.201300 1.409850 3.941700
v 0.799800 1.409850 3.948500
v 1.083100 1.546850 4.112000
v 1.083100 1.409850 4.112000
v 0.799800 1.546850 3.948500
v 1.083100 1.546850 4.112000
v 1.188000 1.409850 3.920700
v 1.083100 1.409850 4.112000
v 1.188000 1.546850 3.920700
v 0.799800 1.409850 3.948500
v 0.958800 1.546850 3.685400
v 0.799800 1.546850 3.948500
v 0.958800 1.409850 3.685400
v 1.646500 1.409850 4.112000
v 1.929800 1.546850 3.948500
v 1.929800 1.409850 3.948500
v 1.646500 1.546850 4.112000
v 1.929800 1.546850 3.948500
v 1.768600 1.409850 3.729600
v 1.929800 1.409850 3.948500
v 1.768600 1.546850 3.729600
v 1.646500 1.409850 4.112000
v 1.528000 1.546850 3.937400
v 1.646500 1.546850 4.112000
v 1.528000 1.409850 3.937400
v 1.936500 1.414450 4.044200
v 2.139300 1.169250 3.692800
v 1.936500 1.169250 4.044200
v 2.139300 1.414450 3.692800
v 2.139300 1.169250 3.287100
v 2.139300 1.414450 3.287100
v 1.936500 1.169250 2.935700
v 1.936500 1.414450 2.935700
v 1.585100 1.169250 2.732900
v 1.585100 1.414450 2.732900
v 1.179400 1.169250 2.732900
v 1.179400 1.414450 2.732900
v 0.828000 1.169250 2.935700
v 0.828000 1.414450 2.935700
v 0.625200 1.169250 3.287100
v 0.625200 1.414450 3.287100
v 1.585100 1.169250 4.247000
v 1.585100 1.414450 4.247000
v 1.179400 1.414450 4.247000
v 1.179400 1.169250 4.247000
v 0.828000 1.414450 4.044200
v 0.828000 1.169250 4.044200
v 0.625200 1.414450 3.692800
v 0.625200 1.169250 3.692800
v 0.625200 1.414450 3.287100
v 0.625200 1.169250 3.287100
v 1.936500 1.414450 4.044200
v 2.139300 1.414450 3.287100
v 2.139300 1.414450 3.692800
v 1.936500 1.414450 2.935700
v 1.585100 1.414450 2.732900
v 1.585100 1.414450 4.247000
v 1.179400 1.414450 2.732900
v 1.179400 1.414450 4.247000
v 0.828000 1.414450 2.935700
v 0.828000 1.414450 4.044200
v 0.625200 1.414450 3.287100
v 0.625200 1.414450 3.692800
v 2.516700 1.537750 3.708100
v 2.380600 1.408450 3.764600
v 2.380600 1.537950 3.764500
v 2.516700 1.408250 3.708300
v 2.573000 1.537450 3.572100
v 2.573000 1.407950 3.572300
v 2.516700 1.537050 3.436100
v 2.516700 1.407550 3.436300
v 2.380600 1.536950 3.379800
v 2.380600 1.407450 3.379900
v 2.244600 1.537050 3.436100
v 2.244600 1.407550 3.436300
v 2.188300 1.537450 3.572100
v 2.188300 1.407950 3.572300
v 2.244600 1.408250 3.708300
v 2.244600 1.537750 3.708100
v 2.188300 1.407950 3.572300
v 2.188300 1.537450 3.572100
v 2.244600 1.537750 3.708100
v 2.380600 1.536950 3.379800
v 2.380600 1.537950 3.764500
v 2.244600 1.537050 3.436100
v 2.188300 1.537450 3.572100
v 2.516700 1.537750 3.708100
v 2.516700 1.537050 3.436100
v 2.573000 1.537450 3.572100
v 1.382200 1.573650 4.260500
v 1.382200 1.745950 3.489900
v 1.767500 1.573650 4.157200
v 0.997000 1.573650 4.157200
v 0.715000 1.573650 3.875200
v 0.611700 1.573650 3.490000
v 0.715000 1.573650 3.104700
v 0.997000 1.573650 2.822700
v 1.382200 1.573650 2.719400
v 1.767500 1.573650 2.822700
v 2.049500 1.573650 3.104700
v 2.152800 1.573650 3.489900
v 2.049500 1.573650 3.875200
v 1.382200 1.536350 4.343900
v 1.809200 1.573750 4.229500
v 1.809200 1.536350 4.229500
v 1.382200 1.573750 4.343900
v 0.955300 1.536350 4.229500
v 0.955300 1.573750 4.229500
v 0.642700 1.536350 3.916900
v 0.642700 1.573750 3.916900
v 0.528300 1.536350 3.490000
v 0.528300 1.573750 3.490000
v 2.121800 1.573750 3.916900
v 2.121800 1.536350 3.916900
v 2.236200 1.573750 3.489900
v 2.236200 1.536350 3.489900
v 2.121800 1.573750 3.063000
v 2.121800 1.536350 3.063000
v 1.809200 1.573750 2.750400
v 1.809200 1.536350 2.750400
v 1.382200 1.573750 2.636000
v 1.382200 1.536350 2.636000
v 0.955300 1.573750 2.750400
v 0.955300 1.536350 2.750400
v 0.642700 1.573750 3.063000
v 0.642700 1.536350 3.063000
v 0.528300 1.573750 3.490000
v 0.528300 1.536350 3.490000
v 2.121800 1.536350 3.916900
v 1.809200 1.536350 2.750400
v 1.809200 1.536350 4.229500
v 2.121800 1.536350 3.063000
v 2.236200 1.536350 3.489900
v 1.382200 1.536350 4.343900
v 1.382200 1.536350 2.636000
v 0.955300 1.536350 4.229500
v 0.955300 1.536350 2.750400
v 0.642700 1.536350 3.916900
v 0.642700 1.536350 3.063000
v 0.528300 1.536350 3.490000
v 1.809200 1.573750 4.229500
v 1.382200 1.573650 4.260500
v 1.767500 1.573650 4.157200
v 1.382200 1.573750 4.343900
v 0.997000 1.573650 4.157200
v 0.955300 1.573750 4.229500
v 0.715000 1.573650 3.875200
v 0.642700 1.573750 3.916900
v 0.611700 1.573650 3.490000
v 0.528300 1.573750 3.490000
v 0.715000 1.573650 3.104700
v 0.642700 1.573750 3.063000
v 0.997000 1.573650 2.822700
v 0.955300 1.573750 2.750400
v 1.382200 1.573650 2.719400
v 1.382200 1.573750 2.636000
v 1.767500 1.573650 2.822700
v 1.809200 1.573750 2.750400
v 2.049500 1.573650 3.104700
v 2.121800 1.573750 3.063000
v 2.152800 1.573650 3.489900
v 2.236200 1.573750 3.489900
v 2.049500 1.573650 3.875200
v 2.121800 1.573750 3.916900
v 1.232100 -0.128650 6.254500
v 1.257200 -0.113850 6.254500
v 1.268200 -0.128150 6.254500
v 1.244100 -0.113850 6.254500
v 1.232100 -0.134650 6.254500
v 1.326500 -0.134650 6.254500
v 1.291000 -0.128150 6.254500
v 1.326500 -0.128650 6.254500
v 1.314500 -0.113850 6.254500
v 1.302000 -0.113850 6.254500
v 1.326500 -0.134650 6.209100
v 1.326500 -0.128650 6.254500
v 1.326500 -0.128650 6.209100
v 1.326500 -0.134650 6.254500
v 1.314500 -0.113850 6.254500
v 1.314500 -0.113850 6.209100
v 1.314500 -0.113850 6.209100
v 1.302000 -0.113850 6.254500
v 1.302000 -0.113850 6.209100
v 1.314500 -0.113850 6.254500
v 1.302000 -0.113850 6.209100
v 1.291000 -0.128150 6.254500
v 1.291000 -0.128150 6.209100
v 1.302000 -0.113850 6.254500
v 1.291000 -0.128150 6.209100
v 1.268200 -0.128150 6.254500
v 1.268200 -0.128150 6.209100
v 1.291000 -0.128150 6.254500
v 1.268200 -0.128150 6.209100
v 1.257200 -0.113850 6.254500
v 1.257200 -0.113850 6.209100
v 1.268200 -0.128150 6.254500
v 1.257200 -0.113850 6.209100
v 1.244100 -0.113850 6.254500
v 1.244100 -0.113850 6.209100
v 1.257200 -0.113850 6.254500
v 1.244100 -0.113850 6.209100
v 1.232100 -0.128650 6.254500
v 1.232100 -0.128650 6.209100
v 1.244100 -0.113850 6.254500
v 1.232100 -0.134650 6.254500
v 1.232100 -0.134650 6.209100
v 2.746700 2.567050 -1.559000
v 2.902400 2.567049 -2.358100
v 2.902000 2.567050 -1.558800
v 2.747100 2.567049 -2.358300
v 2.747100 2.567049 -2.358300
v 2.986300 1.067849 -2.358000
v 2.902400 2.567049 -2.358100
v 2.663500 1.067849 -2.358200
v 2.746700 2.567050 -1.559000
v 2.663500 1.067849 -2.358200
v 2.747100 2.567049 -2.358300
v 2.662600 1.067849 -1.558900
v 2.902000 2.567050 -1.558800
v 2.662600 1.067849 -1.558900
v 2.746700 2.567050 -1.559000
v 2.985400 1.067849 -1.558700
v 2.902400 2.567049 -2.358100
v 2.985400 1.067849 -1.558700
v 2.902000 2.567050 -1.558800
v 2.986300 1.067849 -2.358000
v -1.347100 1.645749 0.350200
v -1.446600 1.645749 0.392800
v -1.412500 1.645749 0.319700
v -1.381200 1.645749 0.423400
v -1.446600 1.645749 0.392800
v -1.423500 1.579449 0.298400
v -1.412500 1.645749 0.319700
v -1.470000 1.579449 0.398100
v -1.381200 1.645749 0.423400
v -1.470000 1.579449 0.398100
v -1.446600 1.645749 0.392800
v -1.369400 1.579449 0.445100
v -1.347100 1.645749 0.350200
v -1.369400 1.579449 0.445100
v -1.381200 1.645749 0.423400
v -1.322900 1.579449 0.345300
v -1.412500 1.645749 0.319700
v -1.322900 1.579449 0.345300
v -1.347100 1.645749 0.350200
v -1.423500 1.579449 0.298400
v -1.613800 1.591149 0.334500
v -1.564700 1.074549 0.229200
v -1.564700 1.591149 0.229200
v -1.613800 1.074549 0.334500
v -1.613800 1.591149 0.334500
v -1.229100 1.074549 0.513900
v -1.613800 1.074549 0.334500
v -1.229100 1.591149 0.513900
v -1.180000 1.591149 0.408600
v -1.229100 1.074549 0.513900
v -1.229100 1.591149 0.513900
v -1.180000 1.074549 0.408600
v -1.180000 1.591149 0.408600
v -1.564700 1.074549 0.229200
v -1.180000 1.074549 0.408600
v -1.564700 1.591149 0.229200
v -1.613800 1.591149 0.334500
v -1.180000 1.591149 0.408600
v -1.229100 1.591149 0.513900
v -1.564700 1.591149 0.229200
v -2.971000 1.745049 -2.534400
v -2.971000 2.482049 -4.317500
v -2.971000 1.745049 -4.317500
v -2.971000 2.482049 -2.534400
v -2.971000 2.415549 -2.335000
v -2.971000 1.811549 -2.335000
v -2.971000 2.216149 -2.268500
v -2.971000 2.010949 -2.268500
v -2.971000 1.811549 -4.516900
v -2.971000 2.415549 -4.516900
v -2.971000 2.010949 -4.583400
v -2.971000 2.216149 -4.583400
v -3.028400 2.216149 -4.583400
v -3.028400 1.811549 -4.516900
v -3.028400 2.010949 -4.583400
v -3.028400 2.415549 -4.516900
v -3.028400 1.745049 -4.317500
v -3.028400 2.482049 -4.317500
v -3.028400 1.745049 -2.534400
v -3.028400 2.482049 -2.534400
v -3.028400 1.811549 -2.335000
v -3.028400 2.415549 -2.335000
v -3.028400 2.010949 -2.268500
v -3.028400 2.216149 -2.268500
v -3.028400 1.745049 -2.534400
v -2.971000 1.745049 -4.317500
v -3.028400 1.745049 -4.317500
v -2.971000 1.745049 -2.534400
v -3.028400 2.216149 -2.268500
v -2.971000 2.010949 -2.268500
v -3.028400 2.010949 -2.268500
v -2.971000 2.216149 -2.268500
v -3.028400 2.415549 -2.335000
v -2.971000 2.415549 -2.335000
v -3.028400 2.482049 -2.534400
v -2.971000 2.482049 -2.534400
v -2.971000 1.811549 -2.335000
v -3.028400 1.811549 -2.335000
v -2.971000 1.745049 -2.534400
v -3.028400 1.745049 -2.534400
v -3.028400 2.482049 -4.317500
v -2.971000 2.482049 -2.534400
v -3.028400 2.482049 -2.534400
v -2.971000 2.482049 -4.317500
v -3.028400 2.010949 -4.583400
v -2.971000 2.216149 -4.583400
v -3.028400 2.216149 -4.583400
v -2.971000 2.010949 -4.583400
v -3.028400 1.811549 -4.516900
v -2.971000 1.811549 -4.516900
v -3.028400 1.745049 -4.317500
v -2.971000 1.745049 -4.317500
v -2.971000 2.415549 -4.516900
v -3.028400 2.415549 -4.516900
v -2.971000 2.482049 -4.317500
v -3.028400 2.482049 -4.317500
v 1.066100 1.009249 -4.587500
v -0.760700 1.009249 -4.924400
v -1.093500 1.009249 -4.587500
v 0.827600 1.009249 -4.924400
v 1.066100 1.060549 -4.587500
v -0.760700 1.060549 -4.924400
v 0.827600 1.060549 -4.924400
v -1.093500 1.060549 -4.587500
v -1.093500 1.060549 -4.587500
v -0.760700 1.009249 -4.924400
v -0.760700 1.060549 -4.924400
v -1.093500 1.009249 -4.587500
v 0.827600 1.060549 -4.924400
v 1.066100 1.009249 -4.587500
v 1.066100 1.060549 -4.587500
v 0.827600 1.009249 -4.924400
v -0.760700 1.060549 -4.924400
v 0.827600 1.009249 -4.924400
v 0.827600 1.060549 -4.924400
v -0.760700 1.009249 -4.924400
v -0.977300 0.952649 -4.899800
v 0.933800 0.405049 -4.676500
v 0.933800 0.952649 -4.899800
v -0.977300 0.405049 -4.676500
v -1.026000 0.300449 -4.804200
v 0.982500 0.300449 -4.587500
v 0.982500 0.300449 -4.804200
v -1.026000 0.300449 -4.587500
v -1.026000 0.938249 -5.064200
v -1.026000 0.300449 -4.587500
v -1.026000 0.300449 -4.804200
v -1.026000 1.009549 -4.906100
v -1.026000 1.009549 -4.587500
v -1.026000 1.009549 -4.906100
v 0.982500 1.009549 -4.587500
v -1.026000 1.009549 -4.587500
v 0.982500 1.009549 -4.906100
v 0.982500 0.938249 -5.064200
v -1.026000 0.938249 -5.064200
v 0.982500 1.009549 -4.587500
v 0.982500 1.009549 -4.906100
v 0.982500 0.300449 -4.587500
v 0.982500 0.300449 -4.804200
v 0.982500 0.938249 -5.064200
v -0.977300 0.345549 -4.822600
v 0.982500 0.300449 -4.804200
v 0.933800 0.345549 -4.822600
v -1.026000 0.300449 -4.804200
v -0.977300 0.893149 -5.045800
v -1.026000 0.938249 -5.064200
v 0.933800 0.893149 -5.045800
v 0.982500 0.938249 -5.064200
v -0.977300 0.405049 -4.676500
v 0.933800 0.345549 -4.822600
v 0.933800 0.405049 -4.676500
v -0.977300 0.345549 -4.822600
v -0.977300 0.952649 -4.899800
v -0.977300 0.345549 -4.822600
v -0.977300 0.405049 -4.676500
v -0.977300 0.893149 -5.045800
v 0.933800 0.952649 -4.899800
v -0.977300 0.893149 -5.045800
v -0.977300 0.952649 -4.899800
v 0.933800 0.893149 -5.045800
v 0.933800 0.405049 -4.676500
v 0.933800 0.893149 -5.045800
v 0.933800 0.952649 -4.899800
v 0.933800 0.345549 -4.822600
v 3.030300 0.619549 -6.354400
v -3.136600 0.453849 -6.270900
v -3.136600 0.619549 -6.354400
v 3.030300 0.453849 -6.270900
v 3.030300 0.453849 -6.270900
v -3.136600 0.429449 -6.370000
v -3.136600 0.453849 -6.270900
v 3.030300 0.429449 -6.370000
v 3.030300 0.619549 -6.354400
v 3.030300 0.429449 -6.370000
v 3.030300 0.453849 -6.270900
v 3.030300 0.595149 -6.426300
v -3.136600 0.619549 -6.354400
v 3.030300 0.595149 -6.426300
v 3.030300 0.619549 -6.354400
v -3.136600 0.595149 -6.426300
v -3.136600 0.453849 -6.270900
v -3.136600 0.595149 -6.426300
v -3.136600 0.619549 -6.354400
v -3.136600 0.429449 -6.370000
v 3.030300 -0.419851 -5.951200
v -3.136600 -0.597151 -5.899500
v -3.136600 -0.419851 -5.951200
v 3.030300 -0.597151 -5.899500
v 3.030300 -0.597151 -5.899500
v -3.136600 -0.663051 -6.074900
v -3.136600 -0.597151 -5.899500
v 3.030300 -0.663051 -6.074900
v 3.030300 -0.419851 -5.951200
v 3.030300 -0.663051 -6.074900
v 3.030300 -0.597151 -5.899500
v 3.030300 -0.416451 -6.035500
v -3.136600 -0.419851 -5.951200
v 3.030300 -0.416451 -6.035500
v 3.030300 -0.419851 -5.951200
v -3.136600 -0.416451 -6.035500
v -3.136600 -0.597151 -5.899500
v -3.136600 -0.416451 -6.035500
v -3.136600 -0.419851 -5.951200
v -3.136600 -0.663051 -6.074900
v -3.199000 -0.379951 -6.105300
v 3.128900 -0.648851 -6.135500
v 3.128900 -0.379951 -6.105300
v -3.199000 -0.648851 -6.135500
v -3.199000 -0.905151 -6.211400
v 3.128900 -0.905151 -6.211400
v -3.199000 -1.288751 -6.427900
v 3.128900 -1.288751 -6.427900
v 3.128900 -0.111551 -6.130400
v -3.199000 -0.111551 -6.130400
v -3.199000 0.141349 -6.211400
v 3.128900 0.141349 -6.211400
v 3.128900 0.533849 -6.506800
v -3.199000 0.533849 -6.506800
v -3.199000 0.533849 -6.506800
v 3.128900 0.664649 -6.506800
v -3.199000 0.664649 -6.506800
v 3.128900 0.533849 -6.506800
v 3.025000 -0.671851 -6.017500
v -3.095100 -0.379951 -5.986400
v 3.025000 -0.379951 -5.986400
v -3.095100 -0.671851 -6.017500
v -3.095100 -0.943251 -6.104400
v 3.025000 -0.943251 -6.104400
v 3.025000 -1.313851 -6.383500
v -3.095100 -1.313851 -6.383500
v 3.025000 -0.087951 -6.017600
v -3.095100 -0.087951 -6.017600
v -3.095100 0.187049 -6.105700
v 3.025000 0.187049 -6.105700
v -3.095100 0.571249 -6.394900
v 3.025000 0.571249 -6.394900
v -3.095100 0.664649 -6.394900
v 3.025000 0.664649 -6.394900
v -3.199000 -1.288751 -6.427900
v 3.025000 -1.313851 -6.383500
v 3.128900 -1.288751 -6.427900
v -3.095100 -1.313851 -6.383500
v -3.199000 -1.327351 -6.359600
v -3.095100 -1.327351 -6.359600
v 3.128900 -1.327351 -6.359600
v 3.025000 -1.327351 -6.359600
v 3.025000 0.664649 -6.394900
v -3.199000 0.664649 -6.506800
v 3.128900 0.664649 -6.506800
v -3.095100 0.664649 -6.394900
v -3.095100 -0.679051 -5.840100
v -3.199000 -0.386251 -5.793000
v -3.095100 -0.386251 -5.793000
v -3.199000 -0.679051 -5.840100
v -3.199000 -0.944051 -5.948400
v -3.095100 -0.944051 -5.948400
v -3.095100 -1.327351 -6.359600
v -3.199000 -1.327351 -6.359600
v -3.095100 -0.089651 -5.813200
v -3.199000 -0.089651 -5.813200
v -3.199000 0.186049 -5.891100
v -3.095100 0.186049 -5.891100
v -3.199000 0.570149 -6.180300
v -3.095100 0.570149 -6.180300
v -3.095100 0.664649 -6.394900
v -3.199000 0.664649 -6.506800
v 3.025000 -0.681251 -5.794300
v 3.128900 -0.944351 -5.889800
v 3.025000 -0.944351 -5.889800
v 3.128900 -0.681251 -5.794300
v 3.128900 -0.385851 -5.765200
v 3.025000 -0.385851 -5.765200
v 3.025000 -0.089051 -5.803000
v 3.128900 -0.089051 -5.803000
v 3.128900 0.186049 -5.891100
v 3.025000 0.186049 -5.891100
v 3.025000 0.570149 -6.180300
v 3.128900 0.570149 -6.180300
v 3.025000 0.664649 -6.394900
v 3.128900 0.664649 -6.506800
v 3.128900 -1.327351 -6.359600
v 3.025000 -1.327351 -6.359600
v -3.199000 -0.679051 -5.840100
v -3.199000 -0.379951 -6.105300
v -3.199000 -0.386251 -5.793000
v -3.199000 -0.648851 -6.135500
v -3.199000 -0.905151 -6.211400
v -3.199000 -0.944051 -5.948400
v -3.199000 -1.327351 -6.359600
v -3.199000 -1.288751 -6.427900
v -3.199000 -0.089651 -5.813200
v -3.199000 -0.111551 -6.130400
v -3.199000 0.141349 -6.211400
v -3.199000 0.186049 -5.891100
v -3.199000 0.533849 -6.506800
v -3.199000 0.570149 -6.180300
v -3.199000 0.664649 -6.506800
v -3.095100 -0.944051 -5.948400
v -3.095100 -1.313851 -6.383500
v -3.095100 -1.327351 -6.359600
v -3.095100 -0.943251 -6.104400
v -3.095100 -0.671851 -6.017500
v -3.095100 -0.679051 -5.840100
v -3.095100 -0.379951 -5.986400
v -3.095100 -0.386251 -5.793000
v -3.095100 -0.089651 -5.813200
v -3.095100 -0.087951 -6.017600
v -3.095100 0.186049 -5.891100
v -3.095100 0.187049 -6.105700
v -3.095100 0.570149 -6.180300
v -3.095100 0.571249 -6.394900
v -3.095100 0.664649 -6.394900
v 3.128900 -0.681251 -5.794300
v 3.128900 -0.905151 -6.211400
v 3.128900 -0.944351 -5.889800
v 3.128900 -0.648851 -6.135500
v 3.128900 -0.379951 -6.105300
v 3.128900 -0.385851 -5.765200
v 3.128900 -0.089051 -5.803000
v 3.128900 -0.111551 -6.130400
v 3.128900 0.141349 -6.211400
v 3.128900 0.186049 -5.891100
v 3.128900 0.570149 -6.180300
v 3.128900 0.533849 -6.506800
v 3.128900 0.664649 -6.506800
v 3.128900 -1.288751 -6.427900
v 3.128900 -1.327351 -6.359600
v 3.025000 0.664649 -6.394900
v 3.025000 0.570149 -6.180300
v 3.025000 0.571249 -6.394900
v 3.025000 0.186049 -5.891100
v 3.025000 0.187049 -6.105700
v 3.025000 -0.087951 -6.017600
v 3.025000 -0.089051 -5.803000
v 3.025000 -0.379951 -5.986400
v 3.025000 -0.385851 -5.765200
v 3.025000 -0.681251 -5.794300
v 3.025000 -0.671851 -6.017500
v 3.025000 -0.944351 -5.889800
v 3.025000 -0.943251 -6.104400
v 3.025000 -1.327351 -6.359600
v 3.025000 -1.313851 -6.383500
v 0.068400 0.282649 -5.968100
v -0.177700 0.010049 -5.865100
v -0.177700 0.282649 -5.968100
v 0.068400 0.010049 -5.865100
v 0.068400 0.010049 -5.865100
v -0.177700 -0.066951 -6.068800
v -0.177700 0.010049 -5.865100
v 0.068400 -0.066951 -6.068800
v 0.068400 0.282649 -5.968100
v 0.068400 -0.066951 -6.068800
v 0.068400 0.010049 -5.865100
v 0.068400 0.205649 -6.171800
v -0.177700 0.282649 -5.968100
v 0.068400 0.205649 -6.171800
v 0.068400 0.282649 -5.968100
v -0.177700 0.205649 -6.171800
v -0.177700 0.010049 -5.865100
v -0.177700 0.205649 -6.171800
v -0.177700 0.282649 -5.968100
v -0.177700 -0.066951 -6.068800
v 0.475300 0.811049 -4.850300
v -0.212400 0.732349 -4.883200
v 0.475300 0.765649 -4.883200
v -0.212400 0.777849 -4.850300
v -0.900100 0.743849 -4.883200
v -0.900100 0.789249 -4.850300
v -0.900100 0.716549 -4.850300
v -0.212400 0.705049 -4.850300
v 0.475300 0.738349 -4.850300
v 0.933800 0.743849 -4.883200
v 0.933800 0.716549 -4.850300
v 0.933800 0.789249 -4.850300
v -0.266500 0.646249 -4.870100
v -0.145900 0.568049 -4.832000
v -0.145900 0.646249 -4.870100
v -0.266500 0.568049 -4.832000
v -0.266500 0.568049 -4.832000
v -0.145900 0.592549 -4.760300
v -0.145900 0.568049 -4.832000
v -0.266500 0.592549 -4.760300
v -0.266500 0.646249 -4.870100
v -0.266500 0.592549 -4.760300
v -0.266500 0.568049 -4.832000
v -0.266500 0.670749 -4.798300
v -0.145900 0.646249 -4.870100
v -0.266500 0.670749 -4.798300
v -0.266500 0.646249 -4.870100
v -0.145900 0.670749 -4.798300
v -0.145900 0.568049 -4.832000
v -0.145900 0.670749 -4.798300
v -0.145900 0.646249 -4.870100
v -0.145900 0.592549 -4.760300
v 0.143800 0.662849 -4.799600
v -0.183500 0.576649 -4.828900
v 0.143800 0.592949 -4.771100
v -0.183500 0.646549 -4.857400
v -0.510900 0.592949 -4.771100
v -0.510900 0.662849 -4.799600
v 0.143800 0.592949 -4.771100
v -0.183500 0.583649 -4.774400
v 0.143800 0.597249 -4.750800
v -0.183500 0.576649 -4.828900
v -0.510900 0.597249 -4.750800
v -0.510900 0.592949 -4.771100
v -0.510900 0.662849 -4.799600
v -0.510900 0.597249 -4.750800
v -0.510900 0.592949 -4.771100
v -0.510900 0.667249 -4.779300
v -0.510900 0.662849 -4.799600
v -0.183500 0.653549 -4.802900
v -0.510900 0.667249 -4.779300
v -0.183500 0.646549 -4.857400
v 0.143800 0.667249 -4.779300
v 0.143800 0.662849 -4.799600
v 0.143800 0.592949 -4.771100
v 0.143800 0.667249 -4.779300
v 0.143800 0.662849 -4.799600
v 0.143800 0.597249 -4.750800
v -0.912100 0.771649 -4.923800
v -0.849200 0.681449 -4.887000
v -0.849200 0.771649 -4.923800
v -0.912100 0.681449 -4.887000
v -0.912100 0.681449 -4.887000
v -0.849200 0.727949 -4.772900
v -0.849200 0.681449 -4.887000
v -0.912100 0.727949 -4.772900
v -0.912100 0.771649 -4.923800
v -0.912100 0.727949 -4.772900
v -0.912100 0.681449 -4.887000
v -0.912100 0.818249 -4.809700
v -0.849200 0.771649 -4.923800
v -0.912100 0.818249 -4.809700
v -0.912100 0.771649 -4.923800
v -0.849200 0.818249 -4.809700
v -0.849200 0.681449 -4.887000
v -0.849200 0.818249 -4.809700
v -0.849200 0.771649 -4.923800
v -0.849200 0.727949 -4.772900
v -2.633700 0.999549 -4.357700
v -2.670400 0.888649 -4.562900
v -2.633700 0.888649 -4.562900
v -2.670400 0.973949 -4.399400
v -3.105000 0.999549 -4.357700
v -3.068200 0.973949 -4.399400
v -3.105000 0.888649 -4.562900
v -3.068200 0.888649 -4.562900
v -2.677700 0.845849 -4.337900
v -2.641000 0.763849 -4.495400
v -2.677700 0.763849 -4.495400
v -2.641000 0.871549 -4.296200
v -3.060900 0.845849 -4.337900
v -3.097700 0.871549 -4.296200
v -3.060900 0.763849 -4.495400
v -3.097700 0.763849 -4.495400
v -2.641000 0.871549 -4.296200
v -2.633700 0.888649 -4.562900
v -2.641000 0.763849 -4.495400
v -2.633700 0.999549 -4.357700
v -3.097700 0.763849 -4.495400
v -3.105000 0.999549 -4.357700
v -3.097700 0.871549 -4.296200
v -3.105000 0.888649 -4.562900
v -3.068200 0.973949 -4.399400
v -2.677700 0.845849 -4.337900
v -2.670400 0.973949 -4.399400
v -3.060900 0.845849 -4.337900
v -3.097700 0.871549 -4.296200
v -2.633700 0.999549 -4.357700
v -2.641000 0.871549 -4.296200
v -3.105000 0.999549 -4.357700
v -2.670400 0.888649 -4.562900
v -2.641000 0.763849 -4.495400
v -2.633700 0.888649 -4.562900
v -2.677700 0.763849 -4.495400
v -3.097700 0.763849 -4.495400
v -3.068200 0.888649 -4.562900
v -3.105000 0.888649 -4.562900
v -3.060900 0.763849 -4.495400
v -3.029100 0.845949 -4.467100
v -2.704200 0.797749 -4.550700
v -3.029100 0.797749 -4.550700
v -2.704200 0.845949 -4.467100
v -3.029100 0.894249 -4.550700
v -2.704200 0.845949 -4.467100
v -3.029100 0.845949 -4.467100
v -2.704200 0.894249 -4.550700
v -3.029100 0.797749 -4.550700
v -2.704200 0.894249 -4.550700
v -3.029100 0.894249 -4.550700
v -2.704200 0.797749 -4.550700
v -0.900100 0.905649 -4.850300
v 0.933800 0.869249 -4.894200
v 0.933800 0.905649 -4.850300
v -0.900100 0.869249 -4.894200
v -0.900100 0.869249 -4.894200
v 0.933800 0.832849 -4.850300
v 0.933800 0.869249 -4.894200
v -0.900100 0.832849 -4.850300
v -0.134800 0.249649 -4.592300
v -0.015100 0.249649 -4.663600
v -0.015100 0.249649 -4.592300
v -0.134800 0.249649 -4.663600
v -0.015100 0.027049 -4.598000
v -0.134800 0.027049 -4.686100
v -0.134800 0.027049 -4.598000
v -0.015100 0.027049 -4.686100
v -0.134800 0.027049 -4.598000
v -0.134800 0.249649 -4.663600
v -0.134800 0.249649 -4.592300
v -0.134800 0.027049 -4.686100
v -0.015100 0.249649 -4.592300
v -0.015100 0.027049 -4.686100
v -0.015100 0.027049 -4.598000
v -0.015100 0.249649 -4.663600
v -0.015100 0.223749 -4.939000
v -0.134800 0.085449 -4.953700
v -0.015100 0.085449 -4.953700
v -0.134800 0.223749 -4.939000
v -0.015100 0.295549 -4.826600
v -0.134800 0.295549 -4.826600
v -0.015100 0.249649 -4.663600
v -0.134800 0.249649 -4.663600
v -0.134800 -0.041751 -4.826600
v -0.015100 -0.041751 -4.826600
v -0.134800 -0.029251 -4.687000
v -0.015100 -0.029251 -4.687000
v -0.134800 0.249649 -4.663600
v -0.015100 -0.029251 -4.687000
v -0.134800 -0.029251 -4.687000
v -0.015100 0.249649 -4.663600
v -0.134800 0.097449 -4.908600
v -0.134800 0.223749 -4.939000
v -0.134800 0.199549 -4.897100
v -0.134800 0.085449 -4.953700
v -0.134800 0.003349 -4.814500
v -0.134800 -0.041751 -4.826600
v -0.134800 0.012549 -4.711100
v -0.134800 -0.029251 -4.687000
v -0.134800 0.249649 -4.663600
v -0.134800 0.207849 -4.711100
v -0.134800 0.250449 -4.814500
v -0.134800 0.295549 -4.826600
v -0.015100 0.199549 -4.897100
v -0.015100 0.085449 -4.953700
v -0.015100 0.097449 -4.908600
v -0.015100 0.223749 -4.939000
v -0.015100 0.250449 -4.814500
v -0.015100 0.295549 -4.826600
v -0.015100 0.207849 -4.711100
v -0.015100 0.249649 -4.663600
v -0.015100 0.012549 -4.711100
v -0.015100 -0.029251 -4.687000
v -0.015100 0.003349 -4.814500
v -0.015100 -0.041751 -4.826600
v -0.015100 0.097449 -4.908600
v -0.134800 0.199549 -4.897100
v -0.015100 0.199549 -4.897100
v -0.134800 0.097449 -4.908600
v -0.015100 0.003349 -4.814500
v -0.134800 0.003349 -4.814500
v -0.015100 0.012549 -4.711100
v -0.134800 0.012549 -4.711100
v -0.134800 0.250449 -4.814500
v -0.015100 0.250449 -4.814500
v -0.134800 0.207849 -4.711100
v -0.015100 0.207849 -4.711100
v -0.015100 0.207849 -4.711100
v -0.134800 0.012549 -4.711100
v -0.015100 0.012549 -4.711100
v -0.134800 0.207849 -4.711100
v 0.286900 0.659149 -4.823800
v 0.599200 0.388549 -4.725300
v 0.599600 0.671849 -4.828400
v 0.283100 0.385349 -4.724200
v 0.281400 0.408549 -4.682800
v 0.599200 0.388549 -4.725300
v 0.283100 0.385349 -4.724200
v 0.599200 0.404549 -4.681400
v 0.284800 0.673849 -4.779400
v 0.599600 0.671849 -4.828400
v 0.599600 0.687849 -4.784500
v 0.286900 0.659149 -4.823800
v 0.286900 0.659149 -4.823800
v 0.281400 0.408549 -4.682800
v 0.283100 0.385349 -4.724200
v 0.284800 0.673849 -4.779400
v 0.599200 0.404549 -4.681400
v 0.599600 0.671849 -4.828400
v 0.599200 0.388549 -4.725300
v 0.599600 0.687849 -4.784500
v -0.752800 0.657949 -4.761900
v -0.775900 0.444149 -4.693200
v -0.774800 0.646549 -4.786800
v -0.756400 0.453849 -4.671900
v -0.756800 0.433849 -4.714800
v -0.753300 0.634449 -4.812100
v -0.725900 0.622749 -4.776500
v -0.756800 0.433849 -4.714800
v -0.727600 0.462649 -4.702500
v -0.753300 0.634449 -4.812100
v 0.301900 0.520049 -4.758100
v -0.533700 0.509849 -4.727300
v 0.302600 0.504349 -4.726400
v -0.526000 0.524149 -4.775000
v -0.629900 0.469449 -4.737300
v -0.533700 0.509849 -4.727300
v -0.526000 0.524149 -4.775000
v -0.621800 0.453749 -4.699600
v -0.732100 0.435449 -4.689900
v -0.726900 0.449349 -4.727100
v -0.754200 0.422349 -4.718500
v -0.753700 0.449249 -4.660900
v -0.775900 0.444149 -4.693200
v -0.756400 0.453849 -4.671900
v -0.778200 0.436149 -4.689400
v -0.754200 0.422349 -4.718500
v -0.756800 0.433849 -4.714800
v -0.726900 0.449349 -4.727100
v -0.756800 0.433849 -4.714800
v -0.726900 0.449349 -4.727100
v -0.727600 0.462649 -4.702500
v -0.629900 0.469449 -4.737300
v -0.629100 0.492649 -4.687800
v -0.525400 0.555649 -4.707600
v -0.526000 0.524149 -4.775000
v -0.726500 0.472949 -4.676500
v -0.533100 0.569949 -4.755100
v 0.303100 0.553449 -4.746400
v -0.526000 0.524149 -4.775000
v -0.619900 0.630049 -4.781500
v -0.526000 0.524149 -4.775000
v -0.533100 0.569949 -4.755100
v -0.628700 0.589649 -4.792800
v -0.725200 0.612349 -4.802500
v -0.729800 0.649949 -4.789000
v -0.753300 0.634449 -4.812100
v -0.752800 0.657949 -4.761900
v -0.724700 0.635949 -4.751900
v -0.725900 0.622749 -4.776500
v -0.627900 0.612749 -4.743200
v -0.628700 0.589649 -4.792800
v -0.725200 0.612349 -4.802500
v -0.753300 0.634449 -4.812100
v -0.526000 0.524149 -4.775000
v -0.525400 0.555649 -4.707600
v -0.774800 0.646549 -4.786800
v -0.729800 0.649949 -4.789000
v -0.752800 0.657949 -4.761900
v -0.753300 0.634449 -4.812100
v -0.754200 0.422349 -4.718500
v -0.753700 0.449249 -4.660900
v -0.732100 0.435449 -4.689900
v -0.778200 0.436149 -4.689400
vn -1.0000 -0.0000 -0.0000
vn -0.0000 -0.1963 -0.9805
vn -0.0000 0.1797 0.9837
vn -0.0000 -0.5556 -0.8314
vn -0.0000 0.5388 0.8424
vn -0.0000 0.8219 0.5696
vn -0.0000 0.9778 0.2095
vn -0.0000 -0.0000 -1.0000
vn -0.0000 -0.4815 -0.8765
vn -0.0000 -0.8461 -0.5330
vn 0.0015 1.0000 -0.0021
vn 0.0011 1.0000 -0.0022
vn 0.0007 1.0000 -0.0023
vn 0.0003 1.0000 -0.0025
vn -0.0000 1.0000 -0.0027
vn -0.0003 1.0000 -0.0025
vn -0.0007 1.0000 -0.0023
vn -0.0011 1.0000 -0.0022
vn -0.0015 1.0000 -0.0021
vn -0.0000 1.0000 -0.0019
vn -0.0012 1.0000 -0.0018
vn -0.0000 1.0000 -0.0018
vn 0.0012 1.0000 -0.0018
vn -1.0000 -0.0038 -0.0069
vn -1.0000 -0.0033 -0.0021
vn -1.0000 -0.0027 0.0005
vn -0.0000 0.9627 0.2706
vn 0.1450 0.9520 0.2697
vn -0.0000 0.9472 0.3206
vn -0.0000 0.9638 0.2668
vn -0.1450 0.9520 0.2697
vn 1.0000 0.0024 0.0045
vn 1.0000 -0.0000 -0.0000
vn 0.0813 -0.9695 -0.2311
vn -0.0000 -1.0000 -0.0088
vn 0.2143 -0.9767 0.0097
vn -0.0000 -0.9999 -0.0121
vn -0.0000 -0.9737 -0.2279
vn -0.0000 -0.9994 0.0345
vn -0.0091 -0.9992 0.0379
vn 0.0038 -0.9999 -0.0156
vn -0.0000 -0.9999 -0.0156
vn -0.0000 -0.0886 0.9961
vn -0.0000 0.7714 -0.6363
vn -0.0000 1.0000 -0.0000
vn 1.0000 0.0004 -0.0000
vn 1.0000 0.0003 -0.0002
vn 1.0000 0.0006 -0.0012
vn 0.5647 -0.0000 -0.8253
vn 0.4690 -0.0000 -0.8832
vn 0.2865 -0.0000 -0.9581
vn 0.0995 -0.0000 -0.9950
vn 0.0998 0.0005 -0.9950
vn -0.0998 0.0005 -0.9950
vn -0.0995 -0.0000 -0.9950
vn -0.2865 -0.0000 -0.9581
vn -0.4690 -0.0000 -0.8832
vn -0.5647 -0.0000 -0.8253
vn -0.5477 -0.0000 -0.8367
vn -0.0000 0.8208 -0.5712
vn -0.0009 0.8226 -0.5687
vn -0.0000 0.8221 -0.5694
vn -0.0000 0.4665 -0.8845
vn -0.0016 0.4668 -0.8844
vn 0.5478 -0.0000 -0.8366
vn -0.0000 -1.0000 -0.0000
vn -1.0000 -0.0022 -0.0085
vn -0.9999 0.0132 0.0029
vn 1.0000 -0.0038 -0.0069
vn 1.0000 -0.0033 -0.0021
vn 1.0000 -0.0027 0.0005
vn -1.0000 0.0024 0.0045
vn -0.0813 -0.9695 -0.2311
vn -0.2143 -0.9767 0.0097
vn -0.0000 -0.1859 0.9826
vn -0.0000 -0.7617 0.6480
vn -0.0000 -0.9586 0.2847
vn -0.0000 0.0116 0.9999
vn -0.0000 0.3362 0.9418
vn 0.0091 -0.9992 0.0379
vn -0.0038 -0.9999 -0.0156
vn 0.0009 0.8226 -0.5687
vn 0.0016 0.4668 -0.8844
vn 1.0000 -0.0023 -0.0089
vn 0.9999 0.0137 0.0029
vn 0.5336 0.3942 0.7482
vn 0.5338 0.3956 0.7474
vn -0.0000 0.4333 0.9012
vn -0.5335 0.3956 0.7475
vn -0.5340 0.3948 0.7476
vn -0.9911 0.1330 -0.0000
vn -0.5341 0.3948 -0.7476
vn -0.5341 0.3946 -0.7477
vn -0.0000 0.4323 -0.9018
vn 0.5339 0.3947 -0.7478
vn 0.5342 0.3941 -0.7479
vn 0.9913 0.1316 -0.0000
vn 0.3560 0.2998 -0.8851
vn 0.3585 0.3019 -0.8834
vn 0.4085 0.2286 -0.8836
vn 0.4325 0.2275 -0.8724
vn 0.4498 0.0080 -0.8931
vn 0.4522 0.0078 -0.8919
vn 0.4275 0.2191 -0.8771
vn 0.4273 0.2191 -0.8772
vn -0.5517 -0.8300 0.0824
vn -0.5400 -0.8395 0.0596
vn -0.9825 -0.1738 0.0672
vn -0.9842 -0.1726 0.0391
vn -0.9984 0.0051 0.0559
vn -0.9984 0.0051 0.0558
vn -0.9694 -0.2424 0.0387
vn -0.9694 -0.2425 0.0373
vn 0.0940 0.5936 0.7993
vn 0.0925 0.5881 0.8035
vn 0.5737 -0.0498 0.8176
vn 0.5516 -0.0595 0.8320
vn 0.5479 -0.0129 0.8364
vn 0.5457 -0.0132 0.8379
vn 0.5415 0.0231 0.8404
vn 0.5409 0.0228 0.8408
vn 0.2378 -0.9634 -0.1236
vn -0.7663 -0.0000 -0.6425
vn -0.1735 -0.0000 0.9848
vn 0.9394 -0.0000 -0.3428
vn -0.7662 -0.0034 -0.6426
vn -0.9397 -0.0042 0.3421
vn -0.1751 -0.0008 0.9846
vn -0.1747 -0.0000 0.9846
vn 0.7652 -0.0000 0.6438
vn 0.7662 0.0034 0.6426
vn 0.1727 0.0008 -0.9850
vn 0.9399 0.0042 -0.3414
vn 0.0040 -1.0000 0.0007
vn 0.0041 -1.0000 0.0007
vn 0.0022 -1.0000 -0.0008
vn 0.0036 -1.0000 0.0031
vn -0.0022 1.0000 0.0008
vn -0.0029 1.0000 -0.0011
vn 0.1382 0.5952 -0.7916
vn 0.1388 0.5948 -0.7918
vn -0.6168 0.5937 -0.5167
vn -0.6170 0.5944 -0.5158
vn -0.7562 0.5940 0.2745
vn -0.7566 0.5936 0.2742
vn -0.1404 0.5953 0.7911
vn -0.1405 0.5952 0.7912
vn 0.6146 0.5965 0.5163
vn 0.6142 0.5952 0.5181
vn 0.7516 0.1931 0.6307
vn 0.7518 0.1938 0.6303
vn -0.1706 0.1914 0.9666
vn -0.1702 0.1919 0.9665
vn -0.9227 0.1901 0.3354
vn -0.9222 0.1913 0.3361
vn -0.7522 0.1909 -0.6307
vn -0.7521 0.1905 -0.6309
vn 0.1698 0.1919 -0.9666
vn 0.1701 0.1915 -0.9666
vn 0.9219 0.1936 -0.3355
vn 0.9218 0.1940 -0.3357
vn 0.7547 0.5956 -0.2751
vn 0.7545 0.5958 -0.2753
vn 0.1738 -0.0000 -0.9848
vn 0.9397 -0.0000 -0.3421
vn -0.7660 -0.0000 -0.6428
vn -0.9395 -0.0000 0.3425
vn -0.1730 -0.0000 0.9849
vn 0.7664 -0.0000 0.6423
vn 0.7664 -0.0000 0.6424
vn -0.9397 -0.0000 0.3421
vn -0.1749 -0.0000 0.9846
vn 0.7653 -0.0000 0.6436
vn 0.7653 -0.0000 0.6437
vn 0.1727 -0.0000 -0.9850
vn 0.9399 -0.0000 -0.3414
vn -0.0017 1.0000 -0.0015
vn -0.0021 1.0000 0.0008
vn -0.0000 -0.0000 1.0000
vn -0.3162 -0.0000 0.9487
vn -0.9488 -0.0000 0.3159
vn 0.3164 -0.0000 0.9486
vn 0.9486 -0.0000 0.3164
vn 0.3164 -0.0000 -0.9486
vn 0.9486 -0.0000 -0.3164
vn -0.3162 -0.0000 -0.9487
vn -0.9488 -0.0000 -0.3159
vn -0.0000 0.7508 0.6606
vn -0.0000 1.0000 -0.0081
vn -0.0000 0.9533 0.3020
vn -0.0000 0.5478 0.8366
vn -0.0000 0.9704 -0.2414
vn -0.0000 0.0143 -0.9999
vn -0.7008 -0.0735 -0.7096
vn -0.7532 -0.0847 -0.6524
vn -0.7052 -0.6593 -0.2607
vn -0.7568 -0.5825 -0.2965
vn -0.7078 0.0909 0.7005
vn -0.7523 0.0978 0.6516
vn -0.7234 0.6153 0.3132
vn -0.7567 0.5663 0.3267
vn 0.7522 0.0978 0.6516
vn 0.7078 0.0909 0.7005
vn 0.7532 -0.0847 -0.6524
vn 0.7008 -0.0735 -0.7096
vn -0.6850 -0.7248 0.0739
vn -0.7538 -0.6529 0.0748
vn -0.7542 0.6533 -0.0666
vn -0.6882 0.7226 -0.0652
vn 0.6882 0.7226 -0.0652
vn 0.7542 0.6533 -0.0666
vn 0.6850 -0.7248 0.0739
vn 0.7538 -0.6529 0.0748
vn 0.7234 0.6153 0.3132
vn 0.7567 0.5663 0.3267
vn 0.7568 -0.5825 -0.2965
vn 0.7052 -0.6594 -0.2607
vn -0.0000 0.9669 0.2552
vn -0.0000 0.9664 0.2569
vn -0.0000 0.9656 0.2599
vn -0.0000 0.9656 0.2598
vn -0.0000 0.9674 0.2533
vn 0.8809 0.1978 0.4301
vn 0.8808 0.1962 0.4310
vn 0.3654 0.0636 0.9287
vn 0.3641 0.0618 0.9293
vn -0.3656 0.0617 0.9287
vn -0.3640 0.0633 0.9293
vn -0.8813 0.1964 0.4299
vn -0.8805 0.1973 0.4311
vn -0.8804 0.3879 -0.2729
vn -0.8804 0.3881 -0.2726
vn 0.8805 0.3879 -0.2727
vn 0.8803 0.3882 -0.2728
vn 0.3636 0.5239 -0.7703
vn 0.3664 0.5211 -0.7708
vn -0.3639 0.5217 -0.7716
vn -0.3660 0.5239 -0.7691
vn -0.7211 -0.0000 -0.6928
vn -0.3612 -0.0000 -0.9325
vn 0.2741 -0.0176 -0.9615
vn 0.2513 -0.0000 -0.9679
vn 0.7211 -0.0000 -0.6928
vn 0.7054 -0.0000 0.7088
vn 0.2731 -0.0000 0.9620
vn 0.2976 -0.0191 0.9545
vn -0.3901 -0.0000 0.9208
vn -0.7054 -0.0000 0.7088
vn 0.7492 0.6623 -0.0000
vn -0.0000 -0.9511 0.3088
vn -0.0000 -0.5863 0.8101
vn -0.0000 0.5873 0.8094
vn -0.0000 0.9218 0.3878
vn -0.0000 -0.8044 -0.5941
vn 0.9998 -0.0041 -0.0178
vn 0.9995 -0.0000 -0.0305
vn 0.9996 -0.0000 -0.0283
vn 0.9998 -0.0019 -0.0198
vn 0.9999 -0.0000 -0.0147
vn -0.9998 0.0019 0.0198
vn -0.9998 0.0041 0.0178
vn -0.9995 -0.0000 0.0305
vn -0.9996 -0.0000 0.0283
vn -0.9999 -0.0000 0.0147
vn -0.0000 -0.9851 -0.1722
vn -0.9998 -0.0041 -0.0178
vn -0.9998 -0.0023 -0.0194
vn -0.9999 -0.0000 -0.0131
vn -0.9995 -0.0000 -0.0305
vn -0.9996 -0.0000 -0.0283
vn 0.9998 0.0023 0.0194
vn 0.9999 -0.0000 0.0131
vn 0.9998 0.0041 0.0178
vn 0.9995 -0.0000 0.0305
vn 0.9996 -0.0000 0.0283
vn 0.9647 0.2612 -0.0322
vn 0.7179 0.6089 -0.3374
vn 0.7175 0.6095 -0.3372
vn 0.3885 0.5712 -0.7230
vn 0.3893 0.5709 -0.7229
vn 0.1638 0.2000 -0.9660
vn 0.1787 0.2045 -0.9624
vn 0.9647 -0.2614 -0.0322
vn 0.9647 -0.2613 -0.0318
vn -0.5327 -0.3679 -0.7621
vn -0.5331 -0.3684 -0.7616
vn -0.5332 0.3679 -0.7618
vn -0.5326 0.3684 -0.7620
vn -0.2282 -0.9172 -0.3265
vn 0.2282 -0.9172 0.3265
vn 0.2283 -0.9173 0.3262
vn 0.5556 -0.2471 0.7939
vn 0.5552 -0.2466 0.7943
vn -0.1781 0.2250 0.9579
vn -0.1775 0.2248 0.9581
vn -0.3883 0.5720 0.7226
vn -0.3882 0.5720 0.7226
vn -0.7174 0.6098 0.3369
vn -0.7178 0.6092 0.3371
vn -0.9846 0.1700 -0.0401
vn -0.9932 0.1116 0.0332
vn -0.1781 -0.2246 0.9580
vn -0.1775 -0.2253 0.9580
vn -0.9646 0.2618 -0.0326
vn -0.9645 0.2622 -0.0322
vn -0.9645 -0.2621 -0.0322
vn -0.9645 -0.2621 -0.0325
vn -0.7179 0.6089 -0.3374
vn -0.7175 0.6095 -0.3372
vn -0.3885 0.5712 -0.7230
vn -0.3893 0.5709 -0.7229
vn -0.1647 0.2015 -0.9656
vn -0.1789 0.2058 -0.9621
vn 0.5327 -0.3679 -0.7621
vn 0.5331 -0.3684 -0.7616
vn 0.2283 -0.9173 -0.3262
vn 0.2282 -0.9172 -0.3265
vn -0.2282 -0.9172 0.3265
vn -0.2283 -0.9173 0.3262
vn -0.5565 -0.2413 0.7951
vn -0.5564 -0.2413 0.7951
vn 0.5326 0.3684 -0.7620
vn 0.5332 0.3679 -0.7618
vn 0.1778 0.2249 0.9580
vn 0.1779 0.2249 0.9580
vn 0.1779 -0.2249 0.9580
vn 0.1777 -0.2252 0.9580
vn 0.3886 0.5716 0.7227
vn 0.3879 0.5719 0.7228
vn 0.7174 0.6098 0.3369
vn 0.7178 0.6092 0.3371
vn 0.9855 0.1634 -0.0452
vn 0.9944 0.1008 0.0332
vn -0.7056 0.6845 0.1833
vn -0.7072 0.6829 0.1831
vn 0.7047 0.6853 0.1835
vn 0.7031 0.6868 0.1842
vn -0.0000 -0.9659 -0.2590
vn -0.7066 0.1833 -0.6835
vn -0.7072 0.1829 -0.6829
vn 0.7048 0.1837 -0.6852
vn 0.7041 0.1837 -0.6859
vn -0.0000 -0.2587 0.9660
vn -0.7071 -0.1829 0.6831
vn -0.7077 -0.1830 0.6824
vn 0.7048 -0.1837 0.6852
vn 0.7055 -0.1833 0.6846
vn -0.0000 0.2587 -0.9660
vn 0.7072 0.6829 0.1831
vn 0.7056 0.6845 0.1833
vn -0.7047 0.6853 0.1835
vn -0.7031 0.6868 0.1842
vn 0.7066 0.1833 -0.6835
vn -0.7048 0.1837 -0.6852
vn -0.7041 0.1837 -0.6859
vn 0.7072 0.1829 -0.6829
vn 0.7071 -0.1829 0.6831
vn 0.7077 -0.1830 0.6824
vn -0.7048 -0.1837 0.6852
vn -0.7055 -0.1833 0.6846
vn 0.6452 0.2391 -0.7256
vn 0.6457 0.2399 -0.7249
vn -0.6645 0.2398 -0.7078
vn -0.6636 0.2418 -0.7079
vn -0.6465 -0.2416 0.7237
vn -0.6478 -0.2384 0.7235
vn 0.6633 -0.2392 0.7091
vn 0.0041 0.9487 0.3162
vn -0.6457 0.2399 -0.7249
vn -0.6452 0.2391 -0.7256
vn 0.6633 0.2401 -0.7088
vn 0.6624 0.2421 -0.7090
vn 0.6466 -0.2388 0.7245
vn 0.6453 -0.2419 0.7247
vn -0.6633 -0.2392 0.7091
vn -0.0041 0.9487 0.3162
vn -0.6483 0.2444 -0.7211
vn -0.6453 0.2391 -0.7256
vn 0.6632 0.2403 -0.7089
vn 0.6637 0.2391 -0.7088
vn 0.6453 -0.2416 0.7247
vn 0.6465 -0.2388 0.7246
vn -0.6620 -0.2370 0.7111
vn -0.6632 -0.2392 0.7092
vn -0.0036 0.9485 0.3168
vn -0.0036 0.9485 0.3167
vn -0.0037 0.7067 -0.7075
vn 0.0037 -0.7071 0.7071
vn 0.0030 -0.7067 0.7075
vn 1.0000 -0.0011 -0.0011
vn 0.0007 0.7213 0.6926
vn -1.0000 0.0011 0.0011
vn -0.0042 -0.0010 -1.0000
vn 0.0042 -0.0000 1.0000
vn -0.0001 0.9998 -0.0198
vn 0.0037 0.7067 -0.7075
vn -0.0030 -0.7067 0.7075
vn -0.0037 -0.7071 0.7071
vn -1.0000 -0.0011 -0.0011
vn -1.0000 0.0001 -0.0012
vn -0.0007 0.7213 0.6926
vn 1.0000 0.0011 0.0011
vn 0.0042 -0.0008 -1.0000
vn -0.0042 -0.0000 1.0000
vn 0.0001 0.9998 -0.0198
vn -0.3165 -0.8286 0.4617
vn -0.3172 -0.8284 0.4617
vn -0.7074 0.6175 -0.3440
vn -0.7077 0.6171 -0.3439
vn 0.9485 0.2766 -0.1541
vn 0.9487 0.2762 -0.1539
vn 0.3165 -0.8286 0.4618
vn 0.3172 -0.8284 0.4616
vn -0.9490 0.2753 -0.1534
vn -0.9492 0.2750 -0.1532
vn 0.7065 0.6182 -0.3445
vn 0.7068 0.6179 -0.3443
vn -0.0000 -0.3153 0.9490
vn -0.0000 0.9490 -0.3153
vn -0.0000 -0.7071 -0.7071
vn -0.7071 -0.0000 0.7071
vn -0.5843 0.3528 0.7308
vn -0.5844 0.3528 0.7308
vn -0.3528 0.5844 0.7308
vn -0.3528 0.5843 0.7308
vn -0.0000 0.7071 0.7071
vn -0.0000 0.7080 -0.7062
vn -0.3528 -0.5851 -0.7302
vn -0.3528 -0.5850 -0.7303
vn -0.5846 -0.3528 -0.7306
vn -0.5854 -0.3527 -0.7300
vn -0.7080 -0.0000 -0.7062
vn 0.7071 -0.0000 -0.7071
vn 0.7062 -0.0000 0.7080
vn 0.5837 0.3524 0.7315
vn 0.5848 0.3523 0.7307
vn 0.3525 0.5846 0.7307
vn 0.3525 0.5845 0.7308
vn 0.5837 -0.3524 0.7315
vn 0.5849 -0.3522 0.7307
vn 0.5845 -0.3529 -0.7306
vn 0.5857 -0.3527 -0.7298
vn 0.3527 -0.5857 -0.7298
vn 0.3529 -0.5845 -0.7306
vn -0.5851 0.3533 -0.7300
vn -0.5852 0.3533 -0.7299
vn -0.0000 -0.7062 0.7080
vn -0.3523 -0.5842 0.7311
vn -0.3523 -0.5843 0.7311
vn 0.3530 0.5854 -0.7299
vn 0.3530 0.5853 -0.7300
vn 0.3524 -0.5837 0.7315
vn 0.3522 -0.5849 0.7307
vn -0.3533 0.5851 -0.7300
vn -0.3533 0.5852 -0.7299
vn -0.5846 -0.3522 0.7309
vn -0.5838 -0.3524 0.7314
vn 0.5845 0.3529 -0.7306
vn 0.5856 0.3528 -0.7298
vn -0.5006 0.0008 0.8657
vn -0.4998 -0.0008 -0.8661
vn -0.4999 0.0013 0.8661
vn -0.4998 0.0016 0.8662
vn 0.4997 0.0016 0.8662
vn 0.4995 0.0013 0.8663
vn 0.4997 -0.0013 -0.8662
vn 0.4999 -0.0017 -0.8661
vn -0.5001 -0.0017 -0.8660
vn -0.0006 1.0000 -0.0010
vn -0.0013 1.0000 -0.0000
vn 0.0011 1.0000 -0.0000
vn 0.0006 1.0000 -0.0011
vn 0.0008 1.0000 -0.0014
vn -0.0010 1.0000 -0.0017
vn -0.4496 0.4382 0.7784
vn -0.4497 0.4379 0.7785
vn 0.4497 0.4379 0.7785
vn 0.4497 0.4371 0.7789
vn 0.9003 0.4353 -0.0007
vn 0.9001 0.4356 -0.0008
vn 0.4499 0.4351 -0.7799
vn 0.4490 0.4371 -0.7793
vn -0.8993 0.4374 -0.0008
vn -0.8991 0.4377 -0.0007
vn -0.4494 0.4362 -0.7796
vn -0.4494 0.4370 -0.7791
vn -0.0000 1.0000 -0.0013
vn -0.0000 1.0000 -0.0025
vn 0.6223 0.7828 -0.0000
vn -0.6232 0.7821 -0.0000
vn 0.9404 0.3400 -0.0073
vn 0.9364 0.3507 -0.0113
vn 0.6096 0.7926 -0.0121
vn 0.5826 0.8127 -0.0000
vn -0.5822 0.8130 -0.0000
vn -0.6092 0.7929 -0.0120
vn -0.9367 0.3498 -0.0113
vn -0.9404 0.3400 -0.0076
vn -0.8692 -0.4944 -0.0075
vn -0.8737 -0.4863 -0.0103
vn -0.4743 -0.8803 -0.0105
vn -0.5045 -0.8634 -0.0000
vn -0.4778 -0.8177 -0.3212
vn -0.4381 -0.8324 -0.3395
vn -0.8171 -0.4648 -0.3411
vn -0.8137 -0.4743 -0.3362
vn -0.8829 0.3423 -0.3214
vn -0.8848 0.3305 -0.3285
vn -0.5524 0.7757 -0.3051
vn -0.5761 0.7499 -0.3253
vn -0.0000 0.9435 -0.3313
vn 0.5764 0.7495 -0.3256
vn 0.5519 0.7763 -0.3047
vn 0.8847 0.3313 -0.3280
vn 0.8829 0.3423 -0.3214
vn 0.8130 -0.4755 -0.3360
vn 0.8169 -0.4647 -0.3416
vn 0.4777 -0.8176 -0.3215
vn 0.4380 -0.8323 -0.3397
vn 0.5045 -0.8634 -0.0000
vn 0.4748 -0.8800 -0.0103
vn 0.8737 -0.4863 -0.0100
vn 0.8692 -0.4944 -0.0073
vn -0.0938 -0.0064 -0.9956
vn -0.1104 -0.0000 -0.9939
vn 0.1106 -0.0000 -0.9939
vn 0.0938 -0.0065 -0.9956
vn -0.1824 -0.0149 -0.9831
vn 0.1821 -0.0150 -0.9832
vn 0.0010 0.0005 1.0000
vn 0.0023 -0.0000 1.0000
vn -0.0023 -0.0000 1.0000
vn -0.0010 0.0005 1.0000
vn 0.0035 0.0007 1.0000
vn -0.0035 0.0007 1.0000
vn -0.0000 -0.9435 -0.3313
vn -1.0000 -0.0006 -0.0005
vn 1.0000 0.0004 0.0018
vn 1.0000 0.0006 0.0005
vn 0.0042 -0.0010 -1.0000
vn -1.0000 -0.0000 -0.0010
vn -0.0042 -0.0011 -1.0000
vn 1.0000 -0.0000 -0.0010
vn -1.0000 -0.0000 0.0010
vn 0.3172 -0.8284 0.4617
vn 0.3165 -0.8286 0.4617
vn -0.3172 -0.8284 0.4616
vn -0.3165 -0.8286 0.4618
vn -0.7077 0.6172 -0.3438
vn -0.7074 0.6174 -0.3441
vn 0.5006 0.0008 0.8657
vn 0.4998 -0.0008 -0.8661
vn 0.4995 0.0016 0.8663
vn 0.4997 0.0013 0.8662
vn -0.4999 0.0016 0.8661
vn -0.4998 0.0013 0.8662
vn -0.4999 -0.0013 -0.8661
vn 0.0013 1.0000 -0.0000
vn 0.0006 1.0000 -0.0010
vn 0.0010 1.0000 -0.0017
vn -0.0008 1.0000 -0.0014
vn -0.0006 1.0000 -0.0011
vn -0.0011 1.0000 -0.0000
vn 0.4495 0.4379 0.7786
vn 0.4499 0.4371 0.7788
vn 0.9003 0.4352 -0.0008
vn 0.9001 0.4356 -0.0007
vn 0.4495 0.4350 -0.7802
vn 0.4494 0.4370 -0.7791
vn -0.4497 0.4382 0.7783
vn -0.8993 0.4374 -0.0007
vn -0.8991 0.4378 -0.0008
vn -0.4496 0.4362 -0.7795
vn -0.4492 0.4370 -0.7792
vn 0.6232 0.7821 -0.0000
vn -0.9367 0.3499 -0.0113
vn -0.8733 -0.4871 -0.0100
vn -0.4748 -0.8800 -0.0103
vn 0.5765 0.7496 -0.3253
vn 0.5525 0.7758 -0.3048
vn 0.4387 -0.8320 -0.3394
vn 0.9407 0.3392 -0.0073
vn 0.9364 0.3507 -0.0116
vn 0.6096 0.7926 -0.0123
vn 0.5822 0.8130 -0.0000
vn -0.6092 0.7929 -0.0121
vn -0.1106 -0.0000 -0.9939
vn -0.0940 -0.0064 -0.9956
vn -0.0000 -0.9848 -0.1735
vn -0.0000 0.9848 0.1737
vn -0.0000 -0.1730 0.9849
vn -0.0000 0.1737 -0.9848
vn -0.0000 -0.1737 0.9848
vn -0.0000 -0.9429 -0.3330
vn -0.0000 0.9430 0.3329
vn -0.0000 -0.3326 0.9431
vn -0.0000 0.3325 -0.9431
vn -0.0000 -0.3317 0.9434
vn 0.9477 -0.3190 -0.0000
vn -0.9477 0.3190 -0.0000
vn 0.2678 -0.9635 -0.0000
vn -0.2598 0.9657 -0.0000
vn -0.9477 -0.3190 -0.0000
vn 0.9479 0.3186 -0.0000
vn -0.2678 -0.9635 -0.0000
vn 0.2598 0.9657 -0.0000
vn 0.0059 -1.0000 -0.0000
vn -0.8354 -0.0000 -0.5497
vn 0.8353 -0.0000 0.5499
vn 0.5510 -0.0000 -0.8345
vn 0.8246 -0.0000 0.5658
vn -0.8243 -0.0000 -0.5662
vn 0.5652 -0.0000 -0.8250
vn -0.0000 0.5002 0.8659
vn -0.0000 0.5002 -0.8659
vn -0.0000 -0.5000 -0.8660
vn -0.0000 -0.5000 0.8660
vn -0.0000 -0.9601 -0.2796
vn -0.0000 0.8867 0.4623
vn -0.0000 0.8867 -0.4623
vn -0.0862 -0.7770 0.6235
vn 0.0259 -0.7994 0.6002
vn -0.0867 -0.8365 0.5411
vn -0.0866 -0.8363 0.5414
vn -0.1769 -0.7667 0.6172
vn -0.0865 -0.7931 0.6029
vn -0.0034 -0.5728 -0.8197
vn -0.0000 -0.5738 -0.8190
vn -0.0000 0.3108 -0.9505
vn -1.0000 0.0022 0.0019
vn -1.0000 -0.0032 -0.0000
vn -1.0000 0.0013 -0.0040
vn 0.0009 0.9999 0.0101
vn -0.0000 0.9999 0.0104
vn -0.0000 1.0000 0.0099
vn -0.0006 0.9999 0.0101
vn 0.9990 0.0213 -0.0389
vn 1.0000 -0.0033 -0.0000
vn 1.0000 -0.0022 0.0067
vn -0.0028 -0.5684 -0.8228
vn -0.0000 -0.5694 -0.8221
vn -0.9997 -0.0046 0.0255
vn -1.0000 0.0094 0.0001
vn -0.9998 0.0060 -0.0182
vn 1.0000 0.0023 -0.0000
vn 0.9999 -0.0127 -0.0073
vn 0.9997 -0.0070 0.0214
vn 0.0488 0.0209 -0.9986
vn -0.0000 0.1035 -0.9946
vn -0.0000 0.6731 -0.7396
vn -0.0000 -0.4495 -0.8933
vn -0.0000 0.6336 -0.7737
vn -0.9237 0.3830 -0.0027
vn -0.9235 0.3835 -0.0024
vn -0.3830 0.9237 -0.0058
vn 0.3830 0.9237 -0.0058
vn 0.9237 0.3830 -0.0024
vn 0.9239 0.3827 -0.0022
vn 0.9237 -0.3830 0.0022
vn 0.9239 -0.3826 0.0020
vn 0.3830 -0.9237 0.0048
vn 0.3820 -0.9241 0.0060
vn -0.9240 -0.3824 0.0027
vn -0.9237 -0.3830 0.0020
vn -0.3820 -0.9241 0.0048
vn -0.3830 -0.9237 0.0060
vn -0.0000 -0.0064 -1.0000
vn -0.0000 -0.0062 -1.0000
vn -0.0000 -0.0051 -1.0000
vn -0.0000 -0.8674 -0.4976
vn -0.0000 -0.9095 0.4156
vn -0.0000 0.8961 -0.4439
vn -0.9998 -0.0000 0.0195
vn -0.9998 -0.0064 0.0172
vn -0.9995 -0.0000 0.0302
vn 0.9998 0.0064 -0.0172
vn 0.9998 -0.0000 -0.0195
vn 0.9995 -0.0000 -0.0302
vn 0.9240 0.3788 -0.0515
vn 0.9238 0.3793 -0.0516
vn -0.3833 0.9152 -0.1246
vn -0.3822 0.9157 -0.1245
vn -0.9238 -0.3793 0.0516
vn -0.9240 -0.3788 0.0516
vn 0.3822 -0.9157 0.1246
vn 0.3833 -0.9152 0.1244
vn 0.9241 0.3786 -0.0524
vn 0.3821 0.9154 -0.1266
vn 0.3829 0.9151 -0.1265
vn -0.3821 0.9154 -0.1265
vn -0.3829 0.9151 -0.1266
vn -0.9237 0.3794 -0.0525
vn -0.9237 -0.3794 0.0525
vn -0.9236 -0.3797 0.0525
vn -0.3829 -0.9151 0.1265
vn 0.9240 -0.3789 0.0524
vn 0.9241 -0.3786 0.0523
vn 0.3829 -0.9151 0.1265
vn -0.0000 -0.1377 -0.9905
vn -0.0000 -0.1365 -0.9906
vn -0.0000 -0.1372 -0.9905
vn -0.0000 0.1365 0.9906
vn -0.0000 0.1372 0.9905
vn -0.0000 0.1376 0.9905
vn 0.6686 0.3531 0.6545
vn 0.6880 0.3494 0.6361
vn -1.0000 0.0037 -0.0062
vn -1.0000 0.0085 -0.0015
vn 0.6234 -0.3734 -0.6870
vn 0.7113 -0.3542 -0.6072
vn 0.4952 0.7509 0.4369
vn 0.4950 0.7498 0.4390
vn -0.0000 0.9356 0.3530
vn -0.4936 0.7504 0.4397
vn -0.4954 0.7500 0.4384
vn -0.7067 -0.6413 0.2989
vn -0.7084 -0.6386 0.3005
vn -0.0000 -0.9064 0.4224
vn 0.7084 -0.6397 0.2982
vn 0.7067 -0.6402 0.3013
vn 0.4920 0.1432 -0.8587
vn 0.4959 0.1449 -0.8562
vn -0.0000 0.3308 -0.9437
vn -0.4934 0.1453 -0.8576
vn -0.4929 0.1405 -0.8587
vn -0.6884 0.3442 0.6384
vn -0.6685 0.3578 0.6520
vn 1.0000 0.0063 -0.0015
vn 1.0000 0.0050 -0.0068
vn -0.7066 -0.3378 -0.6217
vn -0.6291 -0.3904 -0.6722
vn -0.0000 0.7059 -0.7083
vn -0.3691 0.4149 -0.8316
vn -0.3693 0.4157 -0.8312
vn 0.3693 -0.4157 -0.8312
vn 0.3691 0.4150 -0.8316
vn 0.3698 0.4152 -0.8312
vn -0.3695 -0.4155 -0.8312
vn -0.0000 0.7059 0.7083
vn -0.0000 -0.7071 0.7071
vn 0.3693 -0.4157 0.8311
vn 0.3693 -0.4157 0.8312
vn -0.3688 0.4152 0.8316
vn -0.3696 0.4154 0.8312
vn -0.3695 -0.4155 0.8312
vn 0.3695 0.4155 0.8312
vn 0.3694 0.4147 0.8316
vn 0.6644 -0.0000 -0.7474
vn -0.6644 -0.0000 -0.7474
vn -0.6644 -0.0000 0.7474
vn 0.6644 -0.0000 0.7474
vn -0.0000 0.7071 -0.7071
vn -1.0000 -0.0001 0.0010
vn -1.0000 0.0004 0.0029
vn -0.7062 0.7078 -0.0158
vn -0.6659 0.7461 0.0006
vn 0.7071 0.7071 -0.0006
vn 0.6610 0.7502 -0.0185
vn 1.0000 -0.0004 -0.0015
vn 1.0000 0.0018 -0.0043
vn 1.0000 0.0001 -0.0010
vn 1.0000 -0.0004 -0.0029
vn 0.6548 -0.7556 0.0193
vn 0.7063 -0.7079 -0.0006
vn -0.6599 -0.7514 0.0006
vn -0.7070 -0.7070 0.0198
vn -1.0000 0.0004 0.0015
vn -1.0000 -0.0019 0.0043
vn 0.0003 0.0004 -1.0000
vn -0.0052 0.0008 -1.0000
vn -0.0009 -0.0009 -1.0000
vn -0.0008 0.0008 -1.0000
vn -0.0037 -0.0015 -1.0000
vn -0.0056 0.0004 -1.0000
vn -0.0052 0.0004 -1.0000
vn -0.0009 0.4492 -0.8935
vn -0.0005 -0.9006 -0.4347
vn -0.0000 -0.9008 -0.4343
vn -1.0000 -0.0002 0.0011
vn -1.0000 0.0004 -0.0001
vn -1.0000 0.0002 0.0005
vn -0.0000 0.9006 0.4347
vn 0.0005 0.9008 0.4343
vn 1.0000 0.0002 -0.0011
vn 1.0000 -0.0001 -0.0003
vn 1.0000 -0.0005 0.0002
vn -0.0010 -0.3233 -0.9463
vn -0.0000 -0.3242 -0.9460
vn -0.0003 0.9473 -0.3203
vn -0.7072 0.7069 0.0128
vn 0.9486 0.3165 0.0057
vn -0.3166 -0.9484 -0.0171
vn -0.7018 0.6644 -0.2570
vn 0.9471 0.2995 -0.1158
vn 0.9472 0.2992 -0.1157
vn -0.3116 -0.8862 0.3428
vn -0.3125 -0.8859 0.3427
vn -0.0000 -0.9941 -0.1085
vn -0.6551 0.7553 0.0198
vn -0.6568 0.7539 0.0166
vn 0.6547 0.7557 0.0167
vn 0.6569 0.7538 0.0198
vn 0.6548 -0.7556 -0.0198
vn 0.6194 -0.7841 0.0390
vn -0.6530 -0.7565 0.0376
vn -0.5990 -0.8005 -0.0210
vn -0.0000 0.0638 -0.9980
vn -0.0000 0.0648 -0.9979
vn -0.0000 0.7074 0.7068
vn -0.0000 -0.7606 0.6492
vn -0.0000 -0.7604 -0.6495
vn -0.7072 0.7004 -0.0967
vn -0.7078 0.6997 -0.0974
vn 0.7065 0.7009 -0.0976
vn 0.7072 0.7004 -0.0967
vn 0.7065 -0.7011 0.0968
vn -0.7072 -0.7004 0.0967
vn -0.7704 -0.0000 -0.6375
vn -0.7410 -0.0000 0.6715
vn 0.7413 -0.0000 -0.6712
vn 0.7707 -0.0000 0.6372
vn -0.4462 0.7171 -0.5354
vn -0.4635 0.6857 -0.5612
vn 0.5940 0.2981 0.7472
vn 0.5902 0.3211 0.7407
vn -0.1901 -0.9471 -0.2587
vn -0.1946 -0.9448 -0.2635
vn -0.0000 -0.4680 0.8837
vn -0.0000 0.0043 1.0000
vn -0.0000 0.3458 -0.9383
vn -0.0000 -0.0043 -1.0000
vn -0.0016 0.4496 -0.8932
vn -0.0000 0.4498 -0.8931
vn 0.9972 -0.0446 0.0606
vn 1.0000 -0.0056 -0.0000
vn -0.0000 -0.4675 0.8840
vn -0.0090 -0.4577 0.8891
vn -0.0000 -0.4972 0.8676
vn -0.0014 0.4481 -0.8940
vn -0.0000 0.4496 -0.8932
vn -0.0000 -0.8928 -0.4504
vn -0.0259 -0.7994 0.6002
vn 0.0862 -0.7771 0.6235
vn 0.0867 -0.8364 0.5411
vn 0.0866 -0.8363 0.5414
vn 0.1769 -0.7667 0.6171
vn 0.0865 -0.7931 0.6029
vn 0.0034 -0.5728 -0.8197
vn 1.0000 -0.0040 -0.0000
vn 1.0000 0.0020 0.0020
vn 1.0000 0.0011 -0.0034
vn -0.0009 0.9999 0.0101
vn 0.0006 0.9999 0.0101
vn -1.0000 -0.0030 -0.0000
vn -0.9990 0.0212 -0.0383
vn -1.0000 -0.0020 0.0061
vn 0.0028 -0.5684 -0.8228
vn 1.0000 0.0094 0.0001
vn 0.9997 -0.0041 0.0247
vn 0.9998 0.0060 -0.0182
vn -0.9999 -0.0126 -0.0070
vn -1.0000 0.0017 -0.0000
vn -0.9997 -0.0070 0.0214
vn -0.0488 0.0209 -0.9986
vn 0.9235 0.3835 -0.0024
vn 0.9237 0.3830 -0.0027
vn 0.9240 -0.3824 0.0027
vn 0.9237 -0.3830 0.0020
vn 0.3820 -0.9241 0.0048
vn 0.3830 -0.9237 0.0060
vn -0.3826 0.9239 -0.0058
vn -0.9237 0.3830 -0.0024
vn -0.9239 0.3827 -0.0022
vn -0.9237 -0.3830 0.0022
vn -0.9239 -0.3827 0.0020
vn -0.3826 -0.9239 0.0048
vn -0.3816 -0.9243 0.0060
vn 0.9998 -0.0064 0.0172
vn 0.9998 -0.0000 0.0195
vn 0.9995 -0.0000 0.0302
vn -0.9998 -0.0000 -0.0191
vn -0.9998 0.0059 -0.0170
vn -0.9996 -0.0000 -0.0290
vn -0.9238 0.3793 -0.0516
vn -0.9240 0.3788 -0.0515
vn 0.3833 0.9152 -0.1246
vn 0.3822 0.9157 -0.1245
vn 0.9240 -0.3788 0.0516
vn 0.9238 -0.3793 0.0516
vn -0.3833 -0.9152 0.1244
vn -0.3822 -0.9157 0.1246
vn -0.3821 0.9154 -0.1266
vn -0.3829 0.9151 -0.1265
vn 0.3821 0.9154 -0.1265
vn 0.3829 0.9151 -0.1266
vn 0.9237 0.3794 -0.0525
vn 0.9237 -0.3794 0.0525
vn 0.9236 -0.3797 0.0525
vn -0.6871 0.3496 0.6369
vn -0.6686 0.3531 0.6545
vn 1.0000 0.0075 -0.0025
vn 1.0000 0.0037 -0.0062
vn -0.7103 -0.3544 -0.6082
vn -0.6244 -0.3732 -0.6862
vn -0.4945 0.7497 0.4398
vn -0.4948 0.7507 0.4377
vn 0.4940 0.7505 0.4389
vn 0.4959 0.7501 0.4376
vn 0.7084 -0.6386 0.3005
vn 0.7067 -0.6413 0.2989
vn -0.7084 -0.6397 0.2982
vn -0.7067 -0.6402 0.3013
vn -0.4954 0.1442 -0.8566
vn -0.4915 0.1425 -0.8591
vn 0.4938 0.1460 -0.8572
vn 0.4934 0.1412 -0.8583
vn 0.6684 0.3580 0.6519
vn 0.6894 0.3438 0.6376
vn -1.0000 0.0053 -0.0070
vn -1.0000 0.0070 -0.0003
vn 0.6283 -0.3909 -0.6727
vn 0.7075 -0.3371 -0.6211
vn -0.3688 0.4152 -0.8316
vn -0.3696 0.4154 -0.8312
vn 0.3691 0.4149 -0.8316
vn 0.3693 0.4157 -0.8312
vn -0.3693 -0.4157 -0.8312
vn -0.3693 0.4157 0.8312
vn -0.3691 0.4149 0.8316
vn -0.3693 -0.4157 0.8311
vn -0.3693 -0.4157 0.8312
vn 0.3688 0.4152 0.8316
vn 0.3696 0.4154 0.8312
vn 1.0000 0.0004 0.0043
vn 1.0000 -0.0004 0.0015
vn 0.7062 0.7078 -0.0155
vn 0.6659 0.7460 0.0009
vn -0.7063 0.7079 -0.0006
vn -0.6610 0.7501 -0.0182
vn -1.0000 -0.0004 -0.0010
vn -1.0000 0.0011 -0.0029
vn -1.0000 -0.0004 -0.0043
vn -1.0000 0.0004 -0.0015
vn -0.6549 -0.7555 0.0190
vn -0.7063 -0.7079 -0.0010
vn 0.6607 -0.7507 0.0009
vn 0.7062 -0.7078 0.0194
vn 1.0000 0.0004 0.0010
vn 1.0000 -0.0011 0.0029
vn 0.0052 0.0008 -1.0000
vn -0.0003 0.0004 -1.0000
vn 0.0009 -0.0009 -1.0000
vn 0.0008 0.0008 -1.0000
vn 0.0037 -0.0015 -1.0000
vn 0.0056 0.0004 -1.0000
vn 0.0052 0.0004 -1.0000
vn 0.0009 0.4492 -0.8935
vn 0.0005 -0.9006 -0.4347
vn 1.0000 0.0002 0.0001
vn 1.0000 -0.0000 0.0012
vn 1.0000 -0.0000 0.0011
vn 1.0000 0.0002 0.0005
vn -0.0005 0.9008 0.4343
vn -0.0000 0.9006 0.4348
vn -1.0000 -0.0000 -0.0012
vn -1.0000 -0.0002 -0.0001
vn -1.0000 -0.0002 -0.0007
vn 0.0010 -0.3233 -0.9463
vn 0.0003 0.9473 -0.3203
vn 0.7072 0.7069 0.0128
vn -0.9486 0.3165 0.0057
vn 0.3166 -0.9484 -0.0171
vn 0.7018 0.6644 -0.2570
vn -0.9472 0.2992 -0.1157
vn -0.9471 0.2995 -0.1158
vn 0.3125 -0.8859 0.3427
vn 0.3116 -0.8862 0.3428
vn 0.6565 0.7542 0.0166
vn 0.6548 0.7555 0.0198
vn -0.6547 0.7557 0.0167
vn -0.6569 0.7538 0.0198
vn -0.6194 -0.7841 0.0390
vn -0.6548 -0.7556 -0.0198
vn 0.5987 -0.8007 -0.0210
vn 0.6526 -0.7567 0.0376
vn 0.7072 0.7003 -0.0975
vn 0.7065 0.7011 -0.0968
vn -0.7072 0.7003 -0.0975
vn -0.7078 0.6998 -0.0966
vn 0.7704 -0.0000 -0.6375
vn 0.7410 -0.0000 0.6715
vn -0.7410 -0.0000 -0.6715
vn -0.7705 -0.0000 0.6375
vn -0.7704 -0.0000 0.6375
vn 0.4635 0.6857 -0.5612
vn 0.4464 0.7168 -0.5356
vn -0.5902 0.3211 0.7407
vn -0.5940 0.2981 0.7472
vn 0.1946 -0.9448 -0.2636
vn 0.1902 -0.9470 -0.2588
vn 0.0016 0.4496 -0.8932
vn -1.0000 -0.0054 -0.0000
vn -0.9972 -0.0444 0.0606
vn 0.0090 -0.4577 0.8891
vn 0.0014 0.4481 -0.8940
vn -0.0000 0.5735 0.8192
vn -0.0001 0.5735 0.8192
vn 0.0030 0.5739 0.8189
vn -0.0006 0.5735 0.8192
vn 0.0002 0.5734 0.8193
vn -0.0000 0.5734 0.8193
vn -0.0002 0.5734 0.8193
vn 0.0006 0.5735 0.8192
vn -0.0034 0.5739 0.8189
vn 0.0001 0.5735 0.8192
vn -0.0000 -0.8196 0.5730
vn -0.0000 0.8188 -0.5740
vn -0.0000 -0.8193 0.5734
vn -0.9958 -0.0752 0.0526
vn -0.9958 -0.0751 0.0525
vn 0.9959 -0.0744 0.0521
vn 0.9959 -0.0745 0.0521
vn -0.0000 0.8196 -0.5730
vn 0.9961 0.0721 -0.0504
vn -0.9960 0.0728 -0.0509
vn -0.0000 0.6015 0.7989
vn -0.0000 0.2686 0.9633
vn -0.0000 1.0000 0.0051
vn -0.0000 -1.0000 -0.0051
vn -0.0000 0.4291 0.9033
vn -0.0000 -0.9031 0.4295
vn -0.0000 0.9031 -0.4295
vn 0.0034 0.5739 0.8189
vn -0.0030 0.5739 0.8189
vn 0.9959 -0.0744 0.0520
vn -0.9958 -0.0751 0.0526
vn -0.0000 0.8196 -0.5729
vn 0.9958 -0.0751 0.0525
vn 0.9958 -0.0752 0.0526
vn 0.9960 0.0728 -0.0509
vn 0.9958 -0.0751 0.0526
vn -0.0000 0.0292 -0.9996
vn -0.0000 -0.4574 0.8893
vn -0.9959 -0.0578 0.0695
vn -0.0000 0.4140 -0.9103
vn 0.9982 -0.0018 0.0601
vn 0.9961 0.0403 -0.0783
vn 0.9961 -0.0563 0.0678
vn -0.9961 0.0403 -0.0784
vn -0.9982 -0.0018 0.0601
vn 0.9959 -0.0578 0.0695
vn -0.9961 0.0403 -0.0783
vn 0.9961 -0.0564 0.0678
vn -0.0000 0.1701 -0.9854
vn -0.0000 0.1376 -0.9905
vn -0.0000 -0.5169 -0.8560
vn -0.0000 -0.3270 -0.9450
vn -0.9989 0.0081 -0.0468
vn -0.9977 0.0355 -0.0586
vn -0.9922 0.0171 -0.1232
vn -0.9974 -0.0237 -0.0686
vn -0.9854 -0.0908 -0.1437
vn -0.0000 0.7959 -0.6055
vn 0.9905 -0.0836 -0.1093
vn 0.9840 -0.0582 -0.1682
vn 0.9989 0.0081 -0.0468
vn 0.9989 0.0064 -0.0461
vn 0.9961 0.0460 -0.0759
vn 0.9974 -0.0237 -0.0686
vn 0.9854 -0.0908 -0.1437
vn 0.9977 0.0355 -0.0586
vn 0.9922 0.0171 -0.1232
vn -0.9840 -0.0583 -0.1684
vn -0.9905 -0.0836 -0.1096
vn -0.9989 0.0081 -0.0470
vn -0.9989 0.0064 -0.0463
vn -0.9960 0.0462 -0.0762
vn -0.9976 0.0357 -0.0588
vn -0.9922 0.0172 -0.1238
vn -0.9973 -0.0238 -0.0689
vn -0.9854 -0.0908 -0.1439
vn -0.0000 0.5079 0.8614
vn -0.0000 0.9999 0.0156
vn -0.0000 0.3198 -0.9475
vn -0.0000 -0.6094 -0.7929
vn -0.0000 -0.3778 -0.9259
vn -0.0000 -0.9261 0.3774
vn -0.0000 0.9259 -0.3778
vn -0.0000 -0.3774 -0.9261
vn -0.0000 -0.9258 0.3781
vn -0.0000 0.9261 -0.3774
vn -0.0000 0.9260 -0.3774
vn -0.0000 -0.9262 0.3771
vn -0.0000 0.9262 -0.3771
vn -0.7071 -0.0000 -0.7071
vn -0.7078 -0.0000 0.7064
vn -0.0000 0.9366 0.3504
vn -0.0000 0.8497 0.5272
vn -0.0000 0.6701 0.7422
vn 0.0008 0.9752 0.2214
vn 0.0009 0.9752 0.2215
vn 0.0038 -0.2573 0.9663
vn 0.0034 -0.2536 0.9673
vn 1.0000 0.0007 -0.0025
vn -0.0035 0.2536 -0.9673
vn -0.0034 0.2543 -0.9671
vn -1.0000 -0.0006 0.0022
vn -0.0017 0.9706 0.2408
vn 0.0020 0.9707 0.2402
vn 0.0014 0.9712 0.2383
vn -0.0000 0.9724 0.2335
vn 0.0090 0.9725 0.2326
vn -0.0000 0.9719 0.2354
vn -0.0000 0.2645 -0.9644
vn -0.9997 -0.0066 0.0243
vn -0.9997 -0.0067 0.0243
vn 0.7070 0.1873 -0.6820
vn 0.7068 0.1871 -0.6822
vn 0.9993 0.0099 -0.0362
vn 0.9993 0.0098 -0.0363
vn -0.0000 0.2627 -0.9649
vn 0.7068 0.1859 -0.6826
vn 0.7072 0.1863 -0.6820
vn 0.7070 0.1858 -0.6823
vn 0.7074 0.1861 -0.6818
vn -0.0000 -0.2611 0.9653
vn -0.0000 -0.0077 1.0000
vn -0.0000 -0.5202 0.8541
vn -0.0000 0.9015 0.4329
vn 0.7884 -0.0047 0.6152
vn 0.7902 -0.0029 0.6128
vn -0.7907 -0.0047 0.6122
vn -0.7899 -0.0029 0.6132
vn -0.7879 -0.6158 -0.0000
vn -0.3046 -0.9525 -0.0000
vn 0.3051 -0.9523 -0.0000
vn 0.3050 -0.9523 -0.0000
vn 0.7879 -0.6158 -0.0000
vn 0.7894 0.6138 -0.0000
vn 0.3042 0.9526 -0.0000
vn -0.3045 0.9525 -0.0000
vn -0.7886 0.6148 -0.0000
vn -0.0000 0.9289 0.3703
vn -0.0000 0.5286 0.8488
vn -0.9999 0.0142 0.0014
vn -0.0000 -0.9007 -0.4344
vn -0.0000 -0.5422 -0.8402
vn -0.9616 0.2660 0.0672
vn -1.0000 0.0019 0.0035
vn -0.9998 0.0188 0.0043
vn -0.9998 0.0122 0.0144
vn 0.9998 0.0177 0.0059
vn 0.9873 0.1563 0.0289
vn 0.9998 0.0122 0.0144
vn -0.0000 -0.8933 0.4495
vn 0.3382 -0.9400 0.0442
vn -0.0000 -0.9992 -0.0398
vn -0.4016 -0.9148 0.0431
vn -0.0000 -0.9747 -0.2235
vn -0.0000 -0.4729 -0.8811
vn -0.0000 -0.4836 -0.8753
vn -0.0000 -0.9483 -0.3175
vn 0.9999 0.0142 0.0014
vn 0.9616 0.2660 0.0672
vn 1.0000 0.0019 0.0035
vn 0.9998 0.0188 0.0043
vn -0.9873 0.1563 0.0289
vn -0.9998 0.0177 0.0059
vn 0.4016 -0.9148 0.0431
vn -0.3382 -0.9400 0.0442
vn -0.0000 -0.9747 -0.2236
vn -0.0000 -0.4728 -0.8811
vn -0.0000 0.1067 -0.9943
vn -0.0000 0.9602 0.2793
vn -0.0000 -0.0515 0.9987
vn -0.0000 0.1905 -0.9817
vn 0.0013 1.0000 -0.0015
vn -0.7663 -0.0002 -0.6425
vn -0.7661 0.0001 -0.6427
vn -0.6429 0.0015 0.7660
vn 0.7663 -0.0001 0.6425
vn 0.7658 0.0007 0.6431
vn 0.5824 0.4235 -0.6939
vn 0.5824 0.4230 -0.6942
vn -0.0000 0.2512 -0.9679
vn -0.0000 -0.2512 0.9679
vn -0.0000 0.9674 0.2532
vn 0.9962 0.0008 0.0872
vn -0.4959 -0.0017 -0.8684
vn -0.4969 -0.0018 -0.8678
vn -0.5624 0.0008 0.8269
vn -0.5635 0.0009 0.8261
vn -0.8853 0.0008 -0.4650
vn -0.8853 0.0001 -0.4650
vn -0.8853 -0.0000 -0.4650
vn -0.8853 -0.0007 -0.4650
vn 0.8853 -0.0000 0.4650
vn 0.8853 0.0001 0.4650
vn 0.8853 -0.0001 0.4649
vn 0.6686 -0.0000 -0.7436
vn 0.5101 0.6464 -0.5674
vn 0.5101 -0.6464 -0.5674
vn -0.6686 -0.0000 0.7436
vn -0.6686 -0.0000 0.7437
vn -0.5101 -0.6464 0.5674
vn -0.5114 -0.6467 0.5659
vn -0.5098 0.6470 0.5670
vn -0.5118 0.6462 0.5662
vn 0.8911 -0.0000 0.4539
vn 0.4534 -0.0000 -0.8913
vn -0.4550 -0.0000 0.8905
vn -0.4549 -0.0000 0.8905
vn 0.8660 -0.0000 0.5000
vn -0.8660 -0.0000 0.5000
vn 0.8660 -0.0000 -0.5001
vn -0.8660 -0.0000 -0.5001
vn -0.4999 -0.0000 0.8661
vn 0.8768 -0.0000 0.4808
vn -0.8559 -0.0000 -0.5172
vn 0.4999 -0.0000 0.8661
vn 0.8052 -0.0000 -0.5930
vn -0.8274 -0.0000 0.5616
vn 0.8661 -0.0000 0.4999
vn 0.8661 -0.0000 -0.4999
vn 0.4999 -0.0000 -0.8661
vn -0.4999 -0.0000 -0.8661
vn -0.8661 -0.0000 -0.4998
vn -0.8661 -0.0000 -0.4999
vn -0.8661 -0.0000 0.4999
vn 0.3828 0.0007 0.9238
vn 0.3823 0.0014 0.9241
vn 0.9240 0.0006 0.3825
vn 0.9240 -0.0006 -0.3825
vn 0.3823 -0.0014 -0.9241
vn 0.3828 -0.0007 -0.9238
vn -0.3825 -0.0007 -0.9240
vn -0.3831 -0.0014 -0.9237
vn -0.9240 -0.0006 -0.3825
vn -0.3825 0.0007 0.9240
vn -0.3831 0.0014 0.9237
vn -0.9240 0.0006 0.3825
vn -0.0004 1.0000 -0.0026
vn -0.0003 1.0000 -0.0026
vn 0.0009 1.0000 -0.0026
vn 0.0004 1.0000 -0.0026
vn 0.0003 1.0000 -0.0026
vn -0.0009 1.0000 -0.0026
vn 0.0584 0.9742 0.2178
vn -0.0584 0.9742 0.2178
vn -0.1595 0.9742 0.1595
vn -0.2179 0.9742 0.0584
vn -0.2179 0.9742 -0.0584
vn -0.1595 0.9742 -0.1595
vn -0.0584 0.9742 -0.2179
vn 0.0584 0.9742 -0.2179
vn 0.1595 0.9742 -0.1595
vn 0.2178 0.9742 -0.0584
vn 0.2178 0.9742 0.0584
vn 0.1595 0.9742 0.1595
vn 0.2588 -0.0000 0.9659
vn -0.2588 -0.0000 0.9659
vn -0.9659 -0.0000 0.2588
vn 0.7071 -0.0000 0.7071
vn 0.9659 -0.0000 0.2588
vn 0.9659 -0.0000 -0.2588
vn 0.2588 -0.0000 -0.9659
vn -0.2588 -0.0000 -0.9659
vn -0.9659 -0.0000 -0.2588
vn -0.0003 1.0000 -0.0012
vn 0.0003 1.0000 -0.0012
vn 0.0009 1.0000 -0.0009
vn 0.0012 1.0000 -0.0003
vn 0.0012 1.0000 0.0003
vn 0.0009 1.0000 0.0009
vn 0.0003 1.0000 0.0012
vn -0.0003 1.0000 0.0012
vn -0.0009 1.0000 0.0009
vn -0.0012 1.0000 0.0003
vn -0.0012 1.0000 -0.0003
vn -0.0009 1.0000 -0.0009
vn 0.7768 0.6298 -0.0000
vn -0.7926 0.6097 -0.0000
vn 0.7926 0.6097 -0.0000
vn -0.7768 0.6298 -0.0000
vn 0.0013 -0.0000 -1.0000
vn 0.0006 -0.0001 -1.0000
vn -0.9984 0.0557 -0.0005
vn -0.9984 0.0560 -0.0011
vn -0.0013 0.0001 1.0000
vn -0.0006 -0.0000 1.0000
vn 0.9985 0.0555 0.0005
vn 0.9984 0.0559 0.0011
vn -0.8713 0.2751 -0.4064
vn -0.8713 0.2750 -0.4064
vn -0.4137 0.2167 0.8842
vn -0.4133 0.2160 0.8846
vn 0.8683 0.2869 0.4045
vn 0.8683 0.2870 0.4046
vn 0.4127 0.2160 -0.8849
vn 0.4126 0.2159 -0.8850
vn -0.9063 -0.0000 -0.4226
vn -0.4226 -0.0000 0.9063
vn 0.9063 -0.0000 0.4226
vn 0.4226 -0.0000 -0.9063
vn -0.0000 0.3164 0.9486
vn -0.0000 0.9486 0.3164
vn -0.0000 -0.3164 0.9486
vn -0.0000 -0.9486 0.3164
vn -0.0000 -0.3164 -0.9486
vn -0.0000 -0.9486 -0.3164
vn -0.0000 0.3164 -0.9486
vn -0.0000 0.9486 -0.3164
vn -0.7114 -0.0000 -0.7028
vn 0.8162 -0.0000 -0.5778
vn -0.0000 -0.3776 -0.9260
vn -0.0000 0.9116 -0.4111
vn -0.0000 -0.3777 -0.9259
vn -0.0003 -0.3774 -0.9260
vn 0.0003 -0.3775 -0.9260
vn -0.0000 0.9261 -0.3772
vn -0.0000 0.4500 0.8930
vn -0.0000 -0.9710 0.2391
vn -0.0000 0.9470 -0.3214
vn -0.0000 0.2799 0.9600
vn -0.0000 -0.9361 0.3517
vn -0.0000 0.9992 0.0403
vn -0.0000 0.1116 -0.9938
vn -0.0000 0.2839 -0.9588
vn -0.0000 0.4915 -0.8709
vn -0.0000 -0.0931 -0.9957
vn -0.0000 -0.3050 -0.9523
vn -0.0000 -0.6013 -0.7990
vn -0.0000 -0.1059 0.9944
vn -0.0000 -0.3049 0.9524
vn -0.0000 -0.6016 0.7988
vn -0.0000 0.1062 0.9943
vn -0.0000 0.3051 0.9523
vn -0.0000 0.6014 0.7990
vn -0.0000 -0.8705 -0.4921
vn -0.0001 -0.8706 -0.4920
vn -0.0000 -0.8707 -0.4918
vn 0.0001 -0.8706 -0.4920
vn -0.0000 -0.1588 0.9873
vn -0.0000 -0.3783 0.9257
vn -0.0000 -0.7315 0.6819
vn -0.0000 0.0679 0.9977
vn -0.0000 0.2719 0.9623
vn -0.0000 0.9152 0.4030
vn -0.2868 0.9202 0.2663
vn -0.0000 -0.3412 0.9400
vn -0.0000 -0.0980 0.9952
vn -0.0000 0.1263 0.9920
vn -0.0000 0.3050 0.9524
vn 0.2868 0.9202 0.2663
vn -0.0000 -0.7751 0.6319
vn -0.0000 0.3535 0.9355
vn -0.0000 -0.9354 0.3536
vn -0.0000 0.9354 -0.3536
vn -0.0284 0.5866 -0.8094
vn -0.0283 0.5857 -0.8100
vn 0.0098 0.5859 -0.8103
vn 0.0097 0.5868 -0.8097
vn -0.0129 -0.7695 -0.6385
vn 0.0372 -0.7690 -0.6381
vn -0.0366 -0.7691 -0.6381
vn -0.0366 -0.7690 -0.6381
vn 0.0279 0.5866 -0.8094
vn -0.0000 -0.4380 -0.8990
vn -0.0000 -0.9463 0.3233
vn -0.0000 0.9464 -0.3229
vn 0.1794 -0.3714 -0.9110
vn -0.1793 -0.3714 -0.9110
vn 0.0257 -0.9780 0.2072
vn 0.0269 -0.9915 0.1273
vn -0.0320 -0.9913 0.1273
vn -0.0121 -0.9782 0.2072
vn 0.0256 0.9770 -0.2118
vn 0.0269 0.9915 -0.1273
vn -0.0323 0.9913 -0.1273
vn -0.0113 0.9772 -0.2118
vn -0.0000 0.9258 -0.3781
vn -0.0000 0.8797 -0.4754
vn -0.0925 0.8828 -0.4606
vn -0.0000 0.8522 -0.5232
vn 0.0730 0.8774 -0.4742
vn -0.0000 0.8866 -0.4626
vn -0.0000 -0.8870 0.4618
vn 0.0754 -0.8772 0.4742
vn -0.0000 -0.8513 0.5247
vn -0.0957 -0.8829 0.4597
vn -0.0000 -0.8797 0.4756
vn 0.9987 -0.0452 0.0244
vn -0.9987 -0.0452 0.0244
vn -0.0000 -0.4328 -0.9015
vn -0.0000 0.4331 0.9014
vn -0.0000 -0.4757 -0.8796
vn -0.0000 -0.8663 0.4995
vn -0.0000 0.8659 0.5003
vn -0.0000 0.7698 -0.6383
vn -0.0000 -0.7698 -0.6383
vn -0.0000 0.1057 -0.9944
vn -0.0000 0.8427 -0.5383
vn -0.0000 0.9626 0.2711
vn -0.0000 -0.7068 -0.7074
vn -0.0000 -0.9960 0.0892
vn -0.0000 -0.0836 0.9965
vn -0.0000 -0.1119 0.9937
vn -0.0000 0.9961 -0.0886
vn -0.0000 -0.8513 0.5246
vn -0.0000 -0.9246 -0.3809
vn 0.0001 -0.3420 -0.9397
vn 0.0002 -0.3419 -0.9398
vn 0.0105 -0.8721 0.4892
vn -0.0133 -0.9395 0.3424
vn -0.0473 0.9385 -0.3420
vn -0.0431 0.9478 -0.3158
vn -0.9992 -0.0009 -0.0405
vn -0.9989 -0.0039 -0.0459
vn 1.0000 -0.0012 0.0005
vn -0.7796 0.2664 0.5668
vn -0.7683 0.2696 0.5806
vn -0.7815 -0.2584 -0.5679
vn -0.7936 -0.2543 -0.5528
vn 0.6255 -0.3328 -0.7057
vn 0.6955 -0.3234 -0.6416
vn -0.0054 -0.8962 -0.4437
vn 0.0011 -0.9579 -0.2870
vn 0.3970 -0.8948 -0.2042
vn 0.3878 -0.8184 -0.4241
vn 0.1152 -0.9080 -0.4029
vn 0.1588 -0.9319 -0.3260
vn 0.6627 -0.7271 -0.1791
vn -0.7238 0.5551 0.4098
vn -0.7709 0.4403 0.4603
vn -0.7851 -0.0668 -0.6158
vn -0.7360 0.0508 -0.6751
vn -0.4522 0.1789 -0.8738
vn -0.5470 0.7298 -0.4101
vn -0.2262 0.8542 -0.4682
vn -0.2086 0.8869 -0.4123
vn -0.5342 0.7688 -0.3517
vn -0.5331 0.7683 -0.3543
vn -0.2246 0.9092 -0.3507
vn 0.0163 0.3300 -0.9438
vn 0.0207 0.4011 -0.9158
vn 0.5123 0.4078 -0.7558
vn 0.2892 0.1989 -0.9364
vn 0.1519 0.2354 -0.9600
vn 0.1265 0.3489 -0.9286
vn 0.5338 0.3428 -0.7730
vn -0.6501 -0.6559 0.3837
vn -0.2455 -0.8491 0.4676
vn -0.2305 -0.8807 0.4139
vn -0.2477 -0.9018 0.3541
vn -0.6504 -0.7111 0.2669
vn -0.5451 -0.7566 0.3611
vn -0.5462 -0.7570 0.3586
vn -0.0876 0.9328 -0.3497
vn -0.0895 0.8668 -0.4906
vn -0.0106 -0.9060 0.4232
vn -0.0078 -0.9060 0.4232
vt 0.573600 -0.486800
vt 0.616500 -0.490700
vt 0.573600 -0.395000
vt 0.616500 -0.399500
vt 0.573600 -0.304100
vt 0.616500 -0.307900
vt 0.573600 -0.212800
vt 0.616500 -0.217200
vt 0.573600 -0.122900
vt 0.616500 -0.122900
vt 0.999900 -0.391800
vt 0.622900 -0.391800
vt 0.999900 -0.481400
vt 0.565400 -0.405200
vt 0.188500 -0.405200
vt 0.565400 -0.497100
vt 0.188500 -0.497100
vt 0.622900 -0.302200
vt 0.999900 -0.302200
vt 0.565400 -0.312000
vt 0.188500 -0.312000
vt 0.565400 -0.219600
vt 0.188500 -0.219600
vt 0.188500 -0.122900
vt 0.667800 -0.376200
vt 0.621800 -0.376100
vt 0.661400 -0.391800
vt 0.621800 -0.391800
vt 0.661400 -0.402600
vt 0.667800 -0.402600
vt 0.680800 -0.376200
vt 0.667800 -0.527100
vt 0.680800 -0.553300
vt 0.690200 -0.553300
vt 0.690200 -0.376200
vt 0.667800 -0.553300
vt 0.661400 -0.527100
vt 0.661400 -0.537700
vt 0.621800 -0.553600
vt 0.621800 -0.537800
vt 0.174400 -0.724600
vt 0.035200 -0.716900
vt 0.015300 -0.746000
vt 0.050500 -0.688000
vt 0.058300 -0.661900
vt 0.061000 -0.635600
vt 0.174400 -0.546800
vt 0.058300 -0.609500
vt 0.050500 -0.583400
vt 0.035200 -0.554400
vt 0.015300 -0.525400
vt 0.174400 -0.506200
vt 0.002900 -0.506300
vt 0.002900 -0.501700
vt 0.174400 -0.501700
vt 0.174400 -0.765100
vt 0.002900 -0.765000
vt 0.002900 -0.769700
vt 0.174400 -0.769700
vt 0.574000 -0.564500
vt 0.631300 -0.558200
vt 0.585400 -0.558200
vt 0.569000 -0.572400
vt 0.635400 -0.956900
vt 0.569000 -0.976700
vt 0.624000 -0.996500
vt 0.572600 -0.988900
vt 0.582500 -0.996900
vt 0.579000 -0.996300
vt 0.626100 -0.995700
vt 0.695600 -0.704700
vt 0.693100 -0.565900
vt 0.673200 -0.559400
vt 0.674600 -0.556600
vt 0.705600 -0.883800
vt 0.674300 -0.981600
vt 0.678500 -0.989100
vt 0.674800 -0.989100
vt 0.676000 -0.996900
vt 0.673100 -0.996800
vt 0.702100 -0.712300
vt 0.496100 -0.774000
vt 0.496100 -0.733500
vt 0.379000 -0.774400
vt 0.379000 -0.731800
vt 0.387300 -0.729000
vt 0.379000 -0.729000
vt 0.496100 -0.729000
vt 0.379000 -0.951500
vt 0.496100 -0.951900
vt 0.496100 -0.992400
vt 0.379000 -0.994100
vt 0.387300 -0.996900
vt 0.496100 -0.996900
vt 0.379000 -0.996900
vt 0.934800 -0.996900
vt 0.935400 -0.575000
vt 0.934000 -0.574200
vt 0.934300 -0.567300
vt 0.935500 -0.559400
vt 0.932600 -0.559700
vt 0.740100 -0.715300
vt 0.739300 -0.687300
vt 0.709500 -0.698700
vt 0.709200 -0.687700
vt 0.737900 -0.996900
vt 0.709400 -0.996700
vt 0.871500 -0.711900
vt 0.871500 -0.719700
vt 0.874300 -0.711900
vt 0.874300 -0.719700
vt 0.874400 -0.704300
vt 0.871500 -0.705000
vt 0.870800 -0.282200
vt 0.875600 -0.282200
vt 0.836100 -0.156300
vt 0.833300 -0.156300
vt 0.836100 -0.159200
vt 0.833300 -0.159200
vt 0.358300 -0.004900
vt 0.358300 -0.009600
vt 0.368300 -0.004900
vt 0.368300 -0.009600
vt 0.955100 -0.575400
vt 0.955100 -0.714100
vt 0.959800 -0.575400
vt 0.959800 -0.714100
vt 0.790300 -0.338400
vt 0.800700 -0.345000
vt 0.790300 -0.198600
vt 0.800700 -0.206300
vt 0.807000 -0.198600
vt 0.780900 -0.351800
vt 0.782200 -0.354700
vt 0.780900 -0.380500
vt 0.780900 -0.415600
vt 0.797600 -0.380500
vt 0.797600 -0.415600
vt 0.780900 -0.448500
vt 0.797600 -0.448500
vt 0.780900 -0.475800
vt 0.797600 -0.475800
vt 0.797600 -0.502100
vt 0.780900 -0.502100
vt 0.780900 -0.528300
vt 0.797600 -0.528300
vt 0.797600 -0.555700
vt 0.780900 -0.555700
vt 0.797600 -0.588500
vt 0.780900 -0.588500
vt 0.797700 -0.623700
vt 0.780900 -0.623700
vt 0.797700 -0.646400
vt 0.780900 -0.646400
vt 0.616100 -0.060200
vt 0.616100 -0.116600
vt 0.632400 -0.060200
vt 0.632600 -0.100700
vt 0.632600 -0.116500
vt 0.091300 -0.241000
vt 0.095900 -0.241000
vt 0.091300 -0.220200
vt 0.096100 -0.220200
vt 0.780900 -0.357800
vt 0.797700 -0.357800
vt 0.486600 -0.348600
vt 0.497200 -0.348600
vt 0.497200 -0.299800
vt 0.361900 -0.348600
vt 0.351300 -0.299800
vt 0.351300 -0.348600
vt 0.361900 -0.355100
vt 0.486600 -0.355100
vt 0.845900 -0.042700
vt 0.845900 -0.030200
vt 0.839600 -0.042700
vt 0.839600 -0.030200
vt 0.105500 -0.017800
vt 0.118200 -0.017800
vt 0.105500 -0.007200
vt 0.118200 -0.007200
vt 0.930100 -0.414900
vt 0.917400 -0.414900
vt 0.930100 -0.463900
vt 0.917400 -0.454500
vt 0.903800 -0.463900
vt 0.561800 -0.996900
vt 0.504400 -0.990700
vt 0.515700 -0.996900
vt 0.499400 -0.982800
vt 0.565800 -0.598300
vt 0.499400 -0.578500
vt 0.554400 -0.558700
vt 0.503100 -0.566300
vt 0.512900 -0.558200
vt 0.556500 -0.559400
vt 0.662800 -0.987300
vt 0.662800 -0.848600
vt 0.643100 -0.994100
vt 0.669400 -0.669300
vt 0.636500 -0.572100
vt 0.640500 -0.564600
vt 0.636700 -0.564600
vt 0.637800 -0.556600
vt 0.634900 -0.556900
vt 0.669200 -0.840800
vt 0.644400 -0.996900
vt 0.934300 -0.134800
vt 0.934600 -0.556800
vt 0.935800 -0.134000
vt 0.935400 -0.127100
vt 0.934200 -0.119300
vt 0.937000 -0.119400
vt 0.697100 -0.616700
vt 0.727300 -0.617200
vt 0.697400 -0.605700
vt 0.728000 -0.589100
vt 0.726000 -0.307500
vt 0.697300 -0.307700
vt 0.348100 -0.304000
vt 0.261400 -0.304000
vt 0.348100 -0.502200
vt 0.261400 -0.502200
vt 0.223600 -0.608300
vt 0.220100 -0.608300
vt 0.223600 -0.785400
vt 0.220100 -0.785400
vt 0.210200 -0.608300
vt 0.210200 -0.785400
vt 0.197500 -0.608300
vt 0.197500 -0.785400
vt 0.265100 -0.785400
vt 0.265100 -0.608300
vt 0.267300 -0.785400
vt 0.267300 -0.608300
vt 0.882900 -0.559400
vt 0.880000 -0.559400
vt 0.882900 -0.567300
vt 0.880000 -0.567300
vt 0.882900 -0.574800
vt 0.880000 -0.574200
vt 0.878200 -0.996900
vt 0.882900 -0.996900
vt 0.829300 -0.094000
vt 0.829300 -0.091200
vt 0.826400 -0.094000
vt 0.826400 -0.091200
vt 0.258800 -0.082600
vt 0.258800 -0.072600
vt 0.254000 -0.082600
vt 0.254000 -0.072600
vt 0.968300 -0.575400
vt 0.963500 -0.575400
vt 0.968300 -0.714100
vt 0.963500 -0.714100
vt 0.810300 -0.323500
vt 0.810300 -0.462300
vt 0.820700 -0.315800
vt 0.820700 -0.455700
vt 0.830100 -0.469100
vt 0.828600 -0.471900
vt 0.804000 -0.315800
vt 0.698700 -0.668600
vt 0.715200 -0.684400
vt 0.698900 -0.628100
vt 0.715200 -0.628100
vt 0.698700 -0.684200
vt 0.271600 -0.240100
vt 0.250900 -0.240100
vt 0.271600 -0.244800
vt 0.250900 -0.244800
vt 0.002900 -0.830900
vt 0.002900 -0.970800
vt 0.059300 -0.970800
vt 0.261500 -0.830900
vt 0.205000 -0.970800
vt 0.261500 -0.970800
vt 0.059200 -0.996900
vt 0.205100 -0.996900
vt 0.021900 -0.818500
vt 0.242400 -0.818500
vt 0.213400 -0.798700
vt 0.050900 -0.798700
vt 0.184400 -0.783200
vt 0.079800 -0.783200
vt 0.158300 -0.775400
vt 0.106000 -0.775400
vt 0.132200 -0.772800
vt 0.908200 -0.315800
vt 0.908200 -0.191300
vt 0.895500 -0.315800
vt 0.895500 -0.191300
vt 0.955100 -0.572300
vt 0.961500 -0.572300
vt 0.955100 -0.559600
vt 0.961500 -0.559600
vt 0.424100 -0.017200
vt 0.424100 -0.027800
vt 0.436800 -0.017200
vt 0.436800 -0.027800
vt 0.015500 -0.575700
vt 0.015500 -0.536100
vt 0.002900 -0.585100
vt 0.002900 -0.536100
vt 0.029100 -0.585100
vt 0.844700 -0.610500
vt 0.819800 -0.610500
vt 0.844700 -0.690800
vt 0.819800 -0.690700
vt 0.826000 -0.695100
vt 0.838400 -0.694900
vt 0.845900 -0.693700
vt 0.839000 -0.698100
vt 0.825400 -0.698100
vt 0.818500 -0.693600
vt 0.817000 -0.609300
vt 0.817000 -0.691900
vt 0.838500 -0.606100
vt 0.826200 -0.606200
vt 0.818600 -0.607400
vt 0.825700 -0.603000
vt 0.839100 -0.603100
vt 0.846100 -0.607500
vt 0.847500 -0.609300
vt 0.847500 -0.692000
vt 0.989700 -0.332800
vt 0.988500 -0.332600
vt 0.989500 -0.335300
vt 0.988600 -0.335200
vt 0.988500 -0.322900
vt 0.989700 -0.322900
vt 0.988500 -0.309900
vt 0.989700 -0.309900
vt 0.988500 -0.303500
vt 0.989700 -0.303500
vt 0.987300 -0.332800
vt 0.987800 -0.335300
vt 0.987300 -0.322900
vt 0.987300 -0.309900
vt 0.987300 -0.303500
vt 0.991000 -0.332800
vt 0.990400 -0.335400
vt 0.991000 -0.322900
vt 0.991000 -0.309900
vt 0.991000 -0.303500
vt 0.373900 -0.836200
vt 0.375000 -0.837800
vt 0.375700 -0.835900
vt 0.007000 -0.748900
vt 0.004400 -0.747700
vt 0.006200 -0.750600
vt 0.003700 -0.749500
vt 0.005400 -0.752300
vt 0.002900 -0.751200
vt 0.007800 -0.747100
vt 0.005200 -0.746000
vt 0.866700 -0.450100
vt 0.866700 -0.452100
vt 0.867700 -0.450100
vt 0.867700 -0.452100
vt 0.866700 -0.454100
vt 0.867700 -0.454100
vt 0.866700 -0.456200
vt 0.867700 -0.456200
vt 0.866700 -0.458300
vt 0.867700 -0.458300
vt 0.866700 -0.448100
vt 0.867700 -0.448100
vt 0.867700 -0.446000
vt 0.866700 -0.446000
vt 0.783000 -0.216800
vt 0.783000 -0.218900
vt 0.784800 -0.215800
vt 0.786500 -0.216800
vt 0.784800 -0.219800
vt 0.786500 -0.218900
vt 0.789400 -0.178000
vt 0.787700 -0.174900
vt 0.787700 -0.177000
vt 0.791300 -0.177000
vt 0.789400 -0.174000
vt 0.791300 -0.174900
vt 0.306000 -0.296800
vt 0.303100 -0.294100
vt 0.303100 -0.298600
vt 0.301400 -0.297100
vt 0.299200 -0.293000
vt 0.299100 -0.296600
vt 0.295200 -0.293900
vt 0.296900 -0.297100
vt 0.292100 -0.296600
vt 0.295000 -0.298700
vt 0.290400 -0.300700
vt 0.294300 -0.300800
vt 0.287500 -0.299600
vt 0.289700 -0.294800
vt 0.293800 -0.291300
vt 0.299100 -0.289900
vt 0.304400 -0.291300
vt 0.308600 -0.294900
vt 0.307500 -0.300800
vt 0.310700 -0.299800
vt 0.303800 -0.300700
vt 0.893700 -0.054200
vt 0.888500 -0.054200
vt 0.893700 -0.076000
vt 0.888500 -0.076000
vt 0.883400 -0.054200
vt 0.883400 -0.076000
vt 0.898800 -0.076200
vt 0.898800 -0.054200
vt 0.903900 -0.076000
vt 0.903900 -0.054200
vt 0.908900 -0.076000
vt 0.908900 -0.054200
vt 0.914100 -0.076000
vt 0.914100 -0.054200
vt 0.974100 -0.116300
vt 0.977200 -0.116300
vt 0.974100 -0.114300
vt 0.977200 -0.114300
vt 0.974100 -0.112100
vt 0.977200 -0.112100
vt 0.974100 -0.110000
vt 0.977200 -0.110000
vt 0.974100 -0.107800
vt 0.977200 -0.107800
vt 0.977200 -0.118400
vt 0.974100 -0.118400
vt 0.977200 -0.120600
vt 0.974100 -0.120600
vt 0.652200 -0.154900
vt 0.651200 -0.153100
vt 0.649000 -0.153100
vt 0.647900 -0.154900
vt 0.651200 -0.156700
vt 0.649000 -0.156700
vt 0.130400 -0.159400
vt 0.099600 -0.159400
vt 0.130400 -0.233600
vt 0.099600 -0.233600
vt 0.102400 -0.242100
vt 0.127600 -0.242100
vt 0.110700 -0.244800
vt 0.119300 -0.244800
vt 0.127600 -0.151100
vt 0.102400 -0.151100
vt 0.119300 -0.148300
vt 0.110700 -0.148300
vt 0.836700 -0.897300
vt 0.845000 -0.894700
vt 0.828100 -0.897300
vt 0.819800 -0.894700
vt 0.847800 -0.886200
vt 0.817000 -0.886200
vt 0.847800 -0.812000
vt 0.817000 -0.812000
vt 0.845000 -0.803700
vt 0.819800 -0.803700
vt 0.836700 -0.800900
vt 0.828100 -0.800900
vt 0.983600 -0.062500
vt 0.981300 -0.062500
vt 0.983600 -0.136800
vt 0.981300 -0.136800
vt 0.461900 -0.004000
vt 0.461900 -0.006300
vt 0.470500 -0.004000
vt 0.470500 -0.006300
vt 0.479200 -0.004000
vt 0.479200 -0.006300
vt 0.488000 -0.004000
vt 0.488000 -0.006300
vt 0.453100 -0.006300
vt 0.453100 -0.004000
vt 0.444500 -0.006300
vt 0.444500 -0.004000
vt 0.989400 -0.922700
vt 0.987100 -0.922700
vt 0.989400 -0.996900
vt 0.987100 -0.996900
vt 0.997300 -0.155500
vt 0.994900 -0.155500
vt 0.997300 -0.164100
vt 0.994900 -0.164100
vt 0.997300 -0.172700
vt 0.994900 -0.172700
vt 0.997300 -0.181500
vt 0.994900 -0.181500
vt 0.994900 -0.146700
vt 0.997300 -0.146700
vt 0.994900 -0.137900
vt 0.997300 -0.137900
vt 0.924200 -0.312400
vt 0.924200 -0.303700
vt 0.911700 -0.312400
vt 0.911700 -0.303700
vt 0.924200 -0.293000
vt 0.911700 -0.293000
vt 0.924200 -0.284500
vt 0.911700 -0.284500
vt 0.911700 -0.282500
vt 0.924200 -0.282500
vt 0.911700 -0.249900
vt 0.924200 -0.249900
vt 0.238300 -0.197800
vt 0.238300 -0.201000
vt 0.250900 -0.197800
vt 0.250900 -0.201000
vt 0.460700 -0.051600
vt 0.460700 -0.064200
vt 0.502300 -0.051600
vt 0.502300 -0.064200
vt 0.929400 -0.188100
vt 0.928800 -0.146500
vt 0.925500 -0.145600
vt 0.899200 -0.188100
vt 0.919100 -0.151400
vt 0.899200 -0.155600
vt 0.908300 -0.151200
vt 0.900300 -0.153800
vt 0.930900 -0.466900
vt 0.900800 -0.466900
vt 0.927100 -0.509400
vt 0.920700 -0.503700
vt 0.900800 -0.499500
vt 0.909900 -0.503800
vt 0.901900 -0.501200
vt 0.930400 -0.508700
vt 0.444200 -0.583700
vt 0.438500 -0.583500
vt 0.444600 -0.585100
vt 0.438400 -0.585000
vt 0.445300 -0.583100
vt 0.446000 -0.584600
vt 0.444800 -0.586400
vt 0.438200 -0.586500
vt 0.446500 -0.586300
vt 0.438500 -0.588100
vt 0.444700 -0.587600
vt 0.438700 -0.589600
vt 0.444300 -0.589100
vt 0.474400 -0.107800
vt 0.491200 -0.107700
vt 0.475100 -0.106400
vt 0.491200 -0.106200
vt 0.491100 -0.109100
vt 0.473800 -0.109100
vt 0.474400 -0.110500
vt 0.491200 -0.110600
vt 0.475100 -0.111800
vt 0.491200 -0.112100
vt 0.446200 -0.588000
vt 0.445600 -0.589600
vt 0.612500 -0.249800
vt 0.615200 -0.249800
vt 0.613900 -0.249100
vt 0.612100 -0.251100
vt 0.615700 -0.251100
vt 0.612500 -0.252300
vt 0.615200 -0.252300
vt 0.613900 -0.252900
vt 0.180100 -0.731400
vt 0.180200 -0.732900
vt 0.181400 -0.731100
vt 0.181600 -0.732900
vt 0.180100 -0.734300
vt 0.181500 -0.734600
vt 0.179600 -0.735600
vt 0.180800 -0.736300
vt 0.178700 -0.736700
vt 0.179800 -0.737700
vt 0.177600 -0.737700
vt 0.178500 -0.738900
vt 0.180800 -0.729500
vt 0.179600 -0.730200
vt 0.179800 -0.728000
vt 0.178700 -0.729000
vt 0.178300 -0.726900
vt 0.177600 -0.728100
vt 0.996000 -0.444100
vt 0.993800 -0.444900
vt 0.996000 -0.478100
vt 0.993800 -0.477200
vt 0.992100 -0.446800
vt 0.992100 -0.475500
vt 0.636200 -0.148600
vt 0.642700 -0.158600
vt 0.638300 -0.147200
vt 0.644800 -0.157100
vt 0.634300 -0.149800
vt 0.640700 -0.159800
vt 0.632800 -0.159400
vt 0.635500 -0.163100
vt 0.630200 -0.161100
vt 0.632700 -0.164900
vt 0.630600 -0.166400
vt 0.628200 -0.162500
vt 0.844000 -0.170900
vt 0.839500 -0.170900
vt 0.844000 -0.173300
vt 0.839500 -0.173300
vt 0.839500 -0.167500
vt 0.844000 -0.167700
vt 0.839500 -0.161300
vt 0.851300 -0.161300
vt 0.839500 -0.158900
vt 0.851300 -0.158900
vt 0.851300 -0.156500
vt 0.839500 -0.156500
vt 0.724200 -0.271100
vt 0.724200 -0.303300
vt 0.726000 -0.272900
vt 0.726000 -0.301600
vt 0.721300 -0.304300
vt 0.721300 -0.270300
vt 0.975300 -0.066400
vt 0.965600 -0.066400
vt 0.975300 -0.100300
vt 0.965600 -0.100300
vt 0.905600 -0.013400
vt 0.905600 -0.042100
vt 0.910200 -0.013400
vt 0.910200 -0.042100
vt 0.530800 -0.021500
vt 0.530800 -0.050200
vt 0.542700 -0.021500
vt 0.542700 -0.050200
vt 0.656500 -0.603900
vt 0.656400 -0.606000
vt 0.660200 -0.603900
vt 0.660000 -0.606000
vt 0.660200 -0.601900
vt 0.656500 -0.601900
vt 0.660200 -0.599900
vt 0.656500 -0.599900
vt 0.660200 -0.597900
vt 0.656500 -0.597900
vt 0.656400 -0.590200
vt 0.660000 -0.590300
vt 0.804700 -0.361200
vt 0.802500 -0.363600
vt 0.807400 -0.363600
vt 0.805300 -0.366100
vt 0.210900 -0.239100
vt 0.208400 -0.233800
vt 0.207900 -0.239900
vt 0.206300 -0.238500
vt 0.206700 -0.234700
vt 0.205900 -0.236600
vt 0.215900 -0.233800
vt 0.213500 -0.239700
vt 0.099900 -0.403700
vt 0.094700 -0.398300
vt 0.092300 -0.403700
vt 0.091700 -0.397600
vt 0.090200 -0.398800
vt 0.090500 -0.402700
vt 0.089700 -0.400900
vt 0.097300 -0.397700
vt 0.002900 -0.268600
vt 0.004900 -0.270100
vt 0.005100 -0.265600
vt 0.007100 -0.267200
vt 0.180500 -0.114700
vt 0.180400 -0.119100
vt 0.183100 -0.114500
vt 0.183300 -0.119300
vt 0.180400 -0.123700
vt 0.183300 -0.123800
vt 0.180300 -0.128300
vt 0.183600 -0.128300
vt 0.179800 -0.133500
vt 0.183300 -0.134600
vt 0.183000 -0.109000
vt 0.180100 -0.110400
vt 0.190600 -0.119100
vt 0.190700 -0.114600
vt 0.186500 -0.119300
vt 0.186500 -0.114600
vt 0.190400 -0.110400
vt 0.186400 -0.110100
vt 0.186400 -0.123900
vt 0.190300 -0.123400
vt 0.186300 -0.128400
vt 0.190200 -0.127900
vt 0.186800 -0.133700
vt 0.190900 -0.133100
vt 0.179700 -0.133500
vt 0.183300 -0.134500
vt 0.191000 -0.133100
vt 0.519900 -0.171900
vt 0.518900 -0.172500
vt 0.519900 -0.181300
vt 0.518900 -0.180700
vt 0.520800 -0.180700
vt 0.520800 -0.172500
vt 0.517700 -0.180700
vt 0.517700 -0.172500
vt 0.928200 -0.347900
vt 0.929200 -0.344000
vt 0.928300 -0.343400
vt 0.929200 -0.347300
vt 0.927400 -0.347300
vt 0.927500 -0.344000
vt 0.930400 -0.344000
vt 0.930400 -0.347300
vt 0.929200 -0.339600
vt 0.929200 -0.336300
vt 0.928300 -0.335700
vt 0.928300 -0.340200
vt 0.927400 -0.336300
vt 0.927400 -0.339600
vt 0.930400 -0.336300
vt 0.930400 -0.339600
vt 0.011700 -0.773100
vt 0.011700 -0.774200
vt 0.013400 -0.773100
vt 0.013400 -0.774200
vt 0.015100 -0.773100
vt 0.015100 -0.774200
vt 0.016800 -0.773100
vt 0.016800 -0.774200
vt 0.018600 -0.773100
vt 0.018600 -0.774200
vt 0.047900 -0.676300
vt 0.049600 -0.676300
vt 0.049800 -0.674700
vt 0.048100 -0.674700
vt 0.930800 -0.903100
vt 0.926900 -0.903100
vt 0.930800 -0.908300
vt 0.926900 -0.908300
vt 0.643800 -0.556900
vt 0.643800 -0.562300
vt 0.647700 -0.556900
vt 0.647800 -0.562300
vt 0.663200 -0.564800
vt 0.666400 -0.567500
vt 0.666500 -0.560700
vt 0.669800 -0.563500
vt 0.563000 -0.185100
vt 0.563000 -0.180800
vt 0.559100 -0.185100
vt 0.559100 -0.180800
vt 0.706700 -0.620600
vt 0.706700 -0.624900
vt 0.711900 -0.620600
vt 0.712000 -0.624900
vt 0.927400 -0.889300
vt 0.923500 -0.889300
vt 0.927400 -0.893400
vt 0.923500 -0.893400
vt 0.994600 -0.911600
vt 0.994600 -0.916900
vt 0.998700 -0.911600
vt 0.998700 -0.916900
vt 0.265500 -0.560500
vt 0.269800 -0.559400
vt 0.265500 -0.555300
vt 0.269800 -0.555300
vt 0.563200 -0.154200
vt 0.563200 -0.158300
vt 0.567100 -0.154200
vt 0.567100 -0.158300
vt 0.703100 -0.624900
vt 0.703000 -0.620600
vt 0.697800 -0.624800
vt 0.698900 -0.620600
vt 0.923500 -0.888100
vt 0.927400 -0.888100
vt 0.269800 -0.560700
vt 0.697800 -0.620600
vt 0.577600 -0.029700
vt 0.577600 -0.065700
vt 0.580200 -0.029700
vt 0.580200 -0.065700
vt 0.575300 -0.029700
vt 0.575300 -0.065700
vt 0.572600 -0.029700
vt 0.572600 -0.065700
vt 0.323600 -0.189900
vt 0.323600 -0.226000
vt 0.326200 -0.189900
vt 0.326200 -0.226000
vt 0.328500 -0.189900
vt 0.328500 -0.226000
vt 0.331200 -0.189900
vt 0.331200 -0.226000
vt 0.910400 -0.421900
vt 0.910400 -0.452000
vt 0.913000 -0.421900
vt 0.913000 -0.452000
vt 0.907700 -0.421900
vt 0.907700 -0.452000
vt 0.905400 -0.421900
vt 0.905400 -0.452000
vt 0.918600 -0.642200
vt 0.918500 -0.670400
vt 0.921000 -0.642100
vt 0.920800 -0.670800
vt 0.920800 -0.674600
vt 0.918300 -0.674600
vt 0.918500 -0.678700
vt 0.920900 -0.678500
vt 0.918600 -0.696900
vt 0.920900 -0.697100
vt 0.923200 -0.678700
vt 0.923300 -0.696900
vt 0.925500 -0.679000
vt 0.925700 -0.696500
vt 0.923300 -0.701000
vt 0.925900 -0.701000
vt 0.925500 -0.705400
vt 0.923200 -0.705200
vt 0.923100 -0.739700
vt 0.925500 -0.739700
vt 0.920800 -0.739700
vt 0.920900 -0.704800
vt 0.918500 -0.739600
vt 0.918600 -0.705200
vt 0.916000 -0.739600
vt 0.916300 -0.705400
vt 0.920900 -0.701000
vt 0.918500 -0.701000
vt 0.916300 -0.642200
vt 0.916100 -0.670200
vt 0.915900 -0.674600
vt 0.923300 -0.642200
vt 0.923200 -0.670400
vt 0.925700 -0.642200
vt 0.925500 -0.670200
vt 0.923200 -0.674600
vt 0.925800 -0.674600
vt 0.916100 -0.679100
vt 0.916300 -0.696700
vt 0.916000 -0.701000
vt 0.564100 -0.025100
vt 0.568100 -0.025100
vt 0.564100 -0.011100
vt 0.568100 -0.011100
vt 0.572100 -0.025100
vt 0.572100 -0.011100
vt 0.560100 -0.025100
vt 0.560100 -0.011100
vt 0.822500 -0.517100
vt 0.824000 -0.508300
vt 0.817000 -0.517100
vt 0.817000 -0.508300
vt 0.825100 -0.499600
vt 0.817000 -0.499600
vt 0.825100 -0.491000
vt 0.817000 -0.491000
vt 0.823200 -0.482300
vt 0.817000 -0.482300
vt 0.817000 -0.525800
vt 0.821200 -0.525800
vt 0.817000 -0.534400
vt 0.823200 -0.534400
vt 0.799400 -0.043500
vt 0.806900 -0.039100
vt 0.799400 -0.042100
vt 0.805800 -0.038500
vt 0.807000 -0.030400
vt 0.805800 -0.031000
vt 0.799400 -0.026000
vt 0.799400 -0.027300
vt 0.791900 -0.030400
vt 0.793000 -0.031000
vt 0.791900 -0.039100
vt 0.793000 -0.038500
vt 0.531700 -0.439600
vt 0.531300 -0.432300
vt 0.530200 -0.439300
vt 0.529700 -0.432600
vt 0.527300 -0.425900
vt 0.526200 -0.427000
vt 0.521000 -0.422100
vt 0.520500 -0.423700
vt 0.513500 -0.422000
vt 0.513900 -0.423500
vt 0.527300 -0.445300
vt 0.528600 -0.446300
vt 0.522000 -0.449200
vt 0.522600 -0.450800
vt 0.484700 -0.272800
vt 0.479000 -0.282800
vt 0.484700 -0.279500
vt 0.473300 -0.279500
vt 0.479000 -0.269500
vt 0.473300 -0.272800
vt 0.866100 -0.329000
vt 0.866100 -0.322600
vt 0.864600 -0.330800
vt 0.864600 -0.320800
vt 0.253100 -0.304000
vt 0.246700 -0.304000
vt 0.253100 -0.307500
vt 0.246700 -0.307500
vt 0.058600 -0.399800
vt 0.057300 -0.401600
vt 0.061500 -0.401900
vt 0.060200 -0.403700
vt 0.375900 -0.784900
vt 0.375900 -0.774900
vt 0.372300 -0.784900
vt 0.372300 -0.774900
vt 0.460700 -0.250100
vt 0.460700 -0.252400
vt 0.464200 -0.250100
vt 0.464200 -0.252400
vt 0.906900 -0.405400
vt 0.918900 -0.403300
vt 0.906100 -0.400800
vt 0.918300 -0.399300
vt 0.918100 -0.395100
vt 0.905600 -0.396000
vt 0.918200 -0.380100
vt 0.905400 -0.379400
vt 0.906000 -0.374600
vt 0.918500 -0.376000
vt 0.918900 -0.371900
vt 0.906700 -0.370000
vt 0.919900 -0.368700
vt 0.907500 -0.366100
vt 0.908400 -0.362400
vt 0.921100 -0.365100
vt 0.925900 -0.371100
vt 0.926800 -0.368700
vt 0.924900 -0.373500
vt 0.924600 -0.376800
vt 0.924200 -0.380100
vt 0.924300 -0.395300
vt 0.924700 -0.398400
vt 0.924900 -0.401900
vt 0.925900 -0.404300
vt 0.919900 -0.406600
vt 0.921100 -0.410200
vt 0.926800 -0.406700
vt 0.908400 -0.413000
vt 0.907600 -0.409200
vt 0.507100 -0.412400
vt 0.504900 -0.411100
vt 0.507200 -0.417200
vt 0.504900 -0.418900
vt 0.490400 -0.418900
vt 0.490400 -0.411100
vt 0.488000 -0.417200
vt 0.488200 -0.412400
vt 0.486800 -0.414400
vt 0.508400 -0.414400
vt 0.157300 -0.045900
vt 0.157000 -0.055100
vt 0.161500 -0.043600
vt 0.161500 -0.058200
vt 0.180800 -0.043600
vt 0.180800 -0.058200
vt 0.185300 -0.055100
vt 0.184900 -0.045900
vt 0.187100 -0.049800
vt 0.155200 -0.049800
vt 0.114600 -0.023600
vt 0.114600 -0.039300
vt 0.127200 -0.023600
vt 0.127200 -0.039300
vt 0.108500 -0.024200
vt 0.108500 -0.038700
vt 0.923500 -0.889200
vt 0.927400 -0.889200
vt 0.998700 -0.917000
vt 0.994600 -0.917000
vt 0.269800 -0.559600
vt 0.265500 -0.560700
vt 0.927400 -0.889800
vt 0.923500 -0.889800
vt 0.269800 -0.559000
vt 0.699300 -0.620600
vt 0.920900 -0.642100
vt 0.918600 -0.642100
vt 0.918500 -0.734000
vt 0.920800 -0.734100
vt 0.923100 -0.734000
vt 0.925400 -0.734000
vt 0.925700 -0.642100
vt 0.923300 -0.642300
vt 0.916300 -0.642100
vt 0.916100 -0.734000
vt 0.669800 -0.624100
vt 0.667200 -0.626800
vt 0.669800 -0.645400
vt 0.667200 -0.645400
vt 0.662600 -0.626800
vt 0.662600 -0.624100
vt 0.701700 -0.142300
vt 0.701700 -0.139800
vt 0.683100 -0.142300
vt 0.683100 -0.139800
vt 0.635400 -0.994400
vt 0.637900 -0.996900
vt 0.635400 -0.975700
vt 0.637900 -0.975700
vt 0.630700 -0.996900
vt 0.630700 -0.994400
vt 0.956100 -0.420000
vt 0.953600 -0.420000
vt 0.956100 -0.441200
vt 0.953600 -0.441200
vt 0.267000 -0.805200
vt 0.264500 -0.805200
vt 0.267000 -0.809700
vt 0.264500 -0.809700
vt 0.928500 -0.961300
vt 0.930900 -0.961300
vt 0.928500 -0.954100
vt 0.930900 -0.954100
vt 0.354000 -0.355000
vt 0.354000 -0.352500
vt 0.351300 -0.355000
vt 0.351300 -0.352500
vt 0.777300 -0.493700
vt 0.775100 -0.493700
vt 0.777300 -0.503500
vt 0.775100 -0.503500
vt 0.775100 -0.511800
vt 0.775100 -0.521700
vt 0.777300 -0.511800
vt 0.777300 -0.521700
vt 0.182900 -0.724900
vt 0.185500 -0.724000
vt 0.182900 -0.715000
vt 0.185500 -0.714100
vt 0.174300 -0.773200
vt 0.173500 -0.775900
vt 0.184200 -0.773200
vt 0.183300 -0.775900
vt 0.995800 -0.361500
vt 0.998000 -0.361500
vt 0.995800 -0.320100
vt 0.998000 -0.320100
vt 0.997600 -0.088000
vt 0.997600 -0.047000
vt 0.995500 -0.088000
vt 0.995500 -0.047000
vt 0.777700 -0.564900
vt 0.775500 -0.566800
vt 0.777700 -0.606000
vt 0.775900 -0.608200
vt 0.998700 -0.545700
vt 0.996800 -0.543500
vt 0.998700 -0.586700
vt 0.996500 -0.584800
vt 0.995700 -0.267900
vt 0.997900 -0.267900
vt 0.995700 -0.226700
vt 0.997900 -0.226700
vt 0.990500 -0.566900
vt 0.993000 -0.566900
vt 0.990200 -0.525800
vt 0.992800 -0.525800
vt 0.994500 -0.661900
vt 0.997200 -0.661900
vt 0.994500 -0.620700
vt 0.997200 -0.620700
vt 0.768900 -0.049800
vt 0.768900 -0.062300
vt 0.773900 -0.049800
vt 0.773900 -0.062300
vt 0.998500 -0.304400
vt 0.993400 -0.304400
vt 0.998500 -0.316900
vt 0.993400 -0.316900
vt 0.928000 -0.359300
vt 0.928000 -0.364300
vt 0.930800 -0.359300
vt 0.930800 -0.364300
vt 0.398800 -0.004300
vt 0.386400 -0.004300
vt 0.398800 -0.007100
vt 0.386400 -0.007100
vt 0.927400 -0.351100
vt 0.927400 -0.356100
vt 0.930200 -0.351100
vt 0.930200 -0.356100
vt 0.398200 -0.572500
vt 0.385900 -0.572500
vt 0.398200 -0.575300
vt 0.385900 -0.575300
vt 0.743300 -0.030000
vt 0.754400 -0.030000
vt 0.743300 -0.014900
vt 0.754400 -0.014900
vt 0.098600 -0.305500
vt 0.098600 -0.294400
vt 0.097000 -0.305500
vt 0.097000 -0.294400
vt 0.339100 -0.027700
vt 0.350300 -0.027700
vt 0.339100 -0.012500
vt 0.350300 -0.012500
vt 0.862100 -0.457800
vt 0.862100 -0.473000
vt 0.863500 -0.457800
vt 0.863500 -0.473000
vt 0.995500 -0.830200
vt 0.997600 -0.830200
vt 0.995500 -0.821800
vt 0.997600 -0.821800
vt 0.995500 -0.813400
vt 0.997600 -0.813400
vt 0.995500 -0.804900
vt 0.997600 -0.804900
vt 0.995500 -0.796500
vt 0.997600 -0.796500
vt 0.995500 -0.788100
vt 0.997600 -0.788100
vt 0.997600 -0.838600
vt 0.995500 -0.838600
vt 0.665300 -0.038900
vt 0.673700 -0.038900
vt 0.661100 -0.031600
vt 0.678000 -0.031600
vt 0.673700 -0.024300
vt 0.665300 -0.024300
vt 0.623000 -0.031500
vt 0.606200 -0.031500
vt 0.618800 -0.038800
vt 0.610400 -0.038800
vt 0.618800 -0.024200
vt 0.610400 -0.024200
vt 0.510400 -0.353000
vt 0.510400 -0.333500
vt 0.500600 -0.355800
vt 0.506800 -0.331500
vt 0.503200 -0.333500
vt 0.381700 -0.091300
vt 0.391400 -0.094100
vt 0.381700 -0.071800
vt 0.385300 -0.069800
vt 0.388900 -0.071800
vt 0.524000 -0.171100
vt 0.524000 -0.181300
vt 0.526700 -0.171100
vt 0.526700 -0.181300
vt 0.403900 -0.171100
vt 0.399900 -0.171100
vt 0.403900 -0.173800
vt 0.399900 -0.173800
vt 0.395800 -0.171100
vt 0.395800 -0.173800
vt 0.953600 -0.416900
vt 0.956300 -0.416900
vt 0.953600 -0.397300
vt 0.956300 -0.397300
vt 0.372800 -0.030800
vt 0.384000 -0.030900
vt 0.372800 -0.027700
vt 0.389200 -0.027700
vt 0.384000 -0.044900
vt 0.388100 -0.049200
vt 0.372800 -0.044900
vt 0.372900 -0.049200
vt 0.826400 -0.534400
vt 0.829500 -0.534200
vt 0.826400 -0.525500
vt 0.829500 -0.525500
vt 0.829500 -0.517100
vt 0.826400 -0.517100
vt 0.865200 -0.620100
vt 0.864600 -0.603800
vt 0.851600 -0.613400
vt 0.865200 -0.593900
vt 0.856700 -0.620100
vt 0.293300 -0.042200
vt 0.290300 -0.054000
vt 0.293300 -0.066000
vt 0.290300 -0.066000
vt 0.271900 -0.042200
vt 0.276100 -0.054000
vt 0.271900 -0.066000
vt 0.276100 -0.066000
vt 0.011100 -0.812300
vt 0.019000 -0.804200
vt 0.002900 -0.812300
vt 0.004000 -0.800200
vt 0.012300 -0.798500
vt 0.769500 -0.470900
vt 0.773900 -0.470600
vt 0.769400 -0.460400
vt 0.773800 -0.460600
vt 0.773800 -0.452000
vt 0.769400 -0.452000
vt 0.705400 -0.128700
vt 0.705700 -0.119500
vt 0.696700 -0.135700
vt 0.693600 -0.119300
vt 0.690900 -0.127300
vt 0.366200 -0.548500
vt 0.365500 -0.559600
vt 0.380700 -0.567300
vt 0.365500 -0.574700
vt 0.376000 -0.574200
vt 0.609100 -0.260500
vt 0.610100 -0.274500
vt 0.618400 -0.260500
vt 0.618400 -0.274700
vt 0.091400 -0.001200
vt 0.091400 -0.010600
vt 0.102700 -0.001200
vt 0.102700 -0.010600
vt 0.045900 -0.012000
vt 0.045900 -0.004400
vt 0.034800 -0.012000
vt 0.034800 -0.004400
vt 0.776600 -0.177000
vt 0.767300 -0.177000
vt 0.777600 -0.186900
vt 0.767300 -0.192500
vt 0.772500 -0.192500
vt 0.403100 -0.115100
vt 0.418600 -0.115100
vt 0.403100 -0.104000
vt 0.418600 -0.104000
vt 0.262300 -0.225500
vt 0.277800 -0.225500
vt 0.267900 -0.215200
vt 0.277800 -0.216100
vt 0.262300 -0.220200
vt 0.676800 -0.008100
vt 0.676800 -0.013200
vt 0.688000 -0.008100
vt 0.688000 -0.013200
vt 0.096100 -0.172100
vt 0.089700 -0.172100
vt 0.096100 -0.180100
vt 0.089700 -0.180100
vt 0.089700 -0.189200
vt 0.096100 -0.189200
vt 0.984000 -0.059300
vt 0.984000 -0.033700
vt 0.977700 -0.059300
vt 0.977700 -0.033700
vt 0.322600 -0.043800
vt 0.296900 -0.043800
vt 0.320400 -0.058000
vt 0.296900 -0.058000
vt 0.326200 -0.050900
vt 0.988900 -0.411100
vt 0.988900 -0.434600
vt 0.995200 -0.411100
vt 0.995200 -0.434600
vt 0.817500 -0.049600
vt 0.817500 -0.063700
vt 0.841100 -0.049600
vt 0.843300 -0.063700
vt 0.846800 -0.056600
vt 0.413800 -0.027600
vt 0.413800 -0.021700
vt 0.410300 -0.027600
vt 0.410300 -0.020900
vt 0.406700 -0.027600
vt 0.406700 -0.020900
vt 0.403200 -0.027600
vt 0.403200 -0.020900
vt 0.399700 -0.027600
vt 0.399700 -0.021900
vt 0.396200 -0.027600
vt 0.396200 -0.024400
vt 0.392700 -0.027600
vt 0.392700 -0.024400
vt 0.417200 -0.024400
vt 0.417200 -0.027600
vt 0.420800 -0.024400
vt 0.420800 -0.027600
vt 0.581300 -0.125500
vt 0.585400 -0.135500
vt 0.585400 -0.125500
vt 0.588400 -0.132600
vt 0.588400 -0.128400
vt 0.578400 -0.128400
vt 0.581300 -0.135500
vt 0.578400 -0.132600
vt 0.526200 -0.316800
vt 0.526200 -0.320700
vt 0.531400 -0.316800
vt 0.531300 -0.320700
vt 0.526100 -0.328400
vt 0.531100 -0.328400
vt 0.531400 -0.311800
vt 0.526200 -0.311800
vt 0.526100 -0.300000
vt 0.531100 -0.300000
vt 0.400300 -0.011100
vt 0.388500 -0.011100
vt 0.396400 -0.019200
vt 0.388700 -0.018900
vt 0.386400 -0.015600
vt 0.599000 -0.177400
vt 0.599000 -0.169600
vt 0.591300 -0.177500
vt 0.587300 -0.169400
vt 0.601200 -0.174100
vt 0.027500 -0.030300
vt 0.002900 -0.030300
vt 0.027500 -0.033300
vt 0.002900 -0.033300
vt 0.027500 -0.036400
vt 0.002900 -0.036400
vt 0.027500 -0.039600
vt 0.002900 -0.039600
vt 0.027500 -0.027100
vt 0.002900 -0.027100
vt 0.567700 -0.104700
vt 0.527300 -0.104400
vt 0.567700 -0.109000
vt 0.527300 -0.108600
vt 0.567600 -0.113400
vt 0.527300 -0.113000
vt 0.567600 -0.117800
vt 0.527200 -0.117400
vt 0.567600 -0.122200
vt 0.527200 -0.121800
vt 0.567500 -0.126500
vt 0.527200 -0.126100
vt 0.567500 -0.130900
vt 0.527100 -0.130500
vt 0.527500 -0.100000
vt 0.567700 -0.100300
vt 0.527500 -0.095600
vt 0.567900 -0.095900
vt 0.279800 -0.090300
vt 0.287800 -0.090300
vt 0.278100 -0.086300
vt 0.289400 -0.086300
vt 0.287800 -0.082300
vt 0.279800 -0.082300
vt 0.283800 -0.080700
vt 0.283800 -0.092000
vt 0.327600 -0.106100
vt 0.316300 -0.106100
vt 0.326000 -0.110100
vt 0.318000 -0.110100
vt 0.322000 -0.111800
vt 0.326000 -0.102100
vt 0.318000 -0.102100
vt 0.322000 -0.100500
vt 0.490400 -0.019800
vt 0.490200 -0.017600
vt 0.479700 -0.020000
vt 0.478900 -0.017800
vt 0.479600 -0.012500
vt 0.479400 -0.015600
vt 0.490200 -0.012500
vt 0.490700 -0.015400
vt 0.610400 -0.021000
vt 0.611200 -0.018700
vt 0.606900 -0.020900
vt 0.607100 -0.018600
vt 0.600000 -0.020800
vt 0.599900 -0.018700
vt 0.596600 -0.021100
vt 0.595700 -0.018700
vt 0.606900 -0.013300
vt 0.606900 -0.016500
vt 0.610200 -0.013200
vt 0.610400 -0.016400
vt 0.600000 -0.016400
vt 0.600000 -0.013200
vt 0.596600 -0.016400
vt 0.596600 -0.013200
vt 0.223100 -0.007000
vt 0.222400 -0.009200
vt 0.233800 -0.007000
vt 0.233800 -0.009200
vt 0.233900 -0.014300
vt 0.234400 -0.011400
vt 0.223300 -0.014500
vt 0.223000 -0.011500
vt 0.098000 -0.033800
vt 0.099700 -0.032800
vt 0.098000 -0.019800
vt 0.099900 -0.020800
vt 0.098000 -0.015900
vt 0.100500 -0.016400
vt 0.101600 -0.021900
vt 0.102800 -0.017100
vt 0.101600 -0.031700
vt 0.100600 -0.037200
vt 0.098000 -0.037700
vt 0.102800 -0.036500
vt 0.096300 -0.020800
vt 0.094500 -0.031700
vt 0.096300 -0.032800
vt 0.094600 -0.021900
vt 0.093400 -0.017200
vt 0.095600 -0.016400
vt 0.095600 -0.037400
vt 0.093400 -0.036500
vt 0.655300 -0.406000
vt 0.653400 -0.407200
vt 0.655300 -0.424000
vt 0.653400 -0.422700
vt 0.651600 -0.408400
vt 0.651600 -0.421500
vt 0.658900 -0.408400
vt 0.657100 -0.407200
vt 0.658900 -0.421500
vt 0.657100 -0.422700
vt 0.457600 -0.022800
vt 0.456400 -0.021100
vt 0.439800 -0.022900
vt 0.441000 -0.021100
vt 0.455200 -0.019300
vt 0.442100 -0.019300
vt 0.455300 -0.026500
vt 0.456500 -0.024700
vt 0.442300 -0.026600
vt 0.441000 -0.024800
vt 0.562700 -0.564000
vt 0.562700 -0.565700
vt 0.566200 -0.564000
vt 0.567500 -0.565700
vt 0.566200 -0.567400
vt 0.562700 -0.567400
vt 0.564800 -0.562300
vt 0.389400 -0.565900
vt 0.389400 -0.562500
vt 0.387700 -0.565900
vt 0.387700 -0.561200
vt 0.386000 -0.562500
vt 0.386000 -0.565900
vt 0.384300 -0.563800
vt 0.384300 -0.565900
vt 0.562700 -0.562300
vt 0.391100 -0.565900
vt 0.391100 -0.563800
vt 0.562700 -0.569100
vt 0.564800 -0.569100
vt 0.861500 -0.742100
vt 0.863200 -0.741500
vt 0.861000 -0.740500
vt 0.862500 -0.739900
vt 0.252000 -0.798800
vt 0.251300 -0.800400
vt 0.253500 -0.799300
vt 0.253100 -0.800900
vt 0.859500 -0.764300
vt 0.851100 -0.764400
vt 0.853900 -0.775100
vt 0.851100 -0.775100
vt 0.851100 -0.761800
vt 0.860400 -0.761800
vt 0.851100 -0.751000
vt 0.860400 -0.751000
vt 0.851100 -0.748300
vt 0.859500 -0.748400
vt 0.851100 -0.737500
vt 0.853900 -0.737500
vt 0.029700 -0.395300
vt 0.019700 -0.400800
vt 0.029500 -0.403700
vt 0.019700 -0.403700
vt 0.032200 -0.394400
vt 0.032200 -0.403700
vt 0.041400 -0.403600
vt 0.041400 -0.394400
vt 0.043900 -0.395300
vt 0.044100 -0.403700
vt 0.054000 -0.403700
vt 0.054000 -0.400800
vt 0.801300 -0.829700
vt 0.800400 -0.830600
vt 0.801300 -0.840500
vt 0.800400 -0.840500
vt 0.798600 -0.828700
vt 0.799400 -0.827900
vt 0.789300 -0.828700
vt 0.788500 -0.827900
vt 0.787500 -0.830600
vt 0.786600 -0.829700
vt 0.787500 -0.840500
vt 0.786600 -0.840500
vt 0.496100 -0.660000
vt 0.495100 -0.660000
vt 0.496100 -0.663200
vt 0.495100 -0.663200
vt 0.496100 -0.640900
vt 0.495100 -0.640900
vt 0.496100 -0.644200
vt 0.495100 -0.644200
vt 0.431200 -0.125600
vt 0.420900 -0.125600
vt 0.431200 -0.129500
vt 0.420900 -0.129500
vt 0.767300 -0.023300
vt 0.771200 -0.023300
vt 0.767300 -0.019400
vt 0.771200 -0.019400
vt 0.856400 -0.209600
vt 0.856400 -0.205700
vt 0.840600 -0.209600
vt 0.840600 -0.205700
vt 0.843400 -0.212300
vt 0.853800 -0.212300
vt 0.564100 -0.030200
vt 0.560100 -0.030200
vt 0.564100 -0.034100
vt 0.560100 -0.034100
vt 0.781100 -0.012200
vt 0.797000 -0.012200
vt 0.781300 -0.008400
vt 0.797100 -0.008400
vt 0.794300 -0.005600
vt 0.784100 -0.005600
vt 0.575100 -0.127600
vt 0.571000 -0.127600
vt 0.575100 -0.131500
vt 0.571000 -0.131500
vt 0.865700 -0.114100
vt 0.865700 -0.118200
vt 0.869600 -0.114100
vt 0.869600 -0.118200
vt 0.687100 -0.373200
vt 0.687100 -0.308200
vt 0.683700 -0.373200
vt 0.683700 -0.308200
vt 0.679900 -0.373200
vt 0.679900 -0.308200
vt 0.690900 -0.373200
vt 0.690900 -0.308200
vt 0.949600 -0.226400
vt 0.949600 -0.294400
vt 0.953000 -0.226000
vt 0.953000 -0.293900
vt 0.956800 -0.226600
vt 0.956800 -0.294700
vt 0.945700 -0.226600
vt 0.945700 -0.294700
vt 0.238500 -0.002400
vt 0.238500 -0.009300
vt 0.246500 -0.002400
vt 0.246500 -0.009300
vt 0.292800 -0.039100
vt 0.292800 -0.032200
vt 0.284900 -0.039100
vt 0.284900 -0.032200
vt 0.011600 -0.530400
vt 0.008900 -0.524000
vt 0.005600 -0.533000
vt 0.002900 -0.526700
vt 0.975700 -0.368000
vt 0.980300 -0.368000
vt 0.976000 -0.361700
vt 0.981300 -0.361700
vt 0.975700 -0.355300
vt 0.980300 -0.355200
vt 0.975600 -0.348900
vt 0.983200 -0.349200
vt 0.975600 -0.374400
vt 0.983200 -0.374000
vt 0.767700 -0.015600
vt 0.774000 -0.015600
vt 0.774900 -0.009300
vt 0.768600 -0.009300
vt 0.934700 -0.054300
vt 0.919600 -0.054300
vt 0.934700 -0.061800
vt 0.919600 -0.061800
vt 0.934700 -0.069300
vt 0.919600 -0.069300
vt 0.934700 -0.076300
vt 0.919600 -0.076300
vt 0.934700 -0.047200
vt 0.919600 -0.047200
vt 0.827600 -0.071800
vt 0.824000 -0.071800
vt 0.827600 -0.075100
vt 0.824000 -0.075100
vt 0.827600 -0.078200
vt 0.824000 -0.078200
vt 0.827600 -0.081400
vt 0.824000 -0.081400
vt 0.827600 -0.068600
vt 0.824000 -0.068600
vt 0.906000 -0.332600
vt 0.906000 -0.341400
vt 0.914700 -0.332600
vt 0.914700 -0.341400
vt 0.906000 -0.350300
vt 0.914700 -0.350300
vt 0.906000 -0.323700
vt 0.914700 -0.323700
vt 0.906000 -0.359300
vt 0.914700 -0.359300
vt 0.056600 -0.634600
vt 0.047900 -0.633300
vt 0.056600 -0.643400
vt 0.047900 -0.642200
vt 0.080200 -0.011100
vt 0.088500 -0.021600
vt 0.089000 -0.012800
vt 0.079800 -0.019900
vt 0.748900 -0.722200
vt 0.749000 -0.821700
vt 0.754200 -0.721600
vt 0.754000 -0.821000
vt 0.759900 -0.721300
vt 0.759800 -0.820800
vt 0.743300 -0.721300
vt 0.743400 -0.820800
vt 0.952800 -0.128200
vt 0.952800 -0.173300
vt 0.954300 -0.128200
vt 0.954300 -0.173300
vt 0.907300 -0.881100
vt 0.906000 -0.884500
vt 0.908900 -0.880900
vt 0.908100 -0.884300
vt 0.906000 -0.868700
vt 0.907500 -0.868400
vt 0.585800 -0.081300
vt 0.540800 -0.081300
vt 0.585800 -0.085100
vt 0.540800 -0.085100
vt 0.585800 -0.068800
vt 0.540800 -0.068800
vt 0.906000 -0.900100
vt 0.906900 -0.903600
vt 0.907500 -0.900400
vt 0.908900 -0.903800
vt 0.907300 -0.887700
vt 0.908900 -0.887900
vt 0.592900 -0.040000
vt 0.589400 -0.040000
vt 0.592900 -0.085100
vt 0.589400 -0.085100
vt 0.605500 -0.040000
vt 0.605500 -0.085100
vt 0.971100 -0.060100
vt 0.969200 -0.026700
vt 0.965600 -0.063200
vt 0.965600 -0.028800
vt 0.972400 -0.026500
vt 0.974200 -0.059900
vt 0.985500 -0.616600
vt 0.985500 -0.650000
vt 0.990200 -0.616600
vt 0.990200 -0.650000
vt 0.993300 -0.520600
vt 0.996700 -0.522500
vt 0.993500 -0.487100
vt 0.995400 -0.488000
vt 0.571000 -0.088300
vt 0.571000 -0.122100
vt 0.612700 -0.088300
vt 0.612200 -0.121800
vt 0.993200 -0.697800
vt 0.992900 -0.732200
vt 0.996700 -0.697800
vt 0.996700 -0.732200
vt 0.300000 -0.283200
vt 0.298000 -0.283200
vt 0.302200 -0.286700
vt 0.298000 -0.286700
vt 0.652700 -0.004400
vt 0.618900 -0.004600
vt 0.651200 -0.007000
vt 0.617900 -0.006500
vt 0.679400 -0.116500
vt 0.679400 -0.083000
vt 0.639200 -0.116500
vt 0.639200 -0.083000
vt 0.931000 -0.389200
vt 0.931000 -0.384400
vt 0.928000 -0.389200
vt 0.928000 -0.384400
vt 0.824300 -0.319700
vt 0.824300 -0.353100
vt 0.827500 -0.319700
vt 0.827500 -0.353100
vt 0.751600 -0.692300
vt 0.762700 -0.692300
vt 0.751600 -0.700600
vt 0.762700 -0.700400
vt 0.765000 -0.687600
vt 0.762700 -0.705300
vt 0.765000 -0.718400
vt 0.762700 -0.713600
vt 0.763200 -0.718400
vt 0.751600 -0.713600
vt 0.751600 -0.705300
vt 0.749500 -0.718400
vt 0.749500 -0.687600
vt 0.751200 -0.687600
vt 0.751200 -0.718400
vt 0.763200 -0.687600
vt 0.261400 -0.505500
vt 0.272500 -0.505500
vt 0.261400 -0.509900
vt 0.272500 -0.509900
vt 0.223400 -0.240600
vt 0.223400 -0.251800
vt 0.219000 -0.240600
vt 0.219000 -0.251800
vt 0.193100 -0.245500
vt 0.191300 -0.245500
vt 0.193100 -0.241100
vt 0.191300 -0.241100
vt 0.065200 -0.403700
vt 0.065200 -0.402100
vt 0.069600 -0.403700
vt 0.069600 -0.402100
vt 0.651000 -0.578000
vt 0.647500 -0.574700
vt 0.653900 -0.574700
vt 0.650500 -0.571500
vt 0.673000 -0.191500
vt 0.669400 -0.188200
vt 0.675900 -0.188400
vt 0.672500 -0.185100
vt 0.649300 -0.166400
vt 0.645900 -0.163100
vt 0.652300 -0.163200
vt 0.648900 -0.159900
vt 0.329300 -0.053600
vt 0.334000 -0.053600
vt 0.329300 -0.058000
vt 0.334000 -0.058000
vt 0.608600 -0.078100
vt 0.608600 -0.066900
vt 0.613000 -0.078100
vt 0.613000 -0.066900
vt 0.206100 -0.083400
vt 0.206100 -0.094600
vt 0.201700 -0.083400
vt 0.201700 -0.094600
vt 0.074000 -0.379500
vt 0.074000 -0.377900
vt 0.078400 -0.379500
vt 0.078400 -0.377900
vt 0.004800 -0.377300
vt 0.002900 -0.377300
vt 0.004800 -0.372900
vt 0.002900 -0.372900
vt 0.991900 -0.075700
vt 0.987500 -0.075700
vt 0.991900 -0.044900
vt 0.987500 -0.044900
vt 0.923200 -0.937300
vt 0.923200 -0.932400
vt 0.927600 -0.937300
vt 0.927600 -0.932400
vt 0.987500 -0.011100
vt 0.991900 -0.011100
vt 0.987500 -0.041900
vt 0.991900 -0.041900
vt 0.242700 -0.132900
vt 0.242700 -0.137700
vt 0.238300 -0.132900
vt 0.238300 -0.137700
vt 0.677900 -0.003700
vt 0.697900 -0.003700
vt 0.677900 -0.001800
vt 0.697900 -0.001800
vt 0.711500 -0.001800
vt 0.711500 -0.003700
vt 0.275400 -0.550400
vt 0.272300 -0.530600
vt 0.267500 -0.546100
vt 0.264500 -0.526400
vt 0.275400 -0.517300
vt 0.267500 -0.513100
vt 0.250400 -0.813400
vt 0.266200 -0.825700
vt 0.250500 -0.804400
vt 0.266200 -0.816800
vt 0.237300 -0.809600
vt 0.237400 -0.800500
vt 0.093100 -0.208100
vt 0.091300 -0.208100
vt 0.093100 -0.217000
vt 0.091300 -0.217000
vt 0.011800 -0.190400
vt 0.011800 -0.188500
vt 0.002900 -0.190400
vt 0.002900 -0.188500
vt 0.865700 -0.334000
vt 0.857300 -0.334000
vt 0.865700 -0.371200
vt 0.857300 -0.371200
vt 0.996200 -0.996900
vt 0.998800 -0.996900
vt 0.996200 -0.959800
vt 0.998800 -0.959800
vt 0.850000 -0.063700
vt 0.858400 -0.063700
vt 0.850000 -0.026500
vt 0.858400 -0.026500
vt 0.220600 -0.278200
vt 0.220600 -0.266800
vt 0.219000 -0.278200
vt 0.219000 -0.266800
vt 0.184600 -0.767900
vt 0.184600 -0.756600
vt 0.177600 -0.767900
vt 0.177600 -0.756600
vt 0.929000 -0.739600
vt 0.930500 -0.739700
vt 0.929100 -0.732800
vt 0.930700 -0.732800
vt 0.184600 -0.753400
vt 0.184600 -0.742100
vt 0.177600 -0.753400
vt 0.177600 -0.742100
vt 0.930700 -0.722800
vt 0.929100 -0.722800
vt 0.930500 -0.729600
vt 0.929000 -0.729600
vt 0.698700 -0.690400
vt 0.703100 -0.690400
vt 0.698700 -0.687700
vt 0.703100 -0.687700
vt 0.817000 -0.479100
vt 0.829500 -0.479100
vt 0.817000 -0.476300
vt 0.829500 -0.476300
vt 0.529200 -0.452500
vt 0.529200 -0.464800
vt 0.531100 -0.456400
vt 0.531500 -0.465100
vt 0.180400 -0.675300
vt 0.180500 -0.666600
vt 0.177600 -0.675300
vt 0.177900 -0.666600
vt 0.199000 -0.269500
vt 0.198600 -0.278200
vt 0.200900 -0.265500
vt 0.200900 -0.278000
vt 0.979600 -0.633300
vt 0.982100 -0.633300
vt 0.979600 -0.611100
vt 0.982100 -0.611100
vt 0.979600 -0.603100
vt 0.982100 -0.603100
vt 0.983000 -0.591200
vt 0.978600 -0.591200
vt 0.982100 -0.647100
vt 0.979600 -0.647100
vt 0.665500 -0.124300
vt 0.643700 -0.120600
vt 0.653200 -0.142500
vt 0.625500 -0.125900
vt 0.635700 -0.119600
vt 0.678600 -0.119600
vt 0.689900 -0.134400
vt 0.002900 -0.369600
vt 0.021200 -0.366500
vt 0.002900 -0.360800
vt 0.021200 -0.364000
vt 0.039600 -0.800000
vt 0.027200 -0.781900
vt 0.002900 -0.792100
vt 0.014200 -0.777200
vt 0.049100 -0.778300
vt 0.057000 -0.777200
vt 0.067300 -0.783600
vt 0.217300 -0.025400
vt 0.192000 -0.022300
vt 0.215600 -0.029700
vt 0.190700 -0.029700
vt 0.188600 -0.026400
vt 0.982500 -0.725100
vt 0.986700 -0.723300
vt 0.979200 -0.699800
vt 0.986500 -0.698400
vt 0.983200 -0.696400
vt 0.784400 -0.314100
vt 0.780900 -0.314100
vt 0.784400 -0.339000
vt 0.780900 -0.339000
vt 0.372300 -0.762600
vt 0.372300 -0.766500
vt 0.375700 -0.762600
vt 0.375700 -0.766500
vt 0.372300 -0.771700
vt 0.375700 -0.771700
vt 0.497400 -0.590500
vt 0.494000 -0.590500
vt 0.497400 -0.616000
vt 0.494000 -0.616000
vt 0.469600 -0.392700
vt 0.473600 -0.392700
vt 0.469600 -0.390900
vt 0.473600 -0.390900
vt 0.918000 -0.317100
vt 0.918000 -0.322300
vt 0.919800 -0.317100
vt 0.919800 -0.322300
vt 0.786500 -0.267100
vt 0.786500 -0.262000
vt 0.782500 -0.267100
vt 0.782500 -0.262000
vt 0.478500 -0.413200
vt 0.483600 -0.413200
vt 0.478500 -0.411400
vt 0.483600 -0.411400
vt 0.339700 -0.221300
vt 0.334600 -0.221300
vt 0.339700 -0.225500
vt 0.334600 -0.225500
vt 0.211100 -0.788600
vt 0.211100 -0.792600
vt 0.212900 -0.788600
vt 0.212900 -0.792600
vt 0.489500 -0.573700
vt 0.494600 -0.573700
vt 0.489500 -0.571900
vt 0.494600 -0.571900
vt 0.931600 -0.104900
vt 0.931600 -0.110000
vt 0.935700 -0.104900
vt 0.935700 -0.110000
vt 0.491600 -0.356900
vt 0.496700 -0.356900
vt 0.491600 -0.355200
vt 0.496700 -0.355200
vt 0.082900 -0.002900
vt 0.082900 -0.008100
vt 0.086900 -0.002900
vt 0.086900 -0.008100
vt 0.215600 -0.278200
vt 0.215600 -0.243000
vt 0.211500 -0.278200
vt 0.211500 -0.243000
vt 0.208700 -0.278200
vt 0.208700 -0.243000
vt 0.205900 -0.278200
vt 0.205900 -0.243000
vt 0.225000 -0.281400
vt 0.203500 -0.281400
vt 0.225000 -0.403700
vt 0.203500 -0.403700
vt 0.188800 -0.281400
vt 0.188800 -0.403700
vt 0.172100 -0.281400
vt 0.172100 -0.403700
vt 0.150600 -0.281400
vt 0.150600 -0.403700
vt 0.246300 -0.348900
vt 0.229600 -0.354100
vt 0.245700 -0.363500
vt 0.230500 -0.368700
vt 0.229600 -0.383400
vt 0.241900 -0.379900
vt 0.231300 -0.398600
vt 0.228400 -0.332300
vt 0.239500 -0.328500
vt 0.549100 -0.177100
vt 0.537200 -0.179900
vt 0.558000 -0.191400
vt 0.541700 -0.191400
vt 0.546300 -0.207800
vt 0.563000 -0.205100
vt 0.563000 -0.226600
vt 0.551300 -0.226600
vt 0.533200 -0.162800
vt 0.900800 -0.607800
vt 0.900800 -0.730100
vt 0.912500 -0.607800
vt 0.912500 -0.730100
vt 0.302400 -0.024400
vt 0.302400 -0.013300
vt 0.288600 -0.024400
vt 0.288600 -0.013300
vt 0.864400 -0.397700
vt 0.865600 -0.397700
vt 0.864400 -0.383900
vt 0.865700 -0.383900
vt 0.668500 -0.860100
vt 0.669800 -0.860000
vt 0.668500 -0.849000
vt 0.669800 -0.849000
vt 0.004200 -0.228900
vt 0.002900 -0.228900
vt 0.004200 -0.242700
vt 0.002900 -0.242700
vt 0.566700 -0.986100
vt 0.565300 -0.986600
vt 0.570300 -0.996600
vt 0.569000 -0.996900
vt 0.043000 -0.691000
vt 0.044700 -0.689300
vt 0.034500 -0.691000
vt 0.002900 -0.589000
vt 0.032700 -0.692900
vt 0.002900 -0.708400
vt 0.032700 -0.705700
vt 0.031000 -0.707400
vt 0.044700 -0.587900
vt 0.830100 -0.356300
vt 0.827500 -0.356300
vt 0.830100 -0.457800
vt 0.827500 -0.457800
vt 0.990800 -0.338600
vt 0.987100 -0.338500
vt 0.990200 -0.380500
vt 0.987700 -0.380400
vt 0.778800 -0.836300
vt 0.781500 -0.836300
vt 0.778800 -0.827900
vt 0.781600 -0.827900
vt 0.781400 -0.838700
vt 0.778800 -0.838700
vt 0.996600 -0.272100
vt 0.993700 -0.272100
vt 0.996600 -0.300300
vt 0.992800 -0.300300
vt 0.900900 -0.007000
vt 0.900900 -0.004200
vt 0.888100 -0.007000
vt 0.887900 -0.004200
vt 0.885600 -0.007000
vt 0.885600 -0.004000
vt 0.903300 -0.004200
vt 0.903300 -0.007000
vt 0.971900 -0.720300
vt 0.975600 -0.720300
vt 0.971900 -0.600800
vt 0.975600 -0.600800
vt 0.788600 -0.845200
vt 0.787000 -0.845200
vt 0.788600 -0.993800
vt 0.787000 -0.993800
vt 0.778800 -0.996900
vt 0.778800 -0.841900
vt 0.793200 -0.996900
vt 0.793200 -0.841900
vt 0.526100 -0.536400
vt 0.531500 -0.543300
vt 0.526100 -0.534800
vt 0.531400 -0.532700
vt 0.008300 -0.775500
vt 0.002900 -0.773600
vt 0.008200 -0.777100
vt 0.002900 -0.784200
vt 0.016400 -0.083100
vt 0.017200 -0.081900
vt 0.014900 -0.081100
vt 0.016200 -0.080600
vt 0.015100 -0.072300
vt 0.016500 -0.073100
vt 0.025100 -0.072500
vt 0.023800 -0.073400
vt 0.024900 -0.081300
vt 0.023700 -0.080800
vt 0.023300 -0.083300
vt 0.022600 -0.082000
vt 0.019900 -0.084200
vt 0.019900 -0.082900
vt 0.980800 -0.003500
vt 0.980800 -0.005400
vt 0.982500 -0.003500
vt 0.982500 -0.005400
vt 0.985400 -0.003500
vt 0.985400 -0.005400
vt 0.988200 -0.003500
vt 0.988200 -0.005400
vt 0.989700 -0.003500
vt 0.989700 -0.005400
vt 0.997200 -0.003500
vt 0.997200 -0.005400
vt 0.973400 -0.005400
vt 0.973400 -0.003500
vt 0.928700 -0.392300
vt 0.928500 -0.399700
vt 0.930500 -0.392300
vt 0.930300 -0.399800
vt 0.775300 -0.542400
vt 0.777200 -0.542400
vt 0.775100 -0.539800
vt 0.777200 -0.539800
vt 0.775100 -0.531000
vt 0.777100 -0.531000
vt 0.777200 -0.546000
vt 0.775300 -0.546000
vt 0.777200 -0.549700
vt 0.775300 -0.549700
vt 0.777200 -0.552100
vt 0.775300 -0.552200
vt 0.777300 -0.560900
vt 0.775300 -0.560900
vt 0.098500 -0.318700
vt 0.096600 -0.318700
vt 0.098500 -0.328900
vt 0.096600 -0.328900
vt 0.082900 -0.083700
vt 0.069100 -0.083700
vt 0.082900 -0.129300
vt 0.069100 -0.129300
vt 0.053600 -0.083700
vt 0.053600 -0.129300
vt 0.352700 -0.460700
vt 0.351600 -0.466100
vt 0.364400 -0.460900
vt 0.351300 -0.463100
vt 0.362500 -0.458500
vt 0.372600 -0.447800
vt 0.368700 -0.447600
vt 0.135700 -0.293900
vt 0.132600 -0.294200
vt 0.140100 -0.305100
vt 0.137000 -0.307300
vt 0.137500 -0.279400
vt 0.140100 -0.282300
vt 0.929300 -0.605200
vt 0.929300 -0.559800
vt 0.915900 -0.604600
vt 0.915900 -0.560500
vt 0.900800 -0.604600
vt 0.900800 -0.560500
vt 0.524700 -0.410500
vt 0.530600 -0.398400
vt 0.527700 -0.398200
vt 0.525300 -0.399500
vt 0.522900 -0.409400
vt 0.512000 -0.418800
vt 0.512100 -0.415400
vt 0.012200 -0.377600
vt 0.023700 -0.373700
vt 0.011100 -0.375900
vt 0.023200 -0.369900
vt 0.002900 -0.388500
vt 0.006200 -0.388400
vt 0.027300 -0.773400
vt 0.028000 -0.774200
vt 0.072800 -0.773400
vt 0.072000 -0.774000
vt 0.073100 -0.777300
vt 0.072300 -0.777500
vt 0.027000 -0.777300
vt 0.027600 -0.777500
vt 0.866700 -0.474400
vt 0.867600 -0.474400
vt 0.866700 -0.464100
vt 0.867600 -0.464100
vt 0.866700 -0.461300
vt 0.867600 -0.461300
vt 0.867600 -0.486700
vt 0.866700 -0.486700
vt 0.585700 -0.040800
vt 0.584500 -0.040800
vt 0.585700 -0.052700
vt 0.584500 -0.052700
vt 0.585700 -0.065200
vt 0.584500 -0.065200
vt 0.807700 -0.134200
vt 0.807700 -0.088700
vt 0.793900 -0.134200
vt 0.793900 -0.088700
vt 0.823200 -0.088700
vt 0.823200 -0.134200
vt 0.358900 -0.445200
vt 0.356400 -0.443400
vt 0.354200 -0.456400
vt 0.351300 -0.456200
vt 0.369600 -0.435200
vt 0.369800 -0.439200
vt 0.356700 -0.455100
vt 0.651100 -0.557500
vt 0.656300 -0.570300
vt 0.654900 -0.557100
vt 0.658700 -0.568500
vt 0.669400 -0.578500
vt 0.669600 -0.574500
vt 0.914200 -0.512600
vt 0.900800 -0.511800
vt 0.914200 -0.556600
vt 0.900800 -0.557300
vt 0.929300 -0.556600
vt 0.929300 -0.512600
vt 0.140900 -0.310200
vt 0.128800 -0.316200
vt 0.141200 -0.313100
vt 0.139900 -0.315600
vt 0.130000 -0.317900
vt 0.120600 -0.328900
vt 0.123900 -0.328700
vt 0.524400 -0.440900
vt 0.524900 -0.437000
vt 0.512300 -0.434900
vt 0.513400 -0.433200
vt 0.504200 -0.422200
vt 0.507400 -0.422400
vt 0.978900 -0.252900
vt 0.978900 -0.297000
vt 0.979600 -0.252100
vt 0.979600 -0.297600
vt 0.975600 -0.298000
vt 0.975600 -0.297200
vt 0.975600 -0.251800
vt 0.975600 -0.252600
vt 0.867600 -0.512600
vt 0.867600 -0.502300
vt 0.866700 -0.512600
vt 0.866700 -0.502300
vt 0.867600 -0.489900
vt 0.866700 -0.489900
vt 0.866700 -0.515300
vt 0.867600 -0.515300
vt 0.857700 -0.020000
vt 0.869600 -0.020000
vt 0.857700 -0.018700
vt 0.869600 -0.018700
vt 0.845200 -0.018700
vt 0.845200 -0.020000
vt 0.566000 -0.983000
vt 0.565400 -0.979200
vt 0.565300 -0.983000
vt 0.716600 -0.139200
vt 0.738900 -0.139200
vt 0.716600 -0.115100
vt 0.738900 -0.115100
vt 0.954300 -0.790000
vt 0.952000 -0.790000
vt 0.954300 -0.814200
vt 0.952000 -0.814200
vt 0.953600 -0.353900
vt 0.955800 -0.354500
vt 0.954200 -0.331500
vt 0.955800 -0.331800
vt 0.546000 -0.004900
vt 0.546000 -0.006500
vt 0.570100 -0.004900
vt 0.570100 -0.006500
vt 0.955200 -0.366500
vt 0.953700 -0.366600
vt 0.955800 -0.388800
vt 0.953600 -0.389300
vt 0.456100 -0.218100
vt 0.456100 -0.205700
vt 0.451800 -0.218100
vt 0.451800 -0.205700
vt 0.700600 -0.693600
vt 0.698700 -0.697500
vt 0.704700 -0.693600
vt 0.704700 -0.697500
vt 0.339100 -0.003900
vt 0.339100 -0.007800
vt 0.351600 -0.003900
vt 0.351600 -0.007800
vt 0.705800 -0.704500
vt 0.705800 -0.700600
vt 0.701700 -0.704500
vt 0.699800 -0.700600
vt 0.451800 -0.233600
vt 0.456100 -0.233600
vt 0.451800 -0.221300
vt 0.456100 -0.221300
vt 0.800000 -0.874600
vt 0.800000 -0.850600
vt 0.798700 -0.874600
vt 0.798700 -0.850600
vt 0.862100 -0.525900
vt 0.863400 -0.525900
vt 0.862100 -0.501800
vt 0.863400 -0.501800
vt 0.420000 -0.578900
vt 0.417000 -0.578900
vt 0.420000 -0.580200
vt 0.417000 -0.580200
vt 0.763100 -0.749000
vt 0.766200 -0.749000
vt 0.763100 -0.724900
vt 0.766200 -0.724900
vt 0.974500 -0.544200
vt 0.974500 -0.547400
vt 0.975800 -0.544200
vt 0.975800 -0.547400
vt 0.261200 -0.010700
vt 0.279500 -0.010700
vt 0.261200 -0.008800
vt 0.279500 -0.008800
vt 0.261200 -0.014300
vt 0.279500 -0.014300
vt 0.261200 -0.012500
vt 0.279500 -0.012500
vt 0.718600 -0.057100
vt 0.721300 -0.054200
vt 0.699300 -0.057100
vt 0.696700 -0.054200
vt 0.721300 -0.044100
vt 0.696700 -0.044100
vt 0.718600 -0.041000
vt 0.699300 -0.041000
vt 0.296400 -0.038200
vt 0.316500 -0.038200
vt 0.296400 -0.030000
vt 0.316500 -0.030000
vt 0.314300 -0.027600
vt 0.298600 -0.027600
vt 0.298600 -0.040800
vt 0.314300 -0.040800
vt 0.863400 -0.420700
vt 0.862200 -0.420900
vt 0.863200 -0.436400
vt 0.862100 -0.436600
vt 0.662100 -0.520800
vt 0.663300 -0.520800
vt 0.662100 -0.512600
vt 0.663300 -0.512600
vt 0.661600 -0.509300
vt 0.662700 -0.509300
vt 0.662700 -0.523900
vt 0.661600 -0.523900
vt 0.663200 -0.411100
vt 0.662100 -0.410900
vt 0.663200 -0.427000
vt 0.662100 -0.426600
vt 0.219400 -0.793000
vt 0.219600 -0.794100
vt 0.227300 -0.791000
vt 0.227700 -0.792200
vt 0.230600 -0.790800
vt 0.230800 -0.792000
vt 0.216700 -0.795400
vt 0.216300 -0.794300
vt 0.926600 -0.926000
vt 0.923200 -0.926000
vt 0.926600 -0.929300
vt 0.923200 -0.929300
vt 0.998500 -0.941000
vt 0.997600 -0.941000
vt 0.998500 -0.944300
vt 0.997600 -0.944300
vt 0.980500 -0.887300
vt 0.979400 -0.887300
vt 0.980500 -0.890700
vt 0.979400 -0.890700
vt 0.997300 -0.935300
vt 0.998400 -0.935300
vt 0.997300 -0.932000
vt 0.998400 -0.932000
vt 0.982900 -0.896600
vt 0.983900 -0.896600
vt 0.982900 -0.893200
vt 0.983900 -0.893200
vt 0.485200 -0.658300
vt 0.491600 -0.658300
vt 0.485200 -0.635900
vt 0.491600 -0.635900
vt 0.485200 -0.613400
vt 0.491600 -0.613400
vt 0.485200 -0.590800
vt 0.491600 -0.590800
vt 0.491600 -0.680800
vt 0.485200 -0.680800
vt 0.491600 -0.703400
vt 0.485200 -0.703400
vt 0.491600 -0.725800
vt 0.485200 -0.725800
vt 0.721800 -0.013500
vt 0.721800 -0.020300
vt 0.737900 -0.013500
vt 0.737900 -0.020300
vt 0.259800 -0.094200
vt 0.259800 -0.085800
vt 0.254000 -0.094200
vt 0.254000 -0.085800
vt 0.258700 -0.983900
vt 0.258700 -0.975500
vt 0.252900 -0.983900
vt 0.252900 -0.975500
vt 0.089700 -0.168900
vt 0.096400 -0.168900
vt 0.089700 -0.152800
vt 0.096400 -0.152800
vt 0.945700 -0.220800
vt 0.954800 -0.220800
vt 0.945700 -0.215100
vt 0.954800 -0.215100
vt 0.737400 -0.071400
vt 0.750200 -0.071400
vt 0.737400 -0.065800
vt 0.750200 -0.065800
vt 0.663000 -0.019200
vt 0.663000 -0.012500
vt 0.647000 -0.019200
vt 0.647000 -0.012500
vt 0.641800 -0.025400
vt 0.630500 -0.025400
vt 0.641800 -0.031100
vt 0.630500 -0.031100
vt 0.204300 -0.003200
vt 0.195600 -0.003200
vt 0.204300 -0.008900
vt 0.195600 -0.008900
vt 0.851100 -0.878700
vt 0.851100 -0.895500
vt 0.861300 -0.878700
vt 0.861300 -0.895500
vt 0.851100 -0.912500
vt 0.861300 -0.912500
vt 0.851100 -0.929300
vt 0.861200 -0.929300
vt 0.851100 -0.946300
vt 0.861200 -0.946300
vt 0.851100 -0.963100
vt 0.861200 -0.963100
vt 0.851100 -0.980100
vt 0.861200 -0.980100
vt 0.851100 -0.996900
vt 0.861200 -0.996900
vt 0.851100 -0.861700
vt 0.861300 -0.861700
vt 0.861300 -0.844800
vt 0.851100 -0.844800
vt 0.861300 -0.827900
vt 0.851100 -0.827900
vt 0.861300 -0.811000
vt 0.851100 -0.811000
vt 0.861300 -0.794100
vt 0.851100 -0.794100
vt 0.380900 -0.170200
vt 0.364000 -0.170200
vt 0.395500 -0.178700
vt 0.349400 -0.178700
vt 0.340800 -0.193400
vt 0.403900 -0.193400
vt 0.340800 -0.210200
vt 0.403900 -0.210200
vt 0.349400 -0.224900
vt 0.395500 -0.224900
vt 0.364000 -0.233300
vt 0.380900 -0.233300
vt 0.981100 -0.784900
vt 0.975600 -0.784800
vt 0.981000 -0.791000
vt 0.975600 -0.791000
vt 0.981000 -0.797100
vt 0.975600 -0.797100
vt 0.981000 -0.803200
vt 0.975600 -0.803200
vt 0.981000 -0.809400
vt 0.975600 -0.809300
vt 0.981000 -0.815600
vt 0.975600 -0.815600
vt 0.981000 -0.821700
vt 0.975600 -0.821700
vt 0.975600 -0.778700
vt 0.981100 -0.778700
vt 0.975600 -0.772600
vt 0.981100 -0.772600
vt 0.039200 -0.033200
vt 0.039200 -0.017200
vt 0.033400 -0.030900
vt 0.033400 -0.019500
vt 0.031100 -0.025100
vt 0.044800 -0.030900
vt 0.044800 -0.019500
vt 0.047100 -0.025100
vt 0.769500 -0.268300
vt 0.753300 -0.240200
vt 0.753300 -0.272700
vt 0.736900 -0.268300
vt 0.725100 -0.256500
vt 0.720700 -0.240200
vt 0.725100 -0.223900
vt 0.736900 -0.212000
vt 0.753300 -0.207600
vt 0.769500 -0.212000
vt 0.781500 -0.223900
vt 0.785800 -0.240200
vt 0.781500 -0.256500
vt 0.857300 -0.448000
vt 0.858900 -0.448000
vt 0.857300 -0.429700
vt 0.858900 -0.429700
vt 0.857300 -0.411300
vt 0.858900 -0.411300
vt 0.857300 -0.392800
vt 0.858900 -0.392800
vt 0.857300 -0.374400
vt 0.858900 -0.374400
vt 0.858900 -0.466400
vt 0.857300 -0.466400
vt 0.858900 -0.484900
vt 0.857300 -0.484900
vt 0.858900 -0.503300
vt 0.857300 -0.503300
vt 0.858900 -0.521700
vt 0.857300 -0.521700
vt 0.858900 -0.540200
vt 0.857300 -0.540200
vt 0.858900 -0.558600
vt 0.857300 -0.558600
vt 0.858900 -0.577000
vt 0.857300 -0.577000
vt 0.858900 -0.595500
vt 0.857300 -0.595500
vt 0.318800 -0.294900
vt 0.318800 -0.233300
vt 0.305900 -0.282000
vt 0.305900 -0.246300
vt 0.301100 -0.264200
vt 0.336700 -0.299700
vt 0.336700 -0.228500
vt 0.354500 -0.294900
vt 0.354500 -0.233300
vt 0.367600 -0.282000
vt 0.367600 -0.246300
vt 0.372300 -0.264200
vt 0.176400 -0.212900
vt 0.190800 -0.221200
vt 0.177200 -0.209500
vt 0.193200 -0.218800
vt 0.199100 -0.235600
vt 0.202400 -0.234600
vt 0.199100 -0.252200
vt 0.202400 -0.253100
vt 0.190800 -0.266600
vt 0.193200 -0.269000
vt 0.176400 -0.274900
vt 0.177200 -0.278200
vt 0.159800 -0.274900
vt 0.158800 -0.278200
vt 0.145400 -0.266600
vt 0.142900 -0.269000
vt 0.137100 -0.252200
vt 0.133700 -0.253100
vt 0.137100 -0.235600
vt 0.133700 -0.234600
vt 0.145400 -0.221200
vt 0.142900 -0.218800
vt 0.159800 -0.212900
vt 0.158800 -0.209500
vt 0.096300 -0.773300
vt 0.096800 -0.773900
vt 0.097900 -0.773200
vt 0.097300 -0.773900
vt 0.097900 -0.772900
vt 0.093900 -0.772900
vt 0.095300 -0.773300
vt 0.093900 -0.773200
vt 0.094400 -0.773900
vt 0.095000 -0.773900
vt 0.892100 -0.983900
vt 0.892100 -0.985700
vt 0.892300 -0.983900
vt 0.892300 -0.985700
vt 0.891400 -0.985700
vt 0.891400 -0.983900
vt 0.565800 -0.976100
vt 0.565800 -0.974100
vt 0.565300 -0.976100
vt 0.565300 -0.974100
vt 0.847700 -0.898600
vt 0.845800 -0.898600
vt 0.847700 -0.899400
vt 0.845800 -0.899400
vt 0.376200 -0.862200
vt 0.376200 -0.859100
vt 0.374800 -0.862200
vt 0.374800 -0.859100
vt 0.375900 -0.854100
vt 0.375900 -0.851200
vt 0.374800 -0.854100
vt 0.374800 -0.851200
vt 0.373900 -0.828000
vt 0.373900 -0.831100
vt 0.374800 -0.828000
vt 0.374800 -0.831100
vt 0.376000 -0.870100
vt 0.376000 -0.867200
vt 0.374800 -0.870100
vt 0.374800 -0.867200
vt 0.376300 -0.867200
vt 0.376300 -0.870100
vt 0.944000 -0.002600
vt 0.910600 -0.002600
vt 0.944000 -0.009000
vt 0.910600 -0.009000
vt 0.947900 -0.131800
vt 0.951300 -0.069300
vt 0.941400 -0.131800
vt 0.937900 -0.069300
vt 0.767300 -0.170700
vt 0.829800 -0.170700
vt 0.767300 -0.137300
vt 0.829800 -0.137300
vt 0.942400 -0.147300
vt 0.939000 -0.209800
vt 0.948900 -0.147300
vt 0.952400 -0.209800
vt 0.514400 -0.158100
vt 0.451800 -0.158100
vt 0.514400 -0.191400
vt 0.451800 -0.191400
vt 0.833300 -0.168300
vt 0.833300 -0.171600
vt 0.836200 -0.168300
vt 0.836200 -0.171600
vt 0.930800 -0.243700
vt 0.928000 -0.243000
vt 0.930800 -0.247100
vt 0.928000 -0.247700
vt 0.930800 -0.228300
vt 0.928000 -0.227500
vt 0.930800 -0.231300
vt 0.928000 -0.232200
vt 0.930300 -0.251500
vt 0.927400 -0.250900
vt 0.930300 -0.254800
vt 0.927400 -0.255400
vt 0.930800 -0.236100
vt 0.928000 -0.235200
vt 0.930800 -0.239100
vt 0.928000 -0.239900
vt 0.495700 -0.255700
vt 0.517300 -0.255700
vt 0.495700 -0.251000
vt 0.517300 -0.251000
vt 0.426600 -0.031000
vt 0.426600 -0.048700
vt 0.448200 -0.031000
vt 0.448200 -0.048700
vt 0.636000 -0.013700
vt 0.614500 -0.013700
vt 0.636000 -0.018600
vt 0.614500 -0.018600
vt 0.527200 -0.050200
vt 0.527200 -0.032500
vt 0.505700 -0.050200
vt 0.505700 -0.032500
vt 0.715600 -0.163700
vt 0.710800 -0.163700
vt 0.715600 -0.181400
vt 0.710800 -0.181400
vt 0.817000 -0.786600
vt 0.847800 -0.786600
vt 0.817000 -0.712400
vt 0.847800 -0.712400
vt 0.845000 -0.704000
vt 0.819800 -0.704000
vt 0.836700 -0.701300
vt 0.828100 -0.701300
vt 0.819800 -0.794900
vt 0.845000 -0.794900
vt 0.828100 -0.797700
vt 0.836700 -0.797700
vt 0.836700 -0.996900
vt 0.845000 -0.994300
vt 0.828100 -0.996900
vt 0.819800 -0.994300
vt 0.847800 -0.986000
vt 0.817000 -0.986000
vt 0.847800 -0.911600
vt 0.817000 -0.911600
vt 0.845000 -0.903300
vt 0.819800 -0.903300
vt 0.836700 -0.900500
vt 0.828100 -0.900500
vt 0.981300 -0.214400
vt 0.983600 -0.214400
vt 0.981300 -0.140000
vt 0.983600 -0.140000
vt 0.997300 -0.108800
vt 0.994900 -0.108800
vt 0.997300 -0.117300
vt 0.994900 -0.117300
vt 0.997300 -0.126000
vt 0.994900 -0.126000
vt 0.997300 -0.134800
vt 0.994900 -0.134800
vt 0.994900 -0.100000
vt 0.997300 -0.100000
vt 0.994900 -0.091200
vt 0.997300 -0.091200
vt 0.985000 -0.839800
vt 0.987300 -0.839800
vt 0.985000 -0.765500
vt 0.987300 -0.765500
vt 0.995500 -0.872800
vt 0.997900 -0.872800
vt 0.995500 -0.864300
vt 0.997900 -0.864300
vt 0.995500 -0.855500
vt 0.997900 -0.855500
vt 0.995500 -0.846800
vt 0.997900 -0.846800
vt 0.997900 -0.881600
vt 0.995500 -0.881600
vt 0.997900 -0.890400
vt 0.995500 -0.890400
vt 0.867700 -0.623300
vt 0.853600 -0.637100
vt 0.867700 -0.713300
vt 0.853600 -0.703400
vt 0.920000 -0.987100
vt 0.920000 -0.920900
vt 0.906000 -0.996900
vt 0.906000 -0.907000
vt 0.191700 -0.106100
vt 0.191700 -0.103900
vt 0.171900 -0.106100
vt 0.171900 -0.103900
vt 0.076000 -0.006700
vt 0.076000 -0.004500
vt 0.058800 -0.006700
vt 0.058800 -0.004500
vt 0.990700 -0.846800
vt 0.992800 -0.846800
vt 0.990700 -0.780600
vt 0.992800 -0.780600
vt 0.867200 -0.279100
vt 0.891800 -0.279100
vt 0.867200 -0.199500
vt 0.891800 -0.199500
vt 0.953600 -0.554800
vt 0.962600 -0.554800
vt 0.953600 -0.471100
vt 0.962600 -0.471100
vt 0.249100 -0.340200
vt 0.258200 -0.340200
vt 0.238300 -0.313600
vt 0.244900 -0.310700
vt 0.258200 -0.310700
vt 0.086500 -0.132400
vt 0.002900 -0.132400
vt 0.086500 -0.145600
vt 0.002900 -0.145600
vt 0.002900 -0.152800
vt 0.086500 -0.152800
vt 0.002900 -0.742700
vt 0.016100 -0.713100
vt 0.002900 -0.713100
vt 0.011800 -0.742700
vt 0.022700 -0.716100
vt 0.004900 -0.182700
vt 0.002900 -0.184800
vt 0.084600 -0.182700
vt 0.086500 -0.184800
vt 0.084600 -0.158100
vt 0.086500 -0.156000
vt 0.004900 -0.158100
vt 0.002900 -0.156000
vt 0.965600 -0.803200
vt 0.972200 -0.803200
vt 0.965600 -0.723500
vt 0.972200 -0.723500
vt 0.284900 -0.025100
vt 0.284900 -0.018600
vt 0.260300 -0.025100
vt 0.260300 -0.018600
vt 0.965600 -0.292600
vt 0.972200 -0.292600
vt 0.965600 -0.212900
vt 0.972200 -0.212900
vt 0.982900 -0.296500
vt 0.989500 -0.296500
vt 0.982900 -0.271900
vt 0.989400 -0.271900
vt 0.893800 -0.723000
vt 0.886100 -0.723000
vt 0.893800 -0.980000
vt 0.886100 -0.980000
vt 0.939000 -0.730100
vt 0.943100 -0.730100
vt 0.939000 -0.473100
vt 0.943100 -0.473100
vt 0.088300 -0.387800
vt 0.089200 -0.383700
vt 0.081300 -0.384400
vt 0.082400 -0.381300
vt 0.946800 -0.554800
vt 0.950000 -0.554800
vt 0.946800 -0.297700
vt 0.950000 -0.297700
vt 0.133700 -0.400500
vt 0.133700 -0.403700
vt 0.141400 -0.399500
vt 0.141000 -0.403700
vt 0.897500 -0.462900
vt 0.889800 -0.462900
vt 0.897500 -0.719800
vt 0.889800 -0.719800
vt 0.878800 -0.556300
vt 0.886600 -0.556300
vt 0.878800 -0.299300
vt 0.886600 -0.299300
vt 0.906000 -0.746600
vt 0.913200 -0.749400
vt 0.908100 -0.739300
vt 0.911600 -0.739100
vt 0.942400 -0.213000
vt 0.939000 -0.213000
vt 0.942400 -0.470000
vt 0.939000 -0.470000
vt 0.002900 -0.324600
vt 0.003100 -0.328000
vt 0.010000 -0.321800
vt 0.013400 -0.328900
vt 0.575800 -0.291400
vt 0.564500 -0.291400
vt 0.575800 -0.555100
vt 0.564500 -0.555100
vt 0.553300 -0.555100
vt 0.553300 -0.291400
vt 0.535000 -0.555100
vt 0.535000 -0.291400
vt 0.587000 -0.291400
vt 0.587000 -0.555100
vt 0.598000 -0.555100
vt 0.598000 -0.291400
vt 0.618500 -0.291400
vt 0.618500 -0.555100
vt 0.897100 -0.733300
vt 0.897100 -0.996900
vt 0.902500 -0.733300
vt 0.902500 -0.996900
vt 0.002900 -0.450300
vt 0.257900 -0.450300
vt 0.002900 -0.438100
vt 0.257900 -0.438100
vt 0.257900 -0.426300
vt 0.002900 -0.426300
vt 0.002900 -0.406900
vt 0.257900 -0.406900
vt 0.002900 -0.462500
vt 0.257900 -0.462500
vt 0.257900 -0.474600
vt 0.002900 -0.474600
vt 0.257900 -0.494600
vt 0.002900 -0.494600
vt 0.257900 -0.498500
vt 0.002900 -0.498500
vt 0.946300 -0.996900
vt 0.948400 -0.992700
vt 0.946300 -0.733300
vt 0.948400 -0.737700
vt 0.949500 -0.733300
vt 0.949500 -0.737700
vt 0.949600 -0.996900
vt 0.949500 -0.992700
vt 0.938400 -0.733300
vt 0.938500 -0.996900
vt 0.943100 -0.737500
vt 0.943100 -0.992700
vt 0.965700 -0.151200
vt 0.970100 -0.151200
vt 0.965800 -0.138900
vt 0.970100 -0.138900
vt 0.970100 -0.127000
vt 0.965800 -0.127000
vt 0.965800 -0.103500
vt 0.970200 -0.103500
vt 0.965700 -0.163700
vt 0.970100 -0.163700
vt 0.970000 -0.175500
vt 0.965700 -0.175500
vt 0.970000 -0.195700
vt 0.965600 -0.195600
vt 0.965600 -0.205400
vt 0.970200 -0.209800
vt 0.972200 -0.341600
vt 0.967900 -0.341600
vt 0.972200 -0.353100
vt 0.967900 -0.353100
vt 0.967900 -0.365500
vt 0.972300 -0.365500
vt 0.972300 -0.378100
vt 0.967900 -0.378100
vt 0.967900 -0.390000
vt 0.972300 -0.390000
vt 0.972300 -0.410000
vt 0.967900 -0.410000
vt 0.972300 -0.419800
vt 0.967700 -0.424200
vt 0.967900 -0.316300
vt 0.972200 -0.316300
vt 0.242400 -0.194300
vt 0.243300 -0.181300
vt 0.230300 -0.191800
vt 0.232200 -0.179600
vt 0.221700 -0.175900
vt 0.219500 -0.186800
vt 0.204300 -0.168900
vt 0.206100 -0.166300
vt 0.254900 -0.194000
vt 0.254500 -0.180800
vt 0.265100 -0.177900
vt 0.266500 -0.191300
vt 0.282100 -0.166300
vt 0.283000 -0.179900
vt 0.287500 -0.166500
vt 0.852100 -0.707900
vt 0.851100 -0.708500
vt 0.869300 -0.723800
vt 0.862800 -0.723900
vt 0.866500 -0.735100
vt 0.873800 -0.734700
vt 0.867800 -0.747300
vt 0.875900 -0.746900
vt 0.875100 -0.759400
vt 0.866600 -0.759500
vt 0.871900 -0.770900
vt 0.862900 -0.771000
vt 0.860000 -0.787000
vt 0.851100 -0.787000
vt 0.851100 -0.790900
vt 0.017900 -0.380700
vt 0.020100 -0.394000
vt 0.028700 -0.376200
vt 0.030800 -0.390400
vt 0.041900 -0.388700
vt 0.041000 -0.374500
vt 0.053500 -0.375500
vt 0.053100 -0.389200
vt 0.063700 -0.392100
vt 0.065100 -0.378700
vt 0.081500 -0.390000
vt 0.080600 -0.403700
vt 0.086100 -0.403400
vt 0.004600 -0.403700
vt 0.002900 -0.401000
vt 0.780000 -0.200100
vt 0.780200 -0.191200
vt 0.776200 -0.200100
vt 0.796100 -0.179100
vt 0.796100 -0.188000
vt 0.807600 -0.184300
vt 0.807600 -0.175400
vt 0.819700 -0.183100
vt 0.819900 -0.173800
vt 0.832300 -0.175000
vt 0.831900 -0.184300
vt 0.843300 -0.179100
vt 0.843300 -0.188000
vt 0.859300 -0.198600
vt 0.858600 -0.199600
vt 0.941500 -0.052000
vt 0.941500 -0.064100
vt 0.951800 -0.052000
vt 0.951800 -0.064100
vt 0.031500 -0.012000
vt 0.031500 -0.002800
vt 0.021200 -0.012000
vt 0.021200 -0.002800
vt 0.405000 -0.005400
vt 0.405000 -0.014400
vt 0.417100 -0.005400
vt 0.417100 -0.014400
vt 0.949200 -0.144200
vt 0.949200 -0.135100
vt 0.939000 -0.144200
vt 0.939000 -0.135100
vt 0.911700 -0.191400
vt 0.911700 -0.200400
vt 0.923800 -0.191400
vt 0.923800 -0.200400
vt 0.968500 -0.973500
vt 0.969500 -0.938400
vt 0.965600 -0.973500
vt 0.966600 -0.938400
vt 0.968800 -0.903200
vt 0.965900 -0.903200
vt 0.970900 -0.903200
vt 0.971700 -0.938400
vt 0.970700 -0.973500
vt 0.969500 -0.996900
vt 0.971700 -0.996900
vt 0.966600 -0.996900
vt 0.374300 -0.729200
vt 0.370700 -0.729200
vt 0.374300 -0.734300
vt 0.370700 -0.734300
vt 0.283700 -0.163100
vt 0.283700 -0.159900
vt 0.278600 -0.163100
vt 0.278600 -0.159900
vt 0.930500 -0.197100
vt 0.927400 -0.196800
vt 0.930500 -0.200800
vt 0.927400 -0.200400
vt 0.865700 -0.149800
vt 0.868800 -0.149900
vt 0.865700 -0.144800
vt 0.868800 -0.144800
vt 0.618200 -0.120000
vt 0.618400 -0.123200
vt 0.621800 -0.120200
vt 0.621900 -0.123400
vt 0.995000 -0.589800
vt 0.995200 -0.603800
vt 0.998200 -0.589800
vt 0.998400 -0.603800
vt 0.995000 -0.617600
vt 0.998200 -0.617600
vt 0.027000 -0.372200
vt 0.040500 -0.371100
vt 0.027000 -0.371300
vt 0.040500 -0.368800
vt 0.054200 -0.372100
vt 0.054200 -0.371100
vt 0.496100 -0.700200
vt 0.495100 -0.700100
vt 0.496100 -0.703700
vt 0.495100 -0.703600
vt 0.955400 -0.124100
vt 0.954200 -0.110500
vt 0.954500 -0.124100
vt 0.952000 -0.110500
vt 0.955200 -0.096800
vt 0.954300 -0.096800
vt 0.495100 -0.721400
vt 0.496100 -0.721300
vt 0.495100 -0.718000
vt 0.496100 -0.717800
vt 0.701900 -0.947400
vt 0.705900 -0.947400
vt 0.701900 -0.944800
vt 0.705900 -0.944800
vt 0.930100 -0.272000
vt 0.930100 -0.266800
vt 0.927400 -0.272000
vt 0.927400 -0.266800
vt 0.924400 -0.873700
vt 0.924400 -0.878800
vt 0.928500 -0.873700
vt 0.928500 -0.878800
vt 0.927400 -0.258500
vt 0.927400 -0.263700
vt 0.930100 -0.258500
vt 0.930100 -0.263700
vt 0.125200 -0.062000
vt 0.120100 -0.062000
vt 0.125200 -0.066000
vt 0.120100 -0.066000
vt 0.220600 -0.028400
vt 0.222000 -0.028400
vt 0.220600 -0.018800
vt 0.222000 -0.020800
vt 0.240200 -0.018800
vt 0.238600 -0.020800
vt 0.240200 -0.028400
vt 0.238600 -0.028400
vt 0.644000 -0.031100
vt 0.645600 -0.031100
vt 0.644000 -0.023800
vt 0.645600 -0.021700
vt 0.628100 -0.023800
vt 0.626600 -0.021700
vt 0.628100 -0.031100
vt 0.626600 -0.031100
vt 0.533000 -0.012200
vt 0.532800 -0.018200
vt 0.542500 -0.012500
vt 0.542600 -0.018300
vt 0.049400 -0.011200
vt 0.055300 -0.011600
vt 0.049400 -0.001800
vt 0.055300 -0.001800
vt 0.543700 -0.141200
vt 0.543500 -0.135400
vt 0.527100 -0.141200
vt 0.527500 -0.135400
vt 0.823200 -0.022500
vt 0.823600 -0.016500
vt 0.804200 -0.022500
vt 0.804000 -0.016500
vt 0.662800 -0.995100
vt 0.656900 -0.995500
vt 0.662800 -0.996700
vt 0.656900 -0.996900
vt 0.931000 -0.703600
vt 0.929400 -0.703700
vt 0.931000 -0.709600
vt 0.929400 -0.709600
vt 0.243500 -0.017100
vt 0.257100 -0.017100
vt 0.243500 -0.013100
vt 0.257100 -0.013100
vt 0.243500 -0.025100
vt 0.257100 -0.025100
vt 0.243500 -0.021100
vt 0.257100 -0.021100
vt 0.971400 -0.806400
vt 0.968500 -0.806400
vt 0.971400 -0.900000
vt 0.968500 -0.900000
vt 0.965600 -0.806400
vt 0.965600 -0.900000
vt 0.995200 -0.902500
vt 0.998200 -0.902500
vt 0.995200 -0.897500
vt 0.998200 -0.897500
vt 0.790300 -0.096300
vt 0.786600 -0.096300
vt 0.790300 -0.101300
vt 0.786600 -0.101300
vt 0.225200 -0.024800
vt 0.225300 -0.027800
vt 0.234500 -0.024800
vt 0.234600 -0.028400
vt 0.518800 -0.328400
vt 0.522500 -0.328400
vt 0.518800 -0.319100
vt 0.521700 -0.319100
vt 0.974500 -0.572300
vt 0.980300 -0.572300
vt 0.974500 -0.565400
vt 0.980300 -0.565400
vt 0.974500 -0.558800
vt 0.980300 -0.558800
vt 0.974500 -0.550500
vt 0.980300 -0.550500
vt 0.980300 -0.581100
vt 0.974500 -0.581100
vt 0.980300 -0.588000
vt 0.974500 -0.588000
vt 0.053700 -0.616500
vt 0.047900 -0.616500
vt 0.053700 -0.630100
vt 0.047900 -0.630100
vt 0.783200 -0.037200
vt 0.785400 -0.038200
vt 0.783400 -0.032200
vt 0.785500 -0.031400
vt 0.778400 -0.028000
vt 0.778800 -0.025800
vt 0.773300 -0.028800
vt 0.772000 -0.026900
vt 0.772000 -0.040600
vt 0.774200 -0.038500
vt 0.779400 -0.040000
vt 0.780200 -0.042200
vt 0.553000 -0.245700
vt 0.552100 -0.247900
vt 0.558000 -0.245600
vt 0.559000 -0.247800
vt 0.560900 -0.241800
vt 0.563000 -0.242600
vt 0.559200 -0.236600
vt 0.561500 -0.234400
vt 0.549700 -0.235700
vt 0.547700 -0.234400
vt 0.548700 -0.240700
vt 0.546500 -0.241100
vt 0.990800 -0.745600
vt 0.985000 -0.745600
vt 0.990800 -0.750700
vt 0.985000 -0.750700
vt 0.990800 -0.757200
vt 0.985000 -0.757200
vt 0.990800 -0.762300
vt 0.985000 -0.762300
vt 0.985000 -0.740800
vt 0.990800 -0.740800
vt 0.985000 -0.735400
vt 0.990800 -0.735400
vt 0.147200 -0.009500
vt 0.147200 -0.003500
vt 0.137600 -0.009500
vt 0.137600 -0.003500
vt 0.153800 -0.025100
vt 0.153700 -0.012600
vt 0.140700 -0.024800
vt 0.140500 -0.012600
vt 0.438200 -0.014600
vt 0.438200 -0.001500
vt 0.436300 -0.014800
vt 0.436300 -0.001500
vt 0.757000 -0.004000
vt 0.757000 -0.002100
vt 0.743800 -0.004000
vt 0.743900 -0.002100
vt 0.661600 -0.442300
vt 0.663600 -0.441900
vt 0.661600 -0.430200
vt 0.663600 -0.430200
vt 0.663600 -0.490100
vt 0.663600 -0.477500
vt 0.661600 -0.490100
vt 0.661600 -0.477500
vt 0.618500 -0.286700
vt 0.609300 -0.286700
vt 0.618500 -0.288200
vt 0.609300 -0.288000
vt 0.609300 -0.285400
vt 0.618500 -0.285300
vt 0.610100 -0.283800
vt 0.617400 -0.283700
vt 0.989100 -0.850000
vt 0.988600 -0.884800
vt 0.990600 -0.850000
vt 0.990700 -0.884500
vt 0.180100 -0.678500
vt 0.178100 -0.679400
vt 0.179300 -0.683600
vt 0.177600 -0.683800
vt 0.178600 -0.688500
vt 0.180100 -0.687600
vt 0.179900 -0.689300
vt 0.802100 -0.848000
vt 0.801500 -0.846900
vt 0.802000 -0.848500
vt 0.801100 -0.847000
vt 0.800800 -0.845500
vt 0.801300 -0.845700
vt 0.802100 -0.844500
vt 0.374300 -0.791700
vt 0.375500 -0.791700
vt 0.375400 -0.790300
vt 0.375500 -0.795900
vt 0.373200 -0.796000
vt 0.372800 -0.801000
vt 0.375900 -0.801000
vt 0.373200 -0.791700
vt 0.992100 -0.850000
vt 0.992800 -0.884800
vt 0.184000 -0.688600
vt 0.185900 -0.689500
vt 0.183300 -0.684100
vt 0.185200 -0.684400
vt 0.185900 -0.680300
vt 0.184400 -0.679600
vt 0.185700 -0.678800
vt 0.799300 -0.887100
vt 0.798200 -0.887100
vt 0.798100 -0.888500
vt 0.798200 -0.882900
vt 0.800500 -0.882900
vt 0.800500 -0.887100
vt 0.800500 -0.888500
vt 0.801000 -0.877800
vt 0.797900 -0.877800
vt 0.002900 -0.816300
vt 0.004000 -0.817300
vt 0.004000 -0.815400
vt 0.005100 -0.816300
vt 0.851600 -0.723300
vt 0.853100 -0.723400
vt 0.851100 -0.721800
vt 0.852700 -0.721800
s 0
usemtl ee46f456-1d5f-4e1c-b611-4cd174f9ea77.001
f 1/1/1 2/2/1 3/3/1
f 4/4/1 3/3/1 2/2/1
f 3/3/1 4/4/1 5/5/1
f 6/6/1 5/5/1 4/4/1
f 5/5/1 6/6/1 7/7/1
f 8/8/1 7/7/1 6/6/1
f 7/7/1 8/8/1 9/9/1
f 10/10/1 9/9/1 8/8/1
f 13/11/2 11/12/2 12/13/2
f 16/14/3 15/15/3 14/16/3
f 19/17/3 18/16/3 17/15/3
f 22/12/4 21/11/4 20/18/4
f 25/19/4 24/18/4 23/11/4
f 28/20/5 27/21/5 26/14/5
f 31/15/5 30/14/5 29/21/5
f 34/22/6 33/23/6 32/20/6
f 37/21/6 36/20/6 35/23/6
f 40/23/7 39/22/7 38/24/7
usemtl a3b532a8-843e-462f-9634-a8ac6b9f7236.001
f 43/25/8 42/26/8 41/27/8
f 44/28/8 41/27/8 42/26/8
f 41/27/8 45/29/8 43/25/8
f 46/30/8 43/25/8 45/29/8
f 43/25/9 46/30/9 47/31/9
f 46/30/9 48/32/9 47/31/9
f 49/33/9 47/31/9 48/32/9
f 49/33/10 50/34/10 47/31/10
f 51/35/10 47/31/10 50/34/10
f 48/32/9 52/36/9 49/33/9
f 48/32/8 53/37/8 52/36/8
f 54/38/8 52/36/8 53/37/8
f 52/36/8 54/38/8 55/39/8
f 56/40/8 55/39/8 54/38/8
f 59/41/11 58/42/11 57/43/11
f 60/44/12 58/42/12 59/41/12
f 60/44/13 59/41/13 61/45/13
f 61/45/14 59/41/14 62/46/14
f 62/46/15 59/41/15 63/47/15
f 64/48/16 62/46/16 63/47/16
f 65/49/17 64/48/17 63/47/17
f 66/50/18 65/49/18 63/47/18
f 66/50/19 63/47/19 67/51/19
f 63/47/20 68/52/20 67/51/20
f 69/53/21 67/51/21 68/52/21
f 69/53/22 68/52/22 70/54/22
f 71/55/22 70/54/22 68/52/22
f 59/41/20 57/43/20 72/56/20
f 73/57/23 72/56/23 57/43/23
f 73/57/22 74/58/22 72/56/22
f 75/59/22 72/56/22 74/58/22
f 78/60/24 77/61/24 76/62/24
f 79/63/25 77/61/25 78/60/25
f 77/61/26 79/63/26 80/64/26
f 81/65/1 80/64/1 79/63/1
f 80/64/1 81/65/1 82/66/1
f 83/67/1 82/66/1 81/65/1
f 82/66/1 83/67/1 84/68/1
f 84/68/1 83/67/1 85/69/1
f 86/70/1 80/64/1 82/66/1
f 89/71/1 88/72/1 87/73/1
f 88/72/1 90/74/1 87/73/1
f 89/71/1 87/73/1 91/75/1
f 92/76/1 91/75/1 87/73/1
f 93/77/1 91/75/1 92/76/1
f 93/77/1 92/76/1 94/78/1
f 95/79/1 93/77/1 94/78/1
f 94/78/1 96/80/1 95/79/1
f 91/75/1 97/81/1 89/71/1
f 100/82/27 99/83/27 98/84/27
f 101/85/27 98/84/27 99/83/27
f 99/83/28 102/86/28 101/85/28
f 101/85/29 102/86/29 103/87/29
f 104/88/30 102/86/30 99/83/30
f 98/84/27 105/89/27 100/82/27
f 106/90/27 100/82/27 105/89/27
f 106/90/27 105/89/27 107/91/27
f 108/92/27 107/91/27 105/89/27
f 109/93/31 107/91/31 108/92/31
f 109/93/30 110/94/30 107/91/30
f 109/93/29 108/92/29 111/95/29
f 114/96/32 113/97/32 112/98/32
f 113/97/33 115/99/33 112/98/33
f 113/97/33 116/100/33 115/99/33
f 116/100/33 117/101/33 115/99/33
f 120/102/34 119/103/34 118/104/34
f 121/105/35 118/104/35 119/103/35
f 120/102/36 118/104/36 122/106/36
f 123/107/37 122/106/37 118/104/37
f 126/108/38 125/109/38 124/110/38
f 127/111/38 124/110/38 125/109/38
f 124/110/39 128/112/39 126/108/39
f 129/113/40 126/108/40 128/112/40
f 129/113/41 128/112/41 130/114/41
f 131/115/42 130/114/42 128/112/42
f 134/116/43 133/117/43 132/118/43
f 135/119/43 132/118/43 133/117/43
f 138/120/44 137/121/44 136/122/44
f 139/123/44 136/122/44 137/121/44
f 142/124/45 141/125/45 140/126/45
f 143/127/45 140/126/45 141/125/45
f 146/128/46 145/129/46 144/130/46
f 147/131/33 144/130/33 145/129/33
f 148/132/33 144/130/33 147/131/33
f 149/133/47 145/129/47 146/128/47
f 149/133/48 150/134/48 145/129/48
f 153/135/49 152/136/49 151/137/49
f 154/138/49 151/137/49 152/136/49
f 152/136/50 155/139/50 154/138/50
f 156/140/50 154/138/50 155/139/50
f 155/139/51 157/141/51 156/140/51
f 158/142/51 156/140/51 157/141/51
f 158/142/52 157/141/52 159/143/52
f 160/144/53 159/143/53 157/141/53
f 160/144/54 161/145/54 159/143/54
f 162/146/55 159/143/55 161/145/55
f 162/146/56 161/145/56 163/147/56
f 164/148/56 163/147/56 161/145/56
f 163/147/57 164/148/57 165/149/57
f 166/150/57 165/149/57 164/148/57
f 165/149/58 166/150/58 167/151/58
f 168/152/58 167/151/58 166/150/58
f 167/151/59 168/152/59 169/153/59
f 170/154/59 169/153/59 168/152/59
f 173/155/60 172/156/60 171/157/60
f 174/158/61 171/157/61 172/156/61
f 172/156/62 175/159/62 174/158/62
f 178/160/63 177/161/63 176/162/63
f 179/163/64 176/162/64 177/161/64
f 181/164/65 153/135/65 180/165/65
f 151/137/65 180/165/65 153/135/65
f 184/166/8 183/167/8 182/168/8
f 184/166/8 182/168/8 185/169/8
f 186/170/8 185/169/8 182/168/8
f 187/171/8 185/169/8 186/170/8
f 185/169/8 188/172/8 184/166/8
f 189/173/8 184/166/8 188/172/8
f 192/174/1 191/175/1 190/176/1
f 193/177/1 190/176/1 191/175/1
f 196/178/66 195/179/66 194/180/66
f 197/181/66 194/180/66 195/179/66
f 200/182/1 199/183/1 198/184/1
f 201/185/67 198/184/67 199/183/67
f 202/186/68 198/184/68 201/185/68
f 205/187/69 204/188/69 203/189/69
f 205/187/70 206/190/70 204/188/70
f 205/187/71 207/191/71 206/190/71
f 208/192/33 206/190/33 207/191/33
f 207/191/33 209/193/33 208/192/33
f 210/194/33 208/192/33 209/193/33
f 210/194/33 209/193/33 211/195/33
f 207/191/33 212/196/33 209/193/33
f 215/197/33 214/198/33 213/199/33
f 214/198/33 216/200/33 213/199/33
f 217/201/33 213/199/33 216/200/33
f 216/200/33 218/202/33 217/201/33
f 217/201/33 218/202/33 219/203/33
f 218/202/33 220/204/33 219/203/33
f 221/205/33 219/203/33 220/204/33
f 222/206/33 216/200/33 214/198/33
f 223/207/33 215/197/33 213/199/33
f 226/208/72 225/209/72 224/210/72
f 227/211/1 226/208/1 224/210/1
f 228/212/1 226/208/1 227/211/1
f 229/213/1 228/212/1 227/211/1
f 232/214/35 231/215/35 230/216/35
f 233/217/73 230/216/73 231/215/73
f 233/217/74 234/218/74 230/216/74
f 235/219/37 230/216/37 234/218/37
f 238/220/66 237/221/66 236/222/66
f 239/223/66 236/222/66 237/221/66
f 242/224/75 241/225/75 240/226/75
f 243/227/75 240/226/75 241/225/75
f 241/225/76 244/228/76 243/227/76
f 245/229/76 243/227/76 244/228/76
f 244/228/77 246/230/77 245/229/77
f 247/231/77 245/229/77 246/230/77
f 240/226/78 248/232/78 242/224/78
f 249/233/78 242/224/78 248/232/78
f 248/232/79 250/234/79 249/233/79
f 251/235/79 249/233/79 250/234/79
f 254/236/38 253/237/38 252/238/38
f 255/239/38 252/238/38 253/237/38
f 252/238/39 255/239/39 256/240/39
f 257/241/80 256/240/80 255/239/80
f 257/241/81 258/242/81 256/240/81
f 259/243/42 256/240/42 258/242/42
f 262/244/43 261/245/43 260/246/43
f 263/247/43 260/246/43 261/245/43
f 266/248/44 265/249/44 264/250/44
f 267/251/44 264/250/44 265/249/44
f 270/252/45 269/253/45 268/254/45
f 271/255/45 268/254/45 269/253/45
f 274/256/1 273/257/1 272/258/1
f 275/259/1 272/258/1 273/257/1
f 273/257/1 276/260/1 275/259/1
f 277/261/1 276/260/1 273/257/1
f 272/258/1 278/262/1 274/256/1
f 281/263/82 280/264/82 279/265/82
f 282/266/60 279/265/60 280/264/60
f 283/267/62 280/264/62 281/263/62
f 286/268/83 285/269/83 284/270/83
f 287/271/63 284/270/63 285/269/63
f 290/272/45 289/273/45 288/274/45
f 290/272/45 288/274/45 291/275/45
f 292/276/45 291/275/45 288/274/45
f 293/277/45 291/275/45 292/276/45
f 288/274/45 294/278/45 292/276/45
f 295/279/45 292/276/45 294/278/45
f 290/272/45 291/275/45 296/280/45
f 297/281/45 296/280/45 291/275/45
f 297/281/45 298/282/45 296/280/45
f 299/283/45 296/280/45 298/282/45
f 298/282/45 300/284/45 299/283/45
f 301/285/45 299/283/45 300/284/45
f 300/284/45 302/286/45 301/285/45
f 303/287/45 301/285/45 302/286/45
f 304/288/45 303/287/45 302/286/45
f 307/289/66 306/290/66 305/291/66
f 308/292/66 305/291/66 306/290/66
f 311/293/33 310/294/33 309/295/33
f 312/296/33 309/295/33 310/294/33
f 315/297/66 314/298/66 313/299/66
f 316/300/66 313/299/66 314/298/66
f 319/301/84 318/302/84 317/303/84
f 320/304/33 317/303/33 318/302/33
f 317/303/85 321/305/85 319/301/85
f 324/306/45 323/307/45 322/308/45
f 325/309/45 322/308/45 323/307/45
f 325/309/45 326/310/45 322/308/45
f 327/311/45 322/308/45 326/310/45
f 322/308/86 327/311/86 328/312/86
f 329/313/87 328/312/87 327/311/87
f 329/313/88 327/311/88 330/314/88
f 326/310/88 330/314/88 327/311/88
f 326/310/89 325/309/89 330/314/89
f 331/315/90 330/314/90 325/309/90
f 323/307/91 332/316/91 325/309/91
f 333/317/91 325/309/91 332/316/91
f 324/306/45 334/318/45 323/307/45
f 335/319/45 323/307/45 334/318/45
f 323/307/92 335/319/92 336/320/92
f 337/321/93 336/320/93 335/319/93
f 337/321/94 335/319/94 338/322/94
f 334/318/94 338/322/94 335/319/94
f 334/318/95 324/306/95 338/322/95
f 339/323/96 338/322/96 324/306/96
f 324/306/97 322/308/97 340/324/97
f 341/325/97 340/324/97 322/308/97
f 344/326/98 343/327/98 342/328/98
f 345/329/99 342/328/99 343/327/99
f 343/327/100 344/326/100 346/330/100
f 347/331/101 346/330/101 344/326/101
f 346/330/102 347/331/102 348/332/102
f 349/333/103 348/332/103 347/331/103
f 348/332/104 349/333/104 350/334/104
f 351/335/105 350/334/105 349/333/105
f 354/327/106 353/336/106 352/329/106
f 355/337/107 352/329/107 353/336/107
f 353/336/108 354/327/108 356/338/108
f 357/330/109 356/338/109 354/327/109
f 356/338/110 357/330/110 358/339/110
f 359/332/111 358/339/111 357/330/111
f 358/339/112 359/332/112 360/340/112
f 361/334/113 360/340/113 359/332/113
f 364/341/114 363/326/114 362/342/114
f 365/328/115 362/342/115 363/326/115
f 363/326/116 364/341/116 366/331/116
f 367/343/117 366/331/117 364/341/117
f 366/331/118 367/343/118 368/333/118
f 369/344/119 368/333/119 367/343/119
f 368/333/120 369/344/120 370/335/120
f 371/345/121 370/335/121 369/344/121
f 374/346/122 373/347/122 372/348/122
f 377/349/123 376/350/123 375/351/123
f 378/352/123 375/351/123 376/350/123
f 381/351/124 380/352/124 379/353/124
f 382/354/124 379/353/124 380/352/124
f 385/355/125 384/356/125 383/349/125
f 386/350/125 383/349/125 384/356/125
f 389/357/126 388/358/126 387/359/126
f 390/360/126 387/359/126 388/358/126
f 388/358/127 391/361/127 390/360/127
f 392/362/127 390/360/127 391/361/127
f 391/361/128 393/363/128 392/362/128
f 394/364/129 392/362/129 393/363/129
f 393/363/130 395/365/130 394/364/130
f 396/366/131 394/364/131 395/365/131
f 389/357/132 387/359/132 397/367/132
f 398/368/132 397/367/132 387/359/132
f 398/368/133 399/369/133 397/367/133
f 400/370/133 397/367/133 399/369/133
f 403/371/134 402/372/134 401/373/134
f 404/374/135 401/373/135 402/372/135
f 402/372/136 405/375/136 404/374/136
f 406/376/137 404/374/137 405/375/137
f 409/377/138 408/378/138 407/379/138
f 409/377/139 410/380/139 408/378/139
f 411/381/139 408/378/139 410/380/139
f 412/382/138 411/381/138 410/380/138
f 415/383/140 414/384/140 413/385/140
f 416/386/141 413/385/141 414/384/141
f 414/384/142 417/387/142 416/386/142
f 418/388/143 416/386/143 417/387/143
f 417/387/144 419/389/144 418/388/144
f 420/390/145 418/388/145 419/389/145
f 419/389/146 421/391/146 420/390/146
f 422/392/147 420/390/147 421/391/147
f 421/391/148 423/393/148 422/392/148
f 424/394/149 422/392/149 423/393/149
f 423/393/150 421/391/150 425/395/150
f 426/396/151 425/395/151 421/391/151
f 421/391/152 419/389/152 426/396/152
f 427/397/153 426/396/153 419/389/153
f 419/389/154 417/387/154 427/397/154
f 428/398/155 427/397/155 417/387/155
f 417/387/156 414/384/156 428/398/156
f 429/399/157 428/398/157 414/384/157
f 414/384/158 415/383/158 429/399/158
f 430/400/159 429/399/159 415/383/159
f 415/383/160 431/401/160 430/400/160
f 432/402/161 430/400/161 431/401/161
f 431/401/162 415/383/162 433/403/162
f 413/385/163 433/403/163 415/383/163
f 436/404/164 435/405/164 434/406/164
f 437/407/164 434/406/164 435/405/164
f 435/405/165 438/408/165 437/407/165
f 439/409/165 437/407/165 438/408/165
f 434/406/166 440/410/166 436/404/166
f 441/411/166 436/404/166 440/410/166
f 440/410/167 442/412/167 441/411/167
f 443/413/167 441/411/167 442/412/167
f 442/412/168 444/414/168 443/413/168
f 445/415/168 443/413/168 444/414/168
f 444/414/169 446/416/169 445/415/169
f 447/417/170 445/415/170 446/416/170
f 450/418/123 449/419/123 448/420/123
f 451/421/123 448/420/123 449/419/123
f 448/420/171 451/421/171 452/422/171
f 453/423/171 452/422/171 451/421/171
f 452/422/172 453/423/172 454/424/172
f 455/425/172 454/424/172 453/423/172
f 454/424/173 455/425/173 456/426/173
f 457/427/174 456/426/174 455/425/174
f 449/419/175 450/418/175 458/428/175
f 459/429/175 458/428/175 450/418/175
f 458/428/176 459/429/176 460/430/176
f 461/431/176 460/430/176 459/429/176
f 464/432/177 463/433/177 462/434/177
f 462/434/177 465/435/177 464/432/177
f 466/436/178 464/432/178 465/435/178
f 467/437/178 466/436/178 465/435/178
f 470/438/45 469/439/45 468/440/45
f 471/441/45 468/440/45 469/439/45
f 471/441/45 472/442/45 468/440/45
f 473/443/45 468/440/45 472/442/45
f 472/442/45 474/444/45 473/443/45
f 475/445/45 473/443/45 474/444/45
f 470/438/45 476/446/45 469/439/45
f 477/447/45 469/439/45 476/446/45
f 476/446/45 478/448/45 477/447/45
f 479/449/45 477/447/45 478/448/45
f 482/450/66 481/451/66 480/452/66
f 483/453/66 480/452/66 481/451/66
f 481/451/66 484/454/66 483/453/66
f 485/455/66 483/453/66 484/454/66
f 484/454/66 486/456/66 485/455/66
f 487/457/66 485/455/66 486/456/66
f 486/456/66 488/458/66 487/457/66
f 489/459/66 487/457/66 488/458/66
f 488/458/66 490/460/66 489/459/66
f 491/461/66 489/459/66 490/460/66
f 494/462/33 493/463/33 492/464/33
f 495/465/33 492/464/33 493/463/33
f 498/466/179 497/467/179 496/468/179
f 499/469/179 496/468/179 497/467/179
f 496/468/180 499/469/180 500/470/180
f 501/471/180 500/470/180 499/469/180
f 500/470/181 501/471/181 502/472/181
f 503/473/181 502/472/181 501/471/181
f 497/467/182 498/466/182 504/474/182
f 505/475/182 504/474/182 498/466/182
f 504/474/183 505/475/183 506/476/183
f 507/477/183 506/476/183 505/475/183
f 510/478/1 509/479/1 508/480/1
f 511/481/1 508/480/1 509/479/1
f 514/482/8 513/483/8 512/484/8
f 515/485/8 512/484/8 513/483/8
f 512/484/184 515/485/184 516/486/184
f 517/487/184 516/486/184 515/485/184
f 516/486/185 517/487/185 518/488/185
f 519/489/185 518/488/185 517/487/185
f 513/483/186 514/482/186 520/490/186
f 521/491/186 520/490/186 514/482/186
f 520/490/187 521/491/187 522/492/187
f 523/493/187 522/492/187 521/491/187
f 526/494/188 525/495/188 524/496/188
f 527/497/188 524/496/188 525/495/188
f 525/495/189 528/498/189 527/497/189
f 529/499/189 527/497/189 528/498/189
f 528/498/190 530/500/190 529/499/190
f 531/501/190 529/499/190 530/500/190
f 531/501/191 530/500/191 532/502/191
f 533/503/191 532/502/191 530/500/191
f 532/502/179 533/503/179 534/504/179
f 535/505/179 534/504/179 533/503/179
f 538/506/192 537/507/192 536/508/192
f 539/509/192 536/508/192 537/507/192
f 542/510/193 541/511/193 540/512/193
f 543/513/193 540/512/193 541/511/193
f 546/514/33 545/515/33 544/516/33
f 546/514/33 544/516/33 547/517/33
f 548/518/33 547/517/33 544/516/33
f 547/517/33 548/518/33 549/519/33
f 548/518/33 550/520/33 549/519/33
f 551/521/33 549/519/33 550/520/33
f 554/522/1 553/523/1 552/524/1
f 555/525/1 552/524/1 553/523/1
f 556/526/1 555/525/1 553/523/1
f 555/525/1 556/526/1 557/527/1
f 558/528/1 557/527/1 556/526/1
f 559/529/1 554/522/1 552/524/1
f 562/530/194 561/531/194 560/532/194
f 563/533/195 560/532/195 561/531/195
f 562/530/196 560/532/196 564/534/196
f 565/535/197 564/534/197 560/532/197
f 567/532/198 563/533/198 566/536/198
f 568/537/199 566/536/199 563/533/199
f 567/532/200 566/536/200 565/535/200
f 569/538/201 565/535/201 566/536/201
f 572/537/202 571/539/202 570/536/202
f 573/540/203 566/536/203 571/539/203
f 571/539/204 574/541/204 573/540/204
f 576/542/205 575/540/205 574/541/205
f 579/543/206 578/544/206 577/545/206
f 580/546/207 577/545/207 578/544/207
f 578/544/208 579/543/208 581/547/208
f 583/548/209 581/547/209 582/543/209
f 583/548/210 585/549/210 584/547/210
f 586/550/211 584/547/211 585/549/211
f 588/549/212 587/551/212 586/550/212
f 589/552/213 586/550/213 587/551/213
f 573/540/214 590/553/214 570/536/214
f 591/538/215 570/536/215 590/553/215
f 590/553/216 573/540/216 592/554/216
f 576/542/217 592/554/217 573/540/217
f 595/555/218 594/556/218 593/557/218
f 595/555/219 596/558/219 594/556/219
f 597/559/219 594/556/219 596/558/219
f 596/558/220 598/560/220 597/559/220
f 599/561/221 597/559/221 598/560/221
f 598/560/222 600/562/222 599/561/222
f 603/563/223 602/564/223 601/565/223
f 604/566/224 601/565/224 602/564/224
f 602/564/225 605/567/225 604/566/225
f 606/568/226 604/566/226 605/567/226
f 605/567/227 607/569/227 606/568/227
f 608/570/228 606/568/228 607/569/228
f 607/569/229 609/571/229 608/570/229
f 610/572/230 608/570/230 609/571/230
f 609/571/231 611/573/231 610/572/231
f 612/574/232 610/572/232 611/573/232
f 601/565/233 613/575/233 603/563/233
f 614/576/234 603/563/234 613/575/234
f 613/575/235 615/577/235 614/576/235
f 616/578/236 614/576/236 615/577/236
f 615/577/237 617/579/237 616/578/237
f 618/580/238 616/578/238 617/579/238
f 621/581/45 620/582/45 619/583/45
f 622/584/45 619/583/45 620/582/45
f 620/582/45 623/585/45 622/584/45
f 624/586/45 622/584/45 623/585/45
f 627/587/239 626/588/239 625/589/239
f 628/590/239 625/589/239 626/588/239
f 627/587/240 629/591/240 626/588/240
f 630/592/240 626/588/240 629/591/240
f 629/591/8 631/593/8 630/592/8
f 632/594/8 630/592/8 631/593/8
f 631/593/241 633/595/241 632/594/241
f 634/596/242 632/594/242 633/595/242
f 634/596/243 633/595/243 635/597/243
f 636/598/243 635/597/243 633/595/243
f 639/599/244 638/600/244 637/601/244
f 640/602/244 637/601/244 638/600/244
f 638/600/245 639/599/245 641/603/245
f 642/604/246 641/603/246 639/599/246
f 641/603/179 642/604/179 643/605/179
f 644/606/179 643/605/179 642/604/179
f 643/605/247 644/606/247 645/607/247
f 646/608/247 645/607/247 644/606/247
f 646/608/248 647/609/248 645/607/248
f 648/610/248 645/607/248 647/609/248
f 651/611/45 650/612/45 649/613/45
f 652/614/45 649/613/45 650/612/45
f 650/612/45 651/611/45 653/615/45
f 654/616/45 653/615/45 651/611/45
f 657/617/249 656/618/249 655/619/249
f 658/620/249 655/619/249 656/618/249
f 661/621/33 660/622/33 659/623/33
f 662/624/33 659/623/33 660/622/33
f 665/625/1 664/626/1 663/627/1
f 666/628/1 663/627/1 664/626/1
f 669/629/250 668/630/250 667/631/250
f 670/632/250 667/631/250 668/630/250
f 667/631/251 671/633/251 669/629/251
f 672/634/251 669/629/251 671/633/251
f 671/633/179 673/635/179 672/634/179
f 674/636/179 672/634/179 673/635/179
f 673/635/252 675/637/252 674/636/252
f 676/638/252 674/636/252 675/637/252
f 676/638/253 675/637/253 677/639/253
f 678/640/253 677/639/253 675/637/253
f 681/641/254 680/642/254 679/643/254
f 682/644/254 679/643/254 680/642/254
f 685/645/255 684/646/255 683/647/255
f 684/646/256 686/648/256 683/647/256
f 684/646/257 687/649/257 686/648/257
f 688/650/257 686/648/257 687/649/257
f 685/645/258 689/651/258 684/646/258
f 685/645/259 690/652/259 689/651/259
f 693/653/260 692/654/260 691/655/260
f 692/654/261 694/656/261 691/655/261
f 694/656/262 695/657/262 691/655/262
f 691/655/263 695/657/263 696/658/263
f 697/659/263 696/658/263 695/657/263
f 693/653/264 698/660/264 692/654/264
f 701/661/265 700/662/265 699/663/265
f 702/664/265 699/663/265 700/662/265
f 705/632/250 704/630/250 703/631/250
f 706/629/250 703/631/250 704/630/250
f 703/631/251 706/629/251 707/633/251
f 708/634/251 707/633/251 706/629/251
f 707/633/179 708/634/179 709/635/179
f 710/636/179 709/635/179 708/634/179
f 709/635/252 710/636/252 711/637/252
f 712/638/252 711/637/252 710/636/252
f 712/638/253 713/639/253 711/637/253
f 714/640/253 711/637/253 713/639/253
f 717/644/254 716/642/254 715/643/254
f 718/641/254 715/643/254 716/642/254
f 721/646/266 720/645/266 719/647/266
f 722/651/267 720/645/267 721/646/267
f 723/652/268 720/645/268 722/651/268
f 724/648/269 721/646/269 719/647/269
f 721/646/270 724/648/270 725/649/270
f 726/650/270 725/649/270 724/648/270
f 729/654/271 728/653/271 727/655/271
f 730/660/272 728/653/272 729/654/272
f 731/656/273 729/654/273 727/655/273
f 732/657/274 731/656/274 727/655/274
f 727/655/275 733/658/275 732/657/275
f 734/659/275 732/657/275 733/658/275
f 737/664/265 736/662/265 735/663/265
f 738/661/265 735/663/265 736/662/265
f 741/665/276 740/666/276 739/667/276
f 742/668/276 739/667/276 740/666/276
f 740/666/277 743/669/277 742/668/277
f 744/670/278 742/668/278 743/669/278
f 743/669/279 745/671/279 744/670/279
f 746/672/280 744/670/280 745/671/280
f 745/671/281 747/673/281 746/672/281
f 748/674/282 746/672/282 747/673/282
f 739/667/283 749/675/283 741/665/283
f 750/676/284 741/665/284 749/675/284
f 753/677/285 752/678/285 751/679/285
f 754/680/286 751/679/286 752/678/286
f 752/678/287 755/681/287 754/680/287
f 756/682/288 754/680/288 755/681/288
f 751/679/289 757/683/289 753/677/289
f 758/684/289 753/677/289 757/683/289
f 757/683/290 759/685/290 758/684/290
f 760/686/291 758/684/291 759/685/291
f 759/685/292 761/687/292 760/686/292
f 762/688/293 760/686/293 761/687/293
f 765/667/294 764/668/294 763/680/294
f 766/679/295 763/680/295 764/668/295
f 764/668/296 767/670/296 766/679/296
f 768/683/297 766/679/297 767/670/297
f 767/670/298 769/672/298 768/683/298
f 770/685/299 768/683/299 769/672/299
f 769/672/300 771/674/300 770/685/300
f 772/687/301 770/685/301 771/674/301
f 763/680/302 773/682/302 765/667/302
f 774/675/303 765/667/303 773/682/303
f 777/668/304 776/666/304 775/667/304
f 778/665/305 775/667/305 776/666/305
f 775/667/306 778/665/306 779/675/306
f 780/676/307 779/675/307 778/665/307
f 776/666/308 777/668/308 781/669/308
f 782/670/309 781/669/309 777/668/309
f 781/669/310 782/670/310 783/671/310
f 784/672/311 783/671/311 782/670/311
f 783/671/312 784/672/312 785/689/312
f 786/690/313 785/689/313 784/672/313
f 789/680/314 788/678/314 787/679/314
f 790/677/315 787/679/315 788/678/315
f 787/679/316 790/677/316 791/683/316
f 792/684/317 791/683/317 790/677/317
f 791/683/318 792/684/318 793/685/318
f 794/686/319 793/685/319 792/684/319
f 793/685/320 794/686/320 795/687/320
f 796/691/321 795/687/321 794/686/321
f 788/678/322 789/680/322 797/681/322
f 798/682/323 797/681/323 789/680/323
f 801/679/324 800/668/324 799/680/324
f 802/667/325 799/680/325 800/668/325
f 799/680/326 802/667/326 803/682/326
f 804/675/327 803/682/327 802/667/327
f 800/668/328 801/679/328 805/670/328
f 806/683/329 805/670/329 801/679/329
f 805/670/330 806/683/330 807/672/330
f 808/685/331 807/672/331 806/683/331
f 807/672/332 808/685/332 809/690/332
f 810/687/333 809/690/333 808/685/333
f 813/692/334 812/693/334 811/694/334
f 814/695/335 811/694/335 812/693/335
f 811/694/336 815/696/336 813/692/336
f 816/697/337 813/692/337 815/696/337
f 819/698/338 818/695/338 817/699/338
f 820/693/338 817/699/338 818/695/338
f 823/700/339 822/701/339 821/702/339
f 824/703/340 822/701/340 823/700/340
f 823/700/341 821/702/341 825/704/341
f 825/704/342 821/702/342 826/705/342
f 829/706/343 828/701/343 827/707/343
f 830/703/343 827/707/343 828/701/343
f 833/708/344 832/709/344 831/710/344
f 834/711/345 833/708/345 831/710/345
f 834/711/346 831/710/346 835/712/346
f 836/713/347 834/711/347 835/712/347
f 839/714/348 838/709/348 837/715/348
f 840/708/348 837/715/348 838/709/348
f 843/695/349 842/693/349 841/694/349
f 844/692/350 841/694/350 842/693/350
f 847/693/338 846/695/338 845/699/338
f 848/698/338 845/699/338 846/695/338
f 850/694/351 844/692/351 849/696/351
f 851/697/352 849/696/352 844/692/352
f 854/701/353 853/700/353 852/702/353
f 852/702/354 853/700/354 855/704/354
f 852/702/355 855/704/355 856/705/355
f 854/701/356 857/703/356 853/700/356
f 860/703/343 859/701/343 858/707/343
f 861/706/343 858/707/343 859/701/343
f 864/709/357 863/708/357 862/710/357
f 863/708/358 865/711/358 862/710/358
f 862/710/359 865/711/359 866/712/359
f 865/711/360 867/713/360 866/712/360
f 870/708/348 869/709/348 868/715/348
f 871/714/348 868/715/348 869/709/348
f 874/716/361 873/717/361 872/718/361
f 875/719/362 872/718/362 873/717/362
f 872/718/363 875/719/363 876/720/363
f 877/721/364 876/720/364 875/719/364
f 880/720/365 879/721/365 878/722/365
f 881/723/366 878/722/366 879/721/366
f 878/722/367 881/723/367 882/724/367
f 883/725/367 882/724/367 881/723/367
f 886/726/368 885/727/368 884/728/368
f 887/729/368 886/726/368 884/728/368
f 890/719/369 889/717/369 888/718/369
f 891/716/370 888/718/370 889/717/370
f 888/718/371 892/720/371 890/719/371
f 893/721/372 890/719/372 892/720/372
f 896/723/373 895/721/373 894/722/373
f 897/720/374 894/722/374 895/721/374
f 894/722/375 898/724/375 896/723/375
f 899/725/375 896/723/375 898/724/375
f 902/727/376 901/726/376 900/728/376
f 901/726/376 903/729/376 900/728/376
f 906/719/377 905/717/377 904/718/377
f 907/716/378 904/718/378 905/717/378
f 904/718/379 908/720/379 906/719/379
f 909/721/380 906/719/380 908/720/380
f 912/723/381 911/721/381 910/722/381
f 913/720/382 910/722/382 911/721/382
f 910/722/383 914/724/383 912/723/383
f 915/725/384 912/723/384 914/724/384
f 918/727/385 917/726/385 916/728/385
f 917/726/386 919/729/386 916/728/386
f 922/730/387 921/731/387 920/732/387
f 923/733/387 920/732/387 921/731/387
f 926/734/388 925/735/388 924/736/388
f 927/737/389 924/736/389 925/735/389
f 930/738/390 929/739/390 928/740/390
f 931/741/390 928/740/390 929/739/390
f 934/742/391 933/743/391 932/744/391
f 935/745/391 932/744/391 933/743/391
f 938/746/392 937/747/392 936/748/392
f 939/749/392 936/748/392 937/747/392
f 942/750/393 941/751/393 940/752/393
f 943/753/393 940/752/393 941/751/393
f 946/754/394 945/755/394 944/756/394
f 947/757/394 944/756/394 945/755/394
f 950/758/33 949/759/33 948/760/33
f 951/761/33 948/760/33 949/759/33
f 954/762/395 953/763/395 952/764/395
f 955/765/395 952/764/395 953/763/395
f 958/766/1 957/767/1 956/768/1
f 959/769/1 956/768/1 957/767/1
f 962/733/396 961/731/396 960/732/396
f 963/730/396 960/732/396 961/731/396
f 966/737/397 965/735/397 964/736/397
f 967/734/398 964/736/398 965/735/398
f 970/741/399 969/739/399 968/740/399
f 971/738/400 968/740/400 969/739/400
f 974/745/401 973/743/401 972/744/401
f 975/742/401 972/744/401 973/743/401
f 978/749/402 977/747/402 976/748/402
f 979/746/402 976/748/402 977/747/402
f 982/753/403 981/770/403 980/752/403
f 983/771/403 980/752/403 981/770/403
f 986/757/404 985/755/404 984/756/404
f 987/754/404 984/756/404 985/755/404
f 990/761/1 989/772/1 988/760/1
f 991/758/1 988/760/1 989/772/1
f 994/765/405 993/763/405 992/764/405
f 995/762/405 992/764/405 993/763/405
f 998/773/33 997/767/33 996/768/33
f 999/766/33 996/768/33 997/767/33
f 1002/774/406 1001/775/406 1000/776/406
f 1003/777/407 1000/776/407 1001/775/407
f 1006/778/408 1005/779/408 1004/774/408
f 1007/775/409 1004/774/409 1005/779/409
f 1010/780/410 1009/781/410 1008/778/410
f 1011/779/411 1008/778/411 1009/781/411
f 1014/782/412 1013/783/412 1012/784/412
f 1015/785/413 1012/784/413 1013/783/413
f 1018/786/414 1017/787/414 1016/788/414
f 1019/789/415 1016/788/415 1017/787/415
f 1022/784/416 1021/785/416 1020/786/416
f 1023/787/417 1020/786/417 1021/785/417
f 1026/790/418 1025/791/418 1024/792/418
f 1027/793/418 1024/792/418 1025/791/418
f 1030/794/419 1029/795/419 1028/790/419
f 1031/791/419 1028/790/419 1029/795/419
f 1034/796/420 1033/797/420 1032/794/420
f 1035/795/420 1032/794/420 1033/797/420
f 1038/798/421 1037/799/421 1036/800/421
f 1039/801/421 1036/800/421 1037/799/421
f 1039/801/422 1037/799/422 1040/802/422
f 1041/803/423 1040/802/423 1037/799/423
f 1041/803/424 1042/804/424 1040/802/424
f 1043/805/425 1040/802/425 1042/804/425
f 1042/804/426 1044/806/426 1043/805/426
f 1045/807/426 1043/805/426 1044/806/426
f 1043/805/427 1045/807/427 1046/808/427
f 1047/809/427 1046/808/427 1045/807/427
f 1046/808/420 1047/809/420 1048/810/420
f 1049/811/420 1048/810/420 1047/809/420
f 1047/809/428 1050/812/428 1049/811/428
f 1051/813/429 1049/811/429 1050/812/429
f 1051/813/430 1050/812/430 1052/814/430
f 1053/815/431 1052/814/431 1050/812/431
f 1053/815/432 1054/816/432 1052/814/432
f 1055/817/432 1052/814/432 1054/816/432
f 1054/816/433 1053/815/433 1056/818/433
f 1057/819/433 1056/818/433 1053/815/433
f 1056/818/434 1057/819/434 1058/820/434
f 1059/821/434 1058/820/434 1057/819/434
f 1058/820/421 1059/821/421 1060/822/421
f 1061/823/421 1060/822/421 1059/821/421
f 1057/819/435 1062/824/435 1059/821/435
f 1063/825/436 1059/821/436 1062/824/436
f 1063/825/437 1062/824/437 1044/806/437
f 1045/807/438 1044/806/438 1062/824/438
f 1066/826/434 1065/827/434 1064/798/434
f 1067/799/434 1064/798/434 1065/827/434
f 1067/799/439 1065/827/439 1041/803/439
f 1068/828/440 1041/803/440 1065/827/440
f 1071/829/433 1070/830/433 1069/831/433
f 1072/832/433 1069/831/433 1070/830/433
f 1070/830/441 1073/833/441 1072/832/441
f 1074/834/442 1072/832/442 1073/833/442
f 1074/834/443 1073/833/443 1048/810/443
f 1046/808/444 1048/810/444 1073/833/444
f 1077/800/432 1076/801/432 1075/829/432
f 1078/830/432 1075/829/432 1076/801/432
f 1076/801/445 1079/802/445 1078/830/445
f 1073/833/446 1078/830/446 1079/802/446
f 1081/835/447 1080/836/447 1042/804/447
f 1044/806/447 1042/804/447 1080/836/447
f 1082/837/448 1063/825/448 1080/836/448
f 1083/806/449 1080/836/449 1063/825/449
f 1050/812/450 1085/809/450 1084/824/450
f 1086/807/451 1084/824/451 1085/809/451
f 1088/804/452 1087/803/452 1081/835/452
f 1068/828/453 1081/835/453 1087/803/453
f 1090/805/454 1089/808/454 1079/802/454
f 1091/833/455 1079/802/455 1089/808/455
f 1093/821/456 1092/825/456 1061/823/456
f 1082/837/457 1061/823/457 1092/825/457
f 1095/819/458 1094/815/458 1084/824/458
f 1096/812/459 1084/824/459 1094/815/459
f 1099/838/460 1098/839/460 1097/840/460
f 1100/841/460 1097/840/460 1098/839/460
f 1103/839/461 1102/842/461 1101/841/461
f 1104/843/461 1101/841/461 1102/842/461
f 1107/844/33 1106/838/33 1105/845/33
f 1108/840/33 1105/845/33 1106/838/33
f 1111/846/462 1110/847/462 1109/848/462
f 1112/849/463 1109/848/463 1110/847/463
f 1110/847/464 1113/850/464 1112/849/464
f 1114/851/465 1112/849/465 1113/850/465
f 1113/850/33 1115/852/33 1114/851/33
f 1116/853/33 1114/851/33 1115/852/33
f 1115/852/466 1117/854/466 1116/853/466
f 1118/855/467 1116/853/467 1117/854/467
f 1109/848/1 1119/856/1 1111/846/1
f 1120/857/1 1111/846/1 1119/856/1
f 1119/856/468 1121/858/468 1120/857/468
f 1122/859/468 1120/857/468 1121/858/468
f 1125/860/469 1124/861/469 1123/862/469
f 1126/863/470 1123/862/470 1124/861/470
f 1124/861/471 1127/864/471 1126/863/471
f 1128/865/472 1126/863/472 1127/864/472
f 1127/864/473 1129/866/473 1128/865/473
f 1130/867/474 1128/865/474 1129/866/474
f 1129/866/469 1131/868/469 1130/867/469
f 1132/869/470 1130/867/470 1131/868/470
f 1131/868/471 1133/870/471 1132/869/471
f 1134/871/472 1132/869/472 1133/870/472
f 1133/870/473 1125/860/473 1134/871/473
f 1123/862/474 1134/871/474 1125/860/474
f 1137/872/475 1136/873/475 1135/874/475
f 1138/875/476 1135/874/476 1136/873/476
f 1136/873/477 1139/876/477 1138/875/477
f 1140/877/478 1138/875/478 1139/876/478
f 1139/876/479 1141/878/479 1140/877/479
f 1142/879/480 1140/877/480 1141/878/480
f 1141/878/481 1143/880/481 1142/879/481
f 1144/881/482 1142/879/482 1143/880/482
f 1135/874/483 1145/882/483 1137/872/483
f 1146/883/484 1137/872/484 1145/882/484
f 1145/882/485 1147/884/485 1146/883/485
f 1148/885/486 1146/883/486 1147/884/486
f 1151/886/487 1150/887/487 1149/888/487
f 1150/887/20 1151/886/20 1152/889/20
f 1153/890/20 1152/889/20 1151/886/20
f 1153/890/488 1154/891/488 1152/889/488
f 1157/892/179 1156/893/179 1155/894/179
f 1158/895/179 1155/894/179 1156/893/179
f 1161/896/45 1160/897/45 1159/898/45
f 1162/899/45 1159/898/45 1160/897/45
f 1165/900/489 1164/901/489 1163/902/489
f 1166/903/489 1163/902/489 1164/901/489
f 1169/904/66 1168/905/66 1167/906/66
f 1170/907/66 1167/906/66 1168/905/66
f 1173/908/490 1172/909/490 1171/910/490
f 1174/911/490 1171/910/490 1172/909/490
f 1177/912/491 1176/913/491 1175/914/491
f 1178/915/492 1175/914/492 1176/913/492
f 1178/915/493 1179/916/493 1175/914/493
f 1180/917/494 1175/914/494 1179/916/494
f 1179/916/45 1181/918/45 1180/917/45
f 1182/919/45 1180/917/45 1181/918/45
f 1182/919/495 1181/918/495 1183/920/495
f 1184/921/496 1183/920/496 1181/918/496
f 1184/921/497 1185/922/497 1183/920/497
f 1186/923/498 1183/920/498 1185/922/498
f 1185/922/499 1187/924/499 1186/923/499
f 1188/925/500 1186/923/500 1187/924/500
f 1188/925/501 1187/924/501 1189/926/501
f 1190/927/502 1189/926/502 1187/924/502
f 1187/924/503 1191/928/503 1190/927/503
f 1192/929/504 1190/927/504 1191/928/504
f 1187/924/505 1185/922/505 1191/928/505
f 1193/930/506 1191/928/506 1185/922/506
f 1193/930/507 1185/922/507 1194/931/507
f 1184/921/508 1194/931/508 1185/922/508
f 1194/931/509 1184/921/509 1195/932/509
f 1181/918/510 1195/932/510 1184/921/510
f 1181/918/511 1179/916/511 1195/932/511
f 1196/933/511 1195/932/511 1179/916/511
f 1179/916/512 1178/915/512 1196/933/512
f 1197/934/513 1196/933/513 1178/915/513
f 1178/915/514 1176/913/514 1197/934/514
f 1198/935/515 1197/934/515 1176/913/515
f 1198/935/516 1176/913/516 1199/936/516
f 1200/937/517 1199/936/517 1176/913/517
f 1200/937/518 1201/938/518 1199/936/518
f 1202/939/519 1199/936/519 1201/938/519
f 1201/938/520 1200/937/520 1203/940/520
f 1204/941/521 1203/940/521 1200/937/521
f 1204/941/522 1200/937/522 1177/912/522
f 1176/913/523 1177/912/523 1200/937/523
f 1207/942/524 1206/943/524 1205/944/524
f 1208/945/525 1205/944/525 1206/943/525
f 1208/945/8 1206/943/8 1209/946/8
f 1210/947/8 1209/946/8 1206/943/8
f 1209/946/526 1210/947/526 1211/948/526
f 1212/949/527 1211/948/527 1210/947/527
f 1212/949/528 1213/950/528 1211/948/528
f 1205/944/529 1214/951/529 1207/942/529
f 1217/952/530 1216/953/530 1215/954/530
f 1218/955/531 1215/954/531 1216/953/531
f 1215/954/179 1218/955/179 1219/956/179
f 1220/957/179 1219/956/179 1218/955/179
f 1220/957/532 1221/958/532 1219/956/532
f 1222/959/533 1219/956/533 1221/958/533
f 1223/960/534 1222/959/534 1221/958/534
f 1217/952/535 1224/961/535 1216/953/535
f 1227/962/66 1226/963/66 1225/964/66
f 1228/965/66 1225/964/66 1226/963/66
f 1227/962/536 1229/966/536 1226/963/536
f 1230/967/536 1226/963/536 1229/966/536
f 1233/733/396 1232/731/396 1231/732/396
f 1234/730/396 1231/732/396 1232/731/396
f 1237/737/397 1236/735/397 1235/736/397
f 1238/734/398 1235/736/398 1236/735/398
f 1241/741/537 1240/739/537 1239/740/537
f 1242/738/537 1239/740/537 1240/739/537
f 1245/745/401 1244/743/401 1243/744/401
f 1246/742/401 1243/744/401 1244/743/401
f 1249/749/538 1248/747/538 1247/748/538
f 1250/746/539 1247/748/539 1248/747/539
f 1253/753/540 1252/968/540 1251/752/540
f 1254/969/540 1251/752/540 1252/968/540
f 1257/970/404 1256/971/404 1255/756/404
f 1258/754/404 1255/756/404 1256/971/404
f 1261/761/541 1260/972/541 1259/760/541
f 1262/973/541 1259/760/541 1260/972/541
f 1265/765/405 1264/763/405 1263/764/405
f 1266/762/405 1263/764/405 1264/763/405
f 1269/769/33 1268/767/33 1267/768/33
f 1270/766/33 1267/768/33 1268/767/33
f 1273/730/387 1272/731/387 1271/732/387
f 1274/733/387 1271/732/387 1272/731/387
f 1277/734/388 1276/735/388 1275/736/388
f 1278/737/389 1275/736/389 1276/735/389
f 1281/738/390 1280/739/390 1279/740/390
f 1282/741/390 1279/740/390 1280/739/390
f 1285/742/391 1284/743/391 1283/744/391
f 1286/745/391 1283/744/391 1284/743/391
f 1289/746/392 1288/747/392 1287/748/392
f 1290/749/392 1287/748/392 1288/747/392
f 1293/974/542 1292/975/542 1291/752/542
f 1294/753/542 1291/752/542 1292/975/542
f 1297/754/394 1296/755/394 1295/756/394
f 1298/757/394 1295/756/394 1296/755/394
f 1301/758/543 1300/976/543 1299/760/543
f 1302/761/543 1299/760/543 1300/976/543
f 1305/762/395 1304/763/395 1303/764/395
f 1306/765/395 1303/764/395 1304/763/395
f 1309/766/544 1308/767/544 1307/768/544
f 1310/977/544 1307/768/544 1308/767/544
f 1313/777/545 1312/775/545 1311/776/545
f 1314/774/546 1311/776/546 1312/775/546
f 1317/775/417 1316/779/417 1315/774/417
f 1318/778/416 1315/774/416 1316/779/416
f 1321/779/415 1320/781/415 1319/778/415
f 1322/780/414 1319/778/414 1320/781/414
f 1325/785/547 1324/783/547 1323/784/547
f 1326/782/548 1323/784/548 1324/783/548
f 1329/789/411 1328/787/411 1327/788/411
f 1330/786/410 1327/788/410 1328/787/410
f 1333/787/549 1332/785/549 1331/786/549
f 1334/784/550 1331/786/550 1332/785/550
f 1337/793/418 1336/791/418 1335/792/418
f 1338/790/418 1335/792/418 1336/791/418
f 1341/791/419 1340/795/419 1339/790/419
f 1342/794/419 1339/790/419 1340/795/419
f 1345/795/420 1344/797/420 1343/794/420
f 1346/796/420 1343/794/420 1344/797/420
f 1349/801/434 1348/799/434 1347/978/434
f 1350/979/434 1347/978/434 1348/799/434
f 1349/801/435 1351/802/435 1348/799/435
f 1352/803/436 1348/799/436 1351/802/436
f 1352/803/437 1351/802/437 1353/804/437
f 1354/805/438 1353/804/438 1351/802/438
f 1353/804/426 1354/805/426 1355/806/426
f 1356/807/426 1355/806/426 1354/805/426
f 1356/807/425 1357/824/425 1355/806/425
f 1358/825/424 1355/806/424 1357/824/424
f 1358/825/423 1357/824/423 1359/821/423
f 1360/819/422 1359/821/422 1357/824/422
f 1359/821/421 1360/819/421 1361/980/421
f 1362/981/421 1361/980/421 1360/819/421
f 1360/819/432 1363/815/432 1362/981/432
f 1364/982/432 1362/981/432 1363/815/432
f 1363/815/433 1365/814/433 1364/982/433
f 1366/983/433 1364/982/433 1365/814/433
f 1363/815/441 1367/812/441 1365/814/441
f 1368/813/442 1365/814/442 1367/812/442
f 1368/813/443 1367/812/443 1369/811/443
f 1370/809/444 1369/811/444 1367/812/444
f 1369/811/420 1370/809/420 1371/810/420
f 1372/808/420 1371/810/420 1370/809/420
f 1372/808/429 1373/833/429 1371/810/429
f 1374/834/429 1371/810/429 1373/833/429
f 1374/834/430 1373/833/430 1375/832/430
f 1376/830/431 1375/832/431 1373/833/431
f 1375/832/432 1376/830/432 1377/984/432
f 1378/985/432 1377/984/432 1376/830/432
f 1370/809/427 1356/807/427 1372/808/427
f 1354/805/427 1372/808/427 1356/807/427
f 1348/799/421 1380/827/421 1379/979/421
f 1381/986/421 1379/979/421 1380/827/421
f 1383/830/433 1349/801/433 1382/985/433
f 1347/978/433 1378/985/433 1349/801/433
f 1384/799/456 1352/803/456 1380/827/456
f 1385/828/457 1380/827/457 1352/803/457
f 1387/801/458 1383/830/458 1386/802/458
f 1373/833/459 1386/802/459 1383/830/459
f 1355/806/447 1388/836/447 1353/804/447
f 1389/835/447 1353/804/447 1388/836/447
f 1390/806/452 1358/825/452 1388/836/452
f 1391/837/453 1388/836/453 1358/825/453
f 1394/807/454 1393/809/454 1392/824/454
f 1367/812/455 1392/824/455 1393/809/455
f 1361/980/434 1395/987/434 1359/821/434
f 1396/823/434 1359/821/434 1395/987/434
f 1385/828/448 1397/803/448 1389/835/448
f 1398/804/449 1389/835/449 1397/803/449
f 1400/833/450 1399/808/450 1386/802/450
f 1401/805/451 1386/802/451 1399/808/451
f 1391/837/440 1402/825/440 1396/823/440
f 1403/821/439 1396/823/439 1402/825/439
f 1405/812/446 1404/815/446 1392/824/446
f 1406/819/445 1392/824/445 1404/815/445
f 1409/841/551 1408/839/551 1407/840/551
f 1410/838/551 1407/840/551 1408/839/551
f 1413/843/552 1412/842/552 1411/841/552
f 1414/839/552 1411/841/552 1412/842/552
f 1417/840/1 1416/838/1 1415/845/1
f 1418/844/1 1415/845/1 1416/838/1
f 1421/849/553 1420/847/553 1419/848/553
f 1422/846/554 1419/848/554 1420/847/554
f 1419/848/33 1422/846/33 1423/856/33
f 1424/857/33 1423/856/33 1422/846/33
f 1423/856/467 1424/857/467 1425/858/467
f 1426/859/467 1425/858/467 1424/857/467
f 1420/847/555 1421/849/555 1427/850/555
f 1428/851/556 1427/850/556 1421/849/556
f 1427/850/1 1428/851/1 1429/852/1
f 1430/853/1 1429/852/1 1428/851/1
f 1429/852/557 1430/853/557 1431/854/557
f 1432/855/468 1431/854/468 1430/853/468
f 1435/863/558 1434/861/558 1433/862/558
f 1436/860/559 1433/862/559 1434/861/559
f 1433/862/560 1436/860/560 1437/871/560
f 1438/870/561 1437/871/561 1436/860/561
f 1437/871/562 1438/870/562 1439/869/562
f 1440/868/563 1439/869/563 1438/870/563
f 1439/869/558 1440/868/558 1441/867/558
f 1442/866/559 1441/867/559 1440/868/559
f 1441/867/560 1442/866/560 1443/865/560
f 1444/864/561 1443/865/561 1442/866/561
f 1443/865/562 1444/864/562 1435/863/562
f 1434/861/563 1435/863/563 1444/864/563
f 1447/875/564 1446/873/564 1445/874/564
f 1448/872/565 1445/874/565 1446/873/565
f 1445/874/566 1448/872/566 1449/882/566
f 1450/883/567 1449/882/567 1448/872/567
f 1449/882/568 1450/883/568 1451/884/568
f 1452/885/569 1451/884/569 1450/883/569
f 1446/873/476 1447/875/476 1453/876/476
f 1454/877/570 1453/876/570 1447/875/570
f 1453/876/571 1454/877/571 1455/878/571
f 1456/879/572 1455/878/572 1454/877/572
f 1455/878/573 1456/879/573 1457/880/573
f 1458/881/574 1457/880/574 1456/879/574
f 1461/887/487 1460/886/487 1459/888/487
f 1461/887/20 1462/889/20 1460/886/20
f 1463/890/20 1460/886/20 1462/889/20
f 1464/891/488 1463/890/488 1462/889/488
f 1467/895/179 1466/893/179 1465/894/179
f 1468/892/179 1465/894/179 1466/893/179
f 1471/899/45 1470/897/45 1469/898/45
f 1472/896/45 1469/898/45 1470/897/45
f 1475/903/490 1474/901/490 1473/902/490
f 1476/900/490 1473/902/490 1474/901/490
f 1479/907/66 1478/905/66 1477/906/66
f 1480/904/66 1477/906/66 1478/905/66
f 1483/911/575 1482/909/575 1481/910/575
f 1484/908/575 1481/910/575 1482/909/575
f 1487/915/576 1486/913/576 1485/914/576
f 1488/912/498 1485/914/498 1486/913/498
f 1486/913/499 1489/937/499 1488/912/499
f 1490/941/577 1488/912/577 1489/937/577
f 1490/941/578 1489/937/578 1491/940/578
f 1492/938/502 1491/940/502 1489/937/502
f 1489/937/503 1493/936/503 1492/938/503
f 1494/939/504 1492/938/504 1493/936/504
f 1489/937/505 1486/913/505 1493/936/505
f 1495/935/506 1493/936/506 1486/913/506
f 1495/935/507 1486/913/507 1496/934/507
f 1487/915/508 1496/934/508 1486/913/508
f 1496/934/509 1487/915/509 1497/933/509
f 1498/916/510 1497/933/510 1487/915/510
f 1497/933/511 1498/916/511 1499/932/511
f 1500/918/511 1499/932/511 1498/916/511
f 1500/918/579 1501/921/579 1499/932/579
f 1502/931/580 1499/932/580 1501/921/580
f 1501/921/514 1503/922/514 1502/931/514
f 1504/930/515 1502/931/515 1503/922/515
f 1504/930/516 1503/922/516 1505/928/516
f 1506/924/517 1505/928/517 1503/922/517
f 1506/924/518 1507/927/518 1505/928/518
f 1508/929/581 1505/928/581 1507/927/581
f 1507/927/520 1506/924/520 1509/926/520
f 1510/925/521 1509/926/521 1506/924/521
f 1510/925/522 1506/924/522 1511/923/522
f 1503/922/523 1511/923/523 1506/924/523
f 1511/923/582 1503/922/582 1512/920/582
f 1501/921/583 1512/920/583 1503/922/583
f 1501/921/584 1500/918/584 1512/920/584
f 1513/919/585 1512/920/585 1500/918/585
f 1513/919/45 1500/918/45 1514/917/45
f 1498/916/45 1514/917/45 1500/918/45
f 1514/917/495 1498/916/495 1485/914/495
f 1487/915/586 1485/914/586 1498/916/586
f 1517/945/526 1516/943/526 1515/944/526
f 1518/942/527 1515/944/527 1516/943/527
f 1519/951/528 1515/944/528 1518/942/528
f 1517/945/8 1520/946/8 1516/943/8
f 1521/947/8 1516/943/8 1520/946/8
f 1520/946/587 1522/948/587 1521/947/587
f 1523/949/588 1521/947/588 1522/948/588
f 1524/950/529 1523/949/529 1522/948/529
f 1527/955/532 1526/953/532 1525/954/532
f 1528/952/533 1525/954/533 1526/953/533
f 1529/961/534 1528/952/534 1526/953/534
f 1525/954/179 1530/956/179 1527/955/179
f 1531/957/179 1527/955/179 1530/956/179
f 1531/957/531 1530/956/531 1532/958/531
f 1533/959/530 1532/958/530 1530/956/530
f 1533/959/535 1534/960/535 1532/958/535
f 1537/965/66 1536/963/66 1535/964/66
f 1538/962/66 1535/964/66 1536/963/66
f 1538/962/536 1536/963/536 1539/966/536
f 1540/967/536 1539/966/536 1536/963/536
f 1543/988/1 1542/989/1 1541/990/1
f 1544/991/1 1541/990/1 1542/989/1
f 1542/989/1 1543/988/1 1545/992/1
f 1546/993/1 1545/992/1 1543/988/1
f 1549/994/589 1548/995/589 1547/996/589
f 1550/997/589 1547/996/589 1548/995/589
f 1553/998/33 1552/999/33 1551/1000/33
f 1554/1001/33 1551/1000/33 1552/999/33
f 1552/999/33 1553/998/33 1555/1002/33
f 1556/1003/33 1555/1002/33 1553/998/33
f 1559/1004/590 1558/1005/590 1557/1006/590
f 1560/1007/590 1557/1006/590 1558/1005/590
f 1563/1008/591 1562/1009/591 1561/1010/591
f 1564/1011/591 1561/1010/591 1562/1009/591
f 1567/1012/592 1566/1013/592 1565/1014/592
f 1568/1015/592 1565/1014/592 1566/1013/592
f 1571/1016/593 1570/1017/593 1569/1018/593
f 1572/1019/593 1569/1018/593 1570/1017/593
f 1575/988/1 1574/989/1 1573/990/1
f 1576/991/1 1573/990/1 1574/989/1
f 1574/989/1 1575/988/1 1577/992/1
f 1578/993/1 1577/992/1 1575/988/1
f 1581/994/594 1580/995/594 1579/996/594
f 1582/997/594 1579/996/594 1580/995/594
f 1585/998/33 1584/999/33 1583/1000/33
f 1586/1001/33 1583/1000/33 1584/999/33
f 1584/999/33 1585/998/33 1587/1002/33
f 1588/1003/33 1587/1002/33 1585/998/33
f 1591/1004/595 1590/1005/595 1589/1006/595
f 1592/1007/595 1589/1006/595 1590/1005/595
f 1595/1008/596 1594/1009/596 1593/1010/596
f 1596/1011/596 1593/1010/596 1594/1009/596
f 1599/1012/597 1598/1013/597 1597/1014/597
f 1600/1015/597 1597/1014/597 1598/1013/597
f 1603/1016/598 1602/1017/598 1601/1018/598
f 1604/1019/598 1601/1018/598 1602/1017/598
f 1607/1020/599 1606/1021/599 1605/1022/599
f 1608/1023/599 1605/1022/599 1606/1021/599
f 1611/1024/600 1610/1025/600 1609/1026/600
f 1612/1027/600 1609/1026/600 1610/1025/600
f 1615/1028/179 1614/1029/179 1613/1030/179
f 1616/1031/179 1613/1030/179 1614/1029/179
f 1619/1032/8 1618/1033/8 1617/1034/8
f 1620/1035/8 1617/1034/8 1618/1033/8
f 1623/1036/601 1622/1037/601 1621/1038/601
f 1624/1039/601 1621/1038/601 1622/1037/601
f 1627/1040/602 1626/1041/602 1625/1042/602
f 1628/1043/602 1625/1042/602 1626/1041/602
f 1631/1044/179 1630/1045/179 1629/1046/179
f 1632/1047/179 1629/1046/179 1630/1045/179
f 1635/1048/8 1634/1049/8 1633/1050/8
f 1636/1051/8 1633/1050/8 1634/1049/8
f 1639/1023/603 1638/1021/603 1637/1022/603
f 1640/1020/603 1637/1022/603 1638/1021/603
f 1643/1027/604 1642/1025/604 1641/1026/604
f 1644/1024/604 1641/1026/604 1642/1025/604
f 1647/1031/179 1646/1029/179 1645/1030/179
f 1648/1028/179 1645/1030/179 1646/1029/179
f 1651/1035/8 1650/1033/8 1649/1034/8
f 1652/1032/8 1649/1034/8 1650/1033/8
f 1655/1039/605 1654/1037/605 1653/1038/605
f 1656/1036/605 1653/1038/605 1654/1037/605
f 1659/1043/606 1658/1041/606 1657/1042/606
f 1660/1040/606 1657/1042/606 1658/1041/606
f 1663/1047/179 1662/1045/179 1661/1046/179
f 1664/1044/179 1661/1046/179 1662/1045/179
f 1667/1051/8 1666/1049/8 1665/1050/8
f 1668/1048/8 1665/1050/8 1666/1049/8
f 1671/1052/607 1670/1053/607 1669/1054/607
f 1672/1055/607 1669/1054/607 1670/1053/607
f 1675/1056/179 1674/1057/179 1673/1058/179
f 1676/1059/179 1673/1058/179 1674/1057/179
f 1679/1060/8 1678/1061/8 1677/1062/8
f 1680/1063/8 1677/1062/8 1678/1061/8
f 1683/1064/1 1682/1065/1 1681/1066/1
f 1684/1067/1 1681/1066/1 1682/1065/1
f 1687/1068/33 1686/1069/33 1685/1070/33
f 1688/1071/33 1685/1070/33 1686/1069/33
f 1691/1072/66 1690/1073/66 1689/1074/66
f 1692/1075/66 1689/1074/66 1690/1073/66
f 1695/1076/179 1694/1077/179 1693/1078/179
f 1696/1079/179 1693/1078/179 1694/1077/179
f 1699/1080/45 1698/1081/45 1697/1082/45
f 1700/1083/45 1697/1082/45 1698/1081/45
f 1703/1084/8 1702/1085/8 1701/1086/8
f 1704/1087/8 1701/1086/8 1702/1085/8
f 1707/1067/33 1706/1065/33 1705/1066/33
f 1708/1064/33 1705/1066/33 1706/1065/33
f 1711/1071/1 1710/1069/1 1709/1070/1
f 1712/1068/1 1709/1070/1 1710/1069/1
f 1715/1075/66 1714/1073/66 1713/1074/66
f 1716/1072/66 1713/1074/66 1714/1073/66
f 1719/1079/179 1718/1077/179 1717/1078/179
f 1720/1076/179 1717/1078/179 1718/1077/179
f 1723/1083/45 1722/1081/45 1721/1082/45
f 1724/1080/45 1721/1082/45 1722/1081/45
f 1727/1087/8 1726/1085/8 1725/1086/8
f 1728/1084/8 1725/1086/8 1726/1085/8
f 1731/1088/608 1730/1089/608 1729/1090/608
f 1732/1091/608 1729/1090/608 1730/1089/608
f 1735/1092/45 1734/1093/45 1733/1094/45
f 1736/1095/45 1733/1094/45 1734/1093/45
f 1739/1096/609 1738/1097/609 1737/1098/609
f 1740/1099/609 1737/1098/609 1738/1097/609
f 1743/1100/610 1742/1101/610 1741/1102/610
f 1744/1103/610 1741/1102/610 1742/1101/610
f 1747/1091/611 1746/1089/611 1745/1090/611
f 1748/1088/611 1745/1090/611 1746/1089/611
f 1751/1095/45 1750/1093/45 1749/1094/45
f 1752/1092/45 1749/1094/45 1750/1093/45
f 1755/1099/612 1754/1097/612 1753/1098/612
f 1756/1096/612 1753/1098/612 1754/1097/612
f 1759/1103/613 1758/1101/613 1757/1102/613
f 1760/1100/613 1757/1102/613 1758/1101/613
f 1763/1104/614 1762/1105/614 1761/1106/614
f 1764/1107/614 1761/1106/614 1762/1105/614
f 1761/1106/45 1764/1107/45 1765/1108/45
f 1766/1109/45 1765/1108/45 1764/1107/45
f 1765/1108/615 1766/1109/615 1767/1110/615
f 1768/1111/615 1767/1110/615 1766/1109/615
f 1767/1110/616 1768/1111/616 1769/1112/616
f 1770/1113/616 1769/1112/616 1768/1111/616
f 1769/1112/66 1770/1113/66 1771/1114/66
f 1772/1115/66 1771/1114/66 1770/1113/66
f 1762/1105/617 1763/1104/617 1773/1116/617
f 1774/1117/617 1773/1116/617 1763/1104/617
f 1777/1118/33 1776/1119/33 1775/1120/33
f 1778/1121/33 1775/1120/33 1776/1119/33
f 1778/1121/33 1779/1122/33 1775/1120/33
f 1780/1123/33 1775/1120/33 1779/1122/33
f 1783/1124/1 1782/1125/1 1781/1126/1
f 1784/1127/1 1781/1126/1 1782/1125/1
f 1783/1124/1 1785/1128/1 1782/1125/1
f 1786/1129/1 1782/1125/1 1785/1128/1
f 1789/1107/614 1788/1105/614 1787/1106/614
f 1790/1104/614 1787/1106/614 1788/1105/614
f 1788/1105/617 1791/1116/617 1790/1104/617
f 1792/1117/617 1790/1104/617 1791/1116/617
f 1787/1106/45 1793/1108/45 1789/1107/45
f 1794/1109/45 1789/1107/45 1793/1108/45
f 1793/1108/615 1795/1110/615 1794/1109/615
f 1796/1111/615 1794/1109/615 1795/1110/615
f 1795/1110/616 1797/1112/616 1796/1111/616
f 1798/1113/616 1796/1111/616 1797/1112/616
f 1797/1112/66 1799/1114/66 1798/1113/66
f 1800/1115/66 1798/1113/66 1799/1114/66
f 1803/1121/1 1802/1119/1 1801/1120/1
f 1804/1118/1 1801/1120/1 1802/1119/1
f 1803/1121/1 1801/1120/1 1805/1122/1
f 1806/1123/1 1805/1122/1 1801/1120/1
f 1809/1127/33 1808/1125/33 1807/1126/33
f 1810/1124/33 1807/1126/33 1808/1125/33
f 1810/1124/33 1808/1125/33 1811/1128/33
f 1812/1129/33 1811/1128/33 1808/1125/33
f 1815/1130/33 1814/1131/33 1813/1132/33
f 1816/1133/33 1813/1132/33 1814/1131/33
f 1817/1134/33 1813/1132/33 1816/1133/33
f 1820/1135/1 1819/1136/1 1818/1137/1
f 1821/1138/1 1818/1137/1 1819/1136/1
f 1822/1139/1 1821/1138/1 1819/1136/1
f 1825/1140/618 1824/1141/618 1823/1142/618
f 1826/1143/618 1823/1142/618 1824/1141/618
f 1829/1144/619 1828/1145/619 1827/1146/619
f 1830/1147/619 1827/1146/619 1828/1145/619
f 1828/1145/620 1831/1148/620 1830/1147/620
f 1832/1149/620 1830/1147/620 1831/1148/620
f 1835/1150/8 1834/1151/8 1833/1152/8
f 1836/1153/8 1833/1152/8 1834/1151/8
f 1839/1133/1 1838/1131/1 1837/1132/1
f 1840/1130/1 1837/1132/1 1838/1131/1
f 1837/1132/1 1841/1134/1 1839/1133/1
f 1844/1138/33 1843/1136/33 1842/1137/33
f 1845/1135/33 1842/1137/33 1843/1136/33
f 1844/1138/33 1846/1139/33 1843/1136/33
f 1849/1143/618 1848/1141/618 1847/1142/618
f 1850/1140/618 1847/1142/618 1848/1141/618
f 1853/1147/619 1852/1145/619 1851/1146/619
f 1854/1144/619 1851/1146/619 1852/1145/619
f 1852/1145/620 1853/1147/620 1855/1148/620
f 1856/1149/620 1855/1148/620 1853/1147/620
f 1859/1153/8 1858/1151/8 1857/1152/8
f 1860/1150/8 1857/1152/8 1858/1151/8
f 1863/1154/621 1862/1155/621 1861/1156/621
f 1864/1157/622 1861/1156/622 1862/1155/622
f 1862/1155/623 1865/1158/623 1864/1157/623
f 1866/1159/624 1864/1157/624 1865/1158/624
f 1865/1158/625 1867/1160/625 1866/1159/625
f 1868/1161/626 1866/1159/626 1867/1160/626
f 1871/1162/627 1870/1163/627 1869/1164/627
f 1872/1165/628 1869/1164/628 1870/1163/628
f 1872/1165/629 1873/1166/629 1869/1164/629
f 1874/1167/629 1869/1164/629 1873/1166/629
f 1877/1168/630 1876/1169/630 1875/1170/630
f 1878/1171/631 1875/1170/631 1876/1169/631
f 1879/1172/632 1877/1168/632 1875/1170/632
f 1882/1173/633 1881/1174/633 1880/1175/633
f 1883/1176/634 1880/1175/634 1881/1174/634
f 1882/1173/635 1884/1177/635 1881/1174/635
f 1885/1178/635 1881/1174/635 1884/1177/635
f 1884/1177/636 1886/1179/636 1885/1178/636
f 1887/1180/634 1885/1178/634 1886/1179/634
f 1890/1181/637 1889/1182/637 1888/1183/637
f 1891/1184/638 1888/1183/638 1889/1182/638
f 1892/1185/639 1891/1184/639 1889/1182/639
f 1895/1186/640 1894/1187/640 1893/1188/640
f 1896/1189/641 1893/1188/641 1894/1187/641
f 1896/1189/629 1897/1190/629 1893/1188/629
f 1898/1191/629 1893/1188/629 1897/1190/629
f 1901/1192/642 1900/1193/642 1899/1194/642
f 1902/1195/643 1899/1194/643 1900/1193/643
f 1903/1196/644 1899/1194/644 1902/1195/644
f 1906/1197/645 1905/1198/645 1904/1199/645
f 1907/1200/646 1904/1199/646 1905/1198/646
f 1908/1201/647 1904/1199/647 1907/1200/647
f 1911/1202/648 1910/1203/648 1909/1204/648
f 1912/1205/649 1909/1204/649 1910/1203/649
f 1915/1206/66 1914/1207/66 1913/1208/66
f 1916/1209/66 1913/1208/66 1914/1207/66
f 1919/1210/650 1918/1211/650 1917/1212/650
f 1920/1213/650 1917/1212/650 1918/1211/650
f 1923/1214/1 1922/1215/1 1921/1216/1
f 1924/1217/1 1921/1216/1 1922/1215/1
f 1925/1218/1 1921/1216/1 1924/1217/1
f 1928/1219/179 1927/1220/179 1926/1221/179
f 1929/1222/179 1926/1221/179 1927/1220/179
f 1932/1223/33 1931/1224/33 1930/1225/33
f 1933/1226/33 1930/1225/33 1931/1224/33
f 1934/1227/33 1932/1223/33 1930/1225/33
f 1937/1228/45 1936/1229/45 1935/1230/45
f 1938/1231/45 1935/1230/45 1936/1229/45
f 1941/1232/651 1940/1233/651 1939/1234/651
f 1942/1235/651 1939/1234/651 1940/1233/651
f 1942/1235/652 1943/1236/652 1939/1234/652
f 1944/1237/652 1939/1234/652 1943/1236/652
f 1947/1238/66 1946/1239/66 1945/1240/66
f 1948/1241/66 1945/1240/66 1946/1239/66
f 1951/1242/1 1950/1243/1 1949/1244/1
f 1952/1245/1 1949/1244/1 1950/1243/1
f 1953/1246/1 1951/1242/1 1949/1244/1
f 1956/1247/45 1955/1248/45 1954/1249/45
f 1957/1250/45 1954/1249/45 1955/1248/45
f 1960/1251/33 1959/1252/33 1958/1253/33
f 1961/1254/33 1958/1253/33 1959/1252/33
f 1962/1255/33 1958/1253/33 1961/1254/33
f 1965/1256/653 1964/1257/653 1963/1258/653
f 1966/1259/654 1963/1258/654 1964/1257/654
f 1963/1258/655 1966/1259/655 1967/1260/655
f 1968/1261/655 1967/1260/655 1966/1259/655
f 1967/1260/656 1968/1261/656 1969/1262/656
f 1970/1263/656 1969/1262/656 1968/1261/656
f 1969/1262/657 1970/1263/657 1971/1264/657
f 1972/1265/658 1971/1264/658 1970/1263/658
f 1971/1264/659 1972/1265/659 1973/1266/659
f 1974/1267/660 1973/1266/660 1972/1265/660
f 1973/1266/661 1974/1267/661 1975/1268/661
f 1976/1269/662 1975/1268/662 1974/1267/662
f 1964/1257/663 1965/1256/663 1977/1270/663
f 1978/1271/664 1977/1270/664 1965/1256/664
f 1977/1270/665 1978/1271/665 1979/1272/665
f 1980/1273/666 1979/1272/666 1978/1271/666
f 1983/1274/667 1982/1275/667 1981/1276/667
f 1984/1277/667 1981/1276/667 1982/1275/667
f 1985/1278/668 1981/1276/668 1984/1277/668
f 1983/1274/669 1986/1279/669 1982/1275/669
f 1987/1280/669 1982/1275/669 1986/1279/669
f 1988/1281/668 1987/1280/668 1986/1279/668
f 1991/1282/670 1990/1283/670 1989/1284/670
f 1992/1285/670 1989/1284/670 1990/1283/670
f 1990/1283/671 1993/1286/671 1992/1285/671
f 1994/1287/671 1992/1285/671 1993/1286/671
f 1989/1284/8 1995/1288/8 1991/1282/8
f 1996/1289/8 1991/1282/8 1995/1288/8
f 1996/1289/672 1995/1288/672 1997/1290/672
f 1998/1291/672 1997/1290/672 1995/1288/672
f 2001/1292/673 2000/1293/673 1999/1294/673
f 2002/1295/674 1999/1294/674 2000/1293/674
f 2000/1293/675 2003/1296/675 2002/1295/675
f 2006/1297/676 2005/1298/676 2004/1299/676
f 2007/1300/677 2004/1299/677 2005/1298/677
f 2006/1297/678 2008/1301/678 2005/1298/678
f 2011/1302/679 2010/1303/679 2009/1304/679
f 2012/1305/680 2009/1304/680 2010/1303/680
f 2009/1304/681 2012/1305/681 2013/1306/681
f 2014/1307/682 2013/1306/682 2012/1305/682
f 2017/1306/683 2016/1307/683 2015/1308/683
f 2018/1309/684 2015/1308/684 2016/1307/684
f 2021/1310/685 2020/1311/685 2019/1302/685
f 2022/1303/686 2019/1302/686 2020/1311/686
f 2025/1312/687 2024/1313/687 2023/1314/687
f 2026/1315/687 2023/1314/687 2024/1313/687
f 2023/1314/688 2026/1315/688 2027/1316/688
f 2028/1317/689 2027/1316/689 2026/1315/689
f 2027/1316/690 2028/1317/690 2029/1318/690
f 2030/1319/691 2029/1318/691 2028/1317/691
f 2029/1318/692 2030/1319/692 2031/1320/692
f 2032/1321/692 2031/1320/692 2030/1319/692
f 2031/1320/693 2032/1321/693 2033/1322/693
f 2034/1323/694 2033/1322/694 2032/1321/694
f 2033/1322/695 2034/1323/695 2035/1324/695
f 2036/1325/695 2035/1324/695 2034/1323/695
f 2024/1313/696 2025/1312/696 2037/1326/696
f 2038/1327/697 2037/1326/697 2025/1312/697
f 2037/1326/698 2038/1327/698 2039/1328/698
f 2040/1329/698 2039/1328/698 2038/1327/698
f 2043/1330/699 2042/1331/699 2041/1332/699
f 2044/1333/699 2041/1332/699 2042/1331/699
f 2044/1333/700 2045/1334/700 2041/1332/700
f 2046/1335/700 2041/1332/700 2045/1334/700
f 2047/1336/701 2046/1335/701 2045/1334/701
f 2048/1337/701 2042/1331/701 2043/1330/701
f 2051/1338/702 2050/1339/702 2049/1340/702
f 2052/1341/702 2049/1340/702 2050/1339/702
f 2053/1342/703 2049/1340/703 2052/1341/703
f 2051/1338/702 2054/1343/702 2050/1339/702
f 2055/1344/702 2050/1339/702 2054/1343/702
f 2056/1345/704 2055/1344/704 2054/1343/704
f 2059/1346/705 2058/1347/705 2057/1348/705
f 2060/1349/706 2057/1348/706 2058/1347/706
f 2063/1350/707 2062/1351/707 2061/1352/707
f 2064/1353/708 2061/1352/708 2062/1351/708
f 2067/1347/709 2066/1353/709 2065/1349/709
f 2068/1351/710 2065/1349/710 2066/1353/710
f 2071/1354/711 2070/1355/711 2069/1356/711
f 2072/1357/712 2069/1356/712 2070/1355/712
f 2069/1356/713 2072/1357/713 2073/1358/713
f 2074/1359/713 2073/1358/713 2072/1357/713
f 2073/1358/714 2074/1359/714 2075/1360/714
f 2076/1361/715 2075/1360/715 2074/1359/715
f 2079/1362/716 2078/1363/716 2077/1364/716
f 2080/1365/717 2077/1364/717 2078/1363/717
f 2078/1363/718 2079/1362/718 2081/1366/718
f 2082/1367/718 2081/1366/718 2079/1362/718
f 2081/1366/719 2082/1367/719 2083/1368/719
f 2084/1369/720 2083/1368/720 2082/1367/720
f 2087/1355/721 2086/1365/721 2085/1357/721
f 2088/1363/722 2085/1357/722 2086/1365/722
f 2085/1357/723 2088/1363/723 2089/1359/723
f 2090/1366/723 2089/1359/723 2088/1363/723
f 2089/1359/724 2090/1366/724 2091/1361/724
f 2092/1368/725 2091/1361/725 2090/1366/725
f 2095/1370/726 2094/1371/726 2093/1372/726
f 2096/1373/727 2093/1372/727 2094/1371/727
f 2099/1374/728 2098/1375/728 2097/1376/728
f 2100/1377/729 2097/1376/729 2098/1375/729
f 2103/1371/730 2102/1377/730 2101/1373/730
f 2104/1375/731 2101/1373/731 2102/1377/731
f 2107/1378/732 2106/1379/732 2105/1380/732
f 2108/1381/732 2105/1380/732 2106/1379/732
f 2105/1380/733 2108/1381/733 2109/1382/733
f 2110/1383/734 2109/1382/734 2108/1381/734
f 2108/1381/735 2111/1384/735 2110/1383/735
f 2112/1385/735 2110/1383/735 2111/1384/735
f 2111/1384/420 2108/1381/420 2113/1386/420
f 2106/1379/736 2107/1378/736 2114/1387/736
f 2115/1388/737 2114/1387/737 2107/1378/737
f 2114/1387/738 2116/1389/738 2106/1379/738
f 2113/1386/738 2106/1379/738 2116/1389/738
f 2105/1380/739 2117/1390/739 2107/1378/739
f 2119/1379/420 2113/1386/420 2118/1381/420
f 2122/1391/740 2121/1392/740 2120/1393/740
f 2123/1390/740 2120/1393/740 2121/1392/740
f 2120/1393/741 2123/1390/741 2124/1394/741
f 2125/1395/742 2124/1394/742 2123/1390/742
f 2123/1390/743 2126/1380/743 2125/1395/743
f 2127/1382/744 2125/1395/744 2126/1380/744
f 2121/1392/745 2122/1391/745 2128/1396/745
f 2129/1397/745 2128/1396/745 2122/1391/745
f 2128/1396/746 2130/1388/746 2121/1392/746
f 2131/1378/747 2121/1392/747 2130/1388/747
f 2121/1392/739 2131/1378/739 2117/1390/739
f 2134/1398/748 2133/1399/748 2132/1400/748
f 2135/1401/748 2132/1400/748 2133/1399/748
f 2133/1399/749 2136/1402/749 2135/1401/749
f 2137/1403/749 2135/1401/749 2136/1402/749
f 2140/1404/750 2139/1405/750 2138/1406/750
f 2141/1407/750 2138/1406/750 2139/1405/750
f 2139/1405/751 2142/1398/751 2141/1407/751
f 2143/1400/751 2141/1407/751 2142/1398/751
f 2146/1408/749 2145/1409/749 2144/1410/749
f 2147/1411/749 2144/1410/749 2145/1409/749
f 2145/1409/748 2148/1412/748 2147/1411/748
f 2149/1413/748 2147/1411/748 2148/1412/748
f 2152/1414/751 2151/1415/751 2150/1416/751
f 2153/1417/751 2150/1416/751 2151/1415/751
f 2151/1415/750 2154/1408/750 2153/1417/750
f 2155/1410/750 2153/1417/750 2154/1408/750
f 2158/1418/420 2157/1419/420 2156/1420/420
f 2159/1421/420 2156/1420/420 2157/1419/420
f 2159/1421/740 2157/1419/740 2160/1422/740
f 2161/1423/740 2160/1422/740 2157/1419/740
f 2156/1420/752 2162/1424/752 2158/1418/752
f 2165/1425/420 2164/1426/420 2163/1427/420
f 2166/1428/420 2163/1427/420 2164/1426/420
f 2166/1428/740 2167/1429/740 2163/1427/740
f 2168/1430/740 2163/1427/740 2167/1429/740
f 2167/1429/426 2169/1431/426 2168/1430/426
f 2170/1432/426 2168/1430/426 2169/1431/426
f 2172/1433/752 2171/1418/752 2162/1424/752
f 2175/1434/752 2174/1435/752 2173/1425/752
f 2176/1426/752 2173/1425/752 2174/1435/752
f 2179/1436/426 2178/1437/426 2177/1423/426
f 2180/1422/426 2177/1423/426 2178/1437/426
f 2183/1438/33 2182/1439/33 2181/1440/33
f 2184/1441/33 2181/1440/33 2182/1439/33
f 2187/1442/1 2186/1443/1 2185/1444/1
f 2188/1445/1 2185/1444/1 2186/1443/1
f 2191/1446/753 2190/1447/753 2189/1448/753
f 2192/1449/754 2189/1448/754 2190/1447/754
f 2190/1447/755 2191/1446/755 2193/1450/755
f 2194/1451/756 2193/1450/756 2191/1446/756
f 2193/1450/45 2194/1451/45 2195/1452/45
f 2196/1453/45 2195/1452/45 2194/1451/45
f 2195/1452/757 2196/1453/757 2197/1454/757
f 2198/1455/758 2197/1454/758 2196/1453/758
f 2197/1454/759 2198/1455/759 2199/1456/759
f 2200/1457/760 2199/1456/760 2198/1455/760
f 2203/1458/761 2202/1459/761 2201/1460/761
f 2204/1461/762 2201/1460/762 2202/1459/762
f 2203/1458/763 2201/1460/763 2205/1462/763
f 2206/1463/764 2205/1462/764 2201/1460/764
f 2206/1463/66 2207/1464/66 2205/1462/66
f 2208/1465/66 2205/1462/66 2207/1464/66
f 2208/1465/765 2207/1464/765 2209/1466/765
f 2210/1467/766 2209/1466/766 2207/1464/766
f 2210/1467/767 2211/1468/767 2209/1466/767
f 2212/1469/768 2209/1466/768 2211/1468/768
f 2215/1470/769 2214/1471/769 2213/1472/769
f 2216/1473/770 2213/1472/770 2214/1471/770
f 2214/1471/8 2215/1470/8 2217/1474/8
f 2218/1475/8 2217/1474/8 2215/1470/8
f 2217/1474/771 2218/1475/771 2219/1476/771
f 2220/1477/772 2219/1476/772 2218/1475/772
f 2219/1476/8 2220/1477/8 2221/1478/8
f 2222/1479/773 2221/1478/773 2220/1477/773
f 2221/1478/774 2222/1479/774 2223/1480/774
f 2224/1481/775 2223/1480/775 2222/1479/775
f 2227/1482/66 2226/1483/66 2225/1484/66
f 2228/1485/66 2225/1484/66 2226/1483/66
f 2231/1486/66 2230/1487/66 2229/1488/66
f 2232/1489/66 2229/1488/66 2230/1487/66
f 2235/1490/776 2234/1491/776 2233/1492/776
f 2236/1493/776 2233/1492/776 2234/1491/776
f 2239/1494/777 2238/1495/777 2237/1496/777
f 2240/1497/778 2237/1496/778 2238/1495/778
f 2243/1498/779 2242/1499/779 2241/1500/779
f 2244/1501/779 2241/1500/779 2242/1499/779
f 2241/1500/780 2245/1502/780 2243/1498/780
f 2246/1503/781 2243/1498/781 2245/1502/781
f 2249/1504/782 2248/1505/782 2247/1506/782
f 2250/1507/783 2247/1506/783 2248/1505/783
f 2253/1508/784 2252/1509/784 2251/1510/784
f 2254/1511/784 2251/1510/784 2252/1509/784
f 2254/1511/785 2255/1512/785 2251/1510/785
f 2256/1513/786 2251/1510/786 2255/1512/786
f 2259/1514/787 2258/1515/787 2257/1516/787
f 2260/1517/788 2257/1516/788 2258/1515/788
f 2263/1518/789 2262/1519/789 2261/1520/789
f 2264/1521/789 2261/1520/789 2262/1519/789
f 2267/1522/790 2266/1523/790 2265/1524/790
f 2268/1525/790 2265/1524/790 2266/1523/790
f 2271/1524/791 2270/1525/791 2269/1526/791
f 2272/1527/791 2269/1526/791 2270/1525/791
f 2275/1528/792 2274/1529/792 2273/1522/792
f 2276/1523/792 2273/1522/792 2274/1529/792
f 2279/1530/793 2278/1531/793 2277/1532/793
f 2280/1533/793 2277/1532/793 2278/1531/793
f 2283/1532/794 2282/1533/794 2281/1534/794
f 2284/1535/795 2281/1534/795 2282/1533/795
f 2287/1536/796 2286/1537/796 2285/1530/796
f 2288/1531/797 2285/1530/797 2286/1537/797
f 2291/1538/798 2290/1539/798 2289/1540/798
f 2292/1541/798 2289/1540/798 2290/1539/798
f 2295/1542/45 2294/1543/45 2293/1544/45
f 2296/1545/45 2293/1544/45 2294/1543/45
f 2299/1546/8 2298/1547/8 2297/1548/8
f 2300/1549/8 2297/1548/8 2298/1547/8
f 2303/1550/799 2302/1551/799 2301/1552/799
f 2304/1553/800 2301/1552/800 2302/1551/800
f 2301/1552/801 2304/1553/801 2305/1554/801
f 2306/1555/802 2305/1554/802 2304/1553/802
f 2309/1554/803 2308/1555/803 2307/1556/803
f 2310/1557/804 2307/1556/804 2308/1555/804
f 2313/1558/805 2312/1559/805 2311/1550/805
f 2314/1551/806 2311/1550/806 2312/1559/806
f 2317/1560/807 2316/1561/807 2315/1562/807
f 2318/1563/808 2317/1560/808 2315/1562/808
f 2321/1564/752 2320/1565/752 2319/1566/752
f 2322/1567/752 2319/1566/752 2320/1565/752
f 2319/1566/809 2322/1567/809 2323/1568/809
f 2325/1569/809 2323/1568/809 2324/1567/809
f 2328/1568/810 2327/1569/810 2326/1570/810
f 2329/1571/810 2326/1570/810 2327/1569/810
f 2332/1572/811 2331/1573/811 2330/1564/811
f 2333/1565/811 2330/1564/811 2331/1573/811
f 2336/1574/812 2335/1575/812 2334/1576/812
f 2337/1577/813 2334/1576/813 2335/1575/813
f 2334/1576/814 2337/1577/814 2338/1578/814
f 2339/1579/815 2338/1578/815 2337/1577/815
f 2342/1578/816 2341/1579/816 2340/1580/816
f 2343/1581/816 2340/1580/816 2341/1579/816
f 2345/1582/817 2344/1583/817 2336/1574/817
f 2347/1575/817 2346/1574/817 2344/1583/817
f 2350/1584/818 2349/1585/818 2348/1586/818
f 2351/1587/818 2348/1586/818 2349/1585/818
f 2349/1585/819 2352/1588/819 2351/1587/819
f 2353/1589/819 2351/1587/819 2352/1588/819
f 2356/1590/820 2355/1584/820 2354/1591/820
f 2357/1586/820 2354/1591/820 2355/1584/820
f 2360/1588/821 2359/1592/821 2358/1589/821
f 2361/1593/821 2358/1589/821 2359/1592/821
f 2364/1594/66 2363/1595/66 2362/1596/66
f 2363/1595/66 2365/1597/66 2362/1596/66
f 2368/1598/45 2367/1599/45 2366/1600/45
f 2368/1598/45 2369/1601/45 2367/1599/45
f 2372/1602/822 2371/1603/822 2370/1604/822
f 2373/1605/823 2370/1604/823 2371/1603/823
f 2376/1604/824 2375/1605/824 2374/1606/824
f 2377/1607/825 2374/1606/825 2375/1605/825
f 2380/1608/826 2379/1609/826 2378/1602/826
f 2381/1603/827 2378/1602/827 2379/1609/827
f 2384/1610/66 2383/1611/66 2382/1612/66
f 2385/1613/66 2382/1612/66 2383/1611/66
f 2388/1614/1 2387/1615/1 2386/1616/1
f 2389/1617/1 2386/1616/1 2387/1615/1
f 2388/1614/1 2386/1616/1 2390/1618/1
f 2391/1619/1 2390/1618/1 2386/1616/1
f 2394/1620/828 2393/1621/828 2392/1622/828
f 2395/1623/828 2392/1622/828 2393/1621/828
f 2394/1620/829 2396/1624/829 2393/1621/829
f 2397/1625/829 2393/1621/829 2396/1624/829
f 2400/1626/33 2399/1627/33 2398/1628/33
f 2401/1629/33 2398/1628/33 2399/1627/33
f 2400/1626/33 2398/1628/33 2402/1630/33
f 2403/1631/33 2402/1630/33 2398/1628/33
f 2406/1632/830 2405/1633/830 2404/1634/830
f 2407/1635/830 2404/1634/830 2405/1633/830
f 2406/1632/831 2404/1634/831 2408/1636/831
f 2409/1637/831 2408/1636/831 2404/1634/831
f 2412/1638/1 2411/1639/1 2410/1640/1
f 2413/1641/1 2410/1640/1 2411/1639/1
f 2411/1639/1 2412/1638/1 2414/1642/1
f 2415/1643/1 2414/1642/1 2412/1638/1
f 2418/1644/832 2417/1645/832 2416/1646/832
f 2419/1647/833 2416/1646/833 2417/1645/833
f 2422/1648/834 2421/1649/834 2420/1650/834
f 2423/1651/835 2420/1650/835 2421/1649/835
f 2426/1652/836 2425/1653/836 2424/1654/836
f 2427/1655/837 2424/1654/837 2425/1653/837
f 2430/1656/838 2429/1657/838 2428/1658/838
f 2431/1659/838 2428/1658/838 2429/1657/838
f 2434/1660/66 2433/1661/66 2432/1662/66
f 2435/1663/66 2432/1662/66 2433/1661/66
f 2438/1664/33 2437/1665/33 2436/1666/33
f 2439/1667/33 2436/1666/33 2437/1665/33
f 2442/1668/839 2441/1669/839 2440/1670/839
f 2443/1671/840 2440/1670/840 2441/1669/840
f 2446/1672/841 2445/1673/841 2444/1674/841
f 2447/1675/841 2444/1674/841 2445/1673/841
f 2450/1676/48 2449/1677/48 2448/1678/48
f 2451/1679/48 2448/1678/48 2449/1677/48
f 2454/1133/1 2453/1131/1 2452/1132/1
f 2455/1130/1 2452/1132/1 2453/1131/1
f 2452/1132/1 2456/1134/1 2454/1133/1
f 2459/1138/33 2458/1136/33 2457/1137/33
f 2460/1135/33 2457/1137/33 2458/1136/33
f 2459/1138/33 2461/1139/33 2458/1136/33
f 2464/1143/618 2463/1141/618 2462/1142/618
f 2465/1140/618 2462/1142/618 2463/1141/618
f 2468/1147/619 2467/1145/619 2466/1146/619
f 2469/1144/619 2466/1146/619 2467/1145/619
f 2467/1145/620 2468/1147/620 2470/1148/620
f 2471/1149/620 2470/1148/620 2468/1147/620
f 2474/1153/8 2473/1151/8 2472/1152/8
f 2475/1150/8 2472/1152/8 2473/1151/8
f 2478/1130/33 2477/1131/33 2476/1132/33
f 2479/1133/33 2476/1132/33 2477/1131/33
f 2480/1134/33 2476/1132/33 2479/1133/33
f 2483/1135/1 2482/1136/1 2481/1137/1
f 2484/1138/1 2481/1137/1 2482/1136/1
f 2485/1139/1 2484/1138/1 2482/1136/1
f 2488/1140/618 2487/1141/618 2486/1142/618
f 2489/1143/618 2486/1142/618 2487/1141/618
f 2492/1144/619 2491/1145/619 2490/1146/619
f 2493/1147/619 2490/1146/619 2491/1145/619
f 2491/1145/620 2494/1148/620 2493/1147/620
f 2495/1149/620 2493/1147/620 2494/1148/620
f 2498/1150/8 2497/1151/8 2496/1152/8
f 2499/1153/8 2496/1152/8 2497/1151/8
f 2502/1157/842 2501/1155/842 2500/1156/842
f 2503/1154/843 2500/1156/843 2501/1155/843
f 2501/1155/844 2502/1157/844 2504/1158/844
f 2505/1159/845 2504/1158/845 2502/1157/845
f 2504/1158/846 2505/1159/846 2506/1160/846
f 2507/1161/847 2506/1160/847 2505/1159/847
f 2510/1165/628 2509/1163/628 2508/1164/628
f 2511/1162/848 2508/1164/848 2509/1163/848
f 2510/1165/629 2508/1164/629 2512/1166/629
f 2513/1167/629 2512/1166/629 2508/1164/629
f 2516/1171/849 2515/1169/849 2514/1170/849
f 2517/1168/850 2514/1170/850 2515/1169/850
f 2517/1168/851 2518/1172/851 2514/1170/851
f 2521/1176/634 2520/1174/634 2519/1175/634
f 2522/1173/852 2519/1175/852 2520/1174/852
f 2522/1173/635 2520/1174/635 2523/1177/635
f 2524/1178/635 2523/1177/635 2520/1174/635
f 2523/1177/853 2524/1178/853 2525/1179/853
f 2526/1180/634 2525/1179/634 2524/1178/634
f 2529/1184/854 2528/1182/854 2527/1183/854
f 2530/1181/855 2527/1183/855 2528/1182/855
f 2529/1184/856 2531/1185/856 2528/1182/856
f 2534/1189/641 2533/1187/641 2532/1188/641
f 2535/1186/857 2532/1188/857 2533/1187/857
f 2534/1189/629 2532/1188/629 2536/1190/629
f 2537/1191/629 2536/1190/629 2532/1188/629
f 2540/1195/858 2539/1193/858 2538/1194/858
f 2541/1192/859 2538/1194/859 2539/1193/859
f 2538/1194/860 2542/1196/860 2540/1195/860
f 2545/1200/861 2544/1198/861 2543/1199/861
f 2546/1197/862 2543/1199/862 2544/1198/862
f 2543/1199/863 2547/1201/863 2545/1200/863
f 2550/1205/649 2549/1203/649 2548/1204/649
f 2551/1202/864 2548/1204/864 2549/1203/864
f 2554/1209/66 2553/1207/66 2552/1208/66
f 2555/1206/66 2552/1208/66 2553/1207/66
f 2558/1213/650 2557/1211/650 2556/1212/650
f 2559/1210/650 2556/1212/650 2557/1211/650
f 2562/1217/33 2561/1215/33 2560/1216/33
f 2563/1214/33 2560/1216/33 2561/1215/33
f 2560/1216/33 2564/1218/33 2562/1217/33
f 2567/1222/179 2566/1220/179 2565/1221/179
f 2568/1219/179 2565/1221/179 2566/1220/179
f 2571/1226/1 2570/1224/1 2569/1225/1
f 2572/1223/1 2569/1225/1 2570/1224/1
f 2572/1223/1 2573/1227/1 2569/1225/1
f 2576/1231/45 2575/1229/45 2574/1230/45
f 2577/1228/45 2574/1230/45 2575/1229/45
f 2580/1235/651 2579/1233/651 2578/1234/651
f 2581/1232/651 2578/1234/651 2579/1233/651
f 2580/1235/652 2578/1234/652 2582/1236/652
f 2583/1237/652 2582/1236/652 2578/1234/652
f 2586/1241/66 2585/1239/66 2584/1240/66
f 2587/1238/66 2584/1240/66 2585/1239/66
f 2590/1245/33 2589/1243/33 2588/1244/33
f 2591/1242/33 2588/1244/33 2589/1243/33
f 2591/1242/33 2592/1246/33 2588/1244/33
f 2595/1250/45 2594/1248/45 2593/1249/45
f 2596/1247/45 2593/1249/45 2594/1248/45
f 2599/1254/1 2598/1252/1 2597/1253/1
f 2600/1251/1 2597/1253/1 2598/1252/1
f 2597/1253/1 2601/1255/1 2599/1254/1
f 2604/1259/865 2603/1257/865 2602/1258/865
f 2605/1256/866 2602/1258/866 2603/1257/866
f 2603/1257/867 2606/1270/867 2605/1256/867
f 2607/1271/868 2605/1256/868 2606/1270/868
f 2606/1270/869 2608/1272/869 2607/1271/869
f 2609/1273/870 2607/1271/870 2608/1272/870
f 2602/1258/656 2610/1260/656 2604/1259/656
f 2611/1261/656 2604/1259/656 2610/1260/656
f 2610/1260/871 2612/1262/871 2611/1261/871
f 2613/1263/871 2611/1261/871 2612/1262/871
f 2612/1262/872 2614/1264/872 2613/1263/872
f 2615/1265/873 2613/1263/873 2614/1264/873
f 2614/1264/874 2616/1266/874 2615/1265/874
f 2617/1267/875 2615/1265/875 2616/1266/875
f 2616/1266/876 2618/1268/876 2617/1267/876
f 2619/1269/877 2617/1267/877 2618/1268/877
f 2622/1277/667 2621/1275/667 2620/1276/667
f 2623/1274/667 2620/1276/667 2621/1275/667
f 2623/1274/669 2621/1275/669 2624/1279/669
f 2625/1280/669 2624/1279/669 2621/1275/669
f 2625/1280/668 2626/1281/668 2624/1279/668
f 2620/1276/668 2627/1278/668 2622/1277/668
f 2630/1285/670 2629/1283/670 2628/1284/670
f 2631/1282/670 2628/1284/670 2629/1283/670
f 2628/1284/8 2631/1282/8 2632/1288/8
f 2633/1289/8 2632/1288/8 2631/1282/8
f 2633/1289/672 2634/1290/672 2632/1288/672
f 2635/1291/672 2632/1288/672 2634/1290/672
f 2629/1283/671 2630/1285/671 2636/1286/671
f 2637/1287/671 2636/1286/671 2630/1285/671
f 2640/1295/878 2639/1293/878 2638/1294/878
f 2641/1292/879 2638/1294/879 2639/1293/879
f 2642/1296/880 2639/1293/880 2640/1295/880
f 2645/1300/881 2644/1298/881 2643/1299/881
f 2646/1297/882 2643/1299/882 2644/1298/882
f 2647/1301/883 2646/1297/883 2644/1298/883
f 2650/1305/884 2649/1303/884 2648/1304/884
f 2651/1302/885 2648/1304/885 2649/1303/885
f 2648/1304/886 2652/1306/886 2650/1305/886
f 2653/1307/887 2650/1305/887 2652/1306/887
f 2656/1309/888 2655/1307/888 2654/1308/888
f 2657/1306/889 2654/1308/889 2655/1307/889
f 2660/1303/890 2659/1311/890 2658/1302/890
f 2661/1310/891 2658/1302/891 2659/1311/891
f 2664/1315/692 2663/1313/692 2662/1314/692
f 2665/1312/692 2662/1314/692 2663/1313/692
f 2663/1313/694 2666/1326/694 2665/1312/694
f 2667/1327/693 2665/1312/693 2666/1326/693
f 2666/1326/695 2668/1328/695 2667/1327/695
f 2669/1329/695 2667/1327/695 2668/1328/695
f 2662/1314/892 2670/1316/892 2664/1315/892
f 2671/1317/893 2664/1315/893 2670/1316/893
f 2670/1316/894 2672/1318/894 2671/1317/894
f 2673/1319/895 2671/1317/895 2672/1318/895
f 2672/1318/896 2674/1320/896 2673/1319/896
f 2675/1321/896 2673/1319/896 2674/1320/896
f 2674/1320/897 2676/1322/897 2675/1321/897
f 2677/1323/898 2675/1321/898 2676/1322/898
f 2676/1322/698 2678/1324/698 2677/1323/698
f 2679/1325/698 2677/1323/698 2678/1324/698
f 2682/1333/699 2681/1331/699 2680/1332/699
f 2683/1330/699 2680/1332/699 2681/1331/699
f 2681/1331/701 2684/1337/701 2683/1330/701
f 2682/1333/700 2680/1332/700 2685/1334/700
f 2686/1335/700 2685/1334/700 2680/1332/700
f 2686/1335/701 2687/1336/701 2685/1334/701
f 2690/1341/702 2689/1339/702 2688/1340/702
f 2691/1338/702 2688/1340/702 2689/1339/702
f 2691/1338/702 2689/1339/702 2692/1343/702
f 2693/1344/702 2692/1343/702 2689/1339/702
f 2693/1344/704 2694/1345/704 2692/1343/704
f 2688/1340/703 2695/1342/703 2690/1341/703
f 2698/1349/899 2697/1347/899 2696/1348/899
f 2699/1346/900 2696/1348/900 2697/1347/900
f 2702/1353/901 2701/1351/901 2700/1352/901
f 2703/1350/902 2700/1352/902 2701/1351/902
f 2706/1351/903 2705/1353/903 2704/1349/903
f 2707/1347/904 2704/1349/904 2705/1353/904
f 2710/1357/905 2709/1355/905 2708/1356/905
f 2711/1354/906 2708/1356/906 2709/1355/906
f 2708/1356/713 2712/1358/713 2710/1357/713
f 2713/1359/713 2710/1357/713 2712/1358/713
f 2712/1358/907 2714/1360/907 2713/1359/907
f 2715/1361/908 2713/1359/908 2714/1360/908
f 2718/1365/909 2717/1363/909 2716/1364/909
f 2719/1362/910 2716/1364/910 2717/1363/910
f 2717/1363/718 2720/1366/718 2719/1362/718
f 2721/1367/718 2719/1362/718 2720/1366/718
f 2720/1366/911 2722/1368/911 2721/1367/911
f 2723/1369/912 2721/1367/912 2722/1368/912
f 2726/1363/913 2725/1365/913 2724/1357/913
f 2727/1355/914 2724/1357/914 2725/1365/914
f 2724/1357/723 2728/1359/723 2726/1363/723
f 2729/1366/723 2726/1363/723 2728/1359/723
f 2728/1359/915 2730/1361/915 2729/1366/915
f 2731/1368/916 2729/1366/916 2730/1361/916
f 2734/1373/917 2733/1371/917 2732/1372/917
f 2735/1370/918 2732/1372/918 2733/1371/918
f 2738/1377/919 2737/1375/919 2736/1376/919
f 2739/1374/920 2736/1376/920 2737/1375/920
f 2742/1375/921 2741/1377/921 2740/1373/921
f 2743/1371/922 2740/1373/922 2741/1377/922
f 2746/1381/732 2745/1379/732 2744/1380/732
f 2747/1378/732 2744/1380/732 2745/1379/732
f 2745/1379/923 2748/1387/923 2747/1378/923
f 2749/1388/924 2747/1378/924 2748/1387/924
f 2748/1387/735 2745/1379/735 2750/1389/735
f 2751/1386/735 2750/1389/735 2745/1379/735
f 2744/1380/925 2752/1382/925 2746/1381/925
f 2753/1383/926 2746/1381/926 2752/1382/926
f 2746/1381/927 2753/1383/927 2754/1384/927
f 2755/1385/927 2754/1384/927 2753/1383/927
f 2754/1384/420 2751/1386/420 2746/1381/420
f 2757/1379/420 2756/1381/420 2751/1386/420
f 2760/1390/740 2759/1392/740 2758/1393/740
f 2761/1391/740 2758/1393/740 2759/1392/740
f 2759/1392/742 2762/1396/742 2761/1391/742
f 2763/1397/742 2761/1391/742 2762/1396/742
f 2762/1396/928 2759/1392/928 2764/1388/928
f 2765/1378/929 2764/1388/929 2759/1392/929
f 2758/1393/930 2766/1394/930 2760/1390/930
f 2767/1395/931 2760/1390/931 2766/1394/931
f 2760/1390/932 2767/1395/932 2768/1380/932
f 2769/1382/933 2768/1380/933 2767/1395/933
f 2768/1380/739 2747/1378/739 2770/1390/739
f 2771/1392/739 2770/1390/739 2765/1378/739
f 2774/1401/749 2773/1399/749 2772/1400/749
f 2775/1398/749 2772/1400/749 2773/1399/749
f 2773/1399/748 2774/1401/748 2776/1402/748
f 2777/1403/748 2776/1402/748 2774/1401/748
f 2780/1407/751 2779/1405/751 2778/1406/751
f 2781/1404/751 2778/1406/751 2779/1405/751
f 2779/1405/750 2780/1407/750 2782/1398/750
f 2783/1400/750 2782/1398/750 2780/1407/750
f 2786/1411/748 2785/1409/748 2784/1410/748
f 2787/1408/748 2784/1410/748 2785/1409/748
f 2785/1409/749 2786/1411/749 2788/1412/749
f 2789/1413/749 2788/1412/749 2786/1411/749
f 2792/1417/750 2791/1415/750 2790/1416/750
f 2793/1414/750 2790/1416/750 2791/1415/750
f 2791/1415/751 2792/1417/751 2794/1408/751
f 2795/1410/751 2794/1408/751 2792/1417/751
f 2798/1421/420 2797/1419/420 2796/1420/420
f 2799/1418/420 2796/1420/420 2797/1419/420
f 2796/1420/752 2799/1418/752 2800/1424/752
f 2798/1421/740 2801/1422/740 2797/1419/740
f 2802/1423/740 2797/1419/740 2801/1422/740
f 2805/1428/420 2804/1426/420 2803/1427/420
f 2806/1425/420 2803/1427/420 2804/1426/420
f 2805/1428/740 2803/1427/740 2807/1429/740
f 2808/1430/740 2807/1429/740 2803/1427/740
f 2807/1429/426 2808/1430/426 2809/1431/426
f 2810/1432/426 2809/1431/426 2808/1430/426
f 2812/1433/752 2800/1424/752 2811/1418/752
f 2815/1426/752 2814/1435/752 2813/1425/752
f 2816/1434/752 2813/1425/752 2814/1435/752
f 2819/1422/426 2818/1437/426 2817/1423/426
f 2820/1436/426 2817/1423/426 2818/1437/426
f 2823/1441/1 2822/1439/1 2821/1440/1
f 2824/1438/1 2821/1440/1 2822/1439/1
f 2827/1445/33 2826/1443/33 2825/1444/33
f 2828/1442/33 2825/1444/33 2826/1443/33
f 2831/1449/934 2830/1447/934 2829/1448/934
f 2832/1446/935 2829/1448/935 2830/1447/935
f 2830/1447/936 2833/1450/936 2832/1446/936
f 2834/1451/937 2832/1446/937 2833/1450/937
f 2833/1450/45 2835/1452/45 2834/1451/45
f 2836/1453/45 2834/1451/45 2835/1452/45
f 2835/1452/938 2837/1454/938 2836/1453/938
f 2838/1455/939 2836/1453/939 2837/1454/939
f 2837/1454/940 2839/1456/940 2838/1455/940
f 2840/1457/941 2838/1455/941 2839/1456/941
f 2843/1461/942 2842/1459/942 2841/1460/942
f 2844/1458/943 2841/1460/943 2842/1459/943
f 2844/1458/944 2845/1462/944 2841/1460/944
f 2846/1463/945 2841/1460/945 2845/1462/945
f 2846/1463/66 2845/1462/66 2847/1464/66
f 2848/1465/66 2847/1464/66 2845/1462/66
f 2848/1465/946 2849/1466/946 2847/1464/946
f 2850/1467/947 2847/1464/947 2849/1466/947
f 2850/1467/948 2849/1466/948 2851/1468/948
f 2852/1469/949 2851/1468/949 2849/1466/949
f 2855/1473/950 2854/1471/950 2853/1472/950
f 2856/1470/951 2853/1472/951 2854/1471/951
f 2854/1471/8 2857/1474/8 2856/1470/8
f 2858/1475/8 2856/1470/8 2857/1474/8
f 2857/1474/952 2859/1476/952 2858/1475/952
f 2860/1477/953 2858/1475/953 2859/1476/953
f 2859/1476/8 2861/1478/8 2860/1477/8
f 2862/1479/954 2860/1477/954 2861/1478/954
f 2861/1478/955 2863/1480/955 2862/1479/955
f 2864/1481/956 2862/1479/956 2863/1480/956
f 2867/1485/66 2866/1483/66 2865/1484/66
f 2868/1482/66 2865/1484/66 2866/1483/66
f 2871/1489/66 2870/1487/66 2869/1488/66
f 2872/1486/66 2869/1488/66 2870/1487/66
f 2875/1493/957 2874/1491/957 2873/1492/957
f 2876/1490/957 2873/1492/957 2874/1491/957
f 2879/1497/778 2878/1495/778 2877/1496/778
f 2880/1494/958 2877/1496/958 2878/1495/958
f 2883/1501/959 2882/1499/959 2881/1500/959
f 2884/1498/960 2881/1500/960 2882/1499/960
f 2881/1500/961 2884/1498/961 2885/1502/961
f 2886/1503/962 2885/1502/962 2884/1498/962
f 2889/1507/963 2888/1505/963 2887/1506/963
f 2890/1504/964 2887/1506/964 2888/1505/964
f 2893/1511/965 2892/1509/965 2891/1510/965
f 2894/1508/966 2891/1510/966 2892/1509/966
f 2893/1511/967 2891/1510/967 2895/1512/967
f 2896/1513/400 2895/1512/400 2891/1510/400
f 2899/1517/788 2898/1515/788 2897/1516/788
f 2900/1514/968 2897/1516/968 2898/1515/968
f 2903/1521/969 2902/1519/969 2901/1520/969
f 2904/1518/969 2901/1520/969 2902/1519/969
f 2907/1525/970 2906/1523/970 2905/1524/970
f 2908/1522/970 2905/1524/970 2906/1523/970
f 2911/1527/971 2910/1525/971 2909/1526/971
f 2912/1524/971 2909/1526/971 2910/1525/971
f 2915/1523/972 2914/1529/972 2913/1522/972
f 2916/1528/972 2913/1522/972 2914/1529/972
f 2919/1533/973 2918/1531/973 2917/1532/973
f 2920/1530/973 2917/1532/973 2918/1531/973
f 2923/1535/974 2922/1533/974 2921/1534/974
f 2924/1532/975 2921/1534/975 2922/1533/975
f 2927/1531/976 2926/1537/976 2925/1530/976
f 2928/1536/977 2925/1530/977 2926/1537/977
f 2931/1541/798 2930/1539/798 2929/1540/798
f 2932/1538/798 2929/1540/798 2930/1539/798
f 2935/1545/45 2934/1543/45 2933/1544/45
f 2936/1542/45 2933/1544/45 2934/1543/45
f 2939/1549/8 2938/1547/8 2937/1548/8
f 2940/1546/8 2937/1548/8 2938/1547/8
f 2943/1553/978 2942/1551/978 2941/1552/978
f 2944/1550/979 2941/1552/979 2942/1551/979
f 2941/1552/980 2945/1554/980 2943/1553/980
f 2946/1555/981 2943/1553/981 2945/1554/981
f 2949/1557/982 2948/1555/982 2947/1556/982
f 2950/1554/983 2947/1556/983 2948/1555/983
f 2953/1551/984 2952/1559/984 2951/1550/984
f 2954/1558/985 2951/1550/985 2952/1559/985
f 2957/1561/807 2956/1560/807 2955/1562/807
f 2956/1560/808 2958/1563/808 2955/1562/808
f 2961/1567/752 2960/1565/752 2959/1566/752
f 2962/1564/752 2959/1566/752 2960/1565/752
f 2959/1566/809 2963/1568/809 2961/1567/809
f 2965/1569/809 2964/1567/809 2963/1568/809
f 2968/1571/810 2967/1569/810 2966/1570/810
f 2969/1568/810 2966/1570/810 2967/1569/810
f 2972/1565/811 2971/1573/811 2970/1564/811
f 2973/1572/811 2970/1564/811 2971/1573/811
f 2976/1577/986 2975/1575/986 2974/1576/986
f 2977/1574/987 2974/1576/987 2975/1575/987
f 2974/1576/988 2978/1578/988 2976/1577/988
f 2979/1579/989 2976/1577/989 2978/1578/989
f 2982/1581/817 2981/1579/817 2980/1580/817
f 2983/1578/817 2980/1580/817 2981/1579/817
f 2986/1575/816 2985/1583/816 2984/1574/816
f 2987/1582/816 2977/1574/816 2985/1583/816
f 2990/1587/990 2989/1585/990 2988/1586/990
f 2991/1584/990 2988/1586/990 2989/1585/990
f 2989/1585/991 2990/1587/991 2992/1588/991
f 2993/1589/991 2992/1588/991 2990/1587/991
f 2996/1586/992 2995/1584/992 2994/1591/992
f 2997/1590/992 2994/1591/992 2995/1584/992
f 3000/1593/993 2999/1592/993 2998/1589/993
f 3001/1588/994 2998/1589/994 2999/1592/994
f 3004/1595/66 3003/1594/66 3002/1596/66
f 3005/1597/66 3004/1595/66 3002/1596/66
f 3008/1599/45 3007/1598/45 3006/1600/45
f 3009/1601/45 3007/1598/45 3008/1599/45
f 3012/1605/995 3011/1603/995 3010/1604/995
f 3013/1602/996 3010/1604/996 3011/1603/996
f 3016/1607/997 3015/1605/997 3014/1606/997
f 3017/1604/998 3014/1606/998 3015/1605/998
f 3020/1603/999 3019/1609/999 3018/1602/999
f 3021/1608/1000 3018/1602/1000 3019/1609/1000
f 3024/1613/66 3023/1611/66 3022/1612/66
f 3025/1610/66 3022/1612/66 3023/1611/66
f 3028/1617/33 3027/1615/33 3026/1616/33
f 3029/1614/33 3026/1616/33 3027/1615/33
f 3029/1614/33 3030/1618/33 3026/1616/33
f 3031/1619/33 3026/1616/33 3030/1618/33
f 3034/1623/828 3033/1621/828 3032/1622/828
f 3035/1620/828 3032/1622/828 3033/1621/828
f 3035/1620/829 3033/1621/829 3036/1624/829
f 3037/1625/829 3036/1624/829 3033/1621/829
f 3040/1629/1 3039/1627/1 3038/1628/1
f 3041/1626/1 3038/1628/1 3039/1627/1
f 3041/1626/1 3042/1630/1 3038/1628/1
f 3043/1631/1 3038/1628/1 3042/1630/1
f 3046/1635/830 3045/1633/830 3044/1634/830
f 3047/1632/830 3044/1634/830 3045/1633/830
f 3047/1632/831 3048/1636/831 3044/1634/831
f 3049/1637/831 3044/1634/831 3048/1636/831
f 3052/1641/33 3051/1639/33 3050/1640/33
f 3053/1638/33 3050/1640/33 3051/1639/33
f 3051/1639/33 3054/1642/33 3053/1638/33
f 3055/1643/33 3053/1638/33 3054/1642/33
f 3058/1647/833 3057/1645/833 3056/1646/833
f 3059/1644/1001 3056/1646/1001 3057/1645/1001
f 3062/1651/1002 3061/1649/1002 3060/1650/1002
f 3063/1648/1003 3060/1650/1003 3061/1649/1003
f 3066/1655/1004 3065/1653/1004 3064/1654/1004
f 3067/1652/836 3064/1654/836 3065/1653/836
f 3070/1659/838 3069/1657/838 3068/1658/838
f 3071/1656/838 3068/1658/838 3069/1657/838
f 3074/1663/66 3073/1661/66 3072/1662/66
f 3075/1660/66 3072/1662/66 3073/1661/66
f 3078/1667/1 3077/1665/1 3076/1666/1
f 3079/1664/1 3076/1666/1 3077/1665/1
f 3082/1671/840 3081/1669/840 3080/1670/840
f 3083/1668/1005 3080/1670/1005 3081/1669/1005
f 3086/1675/841 3085/1673/841 3084/1674/841
f 3087/1672/841 3084/1674/841 3085/1673/841
f 3090/1679/1 3089/1677/1 3088/1678/1
f 3091/1676/1 3088/1678/1 3089/1677/1
f 3094/1680/1006 3093/1681/1006 3092/1682/1006
f 3095/1683/1006 3092/1682/1006 3093/1681/1006
f 3093/1681/1007 3096/1684/1007 3095/1683/1007
f 3095/1683/1008 3096/1684/1008 3097/1685/1008
f 3098/1686/1009 3097/1685/1009 3096/1684/1009
f 3097/1685/1010 3098/1686/1010 3099/1687/1010
f 3098/1686/1006 3100/1688/1006 3099/1687/1006
f 3099/1687/1011 3101/1689/1011 3097/1685/1011
f 3102/1690/1011 3097/1685/1011 3101/1689/1011
f 3101/1689/1012 3103/1691/1012 3102/1690/1012
f 3102/1690/1013 3103/1691/1013 3104/1692/1013
f 3102/1690/1014 3104/1692/1014 3092/1682/1014
f 3094/1680/1015 3092/1682/1015 3104/1692/1015
f 3105/1693/1006 3094/1680/1006 3104/1692/1006
f 3106/1694/1006 3103/1691/1006 3101/1689/1006
f 3107/1695/1006 3096/1684/1006 3093/1681/1006
f 3110/1696/1016 3109/1697/1016 3108/1698/1016
f 3111/1699/1016 3108/1698/1016 3109/1697/1016
f 3114/1700/1017 3113/1701/1017 3112/1702/1017
f 3115/1703/1017 3112/1702/1017 3113/1701/1017
f 3118/1704/1018 3117/1705/1018 3116/1706/1018
f 3119/1707/1018 3116/1706/1018 3117/1705/1018
f 3122/1708/1018 3121/1709/1018 3120/1710/1018
f 3123/1711/1018 3120/1710/1018 3121/1709/1018
f 3126/1712/33 3125/1713/33 3124/1714/33
f 3127/1715/33 3124/1714/33 3125/1713/33
f 3130/1716/1 3129/1717/1 3128/1718/1
f 3131/1719/1 3128/1718/1 3129/1717/1
f 3134/1720/1019 3133/1721/1019 3132/1722/1019
f 3135/1723/1020 3132/1722/1020 3133/1721/1020
f 3138/1724/1021 3137/1725/1021 3136/1726/1021
f 3139/1727/1022 3136/1726/1022 3137/1725/1022
f 3142/1728/1018 3141/1729/1018 3140/1730/1018
f 3143/1731/1018 3140/1730/1018 3141/1729/1018
f 3146/1732/1023 3145/1733/1023 3144/1734/1023
f 3147/1735/1023 3144/1734/1023 3145/1733/1023
f 3150/1736/1023 3149/1737/1023 3148/1738/1023
f 3151/1739/1023 3148/1738/1023 3149/1737/1023
f 3154/1740/1023 3153/1741/1023 3152/1742/1023
f 3155/1743/1023 3152/1742/1023 3153/1741/1023
f 3158/1744/1 3157/1745/1 3156/1746/1
f 3159/1747/1 3156/1746/1 3157/1745/1
f 3162/1748/1024 3161/1749/1024 3160/1750/1024
f 3163/1751/1024 3160/1750/1024 3161/1749/1024
f 3166/1752/33 3165/1753/33 3164/1754/33
f 3167/1755/33 3164/1754/33 3165/1753/33
f 3170/1756/1025 3169/1757/1025 3168/1758/1025
f 3171/1759/1025 3168/1758/1025 3169/1757/1025
f 3174/1760/1026 3173/1761/1026 3172/1762/1026
f 3175/1763/1026 3172/1762/1026 3173/1761/1026
f 3175/1763/1027 3173/1761/1027 3176/1764/1027
f 3177/1765/1027 3176/1764/1027 3173/1761/1027
f 3180/1766/1 3179/1767/1 3178/1768/1
f 3181/1769/1 3178/1768/1 3179/1767/1
f 3179/1767/1 3182/1770/1 3181/1769/1
f 3183/1771/1 3181/1769/1 3182/1770/1
f 3186/1772/33 3185/1773/33 3184/1774/33
f 3187/1775/33 3184/1774/33 3185/1773/33
f 3186/1772/33 3184/1774/33 3188/1776/33
f 3189/1777/33 3188/1776/33 3184/1774/33
f 3192/1778/1028 3191/1779/1028 3190/1780/1028
f 3193/1781/1028 3190/1780/1028 3191/1779/1028
f 3196/1782/1029 3195/1783/1029 3194/1784/1029
f 3197/1785/1029 3194/1784/1029 3195/1783/1029
f 3200/1786/66 3199/1787/66 3198/1788/66
f 3201/1789/66 3198/1788/66 3199/1787/66
f 3204/1790/179 3203/1791/179 3202/1792/179
f 3205/1793/179 3202/1792/179 3203/1791/179
f 3208/1794/45 3207/1795/45 3206/1796/45
f 3209/1797/45 3206/1796/45 3207/1795/45
f 3212/1798/1030 3211/1799/1030 3210/1800/1030
f 3213/1801/1030 3210/1800/1030 3211/1799/1030
f 3216/1802/1031 3215/1803/1031 3214/1804/1031
f 3217/1805/1031 3214/1804/1031 3215/1803/1031
f 3220/1806/1 3219/1807/1 3218/1808/1
f 3221/1809/1 3218/1808/1 3219/1807/1
f 3224/1810/1032 3223/1811/1032 3222/1812/1032
f 3225/1813/1032 3222/1812/1032 3223/1811/1032
f 3228/1814/33 3227/1815/33 3226/1816/33
f 3229/1817/33 3226/1816/33 3227/1815/33
f 3232/1683/1006 3231/1681/1006 3230/1682/1006
f 3233/1680/1006 3230/1682/1006 3231/1681/1006
f 3233/1680/1007 3234/1692/1007 3230/1682/1007
f 3235/1690/1033 3230/1682/1033 3234/1692/1033
f 3236/1691/1009 3235/1690/1009 3234/1692/1009
f 3236/1691/1010 3237/1689/1010 3235/1690/1010
f 3235/1690/1011 3237/1689/1011 3238/1685/1011
f 3239/1687/1011 3238/1685/1011 3237/1689/1011
f 3240/1686/1012 3238/1685/1012 3239/1687/1012
f 3240/1686/1013 3241/1684/1013 3238/1685/1013
f 3232/1683/1034 3238/1685/1034 3241/1684/1034
f 3241/1684/1015 3231/1681/1015 3232/1683/1015
f 3241/1684/1006 3242/1695/1006 3231/1681/1006
f 3243/1688/1006 3240/1686/1006 3239/1687/1006
f 3236/1691/1006 3244/1694/1006 3237/1689/1006
f 3233/1680/1006 3245/1693/1006 3234/1692/1006
f 3248/1699/1016 3247/1697/1016 3246/1698/1016
f 3249/1696/1016 3246/1698/1016 3247/1697/1016
f 3252/1703/1017 3251/1701/1017 3250/1702/1017
f 3253/1700/1017 3250/1702/1017 3251/1701/1017
f 3256/1707/1018 3255/1705/1018 3254/1706/1018
f 3257/1704/1018 3254/1706/1018 3255/1705/1018
f 3260/1711/1018 3259/1709/1018 3258/1710/1018
f 3261/1708/1018 3258/1710/1018 3259/1709/1018
f 3264/1715/1 3263/1713/1 3262/1714/1
f 3265/1712/1 3262/1714/1 3263/1713/1
f 3268/1719/33 3267/1717/33 3266/1718/33
f 3269/1716/33 3266/1718/33 3267/1717/33
f 3272/1723/1035 3271/1721/1035 3270/1722/1035
f 3273/1720/1021 3270/1722/1021 3271/1721/1021
f 3276/1727/1019 3275/1725/1019 3274/1726/1019
f 3277/1724/1036 3274/1726/1036 3275/1725/1036
f 3280/1731/1018 3279/1729/1018 3278/1730/1018
f 3281/1728/1018 3278/1730/1018 3279/1729/1018
f 3284/1735/1023 3283/1733/1023 3282/1734/1023
f 3285/1732/1023 3282/1734/1023 3283/1733/1023
f 3288/1739/1023 3287/1737/1023 3286/1738/1023
f 3289/1736/1023 3286/1738/1023 3287/1737/1023
f 3292/1743/1037 3291/1741/1037 3290/1742/1037
f 3293/1740/1023 3290/1742/1023 3291/1741/1023
f 3296/1747/33 3295/1745/33 3294/1746/33
f 3297/1744/33 3294/1746/33 3295/1745/33
f 3300/1751/1025 3299/1749/1025 3298/1750/1025
f 3301/1748/1025 3298/1750/1025 3299/1749/1025
f 3304/1755/1 3303/1753/1 3302/1754/1
f 3305/1752/1 3302/1754/1 3303/1753/1
f 3308/1759/1024 3307/1757/1024 3306/1758/1024
f 3309/1756/1024 3306/1758/1024 3307/1757/1024
f 3312/1683/1006 3311/1681/1006 3310/1682/1006
f 3313/1680/1006 3310/1682/1006 3311/1681/1006
f 3313/1680/1007 3314/1692/1007 3310/1682/1007
f 3315/1690/1033 3310/1682/1033 3314/1692/1033
f 3316/1691/1009 3315/1690/1009 3314/1692/1009
f 3316/1691/1010 3317/1689/1010 3315/1690/1010
f 3315/1690/1011 3317/1689/1011 3318/1685/1011
f 3319/1687/1011 3318/1685/1011 3317/1689/1011
f 3320/1686/1012 3318/1685/1012 3319/1687/1012
f 3320/1686/1013 3321/1684/1013 3318/1685/1013
f 3312/1683/1034 3318/1685/1034 3321/1684/1034
f 3321/1684/1015 3311/1681/1015 3312/1683/1015
f 3321/1684/1006 3322/1695/1006 3311/1681/1006
f 3323/1688/1006 3320/1686/1006 3319/1687/1006
f 3316/1691/1006 3324/1694/1006 3317/1689/1006
f 3313/1680/1006 3325/1693/1006 3314/1692/1006
f 3328/1699/1016 3327/1697/1016 3326/1698/1016
f 3329/1696/1016 3326/1698/1016 3327/1697/1016
f 3332/1703/1017 3331/1701/1017 3330/1702/1017
f 3333/1700/1017 3330/1702/1017 3331/1701/1017
f 3336/1707/1018 3335/1705/1018 3334/1706/1018
f 3337/1704/1018 3334/1706/1018 3335/1705/1018
f 3340/1711/1018 3339/1709/1018 3338/1710/1018
f 3341/1708/1018 3338/1710/1018 3339/1709/1018
f 3344/1715/1 3343/1713/1 3342/1714/1
f 3345/1712/1 3342/1714/1 3343/1713/1
f 3348/1719/33 3347/1717/33 3346/1718/33
f 3349/1716/33 3346/1718/33 3347/1717/33
f 3352/1723/1038 3351/1721/1038 3350/1722/1038
f 3353/1720/1039 3350/1722/1039 3351/1721/1039
f 3356/1727/1019 3355/1725/1019 3354/1726/1019
f 3357/1724/1036 3354/1726/1036 3355/1725/1036
f 3360/1731/1018 3359/1729/1018 3358/1730/1018
f 3361/1728/1018 3358/1730/1018 3359/1729/1018
f 3364/1735/1023 3363/1733/1023 3362/1734/1023
f 3365/1732/1023 3362/1734/1023 3363/1733/1023
f 3368/1739/1023 3367/1737/1023 3366/1738/1023
f 3369/1736/1023 3366/1738/1023 3367/1737/1023
f 3372/1743/1023 3371/1741/1023 3370/1742/1023
f 3373/1740/1023 3370/1742/1023 3371/1741/1023
f 3376/1747/33 3375/1745/33 3374/1746/33
f 3377/1744/33 3374/1746/33 3375/1745/33
f 3380/1751/1025 3379/1749/1025 3378/1750/1025
f 3381/1748/1025 3378/1750/1025 3379/1749/1025
f 3384/1755/1 3383/1753/1 3382/1754/1
f 3385/1752/1 3382/1754/1 3383/1753/1
f 3388/1759/1040 3387/1757/1040 3386/1758/1040
f 3389/1756/1040 3386/1758/1040 3387/1757/1040
f 3392/1763/1026 3391/1761/1026 3390/1762/1026
f 3393/1760/1026 3390/1762/1026 3391/1761/1026
f 3392/1763/1027 3394/1764/1027 3391/1761/1027
f 3395/1765/1027 3391/1761/1027 3394/1764/1027
f 3398/1769/33 3397/1767/33 3396/1768/33
f 3399/1766/33 3396/1768/33 3397/1767/33
f 3397/1767/33 3398/1769/33 3400/1770/33
f 3401/1771/33 3400/1770/33 3398/1769/33
f 3404/1775/1 3403/1773/1 3402/1774/1
f 3405/1772/1 3402/1774/1 3403/1773/1
f 3405/1772/1 3406/1776/1 3402/1774/1
f 3407/1777/1 3402/1774/1 3406/1776/1
f 3410/1781/1028 3409/1779/1028 3408/1780/1028
f 3411/1778/1028 3408/1780/1028 3409/1779/1028
f 3414/1785/1029 3413/1783/1029 3412/1784/1029
f 3415/1782/1029 3412/1784/1029 3413/1783/1029
f 3418/1789/66 3417/1787/66 3416/1788/66
f 3419/1786/66 3416/1788/66 3417/1787/66
f 3422/1793/179 3421/1791/179 3420/1792/179
f 3423/1790/179 3420/1792/179 3421/1791/179
f 3426/1797/45 3425/1795/45 3424/1796/45
f 3427/1794/45 3424/1796/45 3425/1795/45
f 3430/1801/1030 3429/1799/1030 3428/1800/1030
f 3431/1798/1030 3428/1800/1030 3429/1799/1030
f 3434/1805/1031 3433/1803/1031 3432/1804/1031
f 3435/1802/1031 3432/1804/1031 3433/1803/1031
f 3438/1809/33 3437/1807/33 3436/1808/33
f 3439/1806/33 3436/1808/33 3437/1807/33
f 3442/1813/1032 3441/1811/1032 3440/1812/1032
f 3443/1810/1032 3440/1812/1032 3441/1811/1032
f 3446/1817/1 3445/1815/1 3444/1816/1
f 3447/1814/1 3444/1816/1 3445/1815/1
f 3450/1680/1006 3449/1681/1006 3448/1682/1006
f 3451/1683/1006 3448/1682/1006 3449/1681/1006
f 3449/1681/1007 3452/1684/1007 3451/1683/1007
f 3451/1683/1008 3452/1684/1008 3453/1685/1008
f 3454/1686/1009 3453/1685/1009 3452/1684/1009
f 3453/1685/1010 3454/1686/1010 3455/1687/1010
f 3454/1686/1006 3456/1688/1006 3455/1687/1006
f 3455/1687/1011 3457/1689/1011 3453/1685/1011
f 3458/1690/1011 3453/1685/1011 3457/1689/1011
f 3457/1689/1012 3459/1691/1012 3458/1690/1012
f 3458/1690/1013 3459/1691/1013 3460/1692/1013
f 3458/1690/1014 3460/1692/1014 3448/1682/1014
f 3450/1680/1015 3448/1682/1015 3460/1692/1015
f 3461/1693/1006 3450/1680/1006 3460/1692/1006
f 3462/1694/1006 3459/1691/1006 3457/1689/1006
f 3463/1695/1006 3452/1684/1006 3449/1681/1006
f 3466/1696/1016 3465/1697/1016 3464/1698/1016
f 3467/1699/1016 3464/1698/1016 3465/1697/1016
f 3470/1700/1017 3469/1701/1017 3468/1702/1017
f 3471/1703/1017 3468/1702/1017 3469/1701/1017
f 3474/1704/1018 3473/1705/1018 3472/1706/1018
f 3475/1707/1018 3472/1706/1018 3473/1705/1018
f 3478/1708/1018 3477/1709/1018 3476/1710/1018
f 3479/1711/1018 3476/1710/1018 3477/1709/1018
f 3482/1712/33 3481/1713/33 3480/1714/33
f 3483/1715/33 3480/1714/33 3481/1713/33
f 3486/1716/1 3485/1717/1 3484/1718/1
f 3487/1719/1 3484/1718/1 3485/1717/1
f 3490/1720/1019 3489/1721/1019 3488/1722/1019
f 3491/1723/1020 3488/1722/1020 3489/1721/1020
f 3494/1724/1041 3493/1725/1041 3492/1726/1041
f 3495/1727/1039 3492/1726/1039 3493/1725/1039
f 3498/1728/1018 3497/1729/1018 3496/1730/1018
f 3499/1731/1018 3496/1730/1018 3497/1729/1018
f 3502/1732/1023 3501/1733/1023 3500/1734/1023
f 3503/1735/1023 3500/1734/1023 3501/1733/1023
f 3506/1736/1023 3505/1737/1023 3504/1738/1023
f 3507/1739/1023 3504/1738/1023 3505/1737/1023
f 3510/1740/1023 3509/1741/1023 3508/1742/1023
f 3511/1743/1037 3508/1742/1037 3509/1741/1037
f 3514/1744/1 3513/1745/1 3512/1746/1
f 3515/1747/1 3512/1746/1 3513/1745/1
f 3518/1748/1040 3517/1749/1040 3516/1750/1040
f 3519/1751/1040 3516/1750/1040 3517/1749/1040
f 3522/1752/33 3521/1753/33 3520/1754/33
f 3523/1755/33 3520/1754/33 3521/1753/33
f 3526/1756/1025 3525/1757/1025 3524/1758/1025
f 3527/1759/1025 3524/1758/1025 3525/1757/1025
f 3530/1818/1042 3529/1819/1042 3528/1820/1042
f 3531/1821/1042 3528/1820/1042 3529/1819/1042
f 3534/1822/1043 3533/1823/1043 3532/1824/1043
f 3535/1825/1043 3532/1824/1043 3533/1823/1043
f 3538/1826/1 3537/1827/1 3536/1828/1
f 3539/1829/1044 3536/1828/1044 3537/1827/1044
f 3542/1830/1045 3541/1831/1045 3540/1832/1045
f 3543/1833/1045 3540/1832/1045 3541/1831/1045
f 3546/1834/1046 3545/1835/1046 3544/1836/1046
f 3547/1837/1047 3544/1836/1047 3545/1835/1047
f 3550/1821/1042 3549/1819/1042 3548/1820/1042
f 3551/1818/1042 3548/1820/1042 3549/1819/1042
f 3554/1825/1043 3553/1823/1043 3552/1824/1043
f 3555/1822/1043 3552/1824/1043 3553/1823/1043
f 3558/1829/1048 3557/1827/1048 3556/1828/1048
f 3559/1826/33 3556/1828/33 3557/1827/33
f 3562/1833/1045 3561/1831/1045 3560/1832/1045
f 3563/1830/1045 3560/1832/1045 3561/1831/1045
f 3566/1837/1049 3565/1835/1049 3564/1836/1049
f 3567/1834/1050 3564/1836/1050 3565/1835/1050
f 3570/1821/1042 3569/1819/1042 3568/1820/1042
f 3571/1818/1042 3568/1820/1042 3569/1819/1042
f 3574/1825/1043 3573/1823/1043 3572/1824/1043
f 3575/1822/1043 3572/1824/1043 3573/1823/1043
f 3578/1829/1051 3577/1827/1051 3576/1828/1051
f 3579/1826/33 3576/1828/33 3577/1827/33
f 3582/1833/1045 3581/1831/1045 3580/1832/1045
f 3583/1830/1045 3580/1832/1045 3581/1831/1045
f 3586/1837/1052 3585/1835/1052 3584/1836/1052
f 3587/1834/1050 3584/1836/1050 3585/1835/1050
f 3590/1821/1042 3589/1819/1042 3588/1820/1042
f 3591/1818/1042 3588/1820/1042 3589/1819/1042
f 3594/1825/1043 3593/1823/1043 3592/1824/1043
f 3595/1822/1043 3592/1824/1043 3593/1823/1043
f 3598/1829/1051 3597/1827/1051 3596/1828/1051
f 3599/1826/33 3596/1828/33 3597/1827/33
f 3602/1833/1045 3601/1831/1045 3600/1832/1045
f 3603/1830/1045 3600/1832/1045 3601/1831/1045
f 3606/1837/1052 3605/1835/1052 3604/1836/1052
f 3607/1834/1050 3604/1836/1050 3605/1835/1050
f 3610/1821/1042 3609/1819/1042 3608/1820/1042
f 3611/1818/1042 3608/1820/1042 3609/1819/1042
f 3614/1825/1043 3613/1823/1043 3612/1824/1043
f 3615/1822/1043 3612/1824/1043 3613/1823/1043
f 3618/1829/1053 3617/1827/1053 3616/1828/1053
f 3619/1826/33 3616/1828/33 3617/1827/33
f 3622/1833/1045 3621/1831/1045 3620/1832/1045
f 3623/1830/1045 3620/1832/1045 3621/1831/1045
f 3626/1837/1052 3625/1835/1052 3624/1836/1052
f 3627/1834/1050 3624/1836/1050 3625/1835/1050
f 3630/1818/1042 3629/1819/1042 3628/1820/1042
f 3631/1821/1042 3628/1820/1042 3629/1819/1042
f 3634/1822/1043 3633/1823/1043 3632/1824/1043
f 3635/1825/1043 3632/1824/1043 3633/1823/1043
f 3638/1826/1 3637/1827/1 3636/1828/1
f 3639/1829/1044 3636/1828/1044 3637/1827/1044
f 3642/1830/1045 3641/1831/1045 3640/1832/1045
f 3643/1833/1045 3640/1832/1045 3641/1831/1045
f 3646/1834/1046 3645/1835/1046 3644/1836/1046
f 3647/1837/1047 3644/1836/1047 3645/1835/1047
f 3650/1818/1042 3649/1819/1042 3648/1820/1042
f 3651/1821/1042 3648/1820/1042 3649/1819/1042
f 3654/1822/1043 3653/1823/1043 3652/1824/1043
f 3655/1825/1043 3652/1824/1043 3653/1823/1043
f 3658/1826/1 3657/1827/1 3656/1828/1
f 3659/1829/1044 3656/1828/1044 3657/1827/1044
f 3662/1830/1045 3661/1831/1045 3660/1832/1045
f 3663/1833/1045 3660/1832/1045 3661/1831/1045
f 3666/1834/1046 3665/1835/1046 3664/1836/1046
f 3667/1837/1047 3664/1836/1047 3665/1835/1047
f 3670/1838/1054 3669/1839/1054 3668/1840/1054
f 3671/1841/1054 3668/1840/1054 3669/1839/1054
f 3668/1840/1055 3671/1841/1055 3672/1842/1055
f 3673/1843/1055 3672/1842/1055 3671/1841/1055
f 3673/1843/1056 3674/1844/1056 3672/1842/1056
f 3675/1845/1056 3672/1842/1056 3674/1844/1056
f 3669/1839/1057 3670/1838/1057 3676/1846/1057
f 3677/1847/1057 3676/1846/1057 3670/1838/1057
f 3680/1848/1058 3679/1849/1058 3678/1850/1058
f 3678/1850/1059 3679/1849/1059 3681/1851/1059
f 3682/1852/1060 3681/1851/1060 3679/1849/1060
f 3680/1848/1061 3678/1850/1061 3683/1853/1061
f 3684/1854/1062 3683/1853/1062 3678/1850/1062
f 3687/1855/1063 3686/1856/1063 3685/1857/1063
f 3688/1858/1063 3685/1857/1063 3686/1856/1063
f 3691/1859/1064 3690/1860/1064 3689/1861/1064
f 3692/1862/1065 3689/1861/1065 3690/1860/1065
f 3693/1863/1066 3690/1860/1066 3691/1859/1066
f 3693/1863/1067 3691/1859/1067 3694/1864/1067
f 3695/1865/1068 3694/1864/1068 3691/1859/1068
f 3698/1841/1054 3697/1839/1054 3696/1840/1054
f 3699/1838/1054 3696/1840/1054 3697/1839/1054
f 3697/1839/1057 3700/1846/1057 3699/1838/1057
f 3701/1847/1057 3699/1838/1057 3700/1846/1057
f 3696/1840/1055 3702/1842/1055 3698/1841/1055
f 3703/1843/1055 3698/1841/1055 3702/1842/1055
f 3703/1843/1056 3702/1842/1056 3704/1844/1056
f 3705/1845/1056 3704/1844/1056 3702/1842/1056
f 3708/1849/1066 3707/1848/1066 3706/1850/1066
f 3707/1848/1069 3709/1853/1069 3706/1850/1069
f 3710/1854/1070 3706/1850/1070 3709/1853/1070
f 3706/1850/1071 3711/1851/1071 3708/1849/1071
f 3712/1852/1072 3708/1849/1072 3711/1851/1072
f 3715/1858/1063 3714/1856/1063 3713/1857/1063
f 3716/1855/1063 3713/1857/1063 3714/1856/1063
f 3719/1862/1073 3718/1860/1073 3717/1861/1073
f 3720/1859/1074 3717/1861/1074 3718/1860/1074
f 3718/1860/1075 3721/1863/1075 3720/1859/1075
f 3721/1863/1076 3722/1864/1076 3720/1859/1076
f 3723/1865/1077 3720/1859/1077 3722/1864/1077
f 3726/1838/1054 3725/1839/1054 3724/1840/1054
f 3727/1841/1054 3724/1840/1054 3725/1839/1054
f 3724/1840/1055 3727/1841/1055 3728/1842/1055
f 3729/1843/1055 3728/1842/1055 3727/1841/1055
f 3729/1843/1056 3730/1844/1056 3728/1842/1056
f 3731/1845/1056 3728/1842/1056 3730/1844/1056
f 3725/1839/1057 3726/1838/1057 3732/1846/1057
f 3733/1847/1057 3732/1846/1057 3726/1838/1057
f 3736/1848/1075 3735/1849/1075 3734/1850/1075
f 3734/1850/1078 3735/1849/1078 3737/1851/1078
f 3738/1852/1079 3737/1851/1079 3735/1849/1079
f 3736/1848/1080 3734/1850/1080 3739/1853/1080
f 3740/1854/1081 3739/1853/1081 3734/1850/1081
f 3743/1855/1063 3742/1856/1063 3741/1857/1063
f 3744/1858/1063 3741/1857/1063 3742/1856/1063
f 3747/1859/1064 3746/1860/1064 3745/1861/1064
f 3748/1862/1065 3745/1861/1065 3746/1860/1065
f 3749/1863/1066 3746/1860/1066 3747/1859/1066
f 3749/1863/1067 3747/1859/1067 3750/1864/1067
f 3751/1865/1068 3750/1864/1068 3747/1859/1068
f 3754/1866/33 3753/1867/33 3752/1868/33
f 3755/1869/33 3752/1868/33 3753/1867/33
f 3756/1870/33 3755/1869/33 3753/1867/33
f 3759/1871/1 3758/1872/1 3757/1873/1
f 3760/1874/1 3757/1873/1 3758/1872/1
f 3761/1875/1 3757/1873/1 3760/1874/1
f 3764/1876/1082 3763/1877/1082 3762/1878/1082
f 3765/1879/1082 3762/1878/1082 3763/1877/1082
f 3768/1880/1083 3767/1881/1083 3766/1882/1083
f 3769/1883/1083 3766/1882/1083 3767/1881/1083
f 3767/1881/1084 3770/1884/1084 3769/1883/1084
f 3771/1885/1084 3769/1883/1084 3770/1884/1084
f 3774/1886/1085 3773/1887/1085 3772/1888/1085
f 3775/1889/1085 3772/1888/1085 3773/1887/1085
f 3778/1866/33 3777/1867/33 3776/1868/33
f 3779/1869/33 3776/1868/33 3777/1867/33
f 3780/1870/33 3779/1869/33 3777/1867/33
f 3783/1871/1 3782/1872/1 3781/1873/1
f 3784/1874/1 3781/1873/1 3782/1872/1
f 3785/1875/1 3781/1873/1 3784/1874/1
f 3788/1876/1082 3787/1877/1082 3786/1878/1082
f 3789/1879/1082 3786/1878/1082 3787/1877/1082
f 3792/1880/1083 3791/1881/1083 3790/1882/1083
f 3793/1883/1083 3790/1882/1083 3791/1881/1083
f 3791/1881/1084 3794/1884/1084 3793/1883/1084
f 3795/1885/1084 3793/1883/1084 3794/1884/1084
f 3798/1886/1085 3797/1887/1085 3796/1888/1085
f 3799/1889/1085 3796/1888/1085 3797/1887/1085
f 3802/1869/1 3801/1867/1 3800/1868/1
f 3803/1866/1 3800/1868/1 3801/1867/1
f 3802/1869/1 3804/1870/1 3801/1867/1
f 3807/1874/33 3806/1872/33 3805/1873/33
f 3808/1871/33 3805/1873/33 3806/1872/33
f 3805/1873/33 3809/1875/33 3807/1874/33
f 3812/1879/1082 3811/1877/1082 3810/1878/1082
f 3813/1876/1082 3810/1878/1082 3811/1877/1082
f 3816/1883/1083 3815/1881/1083 3814/1882/1083
f 3817/1880/1083 3814/1882/1083 3815/1881/1083
f 3815/1881/1084 3816/1883/1084 3818/1884/1084
f 3819/1885/1084 3818/1884/1084 3816/1883/1084
f 3822/1889/1085 3821/1887/1085 3820/1888/1085
f 3823/1886/1085 3820/1888/1085 3821/1887/1085
f 3826/1869/1 3825/1867/1 3824/1868/1
f 3827/1866/1 3824/1868/1 3825/1867/1
f 3826/1869/1 3828/1870/1 3825/1867/1
f 3831/1874/33 3830/1872/33 3829/1873/33
f 3832/1871/33 3829/1873/33 3830/1872/33
f 3829/1873/33 3833/1875/33 3831/1874/33
f 3836/1879/1082 3835/1877/1082 3834/1878/1082
f 3837/1876/1082 3834/1878/1082 3835/1877/1082
f 3840/1883/1083 3839/1881/1083 3838/1882/1083
f 3841/1880/1083 3838/1882/1083 3839/1881/1083
f 3839/1881/1084 3840/1883/1084 3842/1884/1084
f 3843/1885/1084 3842/1884/1084 3840/1883/1084
f 3846/1889/1085 3845/1887/1085 3844/1888/1085
f 3847/1886/1085 3844/1888/1085 3845/1887/1085
f 3850/1890/1086 3849/1891/1086 3848/1892/1086
f 3851/1893/1086 3848/1892/1086 3849/1891/1086
f 3854/1894/1087 3853/1895/1087 3852/1896/1087
f 3855/1897/1087 3852/1896/1087 3853/1895/1087
f 3858/1898/1 3857/1899/1 3856/1900/1
f 3859/1901/1 3856/1900/1 3857/1899/1
f 3862/1902/1088 3861/1903/1088 3860/1904/1088
f 3863/1905/1088 3860/1904/1088 3861/1903/1088
f 3866/1906/33 3865/1907/33 3864/1908/33
f 3867/1909/33 3864/1908/33 3865/1907/33
f 3870/1893/1086 3869/1891/1086 3868/1892/1086
f 3871/1890/1086 3868/1892/1086 3869/1891/1086
f 3874/1897/1087 3873/1895/1087 3872/1896/1087
f 3875/1894/1087 3872/1896/1087 3873/1895/1087
f 3878/1901/33 3877/1899/33 3876/1900/33
f 3879/1898/33 3876/1900/33 3877/1899/33
f 3882/1905/1088 3881/1903/1088 3880/1904/1088
f 3883/1902/1088 3880/1904/1088 3881/1903/1088
f 3886/1909/1 3885/1907/1 3884/1908/1
f 3887/1906/1 3884/1908/1 3885/1907/1
f 3890/1910/1089 3889/1911/1089 3888/1912/1089
f 3891/1913/1089 3888/1912/1089 3889/1911/1089
f 3894/1914/1090 3893/1915/1090 3892/1916/1090
f 3895/1917/1090 3892/1916/1090 3893/1915/1090
f 3898/1918/1 3897/1919/1 3896/1920/1
f 3899/1921/1 3896/1920/1 3897/1919/1
f 3902/1922/1091 3901/1923/1091 3900/1924/1091
f 3903/1925/1091 3900/1924/1091 3901/1923/1091
f 3906/1926/33 3905/1927/33 3904/1928/33
f 3907/1929/33 3904/1928/33 3905/1927/33
f 3910/1910/1089 3909/1911/1089 3908/1912/1089
f 3911/1913/1089 3908/1912/1089 3909/1911/1089
f 3914/1914/1090 3913/1915/1090 3912/1916/1090
f 3915/1917/1090 3912/1916/1090 3913/1915/1090
f 3918/1918/1 3917/1919/1 3916/1920/1
f 3919/1921/1 3916/1920/1 3917/1919/1
f 3922/1922/1091 3921/1923/1091 3920/1924/1091
f 3923/1925/1092 3920/1924/1092 3921/1923/1092
f 3926/1926/33 3925/1927/33 3924/1928/33
f 3927/1929/33 3924/1928/33 3925/1927/33
f 3930/1910/1089 3929/1911/1089 3928/1912/1089
f 3931/1913/1089 3928/1912/1089 3929/1911/1089
f 3934/1914/1093 3933/1915/1093 3932/1916/1093
f 3935/1917/1093 3932/1916/1093 3933/1915/1093
f 3938/1918/1 3937/1919/1 3936/1920/1
f 3939/1921/1 3936/1920/1 3937/1919/1
f 3942/1922/1094 3941/1923/1094 3940/1924/1094
f 3943/1925/1094 3940/1924/1094 3941/1923/1094
f 3946/1926/33 3945/1927/33 3944/1928/33
f 3947/1929/33 3944/1928/33 3945/1927/33
f 3950/1930/33 3949/1931/33 3948/1932/33
f 3951/1933/33 3948/1932/33 3949/1931/33
f 3954/1932/1095 3953/1933/1095 3952/1934/1095
f 3955/1935/1095 3952/1934/1095 3953/1933/1095
f 3958/1934/1096 3957/1935/1096 3956/1936/1096
f 3959/1937/1096 3956/1936/1096 3955/1935/1096
f 3962/1930/33 3961/1931/33 3960/1932/33
f 3963/1933/33 3960/1932/33 3961/1931/33
f 3966/1932/1095 3965/1933/1095 3964/1934/1095
f 3967/1935/1095 3964/1934/1095 3965/1933/1095
f 3964/1934/1096 3967/1935/1096 3968/1936/1096
f 3969/1937/1096 3968/1936/1096 3967/1935/1096
f 3972/1938/45 3971/1939/45 3970/1940/45
f 3973/1941/45 3970/1940/45 3971/1939/45
f 3971/1939/1097 3974/1942/1097 3973/1941/1097
f 3975/1943/1097 3973/1941/1097 3974/1942/1097
f 3974/1942/1098 3976/1944/1098 3975/1943/1098
f 3977/1945/1098 3975/1943/1098 3976/1944/1098
f 3976/1944/1099 3978/1946/1099 3977/1945/1099
f 3979/1947/1099 3977/1945/1099 3978/1946/1099
f 3982/1948/1 3981/1949/1 3980/1950/1
f 3983/1951/1 3980/1950/1 3981/1949/1
f 3983/1951/1 3984/1952/1 3980/1950/1
f 3985/1953/1 3980/1950/1 3984/1952/1
f 3986/1954/1 3985/1953/1 3984/1952/1
f 3981/1949/1 3982/1948/1 3987/1955/1
f 3988/1956/1 3987/1955/1 3982/1948/1
f 3991/1957/33 3990/1958/33 3989/1959/33
f 3992/1960/33 3989/1959/33 3990/1958/33
f 3992/1960/33 3993/1961/33 3989/1959/33
f 3994/1962/33 3989/1959/33 3993/1961/33
f 3994/1962/33 3993/1961/33 3995/1963/33
f 3996/1964/33 3995/1963/33 3993/1961/33
f 3997/1965/33 3990/1958/33 3991/1957/33
f 4000/1966/8 3999/1967/8 3998/1968/8
f 4001/1969/8 3998/1968/8 3999/1967/8
f 4004/1970/1100 4003/1971/1100 4002/1972/1100
f 4005/1973/1101 4002/1972/1101 4003/1971/1101
f 4008/1974/1102 4007/1975/1102 4006/1976/1102
f 4009/1977/1103 4006/1976/1103 4007/1975/1103
f 4012/1978/1104 4011/1979/1104 4010/1980/1104
f 4013/1981/1104 4010/1980/1104 4011/1979/1104
f 4016/1982/1105 4015/1983/1105 4014/1984/1105
f 4017/1985/1106 4014/1984/1106 4015/1983/1106
f 4020/1986/1107 4019/1987/1107 4018/1988/1107
f 4021/1989/1107 4018/1988/1107 4019/1987/1107
f 4024/1990/1108 4023/1991/1108 4022/1992/1108
f 4025/1993/1109 4022/1992/1109 4023/1991/1109
f 4026/1994/1110 4022/1992/1110 4025/1993/1110
f 4025/1993/1111 4027/1995/1111 4026/1994/1111
f 4028/1996/1111 4026/1994/1111 4027/1995/1111
f 4029/1997/1112 4028/1996/1112 4027/1995/1112
f 4030/1998/1113 4025/1993/1113 4023/1991/1113
f 4033/1999/1114 4032/2000/1114 4031/2001/1114
f 4034/2002/1114 4031/2001/1114 4032/2000/1114
f 4037/2003/1115 4036/2004/1115 4035/2005/1115
f 4038/2006/1116 4035/2005/1116 4036/2004/1116
f 4041/2007/33 4040/2008/33 4039/2009/33
f 4042/2010/33 4039/2009/33 4040/2008/33
f 4040/2008/1117 4041/2007/1117 4043/2011/1117
f 4044/2012/1118 4043/2011/1118 4041/2007/1118
f 4047/2013/1119 4046/2014/1119 4045/2015/1119
f 4048/2016/1120 4045/2015/1120 4046/2014/1120
f 4051/2017/1121 4050/2018/1121 4049/2019/1121
f 4052/2020/1121 4049/2019/1121 4050/2018/1121
f 4049/2019/1122 4052/2020/1122 4053/2021/1122
f 4054/2022/1123 4053/2021/1123 4052/2020/1123
f 4050/2018/1124 4051/2017/1124 4055/2023/1124
f 4056/2024/1125 4055/2023/1125 4051/2017/1125
f 4059/2025/1126 4058/2026/1126 4057/2027/1126
f 4060/2028/1126 4057/2027/1126 4058/2026/1126
f 4063/2029/1127 4062/2030/1127 4061/2031/1127
f 4064/2032/1127 4061/2031/1127 4062/2030/1127
f 4064/2032/1128 4062/2030/1128 4065/2033/1128
f 4066/2034/1128 4065/2033/1128 4062/2030/1128
f 4061/2031/1129 4067/2035/1129 4063/2029/1129
f 4068/2036/1129 4063/2029/1129 4067/2035/1129
f 4071/2037/1130 4070/2038/1130 4069/2039/1130
f 4072/2040/1131 4069/2039/1131 4070/2038/1131
f 4075/2041/1132 4074/2042/1132 4073/2043/1132
f 4076/2044/1133 4073/2043/1133 4074/2042/1133
f 4079/2045/179 4078/2046/179 4077/2047/179
f 4080/2048/179 4077/2047/179 4078/2046/179
f 4077/2047/179 4080/2048/179 4081/2049/179
f 4082/2050/179 4081/2049/179 4080/2048/179
f 4081/2049/179 4082/2050/179 4083/2051/179
f 4084/2052/179 4083/2051/179 4082/2050/179
f 4083/2051/179 4084/2052/179 4085/2053/179
f 4086/2054/179 4085/2053/179 4084/2052/179
f 4085/2053/179 4086/2054/179 4087/2055/179
f 4088/2056/179 4087/2055/179 4086/2054/179
f 4087/2055/179 4088/2056/179 4089/2057/179
f 4090/2058/179 4089/2057/179 4088/2056/179
f 4089/2057/179 4090/2058/179 4079/2045/179
f 4078/2046/179 4079/2045/179 4090/2058/179
f 4093/2059/1134 4092/2060/1134 4091/2061/1134
f 4094/2062/1134 4091/2061/1134 4092/2060/1134
f 4091/2061/1135 4094/2062/1135 4095/2063/1135
f 4096/2064/1135 4095/2063/1135 4094/2062/1135
f 4095/2063/1136 4096/2064/1136 4097/2065/1136
f 4098/2066/1137 4097/2065/1137 4096/2064/1137
f 4097/2065/1138 4098/2066/1138 4099/2067/1138
f 4100/2068/1138 4099/2067/1138 4098/2066/1138
f 4099/2067/33 4100/2068/33 4101/2069/33
f 4102/2070/33 4101/2069/33 4100/2068/33
f 4092/2060/1 4093/2059/1 4103/2071/1
f 4104/2072/1 4103/2071/1 4093/2059/1
f 4107/2073/45 4106/2074/45 4105/2075/45
f 4108/2076/45 4105/2075/45 4106/2074/45
f 4111/2077/1139 4110/2078/1139 4109/2079/1139
f 4112/2080/1139 4109/2079/1139 4110/2078/1139
f 4109/2079/33 4112/2080/33 4113/2081/33
f 4114/2082/33 4113/2081/33 4112/2080/33
f 4110/2078/1140 4111/2077/1140 4115/2083/1140
f 4116/2084/1140 4115/2083/1140 4111/2077/1140
f 4115/2083/1141 4116/2084/1141 4117/2085/1141
f 4118/2086/1141 4117/2085/1141 4116/2084/1141
f 4117/2085/1142 4118/2086/1142 4119/2087/1142
f 4120/2088/1142 4119/2087/1142 4118/2086/1142
f 4119/2087/1 4120/2088/1 4121/2089/1
f 4122/2090/1 4121/2089/1 4120/2088/1
f 4125/2091/66 4124/2092/66 4123/2093/66
f 4126/2094/66 4123/2093/66 4124/2092/66
f 4129/2095/1143 4128/2096/1143 4127/2097/1143
f 4130/2098/1143 4127/2097/1143 4128/2096/1143
f 4128/2096/1144 4131/2099/1144 4130/2098/1144
f 4132/2100/1144 4130/2098/1144 4131/2099/1144
f 4135/2101/33 4134/2102/33 4133/2103/33
f 4136/2104/33 4134/2102/33 4135/2101/33
f 4137/2105/33 4135/2101/33 4133/2103/33
f 4133/2103/33 4138/2106/33 4137/2105/33
f 4139/2107/33 4137/2105/33 4138/2106/33
f 4142/2108/1 4141/2109/1 4140/2110/1
f 4143/2111/1145 4140/2110/1145 4141/2109/1145
f 4141/2109/1 4142/2108/1 4144/2112/1
f 4145/2113/1 4144/2112/1 4142/2108/1
f 4148/2114/1146 4147/2115/1146 4146/2116/1146
f 4149/2117/1146 4146/2116/1146 4147/2115/1146
f 4146/2116/1147 4149/2117/1147 4150/2118/1147
f 4151/2119/1147 4150/2118/1147 4149/2117/1147
f 4154/2120/1148 4153/2121/1148 4152/2122/1148
f 4152/2122/1149 4155/2123/1149 4154/2120/1149
f 4156/2124/1150 4154/2120/1150 4155/2123/1150
f 4154/2120/1151 4156/2124/1151 4157/2125/1151
f 4158/2126/1 4157/2125/1 4156/2124/1
f 4161/2127/1152 4160/2128/1152 4159/2129/1152
f 4162/2130/1153 4159/2129/1153 4160/2128/1153
f 4159/2129/1154 4163/2131/1154 4161/2127/1154
f 4164/2132/33 4161/2127/33 4163/2131/33
f 4167/2133/1155 4166/2134/1155 4165/2135/1155
f 4168/2136/1155 4165/2135/1155 4166/2134/1155
f 4165/2135/1156 4168/2136/1156 4169/2137/1156
f 4170/2138/1157 4169/2137/1157 4168/2136/1157
f 4167/2133/1158 4171/2139/1158 4166/2134/1158
f 4172/2140/1157 4166/2134/1157 4171/2139/1157
f 4175/2141/1159 4174/2142/1159 4173/2143/1159
f 4176/2144/1159 4173/2143/1159 4174/2142/1159
f 4173/2143/1160 4176/2144/1160 4177/2145/1160
f 4178/2146/1160 4177/2145/1160 4176/2144/1160
f 4174/2142/1161 4175/2141/1161 4179/2147/1161
f 4180/2148/1161 4179/2147/1161 4175/2141/1161
f 4183/2149/1162 4182/2150/1162 4181/2151/1162
f 4184/2152/1162 4181/2151/1162 4182/2150/1162
f 4181/2151/1161 4184/2152/1161 4185/2153/1161
f 4186/2154/1161 4185/2153/1161 4184/2152/1161
f 4189/2155/1143 4188/2156/1143 4187/2157/1143
f 4190/2158/1143 4187/2157/1143 4188/2156/1143
f 4188/2156/1144 4189/2155/1144 4191/2159/1144
f 4192/2160/1144 4191/2159/1144 4189/2155/1144
f 4195/2161/1 4194/2162/1 4193/2163/1
f 4196/2164/1 4193/2163/1 4194/2162/1
f 4194/2162/1 4195/2161/1 4197/2165/1
f 4198/2166/1 4197/2165/1 4195/2161/1
f 4199/2167/1 4195/2161/1 4193/2163/1
f 4202/2168/1163 4201/2169/1163 4200/2170/1163
f 4203/2171/33 4200/2170/33 4201/2169/33
f 4201/2169/33 4204/2172/33 4203/2171/33
f 4205/2173/33 4203/2171/33 4204/2172/33
f 4208/2174/1146 4207/2175/1146 4206/2176/1146
f 4209/2177/1146 4206/2176/1146 4207/2175/1146
f 4206/2176/1147 4210/2178/1147 4208/2174/1147
f 4211/2179/1147 4208/2174/1147 4210/2178/1147
f 4214/2180/1164 4213/2181/1164 4212/2182/1164
f 4212/2182/1165 4213/2181/1165 4215/2183/1165
f 4216/2184/1166 4215/2183/1166 4213/2181/1166
f 4213/2181/1154 4217/2185/1154 4216/2184/1154
f 4218/2186/33 4216/2184/33 4217/2185/33
f 4221/2187/1167 4220/2188/1167 4219/2189/1167
f 4222/2190/1168 4219/2189/1168 4220/2188/1168
f 4219/2189/1151 4222/2190/1151 4223/2191/1151
f 4224/2192/1 4223/2191/1 4222/2190/1
f 4227/2193/1155 4226/2194/1155 4225/2195/1155
f 4228/2196/1155 4225/2195/1155 4226/2194/1155
f 4228/2196/1169 4226/2194/1169 4229/2197/1169
f 4230/2198/1157 4229/2197/1157 4226/2194/1157
f 4225/2195/1170 4231/2199/1170 4227/2193/1170
f 4232/2200/1157 4227/2193/1157 4231/2199/1157
f 4235/2201/1159 4234/2202/1159 4233/2203/1159
f 4236/2204/1171 4233/2203/1171 4234/2202/1171
f 4234/2202/1161 4237/2205/1161 4236/2204/1161
f 4238/2206/1161 4236/2204/1161 4237/2205/1161
f 4233/2203/1172 4239/2207/1172 4235/2201/1172
f 4240/2208/1160 4235/2201/1160 4239/2207/1160
f 4243/2209/1162 4242/2210/1162 4241/2211/1162
f 4244/2212/1162 4241/2211/1162 4242/2210/1162
f 4241/2211/1161 4245/2213/1161 4243/2209/1161
f 4246/2214/1161 4243/2209/1161 4245/2213/1161
f 4249/2215/1173 4248/2216/1173 4247/2217/1173
f 4252/2218/1174 4251/2219/1174 4250/2220/1174
f 4253/2221/1174 4250/2220/1174 4251/2219/1174
f 4256/2222/1175 4255/2223/1175 4254/2224/1175
f 4257/2225/1175 4254/2224/1175 4255/2223/1175
f 4260/2226/33 4259/2227/33 4258/2228/33
f 4261/2229/33 4258/2228/33 4259/2227/33
f 4264/2230/1176 4263/2231/1176 4262/2232/1176
f 4265/2233/1176 4262/2232/1176 4263/2231/1176
f 4268/2234/1 4267/2235/1 4266/2236/1
f 4269/2237/1 4266/2236/1 4267/2235/1
f 4272/2238/1177 4271/2239/1177 4270/2240/1177
f 4273/2241/1177 4270/2240/1177 4271/2239/1177
f 4276/2242/1178 4275/2243/1178 4274/2244/1178
f 4277/2245/1179 4274/2244/1179 4275/2243/1179
f 4280/2246/1180 4279/2247/1180 4278/2248/1180
f 4281/2249/1180 4278/2248/1180 4279/2247/1180
f 4284/2250/1181 4283/2251/1181 4282/2252/1181
f 4285/2253/1182 4282/2252/1182 4283/2251/1182
f 4288/2254/1183 4287/2255/1183 4286/2256/1183
f 4289/2257/1184 4286/2256/1184 4287/2255/1184
f 4292/2258/1185 4291/2259/1185 4290/2260/1185
f 4293/2261/1185 4290/2260/1185 4291/2259/1185
f 4296/2262/1186 4295/2263/1186 4294/2264/1186
f 4297/2265/1186 4294/2264/1186 4295/2263/1186
f 4300/2266/33 4299/2267/33 4298/2268/33
f 4301/2269/33 4298/2268/33 4299/2267/33
f 4304/2270/1187 4303/2271/1187 4302/2272/1187
f 4305/2273/1187 4302/2272/1187 4303/2271/1187
f 4308/2274/1 4307/2275/1 4306/2276/1
f 4309/2277/1 4306/2276/1 4307/2275/1
f 4312/2278/1188 4311/2279/1188 4310/2280/1188
f 4313/2281/1188 4310/2280/1188 4311/2279/1188
f 4316/2282/1189 4315/2283/1189 4314/2284/1189
f 4317/2285/1190 4314/2284/1190 4315/2283/1190
f 4320/2284/1191 4319/2285/1191 4318/2278/1191
f 4321/2279/1192 4318/2278/1192 4319/2285/1192
f 4324/2286/1193 4323/2287/1193 4322/2288/1193
f 4325/2289/1194 4322/2288/1194 4323/2287/1194
f 4323/2287/1195 4326/2290/1195 4325/2289/1195
f 4327/2291/1195 4325/2289/1195 4326/2290/1195
f 4326/2290/1196 4328/2292/1196 4327/2291/1196
f 4329/2293/1195 4327/2291/1195 4328/2292/1195
f 4332/2294/1197 4331/2295/1197 4330/2296/1197
f 4333/2297/1197 4330/2296/1197 4331/2295/1197
f 4333/2297/1198 4334/2298/1198 4330/2296/1198
f 4335/2299/1199 4330/2296/1199 4334/2298/1199
f 4332/2294/1198 4336/2300/1198 4331/2295/1198
f 4337/2301/1199 4331/2295/1199 4336/2300/1199
f 4340/2302/66 4339/2303/66 4338/2304/66
f 4341/2305/66 4338/2304/66 4339/2303/66
f 4344/2306/1200 4343/2307/1200 4342/2308/1200
f 4345/2309/1200 4342/2308/1200 4343/2307/1200
f 4342/2308/1201 4345/2309/1201 4346/2310/1201
f 4347/2311/1201 4346/2310/1201 4345/2309/1201
f 4343/2307/1202 4344/2306/1202 4348/2312/1202
f 4349/2313/1202 4348/2312/1202 4344/2306/1202
f 4352/2314/45 4351/2315/45 4350/2316/45
f 4353/2317/45 4350/2316/45 4351/2315/45
f 4356/2318/1203 4355/2319/1203 4354/2320/1203
f 4357/2321/1204 4354/2320/1204 4355/2319/1204
f 4354/2320/1205 4357/2321/1205 4358/2322/1205
f 4359/2323/1206 4358/2322/1206 4357/2321/1206
f 4355/2319/1207 4356/2318/1207 4360/2324/1207
f 4361/2325/1208 4360/2324/1208 4356/2318/1208
f 4364/2326/1209 4363/2327/1209 4362/2328/1209
f 4365/2329/1209 4362/2328/1209 4363/2327/1209
f 4368/2330/66 4367/2331/66 4366/2332/66
f 4369/2333/66 4366/2332/66 4367/2331/66
f 4372/2334/1210 4371/2335/1210 4370/2336/1210
f 4373/2337/1210 4370/2336/1210 4371/2335/1210
f 4376/2338/45 4375/2339/45 4374/2340/45
f 4377/2341/45 4374/2340/45 4375/2339/45
f 4380/2342/1211 4379/2343/1211 4378/2344/1211
f 4381/2345/1212 4378/2344/1212 4379/2343/1212
f 4384/2346/1213 4383/2347/1213 4382/2348/1213
f 4385/2349/1213 4382/2348/1213 4383/2347/1213
f 4382/2348/179 4385/2349/179 4386/2350/179
f 4387/2351/179 4386/2350/179 4385/2349/179
f 4386/2350/1214 4387/2351/1214 4388/2352/1214
f 4389/2353/1214 4388/2352/1214 4387/2351/1214
f 4383/2347/1215 4384/2346/1215 4390/2354/1215
f 4391/2355/1215 4390/2354/1215 4384/2346/1215
f 4390/2354/8 4391/2355/8 4392/2356/8
f 4393/2357/8 4392/2356/8 4391/2355/8
f 4392/2356/1216 4393/2357/1216 4394/2358/1216
f 4395/2359/1216 4394/2358/1216 4393/2357/1216
f 4398/2360/179 4397/2361/179 4396/2362/179
f 4399/2363/179 4396/2362/179 4397/2361/179
f 4402/2364/33 4401/2365/33 4400/2366/33
f 4403/2367/33 4400/2366/33 4401/2365/33
f 4406/2368/1 4405/2369/1 4404/2370/1
f 4407/2371/1 4404/2370/1 4405/2369/1
f 4410/2372/1217 4409/2373/1217 4408/2374/1217
f 4411/2375/1217 4408/2374/1217 4409/2373/1217
f 4414/2376/1218 4413/2377/1218 4412/2378/1218
f 4415/2379/1218 4412/2378/1218 4413/2377/1218
f 4418/2380/1219 4417/2381/1219 4416/2382/1219
f 4419/2383/1219 4416/2382/1219 4417/2381/1219
f 4422/2384/1220 4421/2385/1220 4420/2386/1220
f 4423/2387/1220 4420/2386/1220 4421/2385/1220
f 4426/2388/1221 4425/2389/1221 4424/2390/1221
f 4427/2391/1221 4424/2390/1221 4425/2389/1221
f 4430/2392/1222 4429/2393/1222 4428/2394/1222
f 4431/2395/1222 4428/2394/1222 4429/2393/1222
f 4434/2396/1223 4433/2397/1223 4432/2398/1223
f 4435/2399/1223 4432/2398/1223 4433/2397/1223
f 4433/2397/33 4436/2400/33 4435/2399/33
f 4437/2401/33 4435/2399/33 4436/2400/33
f 4436/2400/1224 4438/2402/1224 4437/2401/1224
f 4439/2403/1224 4437/2401/1224 4438/2402/1224
f 4438/2402/1225 4440/2404/1225 4439/2403/1225
f 4441/2405/1225 4439/2403/1225 4440/2404/1225
f 4440/2404/8 4442/2406/8 4441/2405/8
f 4443/2407/8 4441/2405/8 4442/2406/8
f 4442/2406/1226 4444/2408/1226 4443/2407/1226
f 4445/2409/1226 4443/2407/1226 4444/2408/1226
f 4444/2408/1227 4446/2410/1227 4445/2409/1227
f 4447/2411/1228 4445/2409/1228 4446/2410/1228
f 4434/2396/1220 4432/2398/1220 4448/2412/1220
f 4449/2413/1220 4448/2412/1220 4432/2398/1220
f 4449/2413/179 4450/2414/179 4448/2412/179
f 4451/2415/179 4448/2412/179 4450/2414/179
f 4450/2414/1217 4452/2416/1217 4451/2415/1217
f 4453/2417/1217 4451/2415/1217 4452/2416/1217
f 4452/2416/1229 4454/2418/1229 4453/2417/1229
f 4455/2419/1229 4453/2417/1229 4454/2418/1229
f 4454/2418/1 4456/2420/1 4455/2419/1
f 4457/2421/1 4455/2419/1 4456/2420/1
f 4460/2422/45 4459/2423/45 4458/2424/45
f 4461/2425/45 4458/2424/45 4459/2423/45
f 4461/2425/45 4462/2426/45 4458/2424/45
f 4463/2427/45 4458/2424/45 4462/2426/45
f 4462/2426/45 4464/2428/45 4463/2427/45
f 4465/2429/45 4463/2427/45 4464/2428/45
f 4464/2428/45 4466/2430/45 4465/2429/45
f 4467/2431/45 4465/2429/45 4466/2430/45
f 4466/2430/45 4468/2432/45 4467/2431/45
f 4469/2433/45 4467/2431/45 4468/2432/45
f 4472/2434/1230 4471/2435/1230 4470/2436/1230
f 4473/2437/1231 4470/2436/1231 4471/2435/1231
f 4470/2436/1232 4473/2437/1232 4474/2438/1232
f 4475/2439/1232 4474/2438/1232 4473/2437/1232
f 4474/2438/1233 4475/2439/1233 4476/2440/1233
f 4477/2441/1233 4476/2440/1233 4475/2439/1233
f 4476/2440/1234 4477/2441/1234 4478/2442/1234
f 4479/2443/1235 4478/2442/1235 4477/2441/1235
f 4478/2442/1236 4479/2443/1236 4480/2444/1236
f 4481/2445/1237 4480/2444/1237 4479/2443/1237
f 4480/2444/1238 4481/2445/1238 4482/2446/1238
f 4483/2447/1238 4482/2446/1238 4481/2445/1238
f 4471/2435/1239 4472/2434/1239 4484/2448/1239
f 4485/2449/1240 4484/2448/1240 4472/2434/1240
f 4484/2448/1241 4485/2449/1241 4486/2450/1241
f 4487/2451/1241 4486/2450/1241 4485/2449/1241
f 4490/2452/1242 4489/2453/1242 4488/2454/1242
f 4491/2455/1243 4488/2454/1243 4489/2453/1243
f 4492/2456/1244 4488/2454/1244 4491/2455/1244
f 4490/2452/1245 4493/2457/1245 4489/2453/1245
f 4494/2458/1246 4489/2453/1246 4493/2457/1246
f 4495/2459/1247 4494/2458/1247 4493/2457/1247
f 4498/2460/1248 4497/2461/1248 4496/2462/1248
f 4496/2462/1249 4497/2461/1249 4499/2463/1249
f 4499/2463/1250 4497/2461/1250 4500/2464/1250
f 4500/2464/1251 4497/2461/1251 4501/2465/1251
f 4501/2465/1252 4497/2461/1252 4502/2466/1252
f 4502/2466/1253 4497/2461/1253 4503/2467/1253
f 4503/2467/1254 4497/2461/1254 4504/2468/1254
f 4504/2468/1255 4497/2461/1255 4505/2469/1255
f 4505/2469/1256 4497/2461/1256 4506/2470/1256
f 4506/2470/1257 4497/2461/1257 4507/2471/1257
f 4507/2471/1258 4497/2461/1258 4508/2472/1258
f 4508/2472/1259 4497/2461/1259 4498/2460/1259
f 4511/2473/1260 4510/2474/1260 4509/2475/1260
f 4512/2476/1260 4509/2475/1260 4510/2474/1260
f 4509/2475/1261 4512/2476/1261 4513/2477/1261
f 4514/2478/1261 4513/2477/1261 4512/2476/1261
f 4513/2477/421 4514/2478/421 4515/2479/421
f 4516/2480/421 4515/2479/421 4514/2478/421
f 4515/2479/1262 4516/2480/1262 4517/2481/1262
f 4518/2482/1262 4517/2481/1262 4516/2480/1262
f 4510/2474/1263 4511/2473/1263 4519/2483/1263
f 4520/2484/1263 4519/2483/1263 4511/2473/1263
f 4519/2483/1264 4520/2484/1264 4521/2485/1264
f 4522/2486/1264 4521/2485/1264 4520/2484/1264
f 4521/2485/1265 4522/2486/1265 4523/2487/1265
f 4524/2488/1265 4523/2487/1265 4522/2486/1265
f 4523/2487/433 4524/2488/433 4525/2489/433
f 4526/2490/433 4525/2489/433 4524/2488/433
f 4525/2489/1266 4526/2490/1266 4527/2491/1266
f 4528/2492/1266 4527/2491/1266 4526/2490/1266
f 4527/2491/1267 4528/2492/1267 4529/2493/1267
f 4530/2494/1267 4529/2493/1267 4528/2492/1267
f 4529/2493/1095 4530/2494/1095 4531/2495/1095
f 4532/2496/1095 4531/2495/1095 4530/2494/1095
f 4531/2495/1268 4532/2496/1268 4533/2497/1268
f 4534/2498/1268 4533/2497/1268 4532/2496/1268
f 4537/2499/66 4536/2500/66 4535/2501/66
f 4538/2502/66 4535/2501/66 4536/2500/66
f 4539/2503/66 4535/2501/66 4538/2502/66
f 4537/2499/66 4540/2504/66 4536/2500/66
f 4541/2505/66 4536/2500/66 4540/2504/66
f 4540/2504/66 4542/2506/66 4541/2505/66
f 4543/2507/66 4541/2505/66 4542/2506/66
f 4542/2506/66 4544/2508/66 4543/2507/66
f 4545/2509/66 4543/2507/66 4544/2508/66
f 4546/2510/66 4545/2509/66 4544/2508/66
f 4549/2511/1269 4548/2512/1269 4547/2513/1269
f 4550/2514/1269 4547/2513/1269 4548/2512/1269
f 4548/2512/1270 4551/2515/1270 4550/2514/1270
f 4552/2516/1270 4550/2514/1270 4551/2515/1270
f 4551/2515/1271 4553/2517/1271 4552/2516/1271
f 4554/2518/1271 4552/2516/1271 4553/2517/1271
f 4553/2517/1272 4555/2519/1272 4554/2518/1272
f 4556/2520/1272 4554/2518/1272 4555/2519/1272
f 4555/2519/1273 4557/2521/1273 4556/2520/1273
f 4558/2522/1273 4556/2520/1273 4557/2521/1273
f 4557/2521/1274 4559/2523/1274 4558/2522/1274
f 4560/2524/1274 4558/2522/1274 4559/2523/1274
f 4559/2523/1275 4561/2525/1275 4560/2524/1275
f 4562/2526/1275 4560/2524/1275 4561/2525/1275
f 4561/2525/1276 4563/2527/1276 4562/2526/1276
f 4564/2528/1276 4562/2526/1276 4563/2527/1276
f 4563/2527/1277 4565/2529/1277 4564/2528/1277
f 4566/2530/1277 4564/2528/1277 4565/2529/1277
f 4565/2529/1278 4567/2531/1278 4566/2530/1278
f 4568/2532/1278 4566/2530/1278 4567/2531/1278
f 4567/2531/1279 4569/2533/1279 4568/2532/1279
f 4570/2534/1279 4568/2532/1279 4569/2533/1279
f 4569/2533/1280 4549/2511/1280 4570/2534/1280
f 4547/2513/1280 4570/2534/1280 4549/2511/1280
f 4573/2535/179 4572/2536/179 4571/2537/179
f 4574/2538/179 4571/2537/179 4572/2536/179
f 4571/2537/179 4575/2539/179 4573/2535/179
f 4575/2539/179 4576/2540/179 4573/2535/179
f 4577/2541/179 4573/2535/179 4576/2540/179
f 4578/2542/179 4577/2541/179 4576/2540/179
f 4578/2542/179 4579/2543/179 4577/2541/179
f 4580/2544/179 4577/2541/179 4579/2543/179
f 4583/2545/33 4582/2546/33 4581/2547/33
f 4584/2548/33 4581/2547/33 4582/2546/33
f 4582/2546/1281 4583/2545/1281 4585/2549/1281
f 4586/2550/1281 4585/2549/1281 4583/2545/1281
f 4589/2551/45 4588/2552/45 4587/2553/45
f 4590/2554/45 4587/2553/45 4588/2552/45
f 4593/2555/1282 4592/2556/1282 4591/2557/1282
f 4594/2558/1282 4591/2557/1282 4592/2556/1282
f 4597/2559/45 4596/2560/45 4595/2561/45
f 4598/2562/45 4595/2561/45 4596/2560/45
f 4601/2563/1283 4600/2564/1283 4599/2565/1283
f 4602/2566/1283 4599/2565/1283 4600/2564/1283
f 4605/2567/45 4604/2568/45 4603/2569/45
f 4606/2570/45 4603/2569/45 4604/2568/45
f 4609/2571/1284 4608/2572/1284 4607/2573/1284
f 4610/2574/1284 4607/2573/1284 4608/2572/1284
f 4608/2572/1 4609/2571/1 4611/2575/1
f 4612/2576/1 4611/2575/1 4609/2571/1
f 4615/2577/45 4614/2578/45 4613/2579/45
f 4616/2580/45 4613/2579/45 4614/2578/45
f 4619/2581/1285 4618/2582/1285 4617/2583/1285
f 4620/2584/1286 4617/2583/1286 4618/2582/1286
f 4623/2585/1287 4622/2586/1287 4621/2587/1287
f 4624/2588/1288 4621/2587/1288 4622/2586/1288
f 4627/2589/1289 4626/2590/1289 4625/2591/1289
f 4628/2592/1290 4625/2591/1290 4626/2590/1290
f 4631/2593/1291 4630/2594/1291 4629/2595/1291
f 4632/2596/1292 4629/2595/1292 4630/2594/1292
f 4635/2597/45 4634/2598/45 4633/2599/45
f 4636/2600/45 4633/2599/45 4634/2598/45
f 4639/2601/1293 4638/2602/1293 4637/2603/1293
f 4640/2604/1294 4637/2603/1294 4638/2602/1294
f 4643/2605/1295 4642/2606/1295 4641/2607/1295
f 4644/2608/1296 4641/2607/1296 4642/2606/1296
f 4647/2609/1297 4646/2610/1297 4645/2611/1297
f 4648/2612/1298 4645/2611/1298 4646/2610/1298
f 4651/2613/1299 4650/2614/1299 4649/2615/1299
f 4652/2616/1300 4649/2615/1300 4650/2614/1300
f 4655/2617/1301 4654/2618/1301 4653/2619/1301
f 4656/2620/1301 4653/2619/1301 4654/2618/1301
f 4659/2621/1302 4658/2622/1302 4657/2623/1302
f 4660/2624/1302 4657/2623/1302 4658/2622/1302
f 4663/2625/1303 4662/2626/1303 4661/2627/1303
f 4664/2628/1303 4661/2627/1303 4662/2626/1303
f 4667/2629/1304 4666/2630/1304 4665/2631/1304
f 4668/2632/1304 4665/2631/1304 4666/2630/1304
f 4671/2633/45 4670/2634/45 4669/2635/45
f 4672/2636/45 4669/2635/45 4670/2634/45
f 4675/2637/33 4674/2638/33 4673/2639/33
f 4676/2640/33 4673/2639/33 4674/2638/33
f 4676/2640/33 4677/2641/33 4673/2639/33
f 4678/2642/33 4673/2639/33 4677/2641/33
f 4677/2641/33 4679/2643/33 4678/2642/33
f 4680/2644/33 4678/2642/33 4679/2643/33
f 4675/2637/33 4681/2645/33 4674/2638/33
f 4682/2646/33 4674/2638/33 4681/2645/33
f 4681/2645/33 4683/2647/33 4682/2646/33
f 4684/2648/33 4682/2646/33 4683/2647/33
f 4687/2649/1 4686/2650/1 4685/2651/1
f 4688/2652/1 4685/2651/1 4686/2650/1
f 4686/2650/1 4689/2653/1 4688/2652/1
f 4690/2654/1 4688/2652/1 4689/2653/1
f 4689/2653/1 4691/2655/1 4690/2654/1
f 4692/2656/1 4690/2654/1 4691/2655/1
f 4691/2655/1 4693/2657/1 4692/2656/1
f 4694/2658/1 4692/2656/1 4693/2657/1
f 4693/2657/1 4695/2659/1 4694/2658/1
f 4696/2660/1 4694/2658/1 4695/2659/1
f 4699/2661/66 4698/2662/66 4697/2663/66
f 4700/2664/66 4697/2663/66 4698/2662/66
f 4703/2665/179 4702/2666/179 4701/2667/179
f 4704/2668/179 4701/2667/179 4702/2666/179
f 4701/2667/1305 4704/2668/1305 4705/2669/1305
f 4706/2670/1305 4705/2669/1305 4704/2668/1305
f 4705/2669/1306 4706/2670/1306 4707/2671/1306
f 4708/2672/1306 4707/2671/1306 4706/2670/1306
f 4702/2666/1307 4703/2665/1307 4709/2673/1307
f 4710/2674/1307 4709/2673/1307 4703/2665/1307
f 4709/2673/1308 4710/2674/1308 4711/2675/1308
f 4712/2676/1308 4711/2675/1308 4710/2674/1308
f 4715/2677/45 4714/2678/45 4713/2679/45
f 4716/2680/45 4713/2679/45 4714/2678/45
f 4719/2681/8 4718/2682/8 4717/2683/8
f 4720/2684/8 4717/2683/8 4718/2682/8
f 4717/2683/1309 4720/2684/1309 4721/2685/1309
f 4722/2686/1309 4721/2685/1309 4720/2684/1309
f 4721/2685/1310 4722/2686/1310 4723/2687/1310
f 4724/2688/1310 4723/2687/1310 4722/2686/1310
f 4718/2682/1311 4719/2681/1311 4725/2689/1311
f 4726/2690/1311 4725/2689/1311 4719/2681/1311
f 4725/2689/1312 4726/2690/1312 4727/2691/1312
f 4728/2692/1312 4727/2691/1312 4726/2690/1312
f 4731/2693/66 4730/2694/66 4729/2695/66
f 4732/2696/66 4729/2695/66 4730/2694/66
f 4735/2697/45 4734/2698/45 4733/2699/45
f 4736/2700/45 4733/2699/45 4734/2698/45
f 4739/2701/1313 4738/2702/1313 4737/2703/1313
f 4740/2704/1313 4737/2703/1313 4738/2702/1313
f 4743/2705/1314 4742/2706/1314 4741/2707/1314
f 4744/2708/1314 4741/2707/1314 4742/2706/1314
f 4747/2709/8 4746/2710/8 4745/2711/8
f 4748/2712/8 4745/2711/8 4746/2710/8
f 4751/2713/1315 4750/2714/1315 4749/2715/1315
f 4752/2716/1315 4749/2715/1315 4750/2714/1315
f 4755/2717/66 4754/2718/66 4753/2719/66
f 4756/2720/66 4753/2719/66 4754/2718/66
f 4759/2721/1 4758/2722/1 4757/2723/1
f 4760/2724/1 4757/2723/1 4758/2722/1
f 4761/2725/1 4760/2724/1 4758/2722/1
f 4764/2726/45 4763/2727/45 4762/2728/45
f 4765/2729/45 4762/2728/45 4763/2727/45
f 4765/2729/1316 4766/2730/1316 4762/2728/1316
f 4767/2731/1316 4762/2728/1316 4766/2730/1316
f 4770/2732/33 4769/2733/33 4768/2734/33
f 4770/2732/33 4771/2735/33 4769/2733/33
f 4772/2736/33 4769/2733/33 4771/2735/33
f 4775/2737/1317 4774/2738/1317 4773/2739/1317
f 4776/2740/1317 4773/2739/1317 4774/2738/1317
f 4773/2739/1318 4776/2740/1318 4777/2741/1318
f 4778/2742/1319 4777/2741/1319 4776/2740/1319
f 4777/2741/1317 4778/2742/1317 4779/2743/1317
f 4780/2744/1317 4779/2743/1317 4778/2742/1317
f 4779/2743/1318 4780/2744/1318 4775/2737/1318
f 4774/2738/1319 4775/2737/1319 4780/2744/1319
f 4783/2745/1320 4782/2746/1320 4781/2747/1320
f 4784/2748/1320 4781/2747/1320 4782/2746/1320
f 4787/2749/33 4786/2750/33 4785/2751/33
f 4788/2752/33 4785/2751/33 4786/2750/33
f 4791/2753/1087 4790/2754/1087 4789/2755/1087
f 4792/2756/1087 4789/2755/1087 4790/2754/1087
f 4795/2757/1 4794/2758/1 4793/2759/1
f 4796/2760/1 4793/2759/1 4794/2758/1
f 4799/2761/1321 4798/2762/1321 4797/2763/1321
f 4800/2764/1321 4797/2763/1321 4798/2762/1321
f 4803/2765/1322 4802/2766/1322 4801/2767/1322
f 4804/2768/1322 4801/2767/1322 4802/2766/1322
f 4807/2769/33 4806/2770/33 4805/2771/33
f 4808/2772/33 4805/2771/33 4806/2770/33
f 4811/2773/1323 4810/2774/1323 4809/2775/1323
f 4812/2776/1323 4809/2775/1323 4810/2774/1323
f 4815/2777/1 4814/2778/1 4813/2779/1
f 4816/2780/1 4813/2779/1 4814/2778/1
f 4819/2781/1324 4818/2782/1324 4817/2783/1324
f 4820/2784/1324 4817/2783/1324 4818/2782/1324
f 4823/2785/1325 4822/2786/1325 4821/2787/1325
f 4824/2788/1325 4821/2787/1325 4822/2786/1325
f 4827/2789/33 4826/2790/33 4825/2791/33
f 4828/2792/33 4825/2791/33 4826/2790/33
f 4831/2793/1326 4830/2794/1326 4829/2795/1326
f 4832/2796/1326 4829/2795/1326 4830/2794/1326
f 4835/2797/1 4834/2798/1 4833/2799/1
f 4836/2800/1 4833/2799/1 4834/2798/1
f 4839/2801/1327 4838/2802/1327 4837/2803/1327
f 4840/2804/1327 4837/2803/1327 4838/2802/1327
f 4840/2804/1328 4838/2802/1328 4841/2805/1328
f 4842/2806/1328 4841/2805/1328 4838/2802/1328
f 4841/2805/1329 4842/2806/1329 4843/2807/1329
f 4844/2808/1329 4843/2807/1329 4842/2806/1329
f 4839/2801/1330 4837/2803/1330 4845/2809/1330
f 4846/2810/1330 4845/2809/1330 4837/2803/1330
f 4846/2810/1331 4847/2811/1331 4845/2809/1331
f 4848/2812/1331 4845/2809/1331 4847/2811/1331
f 4848/2812/1332 4847/2811/1332 4849/2813/1332
f 4850/2814/1332 4849/2813/1332 4847/2811/1332
f 4853/2815/8 4852/2816/8 4851/2817/8
f 4854/2818/8 4851/2817/8 4852/2816/8
f 4857/2819/1333 4856/2820/1333 4855/2821/1333
f 4858/2822/1333 4855/2821/1333 4856/2820/1333
f 4858/2822/1334 4859/2823/1334 4855/2821/1334
f 4860/2824/1334 4855/2821/1334 4859/2823/1334
f 4860/2824/1335 4859/2823/1335 4861/2825/1335
f 4862/2826/1335 4861/2825/1335 4859/2823/1335
f 4857/2819/1336 4863/2827/1336 4856/2820/1336
f 4864/2828/1336 4856/2820/1336 4863/2827/1336
f 4864/2828/1337 4863/2827/1337 4865/2829/1337
f 4866/2830/1337 4865/2829/1337 4863/2827/1337
f 4865/2829/1338 4866/2830/1338 4867/2831/1338
f 4868/2832/1338 4867/2831/1338 4866/2830/1338
f 4867/2831/179 4868/2832/179 4869/2833/179
f 4870/2834/179 4869/2833/179 4868/2832/179
f 4873/2835/1339 4872/2836/1339 4871/2837/1339
f 4874/2838/1339 4871/2837/1339 4872/2836/1339
f 4871/2837/1340 4874/2838/1340 4875/2839/1340
f 4876/2840/1341 4875/2839/1341 4874/2838/1341
f 4873/2835/1342 4877/2841/1342 4872/2836/1342
f 4878/2842/1341 4872/2836/1341 4877/2841/1341
f 4881/2843/45 4880/2844/45 4879/2845/45
f 4882/2846/45 4879/2845/45 4880/2844/45
f 4885/2847/1343 4884/2848/1343 4883/2849/1343
f 4886/2850/1343 4883/2849/1343 4884/2848/1343
f 4886/2850/1344 4887/2851/1344 4883/2849/1344
f 4888/2852/1344 4883/2849/1344 4887/2851/1344
f 4888/2852/1345 4887/2851/1345 4889/2853/1345
f 4890/2854/1345 4889/2853/1345 4887/2851/1345
f 4885/2847/1346 4891/2855/1346 4884/2848/1346
f 4892/2856/1346 4884/2848/1346 4891/2855/1346
f 4892/2856/1347 4891/2855/1347 4893/2857/1347
f 4894/2858/1347 4893/2857/1347 4891/2855/1347
f 4893/2857/1026 4894/2858/1026 4895/2859/1026
f 4896/2860/1026 4895/2859/1026 4894/2858/1026
f 4896/2860/1348 4897/2861/1348 4895/2859/1348
f 4898/2862/1349 4895/2859/1349 4897/2861/1349
f 4901/2863/1350 4900/2864/1350 4899/2865/1350
f 4902/2866/1350 4899/2865/1350 4900/2864/1350
f 4902/2866/1351 4903/2867/1351 4899/2865/1351
f 4904/2868/1351 4899/2865/1351 4903/2867/1351
f 4904/2868/1352 4903/2867/1352 4905/2869/1352
f 4906/2870/1352 4905/2869/1352 4903/2867/1352
f 4906/2870/1353 4907/2871/1353 4905/2869/1353
f 4908/2872/1353 4905/2869/1353 4907/2871/1353
f 4908/2872/1026 4907/2871/1026 4909/2873/1026
f 4910/2874/1026 4909/2873/1026 4907/2871/1026
f 4909/2873/1348 4910/2874/1348 4911/2875/1348
f 4912/2876/1354 4911/2875/1354 4910/2874/1354
f 4900/2864/1355 4901/2863/1355 4913/2877/1355
f 4914/2878/1355 4913/2877/1355 4901/2863/1355
f 4917/2879/1 4916/2880/1 4915/2881/1
f 4918/2882/1 4915/2881/1 4916/2880/1
f 4918/2882/1 4919/2883/1 4915/2881/1
f 4920/2884/1 4915/2881/1 4919/2883/1
f 4920/2884/1 4919/2883/1 4921/2885/1
f 4922/2886/1 4921/2885/1 4919/2883/1
f 4917/2879/1 4923/2887/1 4916/2880/1
f 4924/2888/1 4916/2880/1 4923/2887/1
f 4924/2888/1 4923/2887/1 4925/2889/1
f 4926/2890/1 4925/2889/1 4923/2887/1
f 4925/2889/1 4926/2890/1 4927/2891/1
f 4928/2892/1 4927/2891/1 4926/2890/1
f 4927/2891/1 4928/2892/1 4929/2893/1
f 4932/2894/33 4931/2895/33 4930/2896/33
f 4933/2897/33 4930/2896/33 4931/2895/33
f 4933/2897/33 4934/2898/33 4930/2896/33
f 4935/2899/33 4930/2896/33 4934/2898/33
f 4934/2898/33 4936/2900/33 4935/2899/33
f 4937/2901/33 4935/2899/33 4936/2900/33
f 4937/2901/33 4936/2900/33 4938/2902/33
f 4939/2903/33 4938/2902/33 4936/2900/33
f 4938/2902/33 4939/2903/33 4940/2904/33
f 4941/2905/33 4940/2904/33 4939/2903/33
f 4940/2904/33 4941/2905/33 4942/2906/33
f 4943/2907/33 4942/2906/33 4941/2905/33
f 4944/2908/33 4942/2906/33 4943/2907/33
f 4947/2909/33 4946/2910/33 4945/2911/33
f 4948/2912/33 4945/2911/33 4946/2910/33
f 4948/2912/33 4949/2913/33 4945/2911/33
f 4950/2914/33 4945/2911/33 4949/2913/33
f 4950/2914/33 4949/2913/33 4951/2915/33
f 4952/2916/33 4951/2915/33 4949/2913/33
f 4952/2916/33 4953/2917/33 4951/2915/33
f 4954/2918/33 4951/2915/33 4953/2917/33
f 4954/2918/33 4953/2917/33 4955/2919/33
f 4956/2920/33 4955/2919/33 4953/2917/33
f 4957/2921/33 4955/2919/33 4956/2920/33
f 4946/2910/33 4947/2909/33 4958/2922/33
f 4959/2923/33 4958/2922/33 4947/2909/33
f 4962/2924/1 4961/2925/1 4960/2926/1
f 4961/2925/1 4962/2924/1 4963/2927/1
f 4964/2928/1 4963/2927/1 4962/2924/1
f 4964/2928/1 4965/2929/1 4963/2927/1
f 4966/2930/1 4963/2927/1 4965/2929/1
f 4965/2929/1 4967/2931/1 4966/2930/1
f 4968/2932/1 4966/2930/1 4967/2931/1
f 4968/2932/1 4967/2931/1 4969/2933/1
f 4970/2934/1 4969/2933/1 4967/2931/1
f 4969/2933/1 4970/2934/1 4971/2935/1
f 4972/2936/1 4971/2935/1 4970/2934/1
f 4971/2935/1 4972/2936/1 4973/2937/1
f 4974/2938/1 4973/2937/1 4972/2936/1
f 4977/2939/1356 4976/2940/1356 4975/2941/1356
f 4978/2942/1356 4975/2941/1356 4976/2940/1356
f 4981/2943/1357 4980/2944/1357 4979/2945/1357
f 4982/2946/1357 4979/2945/1357 4980/2944/1357
f 4985/2947/33 4984/2948/33 4983/2949/33
f 4986/2950/33 4983/2949/33 4984/2948/33
f 4989/2951/1358 4988/2952/1358 4987/2953/1358
f 4990/2954/1358 4987/2953/1358 4988/2952/1358
f 4993/2955/1 4992/2956/1 4991/2957/1
f 4994/2958/1 4991/2957/1 4992/2956/1
f 4997/2959/1359 4996/2960/1359 4995/2961/1359
f 4998/2962/1360 4995/2961/1360 4996/2960/1360
f 4996/2960/1361 4999/2963/1361 4998/2962/1361
f 5000/2964/1362 4998/2962/1362 4999/2963/1362
f 4999/2963/1363 4996/2960/1363 5001/2965/1363
f 5002/2966/1363 5001/2965/1363 4996/2960/1363
f 4996/2960/1364 4997/2959/1364 5002/2966/1364
f 5003/2967/1364 5002/2966/1364 4997/2959/1364
f 4997/2959/1365 5004/2968/1365 5003/2967/1365
f 5005/2969/1366 5003/2967/1366 5004/2968/1366
f 5004/2968/1367 4997/2959/1367 5006/2970/1367
f 4995/2961/1367 5006/2970/1367 4997/2959/1367
f 5009/2971/1368 5008/2972/1368 5007/2973/1368
f 5010/2974/1368 5007/2973/1368 5008/2972/1368
f 5013/2975/1369 5012/2976/1369 5011/2977/1369
f 5014/2978/1369 5011/2977/1369 5012/2976/1369
f 5017/2979/1 5016/2980/1 5015/2981/1
f 5018/2982/1 5015/2981/1 5016/2980/1
f 5021/2983/1370 5020/2984/1370 5019/2985/1370
f 5022/2986/1370 5019/2985/1370 5020/2984/1370
f 5025/2987/33 5024/2988/33 5023/2989/33
f 5026/2990/33 5023/2989/33 5024/2988/33
f 5029/2991/1371 5028/2992/1371 5027/2993/1371
f 5030/2994/1371 5027/2993/1371 5028/2992/1371
f 5028/2992/1372 5031/2995/1372 5030/2994/1372
f 5032/2996/1372 5030/2994/1372 5031/2995/1372
f 5035/2997/1373 5034/2998/1373 5033/2999/1373
f 5036/3000/1374 5033/2999/1374 5034/2998/1374
f 5034/2998/1375 5037/3001/1375 5036/3000/1375
f 5038/3002/1376 5036/3000/1376 5037/3001/1376
f 5041/3003/1 5040/3004/1 5039/3005/1
f 5042/3006/1 5039/3005/1 5040/3004/1
f 5045/3007/1377 5044/3008/1377 5043/3009/1377
f 5046/3010/1378 5043/3009/1378 5044/3008/1378
f 5044/3008/1379 5047/3011/1379 5046/3010/1379
f 5048/3012/1380 5046/3010/1380 5047/3011/1380
f 5051/3013/33 5050/3014/33 5049/3015/33
f 5052/3016/33 5049/3015/33 5050/3014/33
f 5055/3017/1086 5054/3018/1086 5053/3019/1086
f 5056/3020/1086 5053/3019/1086 5054/3018/1086
f 5059/3021/1087 5058/3022/1087 5057/3023/1087
f 5060/3024/1087 5057/3023/1087 5058/3022/1087
f 5063/3025/1 5062/3026/1 5061/3027/1
f 5064/3028/1 5061/3027/1 5062/3026/1
f 5067/3029/1381 5066/3030/1381 5065/3031/1381
f 5068/3032/1381 5065/3031/1381 5066/3030/1381
f 5071/3033/33 5070/3034/33 5069/3035/33
f 5072/3036/33 5069/3035/33 5070/3034/33
f 5075/3037/1382 5074/3038/1382 5073/3039/1382
f 5076/3040/1383 5073/3039/1383 5074/3038/1383
f 5073/3039/1384 5076/3040/1384 5077/3041/1384
f 5078/3042/1384 5077/3041/1384 5076/3040/1384
f 5077/3041/1385 5078/3042/1385 5079/3043/1385
f 5080/3044/1386 5079/3043/1386 5078/3042/1386
f 5083/3045/1387 5082/3046/1387 5081/3047/1387
f 5084/3048/1388 5081/3047/1388 5082/3046/1388
f 5081/3047/1389 5084/3048/1389 5085/3049/1389
f 5086/3050/1389 5085/3049/1389 5084/3048/1389
f 5085/3049/1390 5086/3050/1390 5087/3051/1390
f 5088/3052/1391 5087/3051/1391 5086/3050/1391
f 5091/3053/1392 5090/3054/1392 5089/3055/1392
f 5092/3056/1392 5089/3055/1392 5090/3054/1392
f 5095/3057/1393 5094/3058/1393 5093/3059/1393
f 5096/3060/1393 5093/3059/1393 5094/3058/1393
f 5099/3061/1394 5098/3062/1394 5097/3063/1394
f 5100/3064/1394 5097/3063/1394 5098/3062/1394
f 5103/3065/1395 5102/3066/1395 5101/3067/1395
f 5104/3068/1395 5101/3067/1395 5102/3066/1395
f 5107/3069/1396 5106/3070/1396 5105/3071/1396
f 5108/3072/1396 5105/3071/1396 5106/3070/1396
f 5111/3073/1396 5110/3074/1396 5109/3075/1396
f 5112/3076/1396 5109/3075/1396 5110/3074/1396
f 5115/3077/1397 5114/3078/1397 5113/3079/1397
f 5116/3080/1397 5113/3079/1397 5114/3078/1397
f 5119/3081/1398 5118/3082/1398 5117/3083/1398
f 5120/3084/1398 5117/3083/1398 5118/3082/1398
f 5123/3083/8 5122/3084/8 5121/3077/8
f 5124/3078/8 5121/3077/8 5122/3084/8
f 5127/3085/1399 5126/3086/1399 5125/3087/1399
f 5128/3088/1399 5125/3087/1399 5126/3086/1399
f 5131/3086/1400 5130/3089/1400 5129/3088/1400
f 5132/3090/1400 5129/3088/1400 5130/3089/1400
f 5135/3091/45 5134/3092/45 5133/3093/45
f 5136/3094/45 5133/3093/45 5134/3092/45
f 5139/3095/66 5138/3096/66 5137/3097/66
f 5140/3098/66 5137/3097/66 5138/3096/66
f 5143/3099/1 5142/3100/1 5141/3101/1
f 5144/3102/1 5141/3101/1 5142/3100/1
f 5147/3103/33 5146/3104/33 5145/3105/33
f 5148/3106/33 5145/3105/33 5146/3104/33
f 5151/3107/1401 5150/3108/1401 5149/3109/1401
f 5152/3110/1401 5149/3109/1401 5150/3108/1401
f 5149/3109/1402 5152/3110/1402 5153/3111/1402
f 5154/3112/1402 5153/3111/1402 5152/3110/1402
f 5153/3111/1403 5154/3112/1403 5155/3113/1403
f 5156/3114/1403 5155/3113/1403 5154/3112/1403
f 5150/3108/1404 5151/3107/1404 5157/3115/1404
f 5158/3116/1404 5157/3115/1404 5151/3107/1404
f 5157/3115/1405 5158/3116/1405 5159/3117/1405
f 5160/3118/1405 5159/3117/1405 5158/3116/1405
f 5163/3119/1406 5162/3120/1406 5161/3121/1406
f 5164/3122/1406 5161/3121/1406 5162/3120/1406
f 5167/3123/1 5166/3124/1 5165/3125/1
f 5168/3126/1 5165/3125/1 5166/3124/1
f 5165/3125/1 5168/3126/1 5169/3127/1
f 5170/3128/1 5169/3127/1 5168/3126/1
f 5169/3127/1 5170/3128/1 5171/3129/1
f 5172/3130/1 5171/3129/1 5170/3128/1
f 5172/3130/1 5173/3131/1 5171/3129/1
f 5174/3132/1 5171/3129/1 5173/3131/1
f 5174/3132/1 5173/3131/1 5175/3133/1
f 5176/3134/1 5175/3133/1 5173/3131/1
f 5175/3133/1 5176/3134/1 5167/3123/1
f 5166/3124/1 5167/3123/1 5176/3134/1
f 5179/3135/33 5178/3136/33 5177/3137/33
f 5180/3138/33 5177/3137/33 5178/3136/33
f 5177/3137/33 5180/3138/33 5181/3139/33
f 5182/3140/33 5181/3139/33 5180/3138/33
f 5181/3139/33 5182/3140/33 5183/3141/33
f 5184/3142/33 5183/3141/33 5182/3140/33
f 5183/3141/33 5184/3142/33 5185/3143/33
f 5186/3144/33 5185/3143/33 5184/3142/33
f 5185/3143/33 5186/3144/33 5187/3145/33
f 5188/3146/33 5187/3145/33 5186/3144/33
f 5187/3145/33 5188/3146/33 5179/3135/33
f 5178/3136/33 5179/3135/33 5188/3146/33
f 5191/3147/1407 5190/3148/1407 5189/3149/1407
f 5192/3150/1407 5189/3149/1407 5190/3148/1407
f 5189/3149/426 5192/3150/426 5193/3151/426
f 5194/3152/426 5193/3151/426 5192/3150/426
f 5193/3151/1408 5194/3152/1408 5195/3153/1408
f 5196/3154/1408 5195/3153/1408 5194/3152/1408
f 5190/3148/1409 5191/3147/1409 5197/3155/1409
f 5198/3156/1409 5197/3155/1409 5191/3147/1409
f 5197/3155/1410 5198/3156/1410 5199/3157/1410
f 5200/3158/1410 5199/3157/1410 5198/3156/1410
f 5203/3159/8 5202/3160/8 5201/3161/8
f 5204/3162/8 5201/3161/8 5202/3160/8
f 5207/3163/1411 5206/3164/1411 5205/3165/1411
f 5208/3166/1412 5205/3165/1412 5206/3164/1412
f 5211/3167/1413 5210/3168/1413 5209/3169/1413
f 5212/3170/1414 5209/3169/1414 5210/3168/1414
f 5215/3171/1415 5214/3172/1415 5213/3173/1415
f 5216/3174/1416 5213/3173/1416 5214/3172/1416
f 5219/3175/1417 5218/3176/1417 5217/3177/1417
f 5220/3178/1418 5217/3177/1418 5218/3176/1418
f 5223/3179/1419 5222/3180/1419 5221/3181/1419
f 5224/3182/1419 5221/3181/1419 5222/3180/1419
f 5227/3183/1420 5226/3184/1420 5225/3185/1420
f 5228/3186/1421 5225/3185/1421 5226/3184/1421
f 5226/3184/1422 5227/3183/1422 5229/3187/1422
f 5230/3188/1423 5229/3187/1423 5227/3183/1423
f 5233/3189/1424 5232/3187/1424 5231/3190/1424
f 5234/3188/1425 5231/3190/1425 5232/3187/1425
f 5237/3191/1426 5236/3192/1426 5235/3193/1426
f 5238/3194/1427 5235/3193/1427 5236/3192/1427
f 5241/3195/1428 5240/3196/1428 5239/3197/1428
f 5242/3198/1429 5239/3197/1429 5240/3196/1429
f 5242/3198/1430 5243/3199/1430 5239/3197/1430
f 5244/3200/1431 5239/3197/1431 5243/3199/1431
f 5243/3199/1432 5245/3201/1432 5244/3200/1432
f 5248/3202/1433 5247/3203/1433 5246/3204/1433
f 5249/3205/1434 5246/3204/1434 5247/3203/1434
f 5249/3205/1435 5247/3203/1435 5250/3206/1435
f 5251/3207/1436 5250/3206/1436 5247/3203/1436
f 5251/3207/1437 5252/3208/1437 5250/3206/1437
f 5255/3209/1438 5254/3210/1438 5253/3211/1438
f 5254/3210/1439 5255/3209/1439 5256/3212/1439
f 5255/3209/1440 5257/3213/1440 5256/3212/1440
f 5257/3213/1441 5258/3214/1441 5256/3212/1441
f 5259/3215/1442 5256/3212/1442 5258/3214/1442
f 5260/3216/1443 5257/3213/1443 5255/3209/1443
f 5262/3217/1444 5235/3193/1444 5261/3218/1444
f 5263/3194/1445 5261/3218/1445 5235/3193/1445
f 5266/3219/1446 5265/3220/1446 5264/3221/1446
f 5267/3222/1447 5264/3221/1447 5265/3220/1447
f 5267/3222/1448 5268/3223/1448 5264/3221/1448
f 5269/3224/1449 5264/3221/1449 5268/3223/1449
f 5268/3223/1450 5270/3225/1450 5269/3224/1450
f 5273/3226/1451 5272/3227/1451 5271/3228/1451
f 5272/3227/1452 5273/3226/1452 5274/3229/1452
f 5274/3229/1453 5273/3226/1453 5275/3230/1453
f 5276/3231/1454 5275/3230/1454 5273/3226/1454
f 5277/3232/1455 5276/3231/1455 5273/3226/1455
f 5275/3230/1456 5278/3233/1456 5274/3229/1456
f 5279/3234/1457 5274/3229/1457 5278/3233/1457
f 5282/3235/1458 5281/3236/1458 5280/3237/1458
f 5283/3238/1459 5280/3237/1459 5281/3236/1459
f 5286/3239/1460 5285/3240/1460 5284/3241/1460
f 5287/3242/1461 5284/3241/1461 5285/3240/1461
o m2
v 0.790243 0.004600 1.847950
v 0.013443 -0.187900 2.002450
v 0.013443 0.004600 2.002450
v 0.790243 -0.187900 1.847950
v 1.448643 0.004600 1.407950
v 1.448643 -0.187900 1.407950
v 1.888643 0.004600 0.749450
v 1.888643 -0.187900 0.749450
v 2.043143 0.004600 -0.027250
v 2.043143 -0.187900 -0.027250
v 1.888643 0.004600 -0.803950
v 1.888643 -0.187900 -0.803950
v 1.448643 0.004600 -1.462450
v 1.448643 -0.187900 -1.462450
v 0.790243 0.004600 -1.902449
v 0.790243 -0.187900 -1.902449
v 0.013443 0.004600 -2.056949
v 0.013443 -0.187900 -2.056949
v -0.763257 0.004600 -1.902449
v -0.763257 -0.187900 -1.902449
v -1.421757 0.004600 -1.462450
v -1.421757 -0.187900 -1.462450
v -1.861657 0.004600 -0.803950
v -1.861657 -0.187900 -0.803950
v -2.016157 0.004600 -0.027250
v -2.016157 -0.187900 -0.027250
v -1.861657 0.004600 0.749450
v -1.861657 -0.187900 0.749450
v -1.421757 0.004600 1.407950
v -1.421757 -0.187900 1.407950
v -0.763257 0.004600 1.847950
v -0.763257 -0.187900 1.847950
v 0.013443 0.004600 2.002450
v 0.013443 -0.187900 2.002450
v -0.763257 0.004600 1.847950
v 0.013443 0.004600 -2.056949
v 0.013443 0.004600 2.002450
v -0.763257 0.004600 -1.902449
v -1.421757 0.004600 -1.462450
v -1.421757 0.004600 1.407950
v -1.861657 0.004600 -0.803950
v -1.861657 0.004600 0.749450
v -2.016157 0.004600 -0.027250
v 0.790243 0.004600 1.847950
v 0.790243 0.004600 -1.902449
v 1.448643 0.004600 1.407950
v 1.448643 0.004600 -1.462450
v 1.888643 0.004600 0.749450
v 1.888643 0.004600 -0.803950
v 2.043143 0.004600 -0.027250
v 0.763143 -0.052400 1.639350
v 0.763143 0.514900 -1.516550
v 0.763143 0.909800 0.209950
v 0.763143 -0.052400 -1.685749
v 0.763143 0.302700 -1.685749
v 0.763143 1.096800 0.466250
v 0.763143 1.443000 1.639350
v 0.763143 1.668700 0.796250
v 1.046643 -0.052400 -1.685749
v 1.046643 0.514900 -1.516550
v 1.046643 0.302700 -1.685749
v 1.046643 0.909800 0.209950
v 1.046643 -0.052400 1.639350
v 1.046643 1.096800 0.466250
v 1.046643 1.668700 0.796250
v 1.046643 1.443000 1.639350
v 1.046643 -0.052400 -1.685749
v 0.763143 0.302700 -1.685749
v 0.763143 -0.052400 -1.685749
v 1.046643 0.302700 -1.685749
v 0.763143 0.514900 -1.516550
v 1.046643 0.514900 -1.516550
v 1.046643 0.909800 0.209950
v 0.763143 0.909800 0.209950
v 0.763143 1.096800 0.466250
v 1.046643 1.096800 0.466250
v 1.046643 1.668700 0.796250
v 0.763143 1.668700 0.796250
v 0.763143 1.443000 1.639350
v 1.046643 -0.052400 1.639350
v 0.763143 -0.052400 1.639350
v 1.046643 1.443000 1.639350
v -0.739757 -0.052400 1.639350
v -0.739757 0.514900 -1.516550
v -0.739757 -0.052400 -1.685749
v -0.739757 0.909800 0.209950
v -0.739757 1.096800 0.466250
v -0.739757 1.443000 1.639350
v -0.739757 1.668700 0.796250
v -0.739757 0.302700 -1.685749
v -1.023257 -0.052400 -1.685749
v -1.023257 0.302700 -1.685749
v -1.023257 0.514900 -1.516550
v -1.023257 0.909800 0.209950
v -1.023257 -0.052400 1.639350
v -1.023257 1.096800 0.466250
v -1.023257 1.668700 0.796250
v -1.023257 1.443000 1.639350
v -1.023257 -0.052400 -1.685749
v -0.739757 0.302700 -1.685749
v -1.023257 0.302700 -1.685749
v -0.739757 -0.052400 -1.685749
v -0.739757 0.514900 -1.516550
v -1.023257 0.514900 -1.516550
v -1.023257 0.909800 0.209950
v -0.739757 0.909800 0.209950
v -0.739757 1.096800 0.466250
v -1.023257 1.096800 0.466250
v -1.023257 1.668700 0.796250
v -0.739757 1.668700 0.796250
v -0.739757 1.443000 1.639350
v -1.023257 -0.052400 1.639350
v -1.023257 1.443000 1.639350
v -0.739757 -0.052400 1.639350
v 1.236443 1.048700 -0.151649
v 1.254043 0.589100 -0.066050
v 1.254043 0.589100 -0.151649
v 1.236443 1.048700 -0.066050
v 1.254043 1.111400 -0.151650
v 1.254043 1.111400 -0.066050
v 1.306843 1.132300 -0.151650
v 1.306843 1.132300 -0.066050
v 1.848143 1.132300 -0.066050
v 1.848143 1.132300 -0.151650
v 1.901043 1.111400 -0.151650
v 1.901043 1.111400 -0.066050
v 1.918643 1.048700 -0.151649
v 1.918643 1.048700 -0.066050
v 1.901043 0.589100 -0.151649
v 1.901043 0.589100 -0.066050
v 1.848143 0.568200 -0.066050
v 1.306843 0.568200 -0.151649
v 1.306843 0.568200 -0.066050
v 1.848143 0.568200 -0.151649
v 1.901043 0.589100 -0.066050
v 1.901043 0.589100 -0.151649
v 1.254043 0.589100 -0.151649
v 1.254043 0.589100 -0.066050
v 1.254043 0.589100 -0.151649
v 1.848143 0.568200 -0.151649
v 1.901043 0.589100 -0.151649
v 1.306843 0.568200 -0.151649
v 1.236443 1.048700 -0.151649
v 1.918643 1.048700 -0.151649
v 1.901043 1.111400 -0.151650
v 1.254043 1.111400 -0.151650
v 1.848143 1.132300 -0.151650
v 1.306843 1.132300 -0.151650
v 1.254043 1.111400 -0.066050
v 1.848143 1.132300 -0.066050
v 1.901043 1.111400 -0.066050
v 1.306843 1.132300 -0.066050
v 1.236443 1.048700 -0.066050
v 1.918643 1.048700 -0.066050
v 1.254043 0.589100 -0.066050
v 1.901043 0.589100 -0.066050
v 1.848143 0.568200 -0.066050
v 1.306843 0.568200 -0.066050
v 1.251243 0.492800 -0.048449
v 1.251243 0.578400 0.480450
v 1.251243 0.492800 0.480450
v 1.251243 0.578400 -0.048450
v 1.903743 0.578400 -0.048450
v 1.903743 0.492800 0.480450
v 1.903743 0.578400 0.480450
v 1.903743 0.492800 -0.048449
v 1.903743 0.492800 0.480450
v 1.251243 0.492800 -0.048449
v 1.251243 0.492800 0.480450
v 1.903743 0.492800 -0.048449
v 1.903743 0.578400 -0.048450
v 1.251243 0.578400 0.480450
v 1.251243 0.578400 -0.048450
v 1.903743 0.578400 0.480450
v 1.903743 0.492800 0.480450
v 1.251243 0.578400 0.480450
v 1.903743 0.578400 0.480450
v 1.251243 0.492800 0.480450
v 1.903743 0.578400 -0.048450
v 1.251243 0.492800 -0.048449
v 1.903743 0.492800 -0.048449
v 1.251243 0.578400 -0.048450
v -1.000457 1.154100 0.538850
v -1.874957 -0.041900 0.571150
v -1.883157 -0.035300 0.538850
v -0.992157 1.147600 0.571150
v -0.992157 1.147600 0.571150
v -1.782257 -0.115100 0.532750
v -1.874957 -0.041900 0.571150
v -0.899557 1.074400 0.532750
v -0.899557 1.074400 0.532750
v -1.790457 -0.108600 0.500450
v -1.782257 -0.115100 0.532750
v -0.907757 1.080900 0.500450
v -0.907757 1.080900 0.500450
v -1.883157 -0.035300 0.538850
v -1.790457 -0.108600 0.500450
v -1.000457 1.154100 0.538850
v -1.000457 1.154100 0.538850
v -0.899557 1.074400 0.532750
v -0.992157 1.147600 0.571150
v -0.907757 1.080900 0.500450
v -1.782257 -0.115100 0.532750
v -1.883157 -0.035300 0.538850
v -1.874957 -0.041900 0.571150
v -1.790457 -0.108600 0.500450
v -1.356557 0.735000 1.610750
v -1.356557 0.091900 0.956850
v -1.356557 0.735000 0.956850
v -1.356557 0.091900 1.610750
v -1.356557 0.091900 1.610750
v -0.995257 0.091900 0.956850
v -1.356557 0.091900 0.956850
v -0.995257 0.091900 1.610750
v -1.356557 0.735000 1.610750
v -0.995257 0.091900 1.610750
v -1.356557 0.091900 1.610750
v -0.995257 0.735000 1.610750
v -1.356557 0.735000 0.956850
v -0.995257 0.735000 1.610750
v -1.356557 0.735000 1.610750
v -0.995257 0.735000 0.956850
v -1.356557 0.091900 0.956850
v -0.995257 0.735000 0.956850
v -1.356557 0.735000 0.956850
v -0.995257 0.091900 0.956850
v -1.519357 0.538300 0.359150
v -1.611157 0.538300 0.306150
v -1.427557 0.538300 0.306150
v -1.427557 0.538300 0.200151
v -1.611157 0.538300 0.200151
v -1.519357 0.538300 0.147151
v -1.427557 0.538300 0.306150
v -1.519357 0.477600 0.359150
v -1.519357 0.538300 0.359150
v -1.427557 0.477600 0.306150
v -1.427557 0.538300 0.200151
v -1.427557 0.477600 0.306150
v -1.427557 0.538300 0.306150
v -1.427557 0.477600 0.200151
v -1.519357 0.538300 0.147151
v -1.519357 0.477600 0.147151
v -1.611157 0.538300 0.200151
v -1.611157 0.477600 0.200151
v -1.611157 0.538300 0.306150
v -1.611157 0.477600 0.306150
v -1.519357 0.538300 0.359150
v -1.519357 0.477600 0.359150
v -1.341357 0.493400 0.355850
v -1.519357 -0.046400 0.458650
v -1.519357 0.493400 0.458650
v -1.341357 -0.046400 0.355851
v -1.697257 -0.046400 0.355851
v -1.697257 0.493400 0.355850
v -1.697257 -0.046400 0.150451
v -1.697257 0.493400 0.150450
v -1.519357 -0.046400 0.047651
v -1.519357 0.493400 0.047651
v -1.341357 -0.046400 0.150451
v -1.341357 0.493400 0.150450
v -1.341357 -0.046400 0.355851
v -1.341357 0.493400 0.355850
v -1.519357 0.493400 0.458650
v -1.697257 0.493400 0.355850
v -1.697257 0.493400 0.150450
v -1.341357 0.493400 0.355850
v -1.519357 0.493400 0.047651
v -1.341357 0.493400 0.150450
v -1.204557 0.656900 0.390750
v -1.022257 0.304600 -0.149250
v -1.204557 0.656900 -0.149250
v -1.022257 0.304600 0.390750
v -1.022257 0.304600 0.390750
v -1.204557 0.656900 0.390750
v -1.022257 0.764700 0.390750
v -1.204557 0.656900 -0.149250
v -1.022257 0.764700 0.390750
v -1.204557 0.656900 0.390750
v -1.022257 0.764700 -0.149250
v -1.022257 0.764700 -0.149250
v -1.204557 0.656900 -0.149250
v -1.022257 0.304600 -0.149250
v -1.146657 0.566200 -0.458650
v -1.146657 0.319300 -0.698749
v -1.146657 0.566200 -0.698750
v -1.146657 0.319300 -0.458650
v -1.146657 0.319300 -0.458650
v -1.027457 0.319300 -0.698749
v -1.146657 0.319300 -0.698749
v -1.027457 0.319300 -0.458650
v -1.146657 0.566200 -0.458650
v -1.027457 0.319300 -0.458650
v -1.146657 0.319300 -0.458650
v -1.027457 0.566200 -0.458650
v -1.146657 0.566200 -0.698750
v -1.027457 0.566200 -0.458650
v -1.146657 0.566200 -0.458650
v -1.027457 0.566200 -0.698750
v -1.146657 0.319300 -0.698749
v -1.027457 0.566200 -0.698750
v -1.146657 0.566200 -0.698750
v -1.027457 0.319300 -0.698749
v -1.277157 0.475800 -0.942950
v -1.277157 0.032100 -1.454750
v -1.277157 0.475800 -1.454750
v -1.277157 0.032100 -0.942949
v -1.277157 0.032100 -0.942949
v -1.019857 0.032100 -1.454750
v -1.277157 0.032100 -1.454750
v -1.019857 0.032100 -0.942949
v -1.277157 0.475800 -0.942950
v -1.019857 0.032100 -0.942949
v -1.277157 0.032100 -0.942949
v -1.019857 0.475800 -0.942950
v -1.277157 0.475800 -1.454750
v -1.019857 0.475800 -0.942950
v -1.277157 0.475800 -0.942950
v -1.019857 0.475800 -1.454750
v -1.277157 0.032100 -1.454750
v -1.019857 0.475800 -1.454750
v -1.277157 0.475800 -1.454750
v -1.019857 0.032100 -1.454750
v 1.368543 -0.005700 0.060251
v 1.368543 0.492800 0.371751
v 1.368543 -0.005700 0.371751
v 1.368543 0.492800 0.060251
v 1.786443 -0.005700 0.060251
v 1.368543 0.492800 0.060251
v 1.368543 -0.005700 0.060251
v 1.786443 0.492800 0.060251
v 1.786443 -0.005700 0.371751
v 1.786443 0.492800 0.060251
v 1.786443 -0.005700 0.060251
v 1.786443 0.492800 0.371751
v 1.368543 -0.005700 0.371751
v 1.786443 0.492800 0.371751
v 1.786443 -0.005700 0.371751
v 1.368543 0.492800 0.371751
v 1.749243 0.497000 0.018151
v 1.749243 0.516800 -0.096250
v 1.749243 0.497000 -0.116050
v 1.749243 0.516800 -0.001650
v 1.749243 0.603500 -0.096250
v 1.749243 0.623300 -0.116050
v 1.749243 0.516800 -0.001650
v 1.405843 0.516800 -0.096250
v 1.749243 0.516800 -0.096250
v 1.405843 0.516800 -0.001650
v 1.405843 0.516800 -0.001650
v 1.405843 0.497000 -0.116050
v 1.405843 0.516800 -0.096250
v 1.405843 0.497000 0.018151
v 1.405843 0.623300 -0.116050
v 1.405843 0.603500 -0.096250
v 1.405843 0.497000 0.018151
v 1.749243 0.497000 -0.116050
v 1.405843 0.497000 -0.116050
v 1.749243 0.497000 0.018151
v 1.749243 0.516800 -0.096250
v 1.405843 0.603500 -0.096250
v 1.749243 0.603500 -0.096250
v 1.405843 0.516800 -0.096250
v 1.405843 0.497000 -0.116050
v 1.749243 0.623300 -0.116050
v 1.405843 0.623300 -0.116050
v 1.749243 0.497000 -0.116050
v 1.318343 0.276000 0.596950
v 1.214743 -0.012200 0.679850
v 1.214743 0.276000 0.656750
v 1.338343 -0.012200 0.608450
v 1.318343 0.276000 0.477250
v 1.338343 -0.012200 0.465750
v 1.214743 0.276000 0.417450
v 1.214743 -0.012200 0.394450
v 1.111143 0.276000 0.477250
v 1.091243 -0.012200 0.465750
v 1.091243 -0.012200 0.608450
v 1.111143 0.276000 0.596950
v 1.091243 -0.012200 0.465750
v 1.111143 0.276000 0.477250
v 1.111143 0.276000 0.596950
v 1.318343 0.276000 0.477250
v 1.214743 0.276000 0.656750
v 1.214743 0.276000 0.417450
v 1.111143 0.276000 0.477250
v 1.318343 0.276000 0.596950
v 1.214743 0.208600 0.538750
v 1.185943 0.342800 0.540650
v 1.214743 0.324700 0.566050
v 1.185943 0.215200 0.510650
v 1.214743 0.360800 0.515250
v 1.185943 0.215200 0.510650
v 1.214743 0.221800 0.482650
v 1.214743 0.221800 0.482650
v 1.243643 0.342800 0.540650
v 1.214743 0.360800 0.515250
v 1.243643 0.215200 0.510650
v 1.243643 0.215200 0.510650
v 1.214743 0.324700 0.566050
v 1.243643 0.342800 0.540650
v 1.214743 0.208600 0.538750
v 1.214743 0.324700 0.566050
v 1.185943 0.510400 0.804450
v 1.214743 0.486100 0.819950
v 1.185943 0.342800 0.540650
v 1.214743 0.534700 0.789050
v 1.214743 0.360800 0.515250
v 1.214743 0.360800 0.515250
v 1.243643 0.510400 0.804450
v 1.214743 0.534700 0.789050
v 1.243643 0.342800 0.540650
v 1.214743 0.486100 0.819950
v 1.214743 0.324700 0.566050
v 1.214743 0.534700 0.789050
v 1.214743 0.486100 0.819950
v 1.185943 0.510400 0.804450
v 1.243643 0.510400 0.804450
v 1.197643 0.582700 1.103750
v 1.197643 0.362600 1.378650
v 1.197643 0.582700 1.378650
v 1.197643 0.362600 1.103750
v 1.197643 0.362600 1.103750
v 1.027043 0.362600 1.378650
v 1.197643 0.362600 1.378650
v 1.027043 0.362600 1.103750
v 1.197643 0.582700 1.103750
v 1.027043 0.362600 1.103750
v 1.197643 0.362600 1.103750
v 1.027043 0.582700 1.103750
v 1.197643 0.582700 1.378650
v 1.027043 0.582700 1.103750
v 1.197643 0.582700 1.103750
v 1.027043 0.582700 1.378650
v 1.197643 0.362600 1.378650
v 1.027043 0.582700 1.378650
v 1.197643 0.582700 1.378650
v 1.027043 0.362600 1.378650
v -0.121657 0.688400 -0.459650
v -0.024257 0.472000 -0.401649
v -0.121657 0.472000 -0.401649
v -0.024257 0.688400 -0.459650
v -0.121657 0.846800 -0.618050
v -0.024257 0.846800 -0.618050
v -0.121657 0.904800 -0.834450
v -0.024257 0.904800 -0.834450
v -0.121657 0.797000 -1.819349
v -0.024257 0.797000 -1.819349
v -0.121657 0.659600 -1.956649
v -0.024257 0.659600 -1.956649
v -0.121657 0.472000 -2.006949
v -0.024257 0.472000 -2.006949
v -0.121657 0.284300 -1.956649
v -0.024257 0.284300 -1.956649
v -0.121657 0.146900 -1.819349
v -0.024257 0.146900 -1.819349
v -0.121657 0.039200 -0.834449
v -0.024257 0.039200 -0.834449
v -0.121657 0.097200 -0.618050
v -0.024257 0.039200 -0.834449
v -0.121657 0.039200 -0.834449
v -0.024257 0.097200 -0.618050
v -0.121657 0.255600 -0.459650
v -0.024257 0.255600 -0.459650
v -0.024257 0.255600 -0.459650
v -0.024257 0.472000 -0.401649
v -0.024257 0.688400 -0.459650
v -0.024257 0.097200 -0.618050
v -0.024257 0.846800 -0.618050
v -0.024257 0.039200 -0.834449
v -0.024257 0.904800 -0.834450
v -0.024257 0.146900 -1.819349
v -0.024257 0.797000 -1.819349
v -0.024257 0.284300 -1.956649
v -0.024257 0.659600 -1.956649
v -0.024257 0.472000 -2.006949
v -0.121657 0.472000 -0.401649
v -0.121657 0.255600 -0.459650
v -0.121657 0.688400 -0.459650
v -0.121657 0.846800 -0.618050
v -0.121657 0.097200 -0.618050
v -0.121657 0.904800 -0.834450
v -0.121657 0.039200 -0.834449
v -0.121657 0.797000 -1.819349
v -0.121657 0.146900 -1.819349
v -0.121657 0.659600 -1.956649
v -0.121657 0.284300 -1.956649
v -0.121657 0.472000 -2.006949
v -0.024257 -0.026200 -1.513350
v -0.024257 1.190300 -0.649450
v -0.024257 -0.026200 -0.649450
v -0.024257 1.065900 -1.513350
v 0.235343 -0.026200 -1.513350
v -0.024257 1.065900 -1.513350
v -0.024257 -0.026200 -1.513350
v 0.235343 1.065900 -1.513350
v 0.235343 -0.026200 -0.649450
v 0.235343 1.065900 -1.513350
v 0.235343 -0.026200 -1.513350
v 0.235343 1.190300 -0.649450
v -0.024257 -0.026200 -0.649450
v 0.235343 1.190300 -0.649450
v 0.235343 -0.026200 -0.649450
v -0.024257 1.190300 -0.649450
v -0.170757 0.923700 -2.122249
v 0.381843 0.854500 -2.053049
v -0.170757 0.854500 -2.053049
v 0.381843 0.923700 -2.122249
v -0.170757 0.854500 -2.191549
v 0.381843 0.854500 -2.191549
v -0.170757 0.785200 -2.122249
v 0.381843 0.854500 -2.191549
v -0.170757 0.854500 -2.191549
v 0.381843 0.785200 -2.122249
v -0.170757 0.854500 -2.053049
v 0.381843 0.785200 -2.122249
v -0.170757 0.785200 -2.122249
v 0.381843 0.854500 -2.053049
v 0.381843 0.854500 -2.053049
v 0.381843 0.854500 -2.191549
v 0.381843 0.785200 -2.122249
v 0.381843 0.923700 -2.122249
v -0.170757 0.785200 -2.122249
v -0.170757 0.923700 -2.122249
v -0.170757 0.854500 -2.053049
v -0.170757 0.854500 -2.191549
v 0.137243 0.906300 -2.221249
v 0.078143 0.854500 -2.281149
v 0.137243 0.854500 -2.281149
v 0.078143 0.906300 -2.221249
v 0.137243 0.854500 -2.161349
v 0.078143 0.854500 -2.161349
v 0.137243 0.802600 -2.221249
v 0.078143 0.854500 -2.161349
v 0.137243 0.854500 -2.161349
v 0.078143 0.802600 -2.221249
v 0.137243 0.854500 -2.281149
v 0.078143 0.802600 -2.221249
v 0.137243 0.802600 -2.221249
v 0.078143 0.854500 -2.281149
v 0.078143 0.802600 -2.221249
v 0.078143 0.854500 -2.281149
v 0.078143 0.854500 -2.161349
v 0.078143 0.906300 -2.221249
v 0.137243 0.854500 -2.281149
v 0.137243 0.802600 -2.221249
v 0.137243 0.854500 -2.161349
v 0.137243 0.906300 -2.221249
v 0.113843 0.886600 -1.461249
v 0.105543 0.885800 -2.151649
v 0.113843 0.861800 -2.125049
v 0.105543 0.911500 -1.462150
v 0.105543 0.911500 -1.462150
v 0.088843 0.869800 -2.133949
v 0.105543 0.885800 -2.151649
v 0.088843 0.894900 -1.461549
v 0.088843 0.894900 -1.461549
v 0.113843 0.861800 -2.125049
v 0.088843 0.869800 -2.133949
v 0.113843 0.886600 -1.461249
v 0.113843 0.861800 -2.125049
v 0.105543 0.806700 -2.146449
v 0.113843 0.824100 -2.122549
v 0.105543 0.885800 -2.151649
v 0.105543 0.885800 -2.151649
v 0.088843 0.818300 -2.130549
v 0.105543 0.806700 -2.146449
v 0.088843 0.869800 -2.133949
v 0.088843 0.869800 -2.133949
v 0.113843 0.824100 -2.122549
v 0.088843 0.818300 -2.130549
v 0.113843 0.861800 -2.125049
v 0.113843 0.824100 -2.122549
v 0.105543 0.535700 -1.462949
v 0.113843 0.558900 -1.453749
v 0.105543 0.806700 -2.146449
v 0.105543 0.806700 -2.146449
v 0.088843 0.551200 -1.456850
v 0.105543 0.535700 -1.462949
v 0.088843 0.818300 -2.130549
v 0.088843 0.818300 -2.130549
v 0.113843 0.558900 -1.453749
v 0.088843 0.551200 -1.456850
v 0.113843 0.824100 -2.122549
v 0.357843 1.097900 -1.572449
v 0.357843 1.319900 -0.657850
v 0.357843 1.219900 -0.592650
v 0.357843 1.242100 -1.593849
v 0.405843 1.319900 -0.657850
v 0.405843 1.058400 -1.566650
v 0.405843 1.181400 -0.586450
v 0.405843 1.242100 -1.593849
v 0.405843 0.949800 -1.815049
v 0.405843 1.117600 -1.894449
v 0.405843 0.891300 -2.233049
v 0.405843 0.738600 -2.130949
v 0.405843 1.319900 -0.657850
v 0.357843 1.242100 -1.593849
v 0.405843 1.242100 -1.593849
v 0.357843 1.319900 -0.657850
v 0.357843 1.117600 -1.894449
v 0.405843 1.117600 -1.894449
v 0.405843 0.891300 -2.233049
v 0.357843 0.891300 -2.233049
v 0.322143 1.167600 -1.826549
v 0.321543 1.117600 -1.894449
v 0.105543 1.206900 -1.714850
v -0.146757 1.242100 -1.593849
v -0.111057 1.167600 -1.826549
v -0.146757 1.117600 -1.894449
v -0.110457 1.117600 -1.894449
v -0.194757 1.117600 -1.894449
v -0.194757 1.242100 -1.593849
v -0.146757 1.319900 -0.657850
v -0.194757 1.319900 -0.657850
v -0.146757 0.891300 -2.233049
v -0.194757 0.891300 -2.233049
v 0.405843 0.949800 -1.815049
v 0.357843 1.058400 -1.566650
v 0.405843 1.058400 -1.566650
v 0.357843 0.949800 -1.815049
v 0.357843 0.738600 -2.130949
v 0.405843 0.738600 -2.130949
v 0.405843 0.738600 -2.130949
v 0.357843 0.891300 -2.233049
v 0.357843 0.738600 -2.130949
v 0.405843 0.891300 -2.233049
v -0.194757 1.058400 -1.566650
v -0.194757 1.319900 -0.657850
v -0.194757 1.181400 -0.586450
v -0.194757 1.242100 -1.593849
v -0.194757 1.117600 -1.894449
v -0.194757 0.949800 -1.815049
v -0.194757 0.891300 -2.233049
v -0.194757 0.738600 -2.130949
v 0.357843 1.058400 -1.566650
v -0.194757 1.181400 -0.586450
v 0.405843 1.181400 -0.586450
v -0.146757 1.058400 -1.566650
v -0.146757 0.949800 -1.815049
v -0.194757 1.058400 -1.566650
v -0.146757 1.058400 -1.566650
v -0.194757 0.949800 -1.815049
v -0.194757 0.738600 -2.130949
v -0.146757 0.738600 -2.130949
v -0.146757 1.319900 -0.657850
v -0.194757 1.181400 -0.586450
v -0.194757 1.319900 -0.657850
v -0.146757 1.219900 -0.592650
v 0.357843 1.219900 -0.592650
v 0.405843 1.181400 -0.586450
v 0.405843 1.319900 -0.657850
v 0.357843 1.319900 -0.657850
v -0.146757 0.738600 -2.130949
v -0.194757 0.891300 -2.233049
v -0.194757 0.738600 -2.130949
v -0.146757 0.891300 -2.233049
v -0.146757 1.319900 -0.657850
v -0.146757 1.097900 -1.572449
v -0.146757 1.219900 -0.592650
v -0.146757 1.242100 -1.593849
v -0.146757 1.097900 -1.572449
v 0.357843 1.242100 -1.593849
v 0.357843 1.097900 -1.572449
v -0.146757 1.242100 -1.593849
v 0.357843 1.219900 -0.592650
v -0.146757 1.097900 -1.572449
v 0.357843 1.097900 -1.572449
v -0.146757 1.219900 -0.592650
v -0.109857 1.000700 -1.745050
v 0.105543 1.206900 -1.714850
v -0.111057 1.167600 -1.826549
v 0.105543 1.050000 -1.637649
v 0.357843 0.891300 -2.233049
v 0.357843 0.949800 -1.815049
v 0.357843 0.738600 -2.130949
v 0.357843 1.117600 -1.894449
v -0.146757 0.949800 -1.815049
v -0.146757 0.891300 -2.233049
v -0.146757 0.738600 -2.130949
v -0.146757 1.117600 -1.894449
v 0.321543 1.117600 -1.894449
v 0.320943 1.000700 -1.745050
v 0.321543 0.949800 -1.815049
v 0.322143 1.167600 -1.826549
v -0.109857 1.000700 -1.745050
v -0.110457 1.117600 -1.894449
v -0.110457 0.949800 -1.815049
v -0.111057 1.167600 -1.826549
v 0.105543 1.050000 -1.637649
v 0.322143 1.167600 -1.826549
v 0.105543 1.206900 -1.714850
v 0.320943 1.000700 -1.745050
v 0.320943 1.000700 -1.745050
v 0.357843 0.949800 -1.815049
v 0.321543 0.949800 -1.815049
v 0.357843 1.058400 -1.566650
v -0.110457 1.117600 -1.894449
v -0.146757 0.949800 -1.815049
v -0.110457 0.949800 -1.815049
v -0.146757 1.117600 -1.894449
v 0.321543 0.949800 -1.815049
v 0.357843 1.117600 -1.894449
v 0.321543 1.117600 -1.894449
v 0.357843 0.949800 -1.815049
v -0.146757 1.058400 -1.566650
v 0.105543 1.050000 -1.637649
v -0.109857 1.000700 -1.745050
v 0.357843 1.058400 -1.566650
v 0.105543 1.050000 -1.637649
v -0.146757 1.058400 -1.566650
v -0.109857 1.000700 -1.745050
v -0.146757 0.949800 -1.815049
v -0.146757 1.058400 -1.566650
v -0.110457 0.949800 -1.815049
v 0.357843 1.058400 -1.566650
v 0.320943 1.000700 -1.745050
v 0.105543 1.050000 -1.637649
v -0.194757 1.181400 -0.586450
v -0.146757 1.058400 -1.566650
v -0.194757 1.058400 -1.566650
v 0.357843 1.058400 -1.566650
v 0.405843 1.181400 -0.586450
v 0.405843 1.058400 -1.566650
v 1.221943 0.310100 1.244051
v 0.912743 0.190600 1.194551
v 1.221943 0.190600 1.194551
v 0.912743 0.310100 1.244051
v 1.221943 0.359600 1.363451
v 0.912743 0.359600 1.363451
v 1.221943 0.310100 1.482950
v 0.912743 0.310100 1.482950
v 1.221943 0.190600 1.532450
v 0.912743 0.190600 1.532450
v 1.221943 0.071200 1.482950
v 0.912743 0.071200 1.482950
v 1.221943 0.021700 1.363451
v 0.912743 0.021700 1.363451
v 0.912743 0.071200 1.244051
v 1.221943 0.071200 1.244051
v 0.912743 0.021700 1.363451
v 1.221943 0.021700 1.363451
v 1.221943 0.071200 1.244051
v 1.221943 0.190600 1.532450
v 1.221943 0.190600 1.194551
v 1.221943 0.071200 1.482950
v 1.221943 0.021700 1.363451
v 1.221943 0.310100 1.244051
v 1.221943 0.310100 1.482950
v 1.221943 0.359600 1.363451
v 0.853543 1.357500 0.470450
v 0.808043 1.544000 0.730750
v 0.806643 1.293800 0.608850
v 0.854843 1.607700 0.592350
v 0.950643 1.357900 0.468150
v 0.952043 1.608100 0.589950
v 1.000943 1.294600 0.604150
v 1.002343 1.544900 0.725950
v 1.000943 1.294600 0.604150
v 0.853543 1.357500 0.470450
v 0.806643 1.293800 0.608850
v 0.950643 1.357900 0.468150
v -0.826557 1.357500 0.470450
v -0.781057 1.544000 0.730750
v -0.827957 1.607700 0.592350
v -0.779657 1.293800 0.608850
v -0.923657 1.357900 0.468150
v -0.925057 1.608100 0.589950
v -0.973957 1.294600 0.604150
v -0.975357 1.544900 0.725950
v -0.973957 1.294600 0.604150
v -0.826557 1.357500 0.470450
v -0.923657 1.357900 0.468150
v -0.779657 1.293800 0.608850
v -1.864457 -0.042200 0.662450
v -0.902957 1.075000 0.724250
v -1.816657 -0.081400 0.724250
v -0.950757 1.114300 0.662450
v -1.816657 -0.081400 0.600550
v -0.902957 1.075000 0.600550
v -1.768857 -0.120700 0.662450
v -0.902957 1.075000 0.600550
v -1.816657 -0.081400 0.600550
v -0.855157 1.035800 0.662450
v -1.816657 -0.081400 0.724250
v -0.855157 1.035800 0.662450
v -1.768857 -0.120700 0.662450
v -0.902957 1.075000 0.724250
v 0.598343 3.213800 0.939950
v 0.598343 2.834800 1.034750
v 0.598343 2.463400 0.890750
v 0.598343 3.211000 1.043550
v 0.598343 2.454200 1.150350
v 0.598343 2.830500 1.138650
v 0.598343 2.454200 1.150350
v 0.716543 2.830500 1.138650
v 0.738843 2.454200 1.150350
v 0.598343 2.830500 1.138650
v 0.598343 3.213800 0.939950
v 0.694143 3.211000 1.043550
v 0.598343 3.211000 1.043550
v 0.694143 3.213800 0.939950
v 0.598343 2.463400 0.890750
v 0.694143 3.213800 0.939950
v 0.598343 3.213800 0.939950
v 0.738843 2.463400 0.890750
v 0.598343 2.834800 1.034750
v 0.694143 3.211000 1.043550
v 0.716543 2.834800 1.034750
v 0.598343 3.211000 1.043550
v 0.598343 2.454200 1.150350
v 0.738843 2.463400 0.890750
v 0.598343 2.463400 0.890750
v 0.738843 2.454200 1.150350
v 0.598343 2.830500 1.138650
v 0.716543 2.834800 1.034750
v 0.716543 2.830500 1.138650
v 0.598343 2.834800 1.034750
v 0.716543 2.834800 1.034750
v 0.694143 3.213800 0.939950
v 0.738843 2.463400 0.890750
v 0.694143 3.211000 1.043550
v 0.615043 3.187800 1.096650
v 0.663543 3.136800 1.145250
v 0.615043 3.136800 1.096650
v 0.663543 3.187800 1.145250
v 0.712143 3.136800 1.096650
v 0.712143 3.187800 1.096650
v 0.663543 3.187800 1.048150
v 0.615043 3.136800 1.096650
v 0.663543 3.136800 1.048150
v 0.615043 3.187800 1.096650
v 0.712143 3.187800 1.096650
v 0.663543 3.136800 1.048150
v 0.712143 3.136800 1.096650
v 0.663543 3.187800 1.048150
v 0.712143 3.187800 1.096650
v 0.615043 3.187800 1.096650
v 0.663543 3.187800 1.048150
v 0.663543 3.187800 1.145250
v 1.195643 3.213800 0.939950
v 1.195643 2.834800 1.034750
v 1.195643 3.211000 1.043550
v 1.195643 2.463400 0.890750
v 1.195643 2.454200 1.150350
v 1.195643 2.830500 1.138650
v 1.195643 2.454200 1.150350
v 1.077443 2.830500 1.138650
v 1.195643 2.830500 1.138650
v 1.055143 2.454200 1.150350
v 1.195643 3.213800 0.939950
v 1.099843 3.211000 1.043550
v 1.099843 3.213800 0.939950
v 1.195643 3.211000 1.043550
v 1.195643 2.463400 0.890750
v 1.099843 3.213800 0.939950
v 1.055143 2.463400 0.890750
v 1.195643 3.213800 0.939950
v 1.195643 2.834800 1.034750
v 1.099843 3.211000 1.043550
v 1.195643 3.211000 1.043550
v 1.077443 2.834800 1.034750
v 1.195643 2.454200 1.150350
v 1.055143 2.463400 0.890750
v 1.055143 2.454200 1.150350
v 1.195643 2.463400 0.890750
v 1.195643 2.830500 1.138650
v 1.077443 2.834800 1.034750
v 1.195643 2.834800 1.034750
v 1.077443 2.830500 1.138650
v 1.077443 2.834800 1.034750
v 1.099843 3.213800 0.939950
v 1.099843 3.211000 1.043550
v 1.055143 2.463400 0.890750
v 1.178943 3.187800 1.096650
v 1.130443 3.136800 1.145250
v 1.130443 3.187800 1.145250
v 1.178943 3.136800 1.096650
v 1.081843 3.136800 1.096650
v 1.081843 3.187800 1.096650
v 1.130443 3.187800 1.048150
v 1.178943 3.136800 1.096650
v 1.178943 3.187800 1.096650
v 1.130443 3.136800 1.048150
v 1.081843 3.187800 1.096650
v 1.130443 3.136800 1.048150
v 1.130443 3.187800 1.048150
v 1.081843 3.136800 1.096650
v 1.081843 3.187800 1.096650
v 1.178943 3.187800 1.096650
v 1.130443 3.187800 1.145250
v 1.130443 3.187800 1.048150
v 0.498843 3.144100 0.883350
v 1.081643 3.144100 1.243450
v 0.723143 3.144100 1.243450
v 1.266543 3.144100 0.883350
v 1.266543 3.144100 1.243450
v 0.498843 3.144100 1.243450
v 0.723143 3.066200 1.243650
v 1.266543 3.066200 0.883650
v 0.498843 3.066200 0.883650
v 1.081643 3.066200 1.243650
v 1.266543 3.066200 1.243650
v 0.498843 3.066200 1.243650
v 0.498843 3.066200 1.243650
v 0.498843 3.144100 0.883350
v 0.498843 3.144100 1.243450
v 0.498843 3.066200 0.883650
v 0.723143 3.144100 1.390450
v 1.081643 3.066200 1.390750
v 0.723143 3.066200 1.390750
v 1.081643 3.144100 1.390450
v 1.266543 3.066200 0.883650
v 1.266543 3.144100 1.243450
v 1.266543 3.144100 0.883350
v 1.266543 3.066200 1.243650
v 1.081643 3.144100 1.243450
v 1.266543 3.066200 1.243650
v 1.081643 3.066200 1.243650
v 1.266543 3.144100 1.243450
v 0.723143 3.066200 1.243650
v 0.498843 3.144100 1.243450
v 0.723143 3.144100 1.243450
v 0.498843 3.066200 1.243650
v 1.266543 3.066200 0.883650
v 0.498843 3.144100 0.883350
v 0.498843 3.066200 0.883650
v 1.266543 3.144100 0.883350
v 0.723143 3.144100 1.390450
v 1.081643 3.144100 1.243450
v 1.081643 3.144100 1.390450
v 0.723143 3.144100 1.243450
v 0.723143 3.066200 1.390750
v 0.723143 3.144100 1.243450
v 0.723143 3.144100 1.390450
v 0.723143 3.066200 1.243650
v 1.081643 3.066200 1.390750
v 0.723143 3.066200 1.243650
v 0.723143 3.066200 1.390750
v 1.081643 3.066200 1.243650
v 1.081643 3.144100 1.390450
v 1.081643 3.066200 1.243650
v 1.081643 3.066200 1.390750
v 1.081643 3.144100 1.243450
v 0.697143 3.078800 0.902250
v 0.697143 2.345600 1.182150
v 0.696443 1.620900 0.404150
v 0.697143 2.590000 1.169150
v 0.697143 2.831600 1.180550
v 0.697143 3.076000 1.237950
v 0.697143 2.101200 1.262850
v 0.697543 1.464100 0.945250
v 0.697143 1.963500 1.404850
v 0.697143 1.172500 1.057450
v 0.697143 1.073700 1.292550
v 0.697143 1.922700 1.566850
v 0.697143 1.043500 1.576050
v 0.697143 1.194600 1.810250
v 0.697143 1.844700 1.727250
v 0.697143 1.463500 1.926850
v 0.697143 1.683700 1.881050
v 0.697143 1.683700 1.881050
v 0.806243 1.844700 1.727250
v 0.806243 1.683700 1.881050
v 0.697143 1.844700 1.727250
v 0.806243 1.919900 1.566850
v 0.697143 1.922700 1.566850
v 0.806243 1.960700 1.404850
v 0.697143 1.963500 1.404850
v 0.806243 2.098300 1.262850
v 0.697143 2.101200 1.262850
v 0.806243 2.342800 1.182150
v 0.697143 2.345600 1.182150
v 0.806243 2.587200 1.169150
v 0.697143 2.590000 1.169150
v 0.806243 2.831600 1.180550
v 0.697143 2.831600 1.180550
v 0.806243 3.076000 1.237950
v 0.697143 3.076000 1.237950
v 0.697143 1.463500 1.926850
v 0.697143 1.073700 1.292550
v 0.806243 1.040700 1.576050
v 0.806243 1.070900 1.292550
v 0.697143 1.043500 1.576050
v 0.806243 1.192900 1.810550
v 0.697143 1.194600 1.810250
v 0.806243 1.463500 1.926850
v 0.697143 1.172500 1.057450
v 0.806243 1.167100 1.057050
v 0.697543 1.464100 0.945250
v 0.806243 1.517800 0.921850
v 0.806243 1.192900 1.810550
v 0.806243 1.919900 1.566850
v 0.806243 1.040700 1.576050
v 0.806243 1.844700 1.727250
v 0.806243 1.683700 1.881050
v 0.806243 1.463500 1.926850
v 0.806243 1.070900 1.292550
v 0.806243 1.960700 1.404850
v 0.806243 1.167100 1.057050
v 0.806243 1.517800 0.921850
v 0.806243 2.098300 1.262850
v 0.806243 1.580500 0.727950
v 0.806243 2.342800 1.182150
v 0.806243 3.076000 1.007050
v 0.806243 2.587200 1.169150
v 0.806243 2.831600 1.180550
v 0.806243 3.076000 1.237950
v 1.089843 1.620900 0.388850
v 1.091143 2.098300 1.262850
v 1.091143 2.342800 1.182150
v 1.090843 1.464100 0.943950
v 1.091143 1.960700 1.404850
v 1.091143 1.169700 1.057450
v 1.091143 1.070900 1.292550
v 1.091143 1.919900 1.566850
v 1.091143 1.040700 1.576050
v 1.091143 1.192900 1.810550
v 1.091143 1.844700 1.727250
v 1.091143 1.463500 1.926850
v 1.091143 1.683700 1.881050
v 1.091143 3.076000 0.902250
v 1.091143 2.587200 1.169150
v 1.091143 2.831600 1.180550
v 1.091143 3.076000 1.237950
v 1.091143 1.683700 1.881050
v 1.020843 1.844700 1.727250
v 1.091143 1.844700 1.727250
v 1.020843 1.683700 1.881050
v 1.091143 1.463500 1.926850
v 1.020843 1.463500 1.926850
v 1.091143 1.192900 1.810550
v 1.020843 1.192900 1.810550
v 1.091143 1.040700 1.576050
v 1.020843 1.040700 1.576050
v 1.091143 1.070900 1.292550
v 1.020843 1.070900 1.292550
v 1.020843 1.167100 1.057050
v 1.091143 1.169700 1.057450
v 1.090843 1.464100 0.943950
v 1.020843 1.517800 0.921850
v 1.020843 1.919900 1.566850
v 1.091143 1.919900 1.566850
v 1.020843 1.960700 1.404850
v 1.091143 1.960700 1.404850
v 1.020843 2.098300 1.262850
v 1.091143 2.098300 1.262850
v 1.020843 2.342800 1.182150
v 1.091143 2.342800 1.182150
v 1.091143 2.587200 1.169150
v 1.020843 2.587200 1.169150
v 1.091143 2.831600 1.180550
v 1.020843 2.831600 1.180550
v 1.091143 3.076000 1.237950
v 1.020843 3.076000 1.237950
v 0.696443 1.620900 0.404150
v 1.091143 3.076000 0.902250
v 0.697143 3.078800 0.902250
v 1.089843 1.620900 0.388850
v 1.020843 1.192900 1.810550
v 1.020843 1.919900 1.566850
v 1.020843 1.844700 1.727250
v 1.020843 1.040700 1.576050
v 1.020843 1.070900 1.292550
v 1.020843 1.960700 1.404850
v 1.020843 1.167100 1.057050
v 1.020843 1.517800 0.921850
v 1.020843 2.098300 1.262850
v 1.020843 1.580500 0.727950
v 1.020843 2.342800 1.182150
v 1.020843 2.587200 1.169150
v 1.020843 3.076000 1.007050
v 1.020843 2.831600 1.180550
v 1.020843 3.076000 1.237950
v 1.020843 1.683700 1.881050
v 1.020843 1.463500 1.926850
v 1.020843 1.580500 0.727950
v 0.806243 3.076000 1.007050
v 1.020843 3.076000 1.007050
v 0.806243 1.580500 0.727950
v 0.696443 1.620900 0.404150
v 1.090843 1.464100 0.943950
v 1.089843 1.620900 0.388850
v 0.697543 1.464100 0.945250
v -0.574957 3.213800 0.939950
v -0.574957 2.834800 1.034750
v -0.574957 3.211000 1.043550
v -0.574957 2.463400 0.890750
v -0.574957 2.454200 1.150350
v -0.574957 2.830500 1.138650
v -0.574957 2.454200 1.150350
v -0.693157 2.830500 1.138650
v -0.574957 2.830500 1.138650
v -0.715457 2.454200 1.150350
v -0.574957 3.213800 0.939950
v -0.670757 3.211000 1.043550
v -0.670757 3.213800 0.939950
v -0.574957 3.211000 1.043550
v -0.574957 2.463400 0.890750
v -0.670757 3.213800 0.939950
v -0.715457 2.463400 0.890750
v -0.574957 3.213800 0.939950
v -0.574957 2.834800 1.034750
v -0.670757 3.211000 1.043550
v -0.574957 3.211000 1.043550
v -0.693157 2.834800 1.034750
v -0.574957 2.454200 1.150350
v -0.715457 2.463400 0.890750
v -0.715457 2.454200 1.150350
v -0.574957 2.463400 0.890750
v -0.574957 2.830500 1.138650
v -0.693157 2.834800 1.034750
v -0.574957 2.834800 1.034750
v -0.693157 2.830500 1.138650
v -0.693157 2.834800 1.034750
v -0.670757 3.213800 0.939950
v -0.670757 3.211000 1.043550
v -0.715457 2.463400 0.890750
v -0.591657 3.187800 1.096650
v -0.640157 3.136800 1.145250
v -0.640157 3.187800 1.145250
v -0.591657 3.136800 1.096650
v -0.688757 3.136800 1.096650
v -0.688757 3.187800 1.096650
v -0.640157 3.187800 1.048150
v -0.591657 3.136800 1.096650
v -0.591657 3.187800 1.096650
v -0.640157 3.136800 1.048150
v -0.688757 3.187800 1.096650
v -0.640157 3.136800 1.048150
v -0.640157 3.187800 1.048150
v -0.688757 3.136800 1.096650
v -0.688757 3.187800 1.096650
v -0.591657 3.187800 1.096650
v -0.640157 3.187800 1.145250
v -0.640157 3.187800 1.048150
v -1.172257 3.213800 0.939950
v -1.172257 2.834800 1.034750
v -1.172257 2.463400 0.890750
v -1.172257 3.211000 1.043550
v -1.172257 2.454200 1.150350
v -1.172257 2.830500 1.138650
v -1.172257 2.454200 1.150350
v -1.054057 2.830500 1.138650
v -1.031757 2.454200 1.150350
v -1.172257 2.830500 1.138650
v -1.172257 3.213800 0.939950
v -1.076457 3.211000 1.043550
v -1.172257 3.211000 1.043550
v -1.076457 3.213800 0.939950
v -1.172257 2.463400 0.890750
v -1.076457 3.213800 0.939950
v -1.172257 3.213800 0.939950
v -1.031757 2.463400 0.890750
v -1.172257 2.834800 1.034750
v -1.076457 3.211000 1.043550
v -1.054057 2.834800 1.034750
v -1.172257 3.211000 1.043550
v -1.172257 2.454200 1.150350
v -1.031757 2.463400 0.890750
v -1.172257 2.463400 0.890750
v -1.031757 2.454200 1.150350
v -1.172257 2.830500 1.138650
v -1.054057 2.834800 1.034750
v -1.054057 2.830500 1.138650
v -1.172257 2.834800 1.034750
v -1.054057 2.834800 1.034750
v -1.076457 3.213800 0.939950
v -1.031757 2.463400 0.890750
v -1.076457 3.211000 1.043550
v -1.155557 3.187800 1.096650
v -1.107057 3.136800 1.145250
v -1.155557 3.136800 1.096650
v -1.107057 3.187800 1.145250
v -1.058457 3.136800 1.096650
v -1.058457 3.187800 1.096650
v -1.107057 3.187800 1.048150
v -1.155557 3.136800 1.096650
v -1.107057 3.136800 1.048150
v -1.155557 3.187800 1.096650
v -1.058457 3.187800 1.096650
v -1.107057 3.136800 1.048150
v -1.058457 3.136800 1.096650
v -1.107057 3.187800 1.048150
v -1.058457 3.187800 1.096650
v -1.155557 3.187800 1.096650
v -1.107057 3.187800 1.048150
v -1.107057 3.187800 1.145250
v -0.475457 3.144100 0.883350
v -1.058357 3.144100 1.243450
v -1.243157 3.144100 0.883350
v -0.699757 3.144100 1.243450
v -0.475457 3.144100 1.243450
v -1.243157 3.144100 1.243450
v -0.699757 3.066200 1.243650
v -1.243157 3.066200 0.883650
v -1.058357 3.066200 1.243650
v -0.475457 3.066200 0.883650
v -0.475457 3.066200 1.243650
v -1.243157 3.066200 1.243650
v -0.475457 3.066200 1.243650
v -0.475457 3.144100 0.883350
v -0.475457 3.066200 0.883650
v -0.475457 3.144100 1.243450
v -0.699757 3.144100 1.390450
v -1.058357 3.066200 1.390750
v -1.058357 3.144100 1.390450
v -0.699757 3.066200 1.390750
v -1.243157 3.066200 0.883650
v -1.243157 3.144100 1.243450
v -1.243157 3.066200 1.243650
v -1.243157 3.144100 0.883350
v -1.058357 3.144100 1.243450
v -1.243157 3.066200 1.243650
v -1.243157 3.144100 1.243450
v -1.058357 3.066200 1.243650
v -0.699757 3.066200 1.243650
v -0.475457 3.144100 1.243450
v -0.475457 3.066200 1.243650
v -0.699757 3.144100 1.243450
v -1.243157 3.066200 0.883650
v -0.475457 3.144100 0.883350
v -1.243157 3.144100 0.883350
v -0.475457 3.066200 0.883650
v -0.699757 3.144100 1.390450
v -1.058357 3.144100 1.243450
v -0.699757 3.144100 1.243450
v -1.058357 3.144100 1.390450
v -0.699757 3.066200 1.390750
v -0.699757 3.144100 1.243450
v -0.699757 3.066200 1.243650
v -0.699757 3.144100 1.390450
v -1.058357 3.066200 1.390750
v -0.699757 3.066200 1.243650
v -1.058357 3.066200 1.243650
v -0.699757 3.066200 1.390750
v -1.058357 3.144100 1.390450
v -1.058357 3.066200 1.243650
v -1.058357 3.144100 1.243450
v -1.058357 3.066200 1.390750
v -0.673757 3.078800 0.902250
v -0.673757 2.345600 1.182150
v -0.673757 2.590000 1.169150
v -0.673057 1.620900 0.404150
v -0.673757 2.101200 1.262850
v -0.674157 1.464100 0.945250
v -0.673757 1.963500 1.404850
v -0.673757 1.172500 1.057450
v -0.673757 1.073700 1.292550
v -0.673757 1.922700 1.566850
v -0.673757 1.043500 1.576050
v -0.673757 1.194600 1.810250
v -0.673757 1.844700 1.727250
v -0.673757 1.463500 1.926850
v -0.673757 1.683700 1.881050
v -0.673757 2.831600 1.180550
v -0.673757 3.076000 1.237950
v -0.673757 1.683700 1.881050
v -0.782857 1.844700 1.727250
v -0.673757 1.844700 1.727250
v -0.782857 1.683700 1.881050
v -0.673757 1.463500 1.926850
v -0.782857 1.463500 1.926850
v -0.673757 1.194600 1.810250
v -0.782857 1.192900 1.810550
v -0.673757 1.043500 1.576050
v -0.782857 1.040700 1.576050
v -0.673757 1.073700 1.292550
v -0.782857 1.070900 1.292550
v -0.673757 1.172500 1.057450
v -0.782857 1.167100 1.057050
v -0.674157 1.464100 0.945250
v -0.782857 1.517800 0.921850
v -0.782857 1.919900 1.566850
v -0.673757 1.922700 1.566850
v -0.782857 1.960700 1.404850
v -0.673757 1.963500 1.404850
v -0.782857 2.098300 1.262850
v -0.673757 2.101200 1.262850
v -0.782857 2.342800 1.182150
v -0.673757 2.345600 1.182150
v -0.782857 2.587200 1.169150
v -0.673757 2.590000 1.169150
v -0.782857 2.831600 1.180550
v -0.673757 2.831600 1.180550
v -0.782857 3.076000 1.237950
v -0.673757 3.076000 1.237950
v -0.782857 1.192900 1.810550
v -0.782857 1.919900 1.566850
v -0.782857 1.844700 1.727250
v -0.782857 1.040700 1.576050
v -0.782857 1.070900 1.292550
v -0.782857 1.960700 1.404850
v -0.782857 1.167100 1.057050
v -0.782857 1.517800 0.921850
v -0.782857 2.098300 1.262850
v -0.782857 1.580500 0.727950
v -0.782857 2.342800 1.182150
v -0.782857 3.076000 1.007050
v -0.782857 2.587200 1.169150
v -0.782857 2.831600 1.180550
v -0.782857 3.076000 1.237950
v -0.782857 1.683700 1.881050
v -0.782857 1.463500 1.926850
v -1.066457 1.620900 0.388850
v -1.067757 2.342800 1.182150
v -1.067757 2.098300 1.262850
v -1.067757 3.076000 0.902250
v -1.067757 2.587200 1.169150
v -1.067757 2.831600 1.180550
v -1.067757 3.076000 1.237950
v -1.067457 1.464100 0.943950
v -1.067757 1.960700 1.404850
v -1.067757 1.169700 1.057450
v -1.067757 1.070900 1.292550
v -1.067757 1.919900 1.566850
v -1.067757 1.040700 1.576050
v -1.067757 1.192900 1.810550
v -1.067757 1.844700 1.727250
v -1.067757 1.463500 1.926850
v -1.067757 1.683700 1.881050
v -1.067757 1.683700 1.881050
v -0.997557 1.844700 1.727250
v -0.997557 1.683700 1.881050
v -1.067757 1.844700 1.727250
v -0.997557 1.919900 1.566850
v -1.067757 1.919900 1.566850
v -0.997557 1.960700 1.404850
v -1.067757 1.960700 1.404850
v -0.997557 2.098300 1.262850
v -1.067757 2.098300 1.262850
v -0.997557 2.342800 1.182150
v -1.067757 2.342800 1.182150
v -1.067757 2.587200 1.169150
v -0.997557 2.587200 1.169150
v -1.067757 2.831600 1.180550
v -0.997557 2.831600 1.180550
v -1.067757 3.076000 1.237950
v -0.997557 3.076000 1.237950
v -1.067757 1.463500 1.926850
v -0.673057 1.620900 0.404150
v -1.067757 3.076000 0.902250
v -1.066457 1.620900 0.388850
v -0.673757 3.078800 0.902250
v -0.997557 1.463500 1.926850
v -1.067757 1.192900 1.810550
v -0.997557 1.192900 1.810550
v -1.067757 1.040700 1.576050
v -0.997557 1.040700 1.576050
v -1.067757 1.070900 1.292550
v -0.997557 1.070900 1.292550
v -0.997557 1.167100 1.057050
v -1.067757 1.169700 1.057450
v -1.067457 1.464100 0.943950
v -0.997557 1.517800 0.921850
v -0.997557 1.192900 1.810550
v -0.997557 1.919900 1.566850
v -0.997557 1.040700 1.576050
v -0.997557 1.844700 1.727250
v -0.997557 1.683700 1.881050
v -0.997557 1.463500 1.926850
v -0.997557 1.070900 1.292550
v -0.997557 1.960700 1.404850
v -0.997557 1.167100 1.057050
v -0.997557 1.517800 0.921850
v -0.997557 2.098300 1.262850
v -0.997557 1.580500 0.727950
v -0.997557 2.342800 1.182150
v -0.997557 2.587200 1.169150
v -0.997557 3.076000 1.007050
v -0.997557 2.831600 1.180550
v -0.997557 3.076000 1.237950
v -0.997557 1.580500 0.727950
v -0.782857 3.076000 1.007050
v -0.782857 1.580500 0.727950
v -0.997557 3.076000 1.007050
v -0.673057 1.620900 0.404150
v -1.067457 1.464100 0.943950
v -0.674157 1.464100 0.945250
v -1.066457 1.620900 0.388850
v 1.236643 2.585000 1.096450
v 0.555543 2.525300 1.108150
v 0.555543 2.585000 1.096450
v 1.236643 2.525300 1.108150
v 0.555543 2.485300 1.062350
v 1.236643 2.485300 1.062350
v 1.236643 2.604700 1.038850
v 0.555543 2.604700 1.038850
v 1.236643 2.564700 0.993050
v 0.555543 2.564700 0.993050
v 1.236643 2.505000 1.004750
v 0.555543 2.505000 1.004750
v 1.236643 2.485300 1.062350
v 0.555543 2.485300 1.062350
v 0.555543 2.525300 1.108150
v 0.555543 2.505000 1.004750
v 0.555543 2.564700 0.993050
v 0.555543 2.485300 1.062350
v 0.555543 2.604700 1.038850
v 0.555543 2.585000 1.096450
v 1.236643 2.485300 1.062350
v 1.236643 2.564700 0.993050
v 1.236643 2.505000 1.004750
v 1.236643 2.525300 1.108150
v 1.236643 2.585000 1.096450
v 1.236643 2.604700 1.038850
v -1.213257 2.585000 1.096450
v -0.532157 2.525300 1.108150
v -1.213257 2.525300 1.108150
v -0.532157 2.585000 1.096450
v -1.213257 2.604700 1.038850
v -0.532157 2.604700 1.038850
v -1.213257 2.564700 0.993050
v -0.532157 2.564700 0.993050
v -1.213257 2.505000 1.004750
v -0.532157 2.505000 1.004750
v -1.213257 2.485300 1.062350
v -0.532157 2.485300 1.062350
v -0.532157 2.485300 1.062350
v -1.213257 2.485300 1.062350
v -0.532157 2.525300 1.108150
v -0.532157 2.505000 1.004750
v -0.532157 2.485300 1.062350
v -0.532157 2.564700 0.993050
v -0.532157 2.604700 1.038850
v -0.532157 2.585000 1.096450
v -1.213257 2.485300 1.062350
v -1.213257 2.564700 0.993050
v -1.213257 2.525300 1.108150
v -1.213257 2.505000 1.004750
v -1.213257 2.585000 1.096450
v -1.213257 2.604700 1.038850
v 0.981543 2.708800 1.028350
v 0.854443 2.606100 1.487050
v 0.854443 2.708800 1.028350
v 0.981543 2.606100 1.487050
v 0.981543 2.285000 1.377150
v 0.854443 2.464100 0.944550
v 0.854443 2.285000 1.377150
v 0.981543 2.464100 0.944550
v 0.854443 2.464100 0.944550
v 0.854443 2.606100 1.487050
v 0.854443 2.285000 1.377150
v 0.854443 2.708800 1.028350
v 0.981543 2.708800 1.028350
v 0.981543 2.285000 1.377150
v 0.981543 2.606100 1.487050
v 0.981543 2.464100 0.944550
v 0.689043 2.433500 1.449750
v 0.757943 2.601400 1.472750
v 0.757943 2.590800 1.503650
v 0.689043 2.444000 1.418950
v 0.757943 2.276100 1.395850
v 0.757943 2.286600 1.365050
v 0.924343 2.210900 1.373550
v 0.924343 2.221500 1.342750
v 1.090643 2.276100 1.395850
v 1.090643 2.286600 1.365050
v 1.159543 2.433500 1.449750
v 1.159543 2.444000 1.418950
v 1.090643 2.590800 1.503650
v 1.090643 2.601400 1.472750
v 0.924343 2.656000 1.525950
v 0.924343 2.666600 1.495050
v 0.757943 2.601400 1.472750
v 1.159543 2.444000 1.418950
v 1.090643 2.601400 1.472750
v 0.689043 2.444000 1.418950
v 0.757943 2.286600 1.365050
v 1.090643 2.286600 1.365050
v 0.924343 2.221500 1.342750
v 0.924343 2.666600 1.495050
v 0.689043 2.433500 1.449750
v 1.090643 2.590800 1.503650
v 1.159543 2.433500 1.449750
v 0.757943 2.590800 1.503650
v 0.924343 2.656000 1.525950
v 1.090643 2.276100 1.395850
v 0.757943 2.276100 1.395850
v 0.924343 2.210900 1.373550
v 0.719443 2.437100 1.442650
v 0.779443 2.574100 1.489550
v 0.924343 2.630900 1.508950
v 1.069143 2.574100 1.489550
v 1.129143 2.437100 1.442650
v 1.069143 2.300000 1.395750
v 0.924343 2.243200 1.376350
v 0.779443 2.300000 1.395750
v 0.924343 2.243200 1.376350
v -0.958157 2.708800 1.028350
v -0.831057 2.606100 1.487050
v -0.958157 2.606100 1.487050
v -0.831057 2.708800 1.028350
v -0.958157 2.285000 1.377150
v -0.831057 2.464100 0.944550
v -0.958157 2.464100 0.944550
v -0.831057 2.285000 1.377150
v -0.831057 2.464100 0.944550
v -0.831057 2.606100 1.487050
v -0.831057 2.708800 1.028350
v -0.831057 2.285000 1.377150
v -0.958157 2.708800 1.028350
v -0.958157 2.285000 1.377150
v -0.958157 2.464100 0.944550
v -0.958157 2.606100 1.487050
v -0.665757 2.433500 1.449750
v -0.734657 2.601400 1.472750
v -0.665757 2.444000 1.418950
v -0.734657 2.590800 1.503650
v -0.900957 2.666600 1.495050
v -0.900957 2.656000 1.525950
v -1.067257 2.601400 1.472750
v -1.067257 2.590800 1.503650
v -1.136157 2.444000 1.418950
v -1.136157 2.433500 1.449750
v -1.067257 2.286600 1.365050
v -1.067257 2.276100 1.395850
v -0.900957 2.221500 1.342750
v -0.900957 2.210900 1.373550
v -0.734657 2.286600 1.365050
v -0.734657 2.276100 1.395850
v -0.734657 2.601400 1.472750
v -1.136157 2.444000 1.418950
v -0.665757 2.444000 1.418950
v -1.067257 2.601400 1.472750
v -0.900957 2.666600 1.495050
v -0.734657 2.286600 1.365050
v -1.067257 2.286600 1.365050
v -0.900957 2.221500 1.342750
v -0.665757 2.433500 1.449750
v -1.067257 2.590800 1.503650
v -0.734657 2.590800 1.503650
v -1.136157 2.433500 1.449750
v -1.067257 2.276100 1.395850
v -0.734657 2.276100 1.395850
v -0.900957 2.210900 1.373550
v -0.900957 2.656000 1.525950
v -0.696057 2.437100 1.442650
v -0.756057 2.574100 1.489550
v -0.756057 2.300000 1.395750
v -0.900957 2.243200 1.376350
v -0.900957 2.630900 1.508950
v -1.045857 2.574100 1.489550
v -1.105857 2.437100 1.442650
v -1.045857 2.300000 1.395750
v -0.900957 2.243200 1.376350
v 0.744843 1.554800 1.977050
v 0.702143 1.395200 1.978450
v 0.707243 1.556500 1.971850
v 0.739743 1.393500 1.983650
v 0.743243 1.388300 1.882750
v 0.702143 1.395200 1.978450
v 0.739743 1.393500 1.983650
v 0.705643 1.390000 1.877550
v 0.748243 1.549600 1.905050
v 0.739743 1.393500 1.983650
v 0.744843 1.554800 1.977050
v 0.743243 1.388300 1.882750
v 0.710643 1.551300 1.899850
v 0.744843 1.554800 1.977050
v 0.707243 1.556500 1.971850
v 0.748243 1.549600 1.905050
v 0.705643 1.390000 1.877550
v 0.707243 1.556500 1.971850
v 0.702143 1.395200 1.978450
v 0.710643 1.551300 1.899850
v -1.392457 1.430800 1.301250
v -1.392457 1.275100 1.217250
v -1.392457 1.705300 1.217250
v -1.392457 1.275100 1.266250
v -1.392457 1.476200 1.393650
v -1.392457 1.705300 1.570050
v -1.392457 1.430800 1.486050
v -1.392457 1.275100 1.570050
v -1.392457 1.275100 1.521050
v -1.392457 1.275100 1.217250
v -1.224357 1.275100 1.266250
v -1.224357 1.275100 1.217250
v -1.392457 1.275100 1.266250
v -1.224357 1.430800 1.301250
v -1.392457 1.430800 1.301250
v -1.392457 1.705300 1.570050
v -1.224357 1.275100 1.570050
v -1.392457 1.275100 1.570050
v -1.224357 1.705300 1.570050
v -1.224357 1.705300 1.570050
v -1.392457 1.705300 1.570050
v -1.224357 1.705300 1.217250
v -1.392457 1.705300 1.217250
v -1.392457 1.275100 1.217250
v -1.224357 1.705300 1.217250
v -1.392457 1.705300 1.217250
v -1.224357 1.275100 1.217250
v -1.392457 1.430800 1.486050
v -1.224357 1.275100 1.521050
v -1.224357 1.430800 1.486050
v -1.392457 1.275100 1.521050
v -1.224357 1.275100 1.570050
v -1.392457 1.275100 1.570050
v -1.224357 1.430800 1.301250
v -1.392457 1.476200 1.393650
v -1.224357 1.476200 1.393650
v -1.392457 1.430800 1.301250
v -1.392457 1.430800 1.486050
v -1.224357 1.430800 1.486050
v 2.076743 1.572800 1.345950
v 1.797043 1.490200 1.248550
v 2.076743 1.490200 1.298350
v 1.797043 1.615900 1.321050
v 2.076743 1.572800 1.441250
v 1.797043 1.615900 1.466250
v 2.076743 1.490200 1.488950
v 1.797043 1.490200 1.538750
v 2.076743 1.407600 1.441250
v 1.797043 1.364500 1.466250
v 1.797043 1.364500 1.321050
v 2.076743 1.407600 1.345950
v 1.797043 1.364500 1.466250
v 2.076743 1.407600 1.441250
v 2.076743 1.407600 1.345950
v 2.076743 1.490200 1.488950
v 2.076743 1.490200 1.298350
v 2.076743 1.407600 1.441250
v 2.076743 1.572800 1.345950
v 2.076743 1.572800 1.441250
v 1.674643 1.332900 1.536850
v 1.674643 1.275900 1.393650
v 1.674643 1.332900 1.250450
v 1.674643 1.401100 1.583050
v 1.674643 1.401100 1.204250
v 1.674643 1.724600 1.549150
v 1.674643 1.724600 1.238150
v 1.819043 1.724600 1.549150
v 1.819043 1.401100 1.204250
v 1.819043 1.401100 1.583050
v 1.819043 1.724600 1.238150
v 1.819043 1.332900 1.536850
v 1.819043 1.332900 1.250450
v 1.819043 1.275900 1.393650
v 1.819043 1.332900 1.536850
v 1.674643 1.275900 1.393650
v 1.674643 1.332900 1.536850
v 1.819043 1.275900 1.393650
v 1.674643 1.332900 1.250450
v 1.819043 1.332900 1.250450
v 1.819043 1.401100 1.204250
v 1.674643 1.401100 1.204250
v 1.819043 1.724600 1.238150
v 1.674643 1.724600 1.238150
v 1.674643 1.401100 1.583050
v 1.819043 1.401100 1.583050
v 1.674643 1.724600 1.549150
v 1.819043 1.724600 1.549150
v 1.612843 2.108800 1.153950
v 1.792243 2.065500 1.166350
v 1.620343 2.065500 1.196650
v 1.784743 2.108800 1.123650
v 1.605343 2.065500 1.111250
v 1.777243 2.065500 1.080950
v 1.612843 2.022100 1.153950
v 1.777243 2.065500 1.080950
v 1.605343 2.065500 1.111250
v 1.784743 2.022100 1.123650
v 1.784743 2.022100 1.123650
v 1.612843 2.022100 1.153950
v 1.620343 2.065500 1.196650
v 1.792243 2.065500 1.166350
v 1.792243 2.065500 1.166350
v 1.777243 2.065500 1.080950
v 1.784743 2.022100 1.123650
v 1.784743 2.108800 1.123650
v 1.612843 2.022100 1.153950
v 1.612843 2.108800 1.153950
v 1.620343 2.065500 1.196650
v 1.605343 2.065500 1.111250
v 1.760643 2.139700 1.174950
v 1.706443 1.915800 1.151150
v 1.706443 2.121100 1.225950
v 1.760643 1.934400 1.100250
v 1.706443 2.158200 1.123950
v 1.706443 1.952900 1.049250
v 1.652143 1.934400 1.100250
v 1.652143 2.139700 1.174950
v 1.652143 2.139700 1.174950
v 1.706443 1.952900 1.049250
v 1.706443 2.158200 1.123950
v 1.652143 1.934400 1.100250
v 1.706443 1.915800 1.151150
v 1.706443 1.952900 1.049250
v 1.652143 1.934400 1.100250
v 1.760643 1.934400 1.100250
v 1.652143 2.139700 1.174950
v 1.760643 2.139700 1.174950
v 1.706443 2.121100 1.225950
v 1.706443 2.158200 1.123950
v 1.837343 1.724600 1.652350
v 1.597643 1.724600 1.062550
v 1.597643 1.724600 1.652350
v 1.837343 1.724600 1.062550
v 1.837343 1.959400 1.544550
v 1.597643 1.959400 1.016950
v 1.837343 1.959400 1.016950
v 1.597643 1.959400 1.544550
v 1.597643 1.959400 1.544550
v 1.597643 1.724600 1.062550
v 1.597643 1.959400 1.016950
v 1.597643 1.724600 1.652350
v 1.837343 1.959400 1.544550
v 1.597643 1.724600 1.652350
v 1.597643 1.959400 1.544550
v 1.837343 1.724600 1.652350
v 1.837343 1.959400 1.016950
v 1.837343 1.724600 1.652350
v 1.837343 1.959400 1.544550
v 1.837343 1.724600 1.062550
v 1.597643 1.959400 1.016950
v 1.837343 1.724600 1.062550
v 1.837343 1.959400 1.016950
v 1.597643 1.724600 1.062550
v 1.708243 1.635300 1.393650
v 1.219743 1.490200 1.248550
v 1.708243 1.490200 1.248550
v 1.219743 1.635300 1.393650
v 1.708243 1.490200 1.538750
v 1.219743 1.490200 1.538750
v 1.708243 1.345100 1.393650
v 1.219743 1.490200 1.538750
v 1.708243 1.490200 1.538750
v 1.219743 1.345100 1.393650
v 1.219743 1.345100 1.393650
v 1.708243 1.345100 1.393650
v 1.708243 1.490200 1.248550
v 1.219743 1.490200 1.248550
v 0.735643 1.456100 1.955850
v 0.842043 1.328100 2.031050
v 0.717543 1.410000 1.963650
v 0.878643 1.367700 2.028750
v 0.976043 1.258100 2.092551
v 1.026243 1.285400 2.101050
v 1.090243 1.185900 2.187750
v 1.036243 1.172900 2.166651
v 0.954443 1.085300 2.242651
v 0.735643 1.422500 1.918850
v 0.878643 1.367700 2.028750
v 0.735643 1.456100 1.955850
v 0.878043 1.334300 1.991650
v 1.025443 1.252100 2.063951
v 1.026243 1.285400 2.101050
v 1.090243 1.185900 2.187750
v 1.089443 1.152600 2.150550
v 0.989143 1.077900 2.281651
v 0.988643 1.044600 2.244450
v 0.437543 0.874400 2.409451
v 0.437743 0.907500 2.446851
v 0.842043 1.328100 2.031050
v 0.735643 1.422500 1.918850
v 0.717543 1.410000 1.963650
v 0.878043 1.334300 1.991650
v 0.976043 1.258100 2.092551
v 1.025443 1.252100 2.063951
v 1.089443 1.152600 2.150550
v 1.036243 1.172900 2.166651
v 0.954443 1.085300 2.242651
v 0.437743 0.907500 2.446851
v 0.989143 1.077900 2.281651
v 0.421843 0.921100 2.401551
v 1.090243 1.185900 2.187750
v 0.421843 0.921100 2.401551
v 0.988643 1.044600 2.244450
v 0.437543 0.874400 2.409451
v 1.089443 1.152600 2.150550
v 0.727843 1.535400 1.947150
v 0.834343 1.422700 2.031050
v 0.709743 1.489300 1.954950
v 0.870843 1.462300 2.028750
v 0.968243 1.352700 2.092551
v 1.018443 1.380000 2.101050
v 1.082443 1.280500 2.187750
v 1.028443 1.267500 2.166651
v 0.946643 1.179800 2.242651
v 0.727843 1.501800 1.910150
v 0.870843 1.462300 2.028750
v 0.727843 1.535400 1.947150
v 0.870243 1.428900 1.991650
v 1.017643 1.346700 2.063951
v 1.018443 1.380000 2.101050
v 1.082443 1.280500 2.187750
v 1.081643 1.247200 2.150550
v 0.981343 1.172500 2.281651
v 0.980843 1.139200 2.244450
v 0.429743 0.969000 2.409451
v 0.429943 1.002100 2.446851
v 0.834343 1.422700 2.031050
v 0.727843 1.501800 1.910150
v 0.709743 1.489300 1.954950
v 0.870243 1.428900 1.991650
v 0.968243 1.352700 2.092551
v 1.017643 1.346700 2.063951
v 1.081643 1.247200 2.150550
v 1.028443 1.267500 2.166651
v 0.946643 1.179800 2.242651
v 0.429943 1.002100 2.446851
v 0.981343 1.172500 2.281651
v 0.414043 1.015700 2.401551
v 1.082443 1.280500 2.187750
v 0.414043 1.015700 2.401551
v 0.980843 1.139200 2.244450
v 0.429743 0.969000 2.409451
v 1.081643 1.247200 2.150550
vn 0.1951 -0.0000 0.9808
vn 0.5556 -0.0000 0.8314
vn 0.8315 -0.0000 0.5556
vn 0.9808 -0.0000 0.1951
vn 0.9808 -0.0000 -0.1951
vn 0.8315 -0.0000 -0.5556
vn 0.5556 -0.0000 -0.8314
vn 0.1951 -0.0000 -0.9808
vn -0.1951 -0.0000 -0.9808
vn -0.5556 -0.0000 -0.8315
vn -0.8315 -0.0000 -0.5555
vn -0.9808 -0.0000 -0.1951
vn -0.9808 -0.0000 0.1951
vn -0.8315 -0.0000 0.5555
vn -0.5556 -0.0000 0.8315
vn -0.1951 -0.0000 0.9808
vn -0.0000 1.0000 -0.0000
vn -1.0000 -0.0000 -0.0000
vn 1.0000 -0.0000 -0.0000
vn -0.0000 -0.0000 -1.0000
vn -0.0000 0.6234 -0.7819
vn -0.0000 0.9748 -0.2230
vn -0.0000 0.8078 -0.5894
vn -0.0000 0.4998 -0.8661
vn -0.0000 -0.0000 1.0000
vn -0.9993 -0.0383 -0.0000
vn -0.9628 0.2703 -0.0000
vn -0.3680 0.9298 -0.0000
vn 0.3674 0.9300 -0.0000
vn 0.9628 0.2703 -0.0000
vn 0.9993 -0.0383 -0.0000
vn -0.0000 -1.0000 -0.0000
vn 0.3674 -0.9300 -0.0000
vn -0.3680 -0.9298 -0.0000
vn -0.7636 0.5667 0.3096
vn -0.7634 0.5666 0.3102
vn 0.2484 -0.1843 0.9510
vn 0.2485 -0.1844 0.9509
vn 0.7640 -0.5669 -0.3080
vn -0.2483 0.1842 -0.9510
vn -0.2484 0.1843 -0.9510
vn 0.6198 0.7848 -0.0013
vn 0.6199 0.7847 0.0005
vn -0.6204 -0.7843 -0.0027
vn -0.6203 -0.7843 -0.0004
vn 0.5000 -0.0000 0.8660
vn 0.5000 -0.0000 -0.8660
vn -0.5000 -0.0000 -0.8660
vn -0.5000 -0.0000 0.8660
vn 0.5001 -0.0000 0.8660
vn -0.5003 -0.0000 0.8658
vn -0.5003 -0.0000 -0.8658
vn 0.5001 -0.0000 -0.8660
vn -0.8881 -0.4596 -0.0000
vn -0.5090 0.8608 -0.0000
vn 0.4987 0.0693 0.8640
vn 0.4990 0.0691 0.8638
vn 0.9976 0.0692 -0.0000
vn 0.4987 0.0691 -0.8640
vn 0.4985 0.0690 -0.8641
vn -0.4987 0.0690 -0.8640
vn -0.4988 0.0689 -0.8640
vn -0.4993 0.0692 0.8637
vn -0.4987 0.0689 0.8640
vn -0.9976 0.0689 -0.0000
vn -0.7079 -0.1617 0.6875
vn -0.7079 -0.1617 0.6876
vn -0.7077 0.1617 -0.6878
vn -0.7067 0.1616 -0.6888
vn 0.7064 0.1616 -0.6892
vn 0.7055 0.1622 -0.6899
vn 0.7067 -0.1619 0.6887
vn 0.7067 -0.1620 0.6888
vn -0.7074 -0.5965 0.3792
vn -0.7083 -0.5958 0.3785
vn -0.7067 0.5972 -0.3794
vn -0.7073 0.5968 -0.3790
vn 0.7055 0.5982 -0.3800
vn 0.7061 0.5977 -0.3798
vn 0.7062 -0.5976 0.3797
vn 0.7071 -0.5967 0.3793
vn -0.0015 0.5365 0.8439
vn 0.0015 0.5365 0.8439
vn -0.0000 0.2589 0.9659
vn -0.0000 0.7071 0.7071
vn -0.0000 0.9659 0.2589
vn -0.0000 0.9941 -0.1088
vn -0.0000 0.7068 -0.7074
vn -0.0000 0.2590 -0.9659
vn -0.0000 -0.2588 -0.9659
vn -0.0000 -0.7068 -0.7074
vn -0.0000 -0.9941 -0.1087
vn -0.0000 -0.9659 0.2589
vn -0.0000 -0.7071 0.7071
vn -0.0000 -0.2589 0.9659
vn -0.0000 0.7076 -0.7066
vn -0.0000 -0.7071 -0.7071
vn -0.0000 -0.7066 0.7076
vn -0.0000 0.7564 -0.6541
vn -0.0000 0.7564 0.6541
vn -0.0000 -0.7558 0.6548
vn -0.0000 -0.7558 -0.6548
vn 0.9490 0.3151 -0.0118
vn 0.9487 0.3158 -0.0118
vn -0.7060 0.7077 -0.0264
vn -0.7052 0.7085 -0.0264
vn -0.3160 -0.9481 0.0354
vn -0.3153 -0.9483 0.0354
vn 0.9491 -0.0208 -0.3144
vn 0.9489 -0.0207 -0.3148
vn -0.7055 -0.0465 -0.7071
vn -0.7052 -0.0467 -0.7075
vn -0.3173 0.0625 0.9463
vn -0.3169 0.0628 0.9464
vn 0.9489 -0.2933 -0.1163
vn 0.9490 -0.2931 -0.1162
vn -0.7062 -0.6582 -0.2610
vn -0.7059 -0.6584 -0.2611
vn -0.3151 0.8822 0.3498
vn -0.3165 0.8818 0.3497
vn -0.0000 0.9966 -0.0828
vn -0.0000 0.9239 -0.3827
vn -0.0000 0.8314 -0.5557
vn 0.4927 0.8040 -0.3330
vn -0.0000 0.8052 -0.5930
vn 0.0144 0.9516 -0.3069
vn -0.0000 0.9602 -0.2793
vn -0.0144 0.9516 -0.3069
vn -0.4927 0.8040 -0.3330
vn -0.0000 -0.9163 0.4006
vn -0.0000 -0.8313 0.5558
vn -0.0000 -0.5558 -0.8313
vn -0.0000 -0.9922 0.1245
vn -0.0000 0.4582 0.8888
vn -0.3133 0.5187 0.7955
vn -0.0000 0.1590 0.9873
vn 0.2450 0.4442 0.8617
vn -0.0000 0.5462 0.8377
vn -0.0000 0.1468 0.9892
vn -0.0000 0.9923 -0.1236
vn 0.4773 -0.3828 -0.7910
vn 0.4809 -0.3871 -0.7867
vn -1.0000 -0.0030 -0.0064
vn -1.0000 0.0085 0.0026
vn 1.0000 -0.0030 -0.0064
vn 1.0000 0.0085 0.0026
vn -0.4771 -0.3880 -0.7886
vn -0.4809 -0.3819 -0.7892
vn -0.0000 -0.8088 0.5881
vn -0.4500 -0.8182 0.3577
vn -0.0000 -0.4277 -0.9039
vn 0.0580 -0.9463 0.3181
vn -0.0000 -0.9931 0.1175
vn 0.4500 -0.8182 0.3577
vn -0.0580 -0.9463 0.3181
vn -0.0000 0.3827 -0.9239
vn -0.0000 0.9238 -0.3830
vn -0.0000 0.9239 0.3827
vn -0.0000 0.3827 0.9239
vn -0.0000 -0.3830 0.9238
vn -0.0000 -0.9239 0.3827
vn -0.0000 -0.3830 -0.9238
vn -0.0000 -0.9238 -0.3830
vn -0.9557 0.1333 -0.2625
vn -0.9559 0.1327 -0.2622
vn -0.0231 0.4380 -0.8987
vn -0.0240 0.4377 -0.8988
vn 0.9481 0.1348 -0.2879
vn 0.9481 0.1348 -0.2880
vn -0.0064 -0.9076 -0.4199
vn -0.0062 -0.9075 -0.4201
vn 0.9557 0.1333 -0.2625
vn 0.0231 0.4380 -0.8987
vn 0.0240 0.4377 -0.8988
vn -0.9481 0.1348 -0.2879
vn -0.9481 0.1348 -0.2880
vn 0.0062 -0.9075 -0.4201
vn 0.0064 -0.9076 -0.4199
vn -0.5548 0.4383 0.7072
vn -0.5545 0.4381 0.7075
vn -0.5553 0.4387 -0.7066
vn -0.5550 0.4385 -0.7069
vn 0.5550 -0.4385 -0.7069
vn 0.5553 -0.4387 -0.7066
vn 0.5545 -0.4381 0.7075
vn 0.5548 -0.4383 0.7072
vn -0.0000 0.0311 0.9995
vn -0.0000 0.9996 0.0270
vn -0.0000 0.0654 -0.9979
vn -0.0000 -0.0234 0.9997
vn -0.0000 -0.9994 -0.0354
vn -0.0000 0.9991 0.0413
vn -0.0000 0.9991 0.0414
vn 0.9982 0.0594 0.0015
vn 0.9982 0.0594 0.0016
vn -0.7078 -0.0000 0.7064
vn 0.7071 -0.0000 0.7071
vn -0.7071 -0.0000 -0.7071
vn 0.7064 -0.0000 -0.7078
vn -0.9982 0.0594 0.0016
vn -0.9982 0.0594 0.0015
vn 0.7078 -0.0000 0.7064
vn -0.7071 -0.0000 0.7071
vn 0.7071 -0.0000 -0.7071
vn -0.7064 -0.0000 -0.7078
vn -0.0000 0.0039 1.0000
vn -0.0000 0.0026 1.0000
vn -0.0000 -0.0039 -1.0000
vn -1.0000 0.0003 0.0007
vn -1.0000 0.0002 0.0007
vn -1.0000 -0.0014 0.0016
vn -1.0000 -0.0004 -0.0004
vn -1.0000 0.0007 -0.0017
vn -0.0000 0.6908 0.7231
vn -0.0000 0.9054 0.4245
vn 0.0231 0.8991 0.4372
vn 0.0249 0.9694 0.2441
vn 0.0249 0.9694 0.2442
vn 0.0184 0.7180 0.6958
vn 0.0191 0.7178 0.6960
vn 0.0083 0.3134 0.9496
vn 0.0080 0.3135 0.9495
vn 0.0014 0.0531 0.9986
vn -0.0012 -0.0466 0.9989
vn -0.0000 -0.0471 0.9989
vn -0.0000 -0.2286 0.9735
vn -0.0000 0.2036 0.9790
vn -0.0255 -0.9941 -0.1059
vn -0.0215 -0.8386 0.5443
vn -0.0146 -0.8402 0.5421
vn -0.0087 -0.3948 0.9187
vn -0.0000 -0.3978 0.9175
vn -0.0237 -0.9216 -0.3873
vn -0.0472 -0.9247 -0.3777
vn -0.0212 -0.3590 -0.9331
vn -0.0232 -0.3596 -0.9328
vn 1.0000 -0.0004 -0.0013
vn 1.0000 0.0004 -0.0017
vn 1.0000 -0.0003 -0.0003
vn 1.0000 0.0005 -0.0012
vn 1.0000 -0.0005 -0.0012
vn -0.0000 -0.3949 0.9187
vn -0.0000 -0.8388 0.5444
vn -0.0000 -0.9944 -0.1059
vn -0.0000 -0.9257 -0.3782
vn 0.0363 -0.9213 -0.3872
vn 0.0186 -0.3596 -0.9329
vn -0.0000 0.9697 0.2442
vn -0.0000 0.7181 0.6959
vn -0.0000 0.3134 0.9496
vn -0.0000 0.0531 0.9986
vn -0.0000 -0.0466 0.9989
vn 0.0023 0.3233 -0.9463
vn -0.0367 0.3325 -0.9424
vn -0.0000 -0.1835 0.9830
vn -0.0106 -0.9623 -0.2718
vn -0.0009 -0.9605 -0.2783
vn 1.0000 0.0003 0.0007
vn 1.0000 0.0002 0.0007
vn 1.0000 -0.0014 0.0016
vn 1.0000 -0.0004 -0.0004
vn 1.0000 0.0007 -0.0017
vn 0.0087 -0.3948 0.9187
vn 0.0146 -0.8402 0.5421
vn 0.0215 -0.8386 0.5443
vn 0.0255 -0.9941 -0.1059
vn 0.0237 -0.9216 -0.3873
vn 0.0472 -0.9247 -0.3777
vn 0.0212 -0.3590 -0.9331
vn 0.0232 -0.3596 -0.9328
vn -0.0231 0.8991 0.4372
vn -0.0249 0.9694 0.2442
vn -0.0249 0.9694 0.2441
vn -0.0184 0.7180 0.6958
vn -0.0191 0.7178 0.6960
vn -0.0083 0.3134 0.9496
vn -0.0080 0.3135 0.9495
vn -0.0014 0.0531 0.9986
vn 0.0012 -0.0466 0.9989
vn -1.0000 -0.0004 -0.0013
vn -1.0000 -0.0005 -0.0012
vn -1.0000 0.0004 -0.0017
vn -1.0000 -0.0003 -0.0003
vn -1.0000 0.0005 -0.0012
vn 0.0367 0.3325 -0.9424
vn -0.0023 0.3233 -0.9463
vn -0.0363 -0.9213 -0.3872
vn -0.0186 -0.3596 -0.9329
vn -0.0187 -0.3596 -0.9329
vn 0.0009 -0.9605 -0.2783
vn 0.0106 -0.9623 -0.2718
vn -0.0000 0.1923 0.9813
vn -0.0000 -0.7532 0.6578
vn -0.0000 0.9462 0.3236
vn -0.0000 0.7532 -0.6578
vn -0.0000 -0.1923 -0.9813
vn -0.0000 -0.9462 -0.3236
vn -0.0000 0.9758 0.2185
vn -0.0000 -0.9239 -0.3825
vn -0.9238 0.3621 0.1242
vn -0.9239 0.3622 0.1235
vn -0.9239 -0.3622 -0.1235
vn -0.3826 -0.8745 -0.2981
vn -0.3822 -0.8738 -0.3007
vn 0.3828 -0.8735 -0.3006
vn 0.3824 -0.8746 -0.2982
vn 0.9239 -0.3622 -0.1235
vn 0.9239 -0.3621 -0.1235
vn 0.9238 0.3623 0.1235
vn 0.9239 0.3620 0.1242
vn 0.3828 0.8738 0.2998
vn -0.3826 0.8739 0.2998
vn -0.0000 0.3234 -0.9463
vn -0.0000 0.3240 -0.9461
vn -0.0000 0.3241 -0.9460
vn -0.0000 0.3236 -0.9462
vn -0.0000 -0.3242 0.9460
vn -0.0000 -0.3236 0.9462
vn -0.0000 -0.3240 0.9461
vn 0.9239 0.3622 0.1235
vn 0.9238 0.3621 0.1242
vn -0.3828 0.8738 0.2998
vn -0.9239 0.3620 0.1242
vn -0.9238 0.3623 0.1235
vn -0.9239 -0.3621 -0.1235
vn -0.3823 -0.8746 -0.2982
vn -0.3828 -0.8735 -0.3006
vn 0.3823 -0.8737 -0.3007
vn 0.3828 -0.8744 -0.2981
vn -0.1349 0.0448 0.9898
vn -0.1349 0.0448 0.9899
vn -0.0520 -0.9974 0.0496
vn 0.9983 -0.0295 0.0493
vn 0.9987 -0.0360 0.0365
vn 0.0546 0.9961 -0.0694
vn -0.9989 0.0301 -0.0362
vn -0.9980 0.0378 -0.0499
vn -0.0000 -0.2193 0.9757
vn -0.0000 -0.2193 -0.9757
vn -0.0000 -0.8975 0.4410
vn -0.0000 -0.8975 -0.4410
vn 0.1525 0.4935 -0.8563
vn 0.1523 0.4938 -0.8561
vn 0.1523 0.9883 -0.0000
vn 0.1527 0.4942 0.8558
vn 0.1524 0.4938 0.8561
vn 0.1524 -0.4942 0.8559
vn 0.1526 -0.4938 0.8561
vn 0.1524 -0.4938 -0.8561
vn 0.1523 -0.4935 -0.8563
vn 0.1523 -0.9883 -0.0000
vn -0.0000 -0.9291 0.3698
vn -0.0000 -0.9291 -0.3698
vn -0.0000 -0.5609 -0.8279
vn -0.0000 0.1042 -0.9946
vn -0.0000 -0.5609 0.8279
vn -0.0000 0.1042 0.9946
vn 0.1227 0.7075 0.6959
vn -0.1227 0.7075 -0.6959
vn -0.1228 -0.7067 -0.6967
vn 0.1228 -0.7067 0.6967
vn 0.9849 -0.0000 -0.1730
vn -0.9849 -0.0000 0.1730
vn 0.7077 -0.2419 0.6639
vn 0.7071 -0.2418 0.6645
vn 0.7074 0.2417 -0.6642
vn -0.7064 -0.2423 0.6650
vn -0.7070 -0.2418 0.6646
vn -0.7068 0.2419 -0.6648
vn -0.0012 -0.9397 -0.3421
vn 0.0012 -0.9397 -0.3421
vn -0.0000 0.9395 0.3426
vn -0.0000 0.9401 0.3410
vn -0.0000 0.4172 0.9088
vn -0.0000 -0.1906 -0.9817
vn -0.0000 0.7071 -0.7071
vn -0.3109 0.2759 0.9095
vn -0.2748 0.3069 0.9112
vn -0.2650 0.2982 0.9170
vn -0.3000 0.2665 0.9159
vn -0.3832 0.4543 0.8042
vn -0.4159 0.4114 0.8110
vn -0.3808 0.7827 0.4923
vn 0.6249 0.5780 -0.5249
vn 0.6256 0.5747 -0.5275
vn 0.5962 0.5919 -0.5425
vn 0.5959 0.5912 -0.5435
vn 0.8996 0.3152 -0.3023
vn 0.8995 0.3157 -0.3020
vn 0.8167 -0.4385 0.3750
vn 0.8176 -0.4345 0.3779
vn 0.3948 -0.6872 0.6098
vn 0.3950 -0.6890 0.6077
vn -0.3549 -0.8535 -0.3815
vn -0.3129 -0.8519 -0.4200
vn -0.2781 -0.8769 -0.3921
vn -0.3143 -0.8790 -0.3585
vn -0.4046 -0.7345 -0.5448
vn -0.4368 -0.7459 -0.5028
vn -0.3943 -0.3640 -0.8439
vn -0.1837 0.9228 0.3386
vn -0.1826 0.9222 0.3409
vn -0.3828 0.7837 0.4892
vn -0.2150 -0.2227 -0.9509
vn -0.2125 -0.2320 -0.9492
vn -0.3924 -0.3670 -0.8434
vn -0.3773 0.2966 0.8773
vn -0.3234 0.3492 0.8795
vn -0.2654 0.2979 0.9170
vn -0.3809 0.7823 0.4928
vn 0.6061 0.5888 -0.5347
vn 0.6072 0.5856 -0.5370
vn 0.8995 0.3158 -0.3020
vn -0.2619 -0.8970 -0.3561
vn -0.2485 -0.8962 -0.3675
vn -0.2785 -0.8769 -0.3917
vn -0.3942 -0.3637 -0.8440
vn -0.1844 0.9233 0.3369
vn -0.1824 0.9222 0.3409
vn -0.3838 0.7838 0.4882
vn -0.2149 -0.2232 -0.9508
vn -0.3919 -0.3675 -0.8434
vt 0.805500 -0.996900
vt 0.813500 -0.996900
vt 0.805500 -0.964000
vt 0.813500 -0.964000
vt 0.805500 -0.931000
vt 0.813500 -0.931000
vt 0.805500 -0.897900
vt 0.813600 -0.897900
vt 0.805500 -0.865000
vt 0.813600 -0.865000
vt 0.805500 -0.832000
vt 0.813600 -0.832000
vt 0.805500 -0.799000
vt 0.813600 -0.799000
vt 0.805500 -0.766000
vt 0.813600 -0.766000
vt 0.805500 -0.732900
vt 0.813600 -0.732900
vt 0.805500 -0.700000
vt 0.813600 -0.700000
vt 0.805500 -0.667000
vt 0.813600 -0.667000
vt 0.805500 -0.633900
vt 0.813600 -0.633900
vt 0.805500 -0.601000
vt 0.813600 -0.601000
vt 0.805500 -0.568000
vt 0.813600 -0.568000
vt 0.805500 -0.534900
vt 0.813600 -0.534900
vt 0.805500 -0.502000
vt 0.813600 -0.502000
vt 0.805500 -0.468900
vt 0.813600 -0.468900
vt 0.446900 -0.410600
vt 0.446900 -0.579800
vt 0.479200 -0.417100
vt 0.479200 -0.573400
vt 0.506700 -0.555100
vt 0.506700 -0.435400
vt 0.525000 -0.527600
vt 0.525000 -0.462900
vt 0.531500 -0.495200
vt 0.414600 -0.417100
vt 0.414600 -0.573400
vt 0.387100 -0.435400
vt 0.387100 -0.555100
vt 0.368800 -0.462900
vt 0.368800 -0.527600
vt 0.362300 -0.495200
vt 0.411300 -0.399200
vt 0.483400 -0.383700
vt 0.352200 -0.358200
vt 0.490700 -0.360100
vt 0.490600 -0.375000
vt 0.400400 -0.406700
vt 0.351300 -0.420500
vt 0.386400 -0.430400
vt 0.002900 -0.346800
vt 0.009900 -0.355600
vt 0.002900 -0.332000
vt 0.081900 -0.372100
vt 0.141500 -0.332000
vt 0.092500 -0.379900
vt 0.106300 -0.403700
vt 0.141500 -0.394300
vt 0.890600 -0.319000
vt 0.890500 -0.333700
vt 0.902500 -0.319100
vt 0.902300 -0.333900
vt 0.890500 -0.345100
vt 0.902300 -0.345100
vt 0.901900 -0.418900
vt 0.890000 -0.418900
vt 0.889900 -0.432100
vt 0.901700 -0.432100
vt 0.901600 -0.459700
vt 0.889800 -0.459600
vt 0.817000 -0.599900
vt 0.828900 -0.599900
vt 0.817000 -0.537600
vt 0.828900 -0.537600
vt 0.973500 -0.209800
vt 0.977700 -0.209800
vt 0.973500 -0.187100
vt 0.977700 -0.187100
vt 0.973500 -0.184000
vt 0.977700 -0.184000
vt 0.973500 -0.181200
vt 0.977700 -0.181200
vt 0.977700 -0.154500
vt 0.973400 -0.154500
vt 0.973400 -0.151700
vt 0.977700 -0.151700
vt 0.973400 -0.148600
vt 0.977700 -0.148600
vt 0.973400 -0.126000
vt 0.977700 -0.126000
vt 0.987100 -0.178700
vt 0.991200 -0.178700
vt 0.987100 -0.152100
vt 0.991200 -0.152100
vt 0.987100 -0.149300
vt 0.991200 -0.149300
vt 0.991200 -0.181500
vt 0.987100 -0.181500
vt 0.377200 -0.067400
vt 0.374600 -0.066400
vt 0.345500 -0.067400
vt 0.348000 -0.066400
vt 0.344500 -0.090000
vt 0.378100 -0.090000
vt 0.377200 -0.093000
vt 0.345500 -0.093100
vt 0.374600 -0.094100
vt 0.348000 -0.094100
vt 0.717400 -0.101600
vt 0.720000 -0.102500
vt 0.749300 -0.101600
vt 0.746600 -0.102500
vt 0.750100 -0.098400
vt 0.716600 -0.098400
vt 0.749300 -0.075800
vt 0.717400 -0.075800
vt 0.720000 -0.074800
vt 0.746600 -0.074800
vt 0.993300 -0.224900
vt 0.989000 -0.224900
vt 0.993300 -0.250900
vt 0.989000 -0.250900
vt 0.995500 -0.924400
vt 0.991200 -0.924400
vt 0.995500 -0.950400
vt 0.991200 -0.950400
vt 0.753700 -0.097500
vt 0.779700 -0.097500
vt 0.753700 -0.065400
vt 0.779700 -0.065400
vt 0.073100 -0.080600
vt 0.073100 -0.054600
vt 0.041000 -0.080600
vt 0.041000 -0.054600
vt 0.987100 -0.114100
vt 0.987100 -0.146100
vt 0.991200 -0.114100
vt 0.991200 -0.146100
vt 0.987100 -0.078900
vt 0.987100 -0.111000
vt 0.991200 -0.078900
vt 0.991200 -0.111000
vt 0.798700 -0.963300
vt 0.800000 -0.963300
vt 0.798800 -0.901500
vt 0.800200 -0.901500
vt 0.723900 -0.622600
vt 0.718600 -0.622400
vt 0.723800 -0.684300
vt 0.718600 -0.684100
vt 0.863400 -0.529100
vt 0.862100 -0.529100
vt 0.863400 -0.590800
vt 0.862100 -0.590800
vt 0.974000 -0.539800
vt 0.979100 -0.539700
vt 0.974000 -0.478000
vt 0.979100 -0.477900
vt 0.981700 -0.831400
vt 0.981700 -0.826300
vt 0.980200 -0.831400
vt 0.980200 -0.826300
vt 0.981700 -0.834600
vt 0.980200 -0.834600
vt 0.981700 -0.839800
vt 0.980200 -0.839800
vt 0.833900 -0.066900
vt 0.833900 -0.093600
vt 0.861200 -0.066900
vt 0.861200 -0.093600
vt 0.765300 -0.062300
vt 0.765300 -0.047200
vt 0.738000 -0.062300
vt 0.738000 -0.047200
vt 0.608800 -0.042000
vt 0.608800 -0.057000
vt 0.635600 -0.042000
vt 0.635600 -0.057000
vt 0.065700 -0.051400
vt 0.065700 -0.036400
vt 0.038500 -0.051400
vt 0.038500 -0.036400
vt 0.693100 -0.057100
vt 0.693100 -0.042100
vt 0.666300 -0.057100
vt 0.666300 -0.042100
vt 0.331500 -0.003300
vt 0.331500 -0.011000
vt 0.333700 -0.007200
vt 0.327000 -0.003300
vt 0.327000 -0.011000
vt 0.324800 -0.007200
vt 0.931000 -0.376800
vt 0.928500 -0.376800
vt 0.931000 -0.381200
vt 0.928500 -0.381200
vt 0.954500 -0.764800
vt 0.952000 -0.764800
vt 0.954500 -0.769200
vt 0.952000 -0.769200
vt 0.954500 -0.773600
vt 0.952000 -0.773600
vt 0.954500 -0.778100
vt 0.952000 -0.778100
vt 0.954500 -0.782500
vt 0.952000 -0.782500
vt 0.954500 -0.786900
vt 0.952000 -0.786900
vt 0.045700 -0.974500
vt 0.045700 -0.996900
vt 0.054200 -0.974500
vt 0.054200 -0.996900
vt 0.037100 -0.996900
vt 0.037100 -0.974500
vt 0.028600 -0.996900
vt 0.028600 -0.974500
vt 0.020000 -0.996900
vt 0.020000 -0.974500
vt 0.011500 -0.996900
vt 0.011500 -0.974500
vt 0.002900 -0.996900
vt 0.002900 -0.974500
vt 0.144900 -0.142800
vt 0.136400 -0.142800
vt 0.132100 -0.150300
vt 0.136400 -0.157700
vt 0.149200 -0.150300
vt 0.144900 -0.157700
vt 0.900000 -0.028600
vt 0.883400 -0.028600
vt 0.900000 -0.051000
vt 0.883400 -0.051000
vt 0.032700 -0.585000
vt 0.040300 -0.580400
vt 0.032700 -0.565800
vt 0.592500 -0.014400
vt 0.583600 -0.014400
vt 0.592500 -0.036900
vt 0.583600 -0.036900
vt 0.873800 -0.776600
vt 0.866200 -0.791300
vt 0.873800 -0.795800
vt 0.040000 -0.095500
vt 0.050300 -0.095500
vt 0.040000 -0.085400
vt 0.050300 -0.085400
vt 0.257900 -0.501700
vt 0.252900 -0.501700
vt 0.257900 -0.511700
vt 0.252900 -0.511700
vt 0.294100 -0.008300
vt 0.294100 -0.003400
vt 0.283800 -0.008300
vt 0.283800 -0.003400
vt 0.257900 -0.986900
vt 0.252900 -0.986900
vt 0.257900 -0.996900
vt 0.252900 -0.996900
vt 0.090100 -0.291000
vt 0.090100 -0.286000
vt 0.079800 -0.291000
vt 0.079800 -0.286000
vt 0.639200 -0.055700
vt 0.657600 -0.055700
vt 0.639200 -0.034300
vt 0.657600 -0.034300
vt 0.872700 -0.023900
vt 0.862100 -0.023900
vt 0.872700 -0.045300
vt 0.862100 -0.045300
vt 0.556600 -0.013100
vt 0.546000 -0.013100
vt 0.556600 -0.031600
vt 0.546000 -0.031600
vt 0.702800 -0.038000
vt 0.702800 -0.027200
vt 0.681500 -0.038000
vt 0.681500 -0.027200
vt 0.050500 -0.033200
vt 0.061200 -0.033200
vt 0.050500 -0.014600
vt 0.061200 -0.014600
vt 0.090100 -0.024800
vt 0.069300 -0.024800
vt 0.090100 -0.037700
vt 0.069300 -0.037700
vt 0.817500 -0.025600
vt 0.817500 -0.046400
vt 0.835000 -0.025600
vt 0.835000 -0.046400
vt 0.177600 -0.613400
vt 0.177600 -0.634200
vt 0.190600 -0.613400
vt 0.190600 -0.634200
vt 0.957000 -0.047500
vt 0.957000 -0.026700
vt 0.939600 -0.047500
vt 0.939600 -0.026700
vt 0.851100 -0.627400
vt 0.851800 -0.628300
vt 0.856600 -0.627400
vt 0.855800 -0.628300
vt 0.851800 -0.631800
vt 0.851100 -0.632700
vt 0.546600 -0.092700
vt 0.561000 -0.092700
vt 0.546600 -0.088700
vt 0.561000 -0.088700
vt 0.359300 -0.471400
vt 0.360100 -0.470700
vt 0.355300 -0.471400
vt 0.354500 -0.470700
vt 0.360100 -0.476000
vt 0.359300 -0.475100
vt 0.320100 -0.003900
vt 0.305800 -0.003900
vt 0.320100 -0.009400
vt 0.305800 -0.009400
vt 0.967200 -0.003300
vt 0.952900 -0.003300
vt 0.967200 -0.006800
vt 0.952900 -0.006800
vt 0.165600 -0.010700
vt 0.179900 -0.010700
vt 0.165600 -0.005500
vt 0.179900 -0.005500
vt 0.797900 -0.059400
vt 0.783200 -0.058300
vt 0.797600 -0.065400
vt 0.783000 -0.065600
vt 0.797900 -0.071400
vt 0.783300 -0.072600
vt 0.798600 -0.077500
vt 0.784200 -0.079800
vt 0.799800 -0.083400
vt 0.785600 -0.086900
vt 0.784100 -0.051100
vt 0.798500 -0.053300
vt 0.785500 -0.044100
vt 0.799700 -0.047500
vt 0.031300 -0.559600
vt 0.022100 -0.554300
vt 0.028200 -0.564800
vt 0.019000 -0.559600
vt 0.022100 -0.564800
vt 0.028200 -0.554300
vt 0.139500 -0.205000
vt 0.140100 -0.203000
vt 0.133700 -0.205000
vt 0.133700 -0.203000
vt 0.140700 -0.201000
vt 0.133700 -0.201000
vt 0.140100 -0.199000
vt 0.133700 -0.199000
vt 0.139500 -0.197000
vt 0.133700 -0.197000
vt 0.382900 -0.005600
vt 0.380900 -0.005600
vt 0.382900 -0.020500
vt 0.380900 -0.021000
vt 0.378900 -0.005600
vt 0.378900 -0.021600
vt 0.376800 -0.005600
vt 0.376800 -0.021000
vt 0.374900 -0.005600
vt 0.374900 -0.020500
vt 0.502200 -0.995600
vt 0.500900 -0.994100
vt 0.500900 -0.996900
vt 0.499400 -0.995600
vt 0.192500 -0.007700
vt 0.183300 -0.007700
vt 0.192500 -0.019200
vt 0.183300 -0.019200
vt 0.121000 -0.018800
vt 0.128100 -0.018800
vt 0.121000 -0.007300
vt 0.128100 -0.007300
vt 0.930300 -0.964500
vt 0.923200 -0.964500
vt 0.930300 -0.973600
vt 0.923200 -0.973600
vt 0.526900 -0.028600
vt 0.526900 -0.021500
vt 0.515500 -0.028600
vt 0.515500 -0.021500
vt 0.923200 -0.986000
vt 0.930300 -0.986000
vt 0.923200 -0.976800
vt 0.930300 -0.976800
vt 0.958300 -0.195200
vt 0.962400 -0.195200
vt 0.958300 -0.185800
vt 0.962400 -0.185800
vt 0.958300 -0.176500
vt 0.962400 -0.176500
vt 0.958300 -0.167100
vt 0.962400 -0.167100
vt 0.958300 -0.125900
vt 0.962400 -0.125900
vt 0.958300 -0.117800
vt 0.962400 -0.117800
vt 0.958300 -0.109600
vt 0.962300 -0.109600
vt 0.958300 -0.101600
vt 0.962300 -0.101600
vt 0.958300 -0.093500
vt 0.962300 -0.093500
vt 0.958300 -0.052200
vt 0.962300 -0.052200
vt 0.958300 -0.223100
vt 0.962400 -0.223100
vt 0.958300 -0.213900
vt 0.962400 -0.213900
vt 0.958300 -0.204500
vt 0.962400 -0.204500
vt 0.293300 -0.234000
vt 0.302400 -0.236500
vt 0.311400 -0.234000
vt 0.318000 -0.227400
vt 0.286700 -0.227400
vt 0.320400 -0.218400
vt 0.284400 -0.218400
vt 0.315900 -0.177400
vt 0.288800 -0.177400
vt 0.310200 -0.171600
vt 0.294600 -0.171600
vt 0.302400 -0.169600
vt 0.198700 -0.176900
vt 0.196800 -0.194700
vt 0.200200 -0.186000
vt 0.192900 -0.169600
vt 0.189600 -0.200600
vt 0.184200 -0.166100
vt 0.180300 -0.202000
vt 0.142900 -0.166100
vt 0.140000 -0.193100
vt 0.136600 -0.171300
vt 0.134900 -0.186800
vt 0.133700 -0.178800
vt 0.707600 -0.145400
vt 0.656900 -0.145400
vt 0.707600 -0.181400
vt 0.662100 -0.181400
vt 0.551100 -0.053300
vt 0.505700 -0.053300
vt 0.551100 -0.064200
vt 0.505700 -0.064200
vt 0.352400 -0.167000
vt 0.397900 -0.167000
vt 0.352400 -0.131000
vt 0.403100 -0.131000
vt 0.340800 -0.063200
vt 0.391600 -0.063200
vt 0.340800 -0.052400
vt 0.391600 -0.052400
vt 0.451800 -0.044400
vt 0.474900 -0.044400
vt 0.451800 -0.040300
vt 0.474900 -0.040300
vt 0.451800 -0.036300
vt 0.474900 -0.036300
vt 0.451800 -0.032100
vt 0.474900 -0.032100
vt 0.451800 -0.048500
vt 0.474900 -0.048500
vt 0.861300 -0.326800
vt 0.857300 -0.326800
vt 0.861300 -0.330800
vt 0.857300 -0.330800
vt 0.859900 -0.212300
vt 0.864000 -0.212300
vt 0.859900 -0.208300
vt 0.864000 -0.208300
vt 0.495200 -0.045200
vt 0.497700 -0.045200
vt 0.495200 -0.041900
vt 0.497700 -0.041900
vt 0.495200 -0.038600
vt 0.497700 -0.038600
vt 0.495200 -0.035300
vt 0.497700 -0.035300
vt 0.495200 -0.048500
vt 0.497700 -0.048500
vt 0.297000 -0.109900
vt 0.293800 -0.106100
vt 0.293800 -0.109400
vt 0.297000 -0.106600
vt 0.281000 -0.210600
vt 0.278400 -0.208400
vt 0.276000 -0.210600
vt 0.278400 -0.212600
vt 0.445900 -0.012600
vt 0.444900 -0.013700
vt 0.473600 -0.012900
vt 0.473600 -0.014000
vt 0.444900 -0.010500
vt 0.445700 -0.011500
vt 0.473600 -0.010900
vt 0.473600 -0.011800
vt 0.027200 -0.716800
vt 0.025900 -0.716800
vt 0.027800 -0.718300
vt 0.027300 -0.719700
vt 0.997600 -0.927600
vt 0.998500 -0.927200
vt 0.997600 -0.924300
vt 0.998500 -0.925000
vt 0.028100 -0.716200
vt 0.029100 -0.718100
vt 0.996000 -0.187500
vt 0.994900 -0.187500
vt 0.995800 -0.217400
vt 0.994800 -0.218100
vt 0.998000 -0.187500
vt 0.997100 -0.187500
vt 0.997900 -0.218100
vt 0.996900 -0.217700
vt 0.270500 -0.563800
vt 0.266100 -0.566000
vt 0.270500 -0.605000
vt 0.264500 -0.605100
vt 0.002900 -0.193500
vt 0.009200 -0.234300
vt 0.009300 -0.194800
vt 0.016800 -0.233200
vt 0.007700 -0.245400
vt 0.015400 -0.246700
vt 0.010100 -0.262800
vt 0.002900 -0.260500
vt 0.164200 -0.137500
vt 0.164200 -0.139400
vt 0.203400 -0.138300
vt 0.203400 -0.140300
vt 0.150600 -0.139200
vt 0.150600 -0.137100
vt 0.133700 -0.136700
vt 0.133700 -0.138800
vt 0.154100 -0.140900
vt 0.150500 -0.140600
vt 0.158900 -0.149900
vt 0.164200 -0.160500
vt 0.154100 -0.158900
vt 0.150600 -0.160800
vt 0.150500 -0.159300
vt 0.150600 -0.162700
vt 0.164200 -0.162500
vt 0.203400 -0.159700
vt 0.203400 -0.161600
vt 0.133700 -0.161100
vt 0.133700 -0.163100
vt 0.962400 -0.265500
vt 0.960300 -0.265500
vt 0.962400 -0.276700
vt 0.960300 -0.276700
vt 0.960300 -0.292600
vt 0.962400 -0.292600
vt 0.653100 -0.147900
vt 0.645400 -0.147900
vt 0.653100 -0.149900
vt 0.645400 -0.149900
vt 0.896600 -0.019500
vt 0.895400 -0.013200
vt 0.856000 -0.013200
vt 0.856900 -0.005500
vt 0.843500 -0.007100
vt 0.844700 -0.014600
vt 0.827400 -0.012200
vt 0.829700 -0.019500
vt 0.250700 -0.095100
vt 0.250700 -0.070100
vt 0.209600 -0.093100
vt 0.209600 -0.072100
vt 0.578100 -0.004900
vt 0.578100 -0.007000
vt 0.589500 -0.004900
vt 0.589500 -0.007000
vt 0.605300 -0.007000
vt 0.605300 -0.004900
vt 0.137000 -0.013700
vt 0.130500 -0.014000
vt 0.137100 -0.015700
vt 0.132200 -0.016000
vt 0.132200 -0.037000
vt 0.130600 -0.039100
vt 0.137100 -0.039300
vt 0.137200 -0.037200
vt 0.025800 -0.019200
vt 0.018100 -0.019200
vt 0.025800 -0.021100
vt 0.018100 -0.021100
vt 0.981600 -0.769400
vt 0.981600 -0.728300
vt 0.977200 -0.767200
vt 0.975600 -0.728100
vt 0.757900 -0.030000
vt 0.763900 -0.030000
vt 0.757900 -0.009000
vt 0.763900 -0.009000
vt 0.249600 -0.996900
vt 0.249600 -0.976000
vt 0.208500 -0.996900
vt 0.208500 -0.976000
vt 0.002900 -0.024200
vt 0.013200 -0.023600
vt 0.002900 -0.016500
vt 0.013200 -0.016400
vt 0.695800 -0.016400
vt 0.680100 -0.016400
vt 0.695800 -0.024000
vt 0.678800 -0.024000
vt 0.803300 -0.004000
vt 0.803300 -0.011700
vt 0.819100 -0.004000
vt 0.820300 -0.011700
vt 0.370600 -0.288300
vt 0.367100 -0.288900
vt 0.370500 -0.296000
vt 0.367100 -0.296600
vt 0.376800 -0.442700
vt 0.376800 -0.435100
vt 0.373300 -0.442100
vt 0.373300 -0.434300
vt 0.305900 -0.023900
vt 0.316200 -0.024400
vt 0.305800 -0.016600
vt 0.316000 -0.016700
vt 0.267500 -0.791600
vt 0.267500 -0.790200
vt 0.263900 -0.791900
vt 0.256100 -0.790200
vt 0.466300 -0.394400
vt 0.466300 -0.392800
vt 0.458600 -0.394400
vt 0.458600 -0.392800
vt 0.185400 -0.610200
vt 0.185400 -0.608800
vt 0.177600 -0.610200
vt 0.177600 -0.608800
vt 0.927500 -0.989100
vt 0.918500 -0.994000
vt 0.929100 -0.996900
vt 0.669300 -0.863300
vt 0.666300 -0.873800
vt 0.669300 -0.884300
vt 0.906500 -0.508800
vt 0.917700 -0.509000
vt 0.914300 -0.507300
vt 0.917800 -0.507600
vt 0.687900 -0.979100
vt 0.683100 -0.988200
vt 0.690900 -0.989600
vt 0.930500 -0.656100
vt 0.928500 -0.656100
vt 0.930500 -0.697400
vt 0.931600 -0.653000
vt 0.931600 -0.611700
vt 0.929600 -0.653000
vt 0.924700 -0.214500
vt 0.911700 -0.214500
vt 0.924600 -0.219800
vt 0.911700 -0.219800
vt 0.924600 -0.225200
vt 0.911700 -0.225200
vt 0.924600 -0.230600
vt 0.911700 -0.230600
vt 0.924600 -0.236000
vt 0.911700 -0.236000
vt 0.924600 -0.241300
vt 0.911700 -0.241300
vt 0.924600 -0.246800
vt 0.911700 -0.246700
vt 0.911700 -0.209000
vt 0.924700 -0.209100
vt 0.911700 -0.203600
vt 0.924700 -0.203600
vt 0.882600 -0.283200
vt 0.887900 -0.296100
vt 0.887900 -0.283200
vt 0.891700 -0.292400
vt 0.891700 -0.287000
vt 0.878800 -0.287000
vt 0.882600 -0.296100
vt 0.878800 -0.292400
vt 0.718300 -0.020600
vt 0.706700 -0.020300
vt 0.718100 -0.027200
vt 0.706500 -0.026900
vt 0.718000 -0.031400
vt 0.706400 -0.031000
vt 0.717700 -0.038000
vt 0.706100 -0.037600
vt 0.893100 -0.988900
vt 0.886700 -0.990800
vt 0.892800 -0.996900
vt 0.886600 -0.994900
vt 0.869300 -0.048500
vt 0.869300 -0.109900
vt 0.872900 -0.048500
vt 0.872900 -0.110000
vt 0.876600 -0.048500
vt 0.876600 -0.109900
vt 0.880200 -0.048500
vt 0.880200 -0.109900
vt 0.865700 -0.048500
vt 0.865700 -0.109900
vt 0.491600 -0.587600
vt 0.475800 -0.582300
vt 0.460200 -0.586800
vt 0.460200 -0.582400
vt 0.491600 -0.576900
vt 0.475800 -0.577900
vt 0.234300 -0.325900
vt 0.233300 -0.310300
vt 0.228400 -0.325900
vt 0.228400 -0.310300
vt 0.630900 -0.038800
vt 0.630900 -0.034800
vt 0.626600 -0.038800
vt 0.626600 -0.034800
vt 0.980500 -0.249000
vt 0.984500 -0.249000
vt 0.980500 -0.217700
vt 0.986300 -0.217700
vt 0.240400 -0.177200
vt 0.256100 -0.176300
vt 0.240400 -0.172200
vt 0.256100 -0.172200
vt 0.538000 -0.155600
vt 0.538000 -0.149800
vt 0.527100 -0.155600
vt 0.527100 -0.149800
vt 0.275100 -0.160500
vt 0.270800 -0.160500
vt 0.275100 -0.165400
vt 0.270800 -0.165400
vt 0.992400 -0.919600
vt 0.992600 -0.888200
vt 0.987500 -0.903700
vt 0.988200 -0.887900
vt 0.179800 -0.645900
vt 0.179800 -0.642900
vt 0.177600 -0.645900
vt 0.177600 -0.642900
vt 0.179800 -0.640100
vt 0.177700 -0.640100
vt 0.179800 -0.648700
vt 0.177600 -0.648700
vt 0.179800 -0.637300
vt 0.177700 -0.637200
vt 0.836100 -0.165200
vt 0.836100 -0.162400
vt 0.833300 -0.165200
vt 0.833300 -0.162400
vt 0.012200 -0.057600
vt 0.027200 -0.057600
vt 0.002900 -0.042700
vt 0.034900 -0.042700
vt 0.034900 -0.057600
vt 0.002900 -0.057600
vt 0.108500 -0.057400
vt 0.140500 -0.057400
vt 0.117900 -0.042500
vt 0.132800 -0.042500
vt 0.140500 -0.042500
vt 0.108500 -0.042500
vt 0.802500 -0.413800
vt 0.802500 -0.428800
vt 0.805800 -0.413800
vt 0.805800 -0.428800
vt 0.805800 -0.410600
vt 0.805800 -0.395800
vt 0.802500 -0.410600
vt 0.802500 -0.395800
vt 0.802500 -0.432000
vt 0.802500 -0.447000
vt 0.805800 -0.432000
vt 0.805800 -0.447000
vt 0.404100 -0.230100
vt 0.396400 -0.230100
vt 0.404100 -0.233400
vt 0.396400 -0.233400
vt 0.375000 -0.759400
vt 0.375000 -0.750100
vt 0.371700 -0.759400
vt 0.371700 -0.750100
vt 0.994400 -0.774000
vt 0.997700 -0.774000
vt 0.994400 -0.742100
vt 0.997700 -0.742100
vt 0.514500 -0.012200
vt 0.514500 -0.018300
vt 0.529500 -0.012200
vt 0.529500 -0.018300
vt 0.772100 -0.207800
vt 0.772100 -0.201700
vt 0.768900 -0.207900
vt 0.768900 -0.201700
vt 0.228400 -0.301000
vt 0.228400 -0.307100
vt 0.243300 -0.301000
vt 0.243300 -0.307100
vt 0.780900 -0.176100
vt 0.780900 -0.182300
vt 0.784200 -0.176100
vt 0.784200 -0.182300
vt 0.136500 -0.268100
vt 0.104100 -0.298300
vt 0.116000 -0.328900
vt 0.104700 -0.308500
vt 0.104200 -0.318600
vt 0.101900 -0.328700
vt 0.100700 -0.288100
vt 0.113900 -0.261600
vt 0.094800 -0.282500
vt 0.109100 -0.249400
vt 0.099400 -0.245400
vt 0.088000 -0.280800
vt 0.087500 -0.244100
vt 0.077800 -0.250500
vt 0.081300 -0.277500
vt 0.073000 -0.261700
vt 0.075000 -0.270900
vt 0.193800 -0.710800
vt 0.193800 -0.701500
vt 0.189200 -0.710700
vt 0.189300 -0.701400
vt 0.193800 -0.694100
vt 0.189300 -0.694100
vt 0.193800 -0.687100
vt 0.189300 -0.687100
vt 0.193800 -0.679000
vt 0.189300 -0.678800
vt 0.193700 -0.668200
vt 0.189200 -0.668100
vt 0.193600 -0.658000
vt 0.189100 -0.658000
vt 0.193500 -0.647800
vt 0.189000 -0.647800
vt 0.193400 -0.637300
vt 0.188800 -0.637300
vt 0.189200 -0.720100
vt 0.193200 -0.756000
vt 0.193600 -0.744000
vt 0.188700 -0.755900
vt 0.189100 -0.743900
vt 0.193700 -0.732400
vt 0.189200 -0.732300
vt 0.193700 -0.720100
vt 0.188400 -0.766500
vt 0.192900 -0.766500
vt 0.187600 -0.779400
vt 0.191900 -0.782100
vt 0.195400 -0.213100
vt 0.228900 -0.198100
vt 0.197000 -0.201500
vt 0.223100 -0.193400
vt 0.214400 -0.190300
vt 0.205300 -0.192500
vt 0.201500 -0.223300
vt 0.233200 -0.203500
vt 0.209200 -0.230600
vt 0.224900 -0.229500
vt 0.240800 -0.206400
vt 0.230700 -0.235700
vt 0.251600 -0.205200
vt 0.282300 -0.199100
vt 0.261000 -0.201400
vt 0.270100 -0.196800
vt 0.278300 -0.190300
vt 0.521600 -0.298300
vt 0.528200 -0.289800
vt 0.500500 -0.258900
vt 0.524500 -0.260500
vt 0.535600 -0.286400
vt 0.533100 -0.250500
vt 0.543700 -0.249900
vt 0.542600 -0.287100
vt 0.555200 -0.252700
vt 0.562300 -0.261800
vt 0.549900 -0.286400
vt 0.563100 -0.274200
vt 0.558200 -0.282100
vt 0.500500 -0.323200
vt 0.517700 -0.307700
vt 0.514800 -0.317500
vt 0.513700 -0.327900
vt 0.970700 -0.491600
vt 0.967800 -0.491600
vt 0.970700 -0.500900
vt 0.967800 -0.500900
vt 0.970800 -0.510300
vt 0.967900 -0.510300
vt 0.970800 -0.522500
vt 0.967900 -0.522500
vt 0.970800 -0.534200
vt 0.967900 -0.534200
vt 0.970800 -0.546000
vt 0.967900 -0.546000
vt 0.967900 -0.556600
vt 0.970800 -0.556600
vt 0.971200 -0.569800
vt 0.968400 -0.572300
vt 0.967800 -0.484300
vt 0.970700 -0.484100
vt 0.967800 -0.477300
vt 0.970700 -0.477200
vt 0.967800 -0.469000
vt 0.970700 -0.469000
vt 0.967800 -0.458300
vt 0.970700 -0.458300
vt 0.970700 -0.448100
vt 0.967800 -0.448100
vt 0.970600 -0.437900
vt 0.967700 -0.437900
vt 0.970600 -0.427400
vt 0.967700 -0.427400
vt 0.072600 -0.178500
vt 0.072500 -0.162000
vt 0.008400 -0.178500
vt 0.008200 -0.162000
vt 0.496500 -0.368900
vt 0.494600 -0.376100
vt 0.522600 -0.360600
vt 0.530500 -0.369100
vt 0.531500 -0.381000
vt 0.494100 -0.383100
vt 0.529300 -0.391400
vt 0.516000 -0.399500
vt 0.489600 -0.389900
vt 0.514900 -0.408000
vt 0.480200 -0.395000
vt 0.470200 -0.397500
vt 0.451400 -0.407700
vt 0.460200 -0.398800
vt 0.449700 -0.398300
vt 0.502000 -0.361500
vt 0.510600 -0.357900
vt 0.671000 -0.060300
vt 0.671000 -0.069200
vt 0.734400 -0.060300
vt 0.734400 -0.069200
vt 0.531500 -0.355700
vt 0.531600 -0.331700
vt 0.515100 -0.355000
vt 0.515100 -0.331500
vt 0.920400 -0.112200
vt 0.917800 -0.112200
vt 0.920400 -0.140500
vt 0.918000 -0.140500
vt 0.915400 -0.112200
vt 0.915400 -0.140500
vt 0.923000 -0.140500
vt 0.923000 -0.112200
vt 0.925500 -0.140500
vt 0.925500 -0.112200
vt 0.928100 -0.140500
vt 0.928100 -0.112200
vt 0.930500 -0.140500
vt 0.930500 -0.112200
vt 0.806300 -0.353800
vt 0.803800 -0.353800
vt 0.803800 -0.358200
vt 0.802500 -0.356000
vt 0.807600 -0.356000
vt 0.806300 -0.358200
vt 0.189800 -0.211400
vt 0.192000 -0.210200
vt 0.187600 -0.210200
vt 0.187600 -0.207600
vt 0.189800 -0.206300
vt 0.192000 -0.207600
vt 0.405200 -0.415600
vt 0.427100 -0.409100
vt 0.403700 -0.410600
vt 0.425500 -0.403900
vt 0.179900 -0.014000
vt 0.157200 -0.013800
vt 0.179900 -0.019400
vt 0.157200 -0.019200
vt 0.144200 -0.028300
vt 0.144200 -0.042500
vt 0.166700 -0.028400
vt 0.166700 -0.039200
vt 0.492700 -0.025500
vt 0.478500 -0.025900
vt 0.489900 -0.048200
vt 0.479100 -0.048500
vt 0.463000 -0.142300
vt 0.463900 -0.141500
vt 0.459600 -0.134500
vt 0.460900 -0.134500
vt 0.462900 -0.126600
vt 0.463900 -0.127600
vt 0.470800 -0.123300
vt 0.470800 -0.124600
vt 0.478800 -0.126500
vt 0.477800 -0.127400
vt 0.482100 -0.134400
vt 0.480700 -0.134400
vt 0.478800 -0.142300
vt 0.477800 -0.141400
vt 0.470800 -0.145600
vt 0.470800 -0.144300
vt 0.346300 -0.039900
vt 0.343500 -0.033000
vt 0.336500 -0.049700
vt 0.329600 -0.046900
vt 0.326800 -0.039900
vt 0.336500 -0.030200
vt 0.329600 -0.033000
vt 0.343500 -0.046900
vt 0.352700 -0.046400
vt 0.359600 -0.049200
vt 0.366500 -0.032500
vt 0.369400 -0.039400
vt 0.366500 -0.046400
vt 0.349700 -0.039400
vt 0.359600 -0.029700
vt 0.352700 -0.032500
vt 0.929000 -0.712800
vt 0.929000 -0.719500
vt 0.930500 -0.712900
vt 0.930500 -0.719600
vt 0.362300 -0.430400
vt 0.362400 -0.432000
vt 0.366600 -0.430400
vt 0.366700 -0.432000
vt 0.806800 -0.392600
vt 0.806800 -0.385900
vt 0.803700 -0.392500
vt 0.802500 -0.385900
vt 0.028900 -0.713000
vt 0.029100 -0.711400
vt 0.025900 -0.713000
vt 0.026000 -0.711400
vt 0.177600 -0.692500
vt 0.177600 -0.699200
vt 0.181900 -0.692500
vt 0.180700 -0.699100
vt 0.185100 -0.040500
vt 0.185100 -0.022600
vt 0.181500 -0.029100
vt 0.183000 -0.022600
vt 0.177600 -0.030900
vt 0.170300 -0.040500
vt 0.173800 -0.029100
vt 0.170300 -0.022600
vt 0.172400 -0.022600
vt 0.141400 -0.321800
vt 0.139300 -0.321800
vt 0.141400 -0.328900
vt 0.139300 -0.328900
vt 0.132600 -0.321800
vt 0.132600 -0.328900
vt 0.216800 -0.018800
vt 0.216800 -0.011700
vt 0.198900 -0.018800
vt 0.198900 -0.011700
vt 0.532500 -0.191400
vt 0.517700 -0.184400
vt 0.517700 -0.191400
vt 0.532500 -0.184400
vt 0.800400 -0.022900
vt 0.800400 -0.015900
vt 0.782500 -0.022900
vt 0.782500 -0.015900
vt 0.144200 -0.048700
vt 0.144200 -0.055400
vt 0.151100 -0.048700
vt 0.151100 -0.055400
vt 0.144200 -0.057400
vt 0.151100 -0.057400
vt 0.155600 -0.009500
vt 0.155600 -0.002400
vt 0.151400 -0.009500
vt 0.151400 -0.002400
vt 0.159900 -0.002400
vt 0.159900 -0.009500
vt 0.081400 -0.315400
vt 0.093100 -0.317500
vt 0.081800 -0.311500
vt 0.093600 -0.311500
vt 0.081400 -0.307500
vt 0.093100 -0.305400
vt 0.080400 -0.303700
vt 0.091600 -0.299700
vt 0.078700 -0.300000
vt 0.089000 -0.294200
vt 0.091600 -0.323400
vt 0.080400 -0.319300
vt 0.089000 -0.328900
vt 0.078700 -0.322900
vt 0.070700 -0.320900
vt 0.070700 -0.328900
vt 0.074100 -0.322900
vt 0.074100 -0.326900
vt 0.067300 -0.322900
vt 0.067300 -0.326900
vt 0.603900 -0.157000
vt 0.609900 -0.159400
vt 0.615800 -0.157000
vt 0.617800 -0.154200
vt 0.601900 -0.154200
vt 0.616300 -0.140700
vt 0.603400 -0.140700
vt 0.418800 -0.146100
vt 0.434600 -0.146100
vt 0.420300 -0.132700
vt 0.433200 -0.132700
vt 0.420800 -0.149000
vt 0.432700 -0.149000
vt 0.426800 -0.151400
vt 0.669400 -0.211700
vt 0.669400 -0.218000
vt 0.675400 -0.211700
vt 0.675400 -0.218000
vt 0.669400 -0.224500
vt 0.675400 -0.224500
vt 0.675400 -0.227900
vt 0.669400 -0.227900
vt 0.675400 -0.241500
vt 0.669400 -0.241500
vt 0.669400 -0.208300
vt 0.675400 -0.208300
vt 0.669400 -0.194700
vt 0.675400 -0.194700
vt 0.520800 -0.546500
vt 0.520800 -0.555100
vt 0.523800 -0.546500
vt 0.523800 -0.555100
vt 0.526900 -0.546500
vt 0.526900 -0.555100
vt 0.529800 -0.546500
vt 0.529800 -0.555100
vt 0.517800 -0.546500
vt 0.517800 -0.555100
vt 0.774700 -0.272700
vt 0.777600 -0.272700
vt 0.774700 -0.269700
vt 0.777600 -0.269700
vt 0.723400 -0.267100
vt 0.725500 -0.265000
vt 0.721300 -0.265000
vt 0.723400 -0.262800
vt 0.006200 -0.002700
vt 0.006200 -0.013400
vt 0.010000 -0.002700
vt 0.010000 -0.013400
vt 0.013800 -0.002700
vt 0.013800 -0.013400
vt 0.002400 -0.013400
vt 0.002400 -0.002700
vt 0.017600 -0.002700
vt 0.017600 -0.013400
vt 0.802500 -0.380000
vt 0.805200 -0.382700
vt 0.805200 -0.377300
vt 0.807900 -0.380000
vt 0.778400 -0.018800
vt 0.774700 -0.018800
vt 0.778400 -0.022600
vt 0.774700 -0.022600
vt 0.252700 -0.031600
vt 0.223600 -0.031600
vt 0.252700 -0.043500
vt 0.223600 -0.043500
vt 0.418600 -0.044100
vt 0.418600 -0.032300
vt 0.392700 -0.044100
vt 0.392700 -0.032300
vt 0.199000 -0.156500
vt 0.196700 -0.144900
vt 0.173000 -0.156500
vt 0.167700 -0.144900
vt 0.332600 -0.015400
vt 0.319900 -0.015400
vt 0.332600 -0.027100
vt 0.319900 -0.027100
vt 0.194500 -0.032800
vt 0.189100 -0.044300
vt 0.220300 -0.032800
vt 0.218100 -0.044300
vt 0.064600 -0.009900
vt 0.064600 -0.021600
vt 0.076400 -0.009900
vt 0.076400 -0.021600
vt 0.236900 -0.046600
vt 0.236900 -0.066900
vt 0.245500 -0.046600
vt 0.245500 -0.066900
vt 0.254000 -0.046600
vt 0.254000 -0.066900
vt 0.262600 -0.046600
vt 0.262600 -0.066900
vt 0.228400 -0.046600
vt 0.228400 -0.066900
vt 0.254500 -0.400400
vt 0.256200 -0.393700
vt 0.253100 -0.400500
vt 0.254200 -0.393100
vt 0.256200 -0.386500
vt 0.254200 -0.385600
vt 0.254000 -0.380400
vt 0.256200 -0.380200
vt 0.256200 -0.373500
vt 0.252400 -0.400500
vt 0.252000 -0.392900
vt 0.252000 -0.385600
vt 0.252100 -0.380200
vt 0.254200 -0.374000
vt 0.252100 -0.374000
vt 0.252000 -0.349000
vt 0.254200 -0.349000
vt 0.251100 -0.400400
vt 0.249900 -0.393700
vt 0.249900 -0.386500
vt 0.249900 -0.380200
vt 0.249900 -0.373500
vt 0.256200 -0.349100
vt 0.249900 -0.349100
vt 0.664800 -0.238000
vt 0.665900 -0.231400
vt 0.662800 -0.238300
vt 0.663800 -0.230800
vt 0.665900 -0.224200
vt 0.663800 -0.223400
vt 0.663700 -0.218100
vt 0.666000 -0.218000
vt 0.665900 -0.211300
vt 0.662000 -0.238200
vt 0.661600 -0.230700
vt 0.661600 -0.223400
vt 0.661700 -0.218000
vt 0.663800 -0.211700
vt 0.661700 -0.211700
vt 0.661700 -0.186800
vt 0.663800 -0.186800
vt 0.660900 -0.238000
vt 0.659500 -0.231400
vt 0.659500 -0.224200
vt 0.659500 -0.218000
vt 0.659700 -0.211300
vt 0.665900 -0.186900
vt 0.659500 -0.186900
s 0
usemtl a3b532a8-843e-462f-9634-a8ac6b9f7236.001
f 5290/3243/1462 5289/3244/1462 5288/3245/1462
f 5291/3246/1462 5288/3245/1462 5289/3244/1462
f 5288/3245/1463 5291/3246/1463 5292/3247/1463
f 5293/3248/1463 5292/3247/1463 5291/3246/1463
f 5292/3247/1464 5293/3248/1464 5294/3249/1464
f 5295/3250/1464 5294/3249/1464 5293/3248/1464
f 5294/3249/1465 5295/3250/1465 5296/3251/1465
f 5297/3252/1465 5296/3251/1465 5295/3250/1465
f 5296/3251/1466 5297/3252/1466 5298/3253/1466
f 5299/3254/1466 5298/3253/1466 5297/3252/1466
f 5298/3253/1467 5299/3254/1467 5300/3255/1467
f 5301/3256/1467 5300/3255/1467 5299/3254/1467
f 5300/3255/1468 5301/3256/1468 5302/3257/1468
f 5303/3258/1468 5302/3257/1468 5301/3256/1468
f 5302/3257/1469 5303/3258/1469 5304/3259/1469
f 5305/3260/1469 5304/3259/1469 5303/3258/1469
f 5304/3259/1470 5305/3260/1470 5306/3261/1470
f 5307/3262/1470 5306/3261/1470 5305/3260/1470
f 5306/3261/1471 5307/3262/1471 5308/3263/1471
f 5309/3264/1471 5308/3263/1471 5307/3262/1471
f 5308/3263/1472 5309/3264/1472 5310/3265/1472
f 5311/3266/1472 5310/3265/1472 5309/3264/1472
f 5310/3265/1473 5311/3266/1473 5312/3267/1473
f 5313/3268/1473 5312/3267/1473 5311/3266/1473
f 5312/3267/1474 5313/3268/1474 5314/3269/1474
f 5315/3270/1474 5314/3269/1474 5313/3268/1474
f 5314/3269/1475 5315/3270/1475 5316/3271/1475
f 5317/3272/1475 5316/3271/1475 5315/3270/1475
f 5316/3271/1476 5317/3272/1476 5318/3273/1476
f 5319/3274/1476 5318/3273/1476 5317/3272/1476
f 5318/3273/1477 5319/3274/1477 5320/3275/1477
f 5321/3276/1477 5320/3275/1477 5319/3274/1477
f 5324/3277/1478 5323/3278/1478 5322/3279/1478
f 5325/3280/1478 5322/3279/1478 5323/3278/1478
f 5325/3280/1478 5326/3281/1478 5322/3279/1478
f 5327/3282/1478 5322/3279/1478 5326/3281/1478
f 5326/3281/1478 5328/3283/1478 5327/3282/1478
f 5329/3284/1478 5327/3282/1478 5328/3283/1478
f 5330/3285/1478 5329/3284/1478 5328/3283/1478
f 5324/3277/1478 5331/3286/1478 5323/3278/1478
f 5332/3287/1478 5323/3278/1478 5331/3286/1478
f 5331/3286/1478 5333/3288/1478 5332/3287/1478
f 5334/3289/1478 5332/3287/1478 5333/3288/1478
f 5333/3288/1478 5335/3290/1478 5334/3289/1478
f 5336/3291/1478 5334/3289/1478 5335/3290/1478
f 5337/3292/1478 5336/3291/1478 5335/3290/1478
f 5340/3293/1479 5339/3294/1479 5338/3295/1479
f 5341/3296/1479 5338/3295/1479 5339/3294/1479
f 5339/3294/1479 5342/3297/1479 5341/3296/1479
f 5343/3298/1479 5340/3293/1479 5338/3295/1479
f 5338/3295/1479 5344/3299/1479 5343/3298/1479
f 5345/3300/1479 5343/3298/1479 5344/3299/1479
f 5348/3301/1480 5347/3302/1480 5346/3303/1480
f 5347/3302/1480 5349/3304/1480 5346/3303/1480
f 5350/3305/1480 5346/3303/1480 5349/3304/1480
f 5349/3304/1480 5351/3306/1480 5350/3305/1480
f 5351/3306/1480 5352/3307/1480 5350/3305/1480
f 5353/3308/1480 5350/3305/1480 5352/3307/1480
f 5356/3309/1481 5355/3310/1481 5354/3311/1481
f 5357/3312/1481 5354/3311/1481 5355/3310/1481
f 5355/3310/1482 5358/3313/1482 5357/3312/1482
f 5359/3314/1482 5357/3312/1482 5358/3313/1482
f 5359/3314/1483 5358/3313/1483 5360/3315/1483
f 5361/3316/1483 5360/3315/1483 5358/3313/1483
f 5361/3316/1484 5362/3317/1484 5360/3315/1484
f 5363/3318/1484 5360/3315/1484 5362/3317/1484
f 5363/3318/1485 5362/3317/1485 5364/3319/1485
f 5365/3320/1485 5364/3319/1485 5362/3317/1485
f 5368/3321/1486 5367/3322/1486 5366/3323/1486
f 5369/3324/1486 5366/3323/1486 5367/3322/1486
f 5372/3296/1480 5371/3294/1480 5370/3295/1480
f 5373/3293/1480 5370/3295/1480 5371/3294/1480
f 5373/3293/1480 5374/3298/1480 5370/3295/1480
f 5370/3295/1480 5374/3298/1480 5375/3299/1480
f 5376/3300/1480 5375/3299/1480 5374/3298/1480
f 5377/3297/1480 5371/3294/1480 5372/3296/1480
f 5380/3302/1479 5379/3301/1479 5378/3303/1479
f 5380/3302/1479 5378/3303/1479 5381/3304/1479
f 5382/3305/1479 5381/3304/1479 5378/3303/1479
f 5383/3306/1479 5381/3304/1479 5382/3305/1479
f 5383/3306/1479 5382/3305/1479 5384/3307/1479
f 5385/3308/1479 5384/3307/1479 5382/3305/1479
f 5388/3312/1481 5387/3310/1481 5386/3311/1481
f 5389/3309/1481 5386/3311/1481 5387/3310/1481
f 5387/3310/1482 5388/3312/1482 5390/3313/1482
f 5391/3314/1482 5390/3313/1482 5388/3312/1482
f 5391/3314/1483 5392/3315/1483 5390/3313/1483
f 5393/3316/1483 5390/3313/1483 5392/3315/1483
f 5393/3316/1484 5392/3315/1484 5394/3317/1484
f 5395/3318/1484 5394/3317/1484 5392/3315/1484
f 5395/3318/1485 5396/3319/1485 5394/3317/1485
f 5397/3320/1485 5394/3317/1485 5396/3319/1485
f 5400/3324/1486 5399/3322/1486 5398/3323/1486
f 5401/3321/1486 5398/3323/1486 5399/3322/1486
f 5404/3325/1487 5403/3326/1487 5402/3327/1487
f 5405/3328/1487 5402/3327/1487 5403/3326/1487
f 5402/3327/1488 5405/3328/1488 5406/3329/1488
f 5407/3330/1488 5406/3329/1488 5405/3328/1488
f 5406/3329/1489 5407/3330/1489 5408/3331/1489
f 5409/3332/1489 5408/3331/1489 5407/3330/1489
f 5409/3332/1478 5410/3333/1478 5408/3331/1478
f 5411/3334/1478 5408/3331/1478 5410/3333/1478
f 5411/3334/1490 5410/3333/1490 5412/3335/1490
f 5413/3336/1490 5412/3335/1490 5410/3333/1490
f 5412/3335/1491 5413/3336/1491 5414/3337/1491
f 5415/3338/1491 5414/3337/1491 5413/3336/1491
f 5414/3337/1492 5415/3338/1492 5416/3339/1492
f 5417/3340/1492 5416/3339/1492 5415/3338/1492
f 5420/3341/1493 5419/3342/1493 5418/3343/1493
f 5421/3344/1493 5418/3343/1493 5419/3342/1493
f 5418/3343/1494 5421/3344/1494 5422/3345/1494
f 5423/3346/1494 5422/3345/1494 5421/3344/1494
f 5419/3342/1495 5420/3341/1495 5424/3347/1495
f 5425/3348/1495 5424/3347/1495 5420/3341/1495
f 5428/3349/1481 5427/3350/1481 5426/3351/1481
f 5429/3352/1481 5426/3351/1481 5427/3350/1481
f 5426/3351/1481 5430/3353/1481 5428/3349/1481
f 5431/3354/1481 5428/3349/1481 5430/3353/1481
f 5431/3354/1481 5430/3353/1481 5432/3355/1481
f 5433/3356/1481 5432/3355/1481 5430/3353/1481
f 5432/3355/1481 5433/3356/1481 5434/3357/1481
f 5435/3358/1481 5434/3357/1481 5433/3356/1481
f 5438/3359/1486 5437/3360/1486 5436/3361/1486
f 5439/3362/1486 5436/3361/1486 5437/3360/1486
f 5436/3361/1486 5440/3363/1486 5438/3359/1486
f 5441/3364/1486 5438/3359/1486 5440/3363/1486
f 5440/3363/1486 5442/3365/1486 5441/3364/1486
f 5443/3366/1486 5441/3364/1486 5442/3365/1486
f 5443/3366/1486 5442/3365/1486 5444/3367/1486
f 5445/3368/1486 5444/3367/1486 5442/3365/1486
f 5448/3369/1479 5447/3370/1479 5446/3371/1479
f 5449/3372/1479 5446/3371/1479 5447/3370/1479
f 5452/3373/1480 5451/3374/1480 5450/3375/1480
f 5453/3376/1480 5450/3375/1480 5451/3374/1480
f 5456/3377/1493 5455/3378/1493 5454/3379/1493
f 5457/3380/1493 5454/3379/1493 5455/3378/1493
f 5460/3381/1478 5459/3382/1478 5458/3383/1478
f 5461/3384/1478 5458/3383/1478 5459/3382/1478
f 5464/3385/1486 5463/3386/1486 5462/3387/1486
f 5465/3388/1486 5462/3387/1486 5463/3386/1486
f 5468/3389/1481 5467/3390/1481 5466/3391/1481
f 5469/3392/1481 5466/3391/1481 5467/3390/1481
f 5472/3393/1496 5471/3394/1496 5470/3395/1496
f 5473/3396/1497 5470/3395/1497 5471/3394/1497
f 5476/3397/1498 5475/3398/1498 5474/3399/1498
f 5477/3400/1499 5474/3399/1499 5475/3398/1499
f 5480/3401/1500 5479/3402/1500 5478/3403/1500
f 5481/3404/1500 5478/3403/1500 5479/3402/1500
f 5484/3405/1501 5483/3406/1501 5482/3407/1501
f 5485/3408/1502 5482/3407/1502 5483/3406/1502
f 5488/3409/1503 5487/3410/1503 5486/3411/1503
f 5489/3412/1504 5486/3411/1504 5487/3410/1504
f 5492/3413/1505 5491/3414/1505 5490/3415/1505
f 5490/3415/1506 5491/3414/1506 5493/3416/1506
f 5496/3417/1479 5495/3418/1479 5494/3419/1479
f 5497/3420/1479 5494/3419/1479 5495/3418/1479
f 5500/3421/1493 5499/3422/1493 5498/3423/1493
f 5501/3424/1493 5498/3423/1493 5499/3422/1493
f 5504/3425/1486 5503/3426/1486 5502/3427/1486
f 5505/3428/1486 5502/3427/1486 5503/3426/1486
f 5508/3429/1478 5507/3430/1478 5506/3431/1478
f 5509/3432/1478 5506/3431/1478 5507/3430/1478
f 5512/3433/1481 5511/3434/1481 5510/3435/1481
f 5513/3436/1481 5510/3435/1481 5511/3434/1481
f 5516/3437/1478 5515/3438/1478 5514/3439/1478
f 5516/3437/1478 5517/3440/1478 5515/3438/1478
f 5518/3441/1478 5515/3438/1478 5517/3440/1478
f 5519/3442/1478 5518/3441/1478 5517/3440/1478
f 5522/3443/1507 5521/3444/1507 5520/3445/1507
f 5523/3446/1507 5520/3445/1507 5521/3444/1507
f 5526/3447/1480 5525/3448/1480 5524/3449/1480
f 5527/3450/1480 5524/3449/1480 5525/3448/1480
f 5524/3449/1508 5527/3450/1508 5528/3451/1508
f 5529/3452/1508 5528/3451/1508 5527/3450/1508
f 5528/3451/1509 5529/3452/1509 5530/3453/1509
f 5531/3454/1509 5530/3453/1509 5529/3452/1509
f 5530/3453/1479 5531/3454/1479 5532/3455/1479
f 5533/3456/1479 5532/3455/1479 5531/3454/1479
f 5532/3455/1510 5533/3456/1510 5534/3457/1510
f 5535/3458/1510 5534/3457/1510 5533/3456/1510
f 5538/3459/1511 5537/3460/1511 5536/3461/1511
f 5539/3462/1511 5536/3461/1511 5537/3460/1511
f 5537/3460/1512 5538/3459/1512 5540/3463/1512
f 5541/3464/1512 5540/3463/1512 5538/3459/1512
f 5540/3463/1479 5541/3464/1479 5542/3465/1479
f 5543/3466/1479 5542/3465/1479 5541/3464/1479
f 5542/3465/1513 5543/3466/1513 5544/3467/1513
f 5545/3468/1513 5544/3467/1513 5543/3466/1513
f 5544/3467/1514 5545/3468/1514 5546/3469/1514
f 5547/3470/1514 5546/3469/1514 5545/3468/1514
f 5546/3469/1480 5547/3470/1480 5548/3471/1480
f 5549/3472/1480 5548/3471/1480 5547/3470/1480
f 5552/3473/1478 5551/3474/1478 5550/3475/1478
f 5550/3475/1478 5553/3476/1478 5552/3473/1478
f 5554/3477/1478 5552/3473/1478 5553/3476/1478
f 5555/3478/1478 5554/3477/1478 5553/3476/1478
f 5558/3479/1515 5557/3480/1515 5556/3481/1515
f 5559/3482/1515 5556/3481/1515 5557/3480/1515
f 5562/3483/1486 5561/3484/1486 5560/3485/1486
f 5565/3486/1516 5564/3487/1516 5563/3488/1516
f 5566/3489/1516 5563/3488/1516 5564/3487/1516
f 5569/3490/1481 5568/3491/1481 5567/3492/1481
f 5572/3493/1479 5571/3494/1479 5570/3495/1479
f 5573/3496/1479 5570/3495/1479 5571/3494/1479
f 5576/3497/1493 5575/3498/1493 5574/3499/1493
f 5577/3500/1493 5574/3499/1493 5575/3498/1493
f 5580/3501/1486 5579/3502/1486 5578/3503/1486
f 5581/3504/1486 5578/3503/1486 5579/3502/1486
f 5584/3505/1478 5583/3506/1478 5582/3507/1478
f 5585/3508/1478 5582/3507/1478 5583/3506/1478
f 5588/3509/1481 5587/3510/1481 5586/3511/1481
f 5589/3512/1481 5586/3511/1481 5587/3510/1481
f 5592/3513/1479 5591/3514/1479 5590/3515/1479
f 5593/3516/1479 5590/3515/1479 5591/3514/1479
f 5596/3517/1493 5595/3518/1493 5594/3519/1493
f 5597/3520/1493 5594/3519/1493 5595/3518/1493
f 5600/3521/1486 5599/3522/1486 5598/3523/1486
f 5601/3524/1486 5598/3523/1486 5599/3522/1486
f 5604/3525/1478 5603/3526/1478 5602/3527/1478
f 5605/3528/1478 5602/3527/1478 5603/3526/1478
f 5608/3529/1481 5607/3530/1481 5606/3531/1481
f 5609/3532/1481 5606/3531/1481 5607/3530/1481
f 5612/3533/1479 5611/3534/1479 5610/3535/1479
f 5613/3536/1479 5610/3535/1479 5611/3534/1479
f 5616/3537/1481 5615/3538/1481 5614/3539/1481
f 5617/3540/1481 5614/3539/1481 5615/3538/1481
f 5620/3541/1480 5619/3542/1480 5618/3543/1480
f 5621/3544/1480 5618/3543/1480 5619/3542/1480
f 5624/3545/1486 5623/3546/1486 5622/3547/1486
f 5625/3548/1486 5622/3547/1486 5623/3546/1486
f 5628/3549/1480 5627/3550/1480 5626/3551/1480
f 5629/3552/1480 5626/3551/1480 5627/3550/1480
f 5627/3550/1480 5628/3549/1480 5630/3553/1480
f 5631/3554/1480 5630/3553/1480 5628/3549/1480
f 5634/3555/1478 5633/3556/1478 5632/3557/1478
f 5635/3558/1478 5632/3557/1478 5633/3556/1478
f 5638/3559/1479 5637/3560/1479 5636/3561/1479
f 5639/3562/1479 5636/3561/1479 5637/3560/1479
f 5637/3560/1479 5638/3559/1479 5640/3563/1479
f 5641/3564/1479 5640/3563/1479 5638/3559/1479
f 5644/3565/1493 5643/3566/1493 5642/3567/1493
f 5645/3568/1493 5642/3567/1493 5643/3566/1493
f 5648/3569/1486 5647/3570/1486 5646/3571/1486
f 5649/3572/1486 5646/3571/1486 5647/3570/1486
f 5652/3573/1481 5651/3574/1481 5650/3575/1481
f 5653/3576/1481 5650/3575/1481 5651/3574/1481
f 5656/3577/1517 5655/3578/1517 5654/3579/1517
f 5657/3580/1518 5654/3579/1518 5655/3578/1518
f 5654/3579/1519 5657/3580/1519 5658/3581/1519
f 5659/3582/1519 5658/3581/1519 5657/3580/1519
f 5658/3581/1520 5659/3582/1520 5660/3583/1520
f 5661/3584/1521 5660/3583/1521 5659/3582/1521
f 5660/3583/1522 5661/3584/1522 5662/3585/1522
f 5663/3586/1523 5662/3585/1523 5661/3584/1523
f 5655/3578/1524 5656/3577/1524 5664/3587/1524
f 5665/3588/1525 5664/3587/1525 5656/3577/1525
f 5664/3587/1526 5665/3588/1526 5666/3589/1526
f 5667/3590/1526 5666/3589/1526 5665/3588/1526
f 5670/3591/1478 5669/3592/1478 5668/3593/1478
f 5671/3594/1478 5668/3593/1478 5669/3592/1478
f 5672/3595/1478 5668/3593/1478 5671/3594/1478
f 5673/3596/1478 5669/3592/1478 5670/3591/1478
f 5676/3597/1527 5675/3598/1527 5674/3599/1527
f 5677/3600/1528 5674/3599/1528 5675/3598/1528
f 5675/3598/1529 5678/3601/1529 5677/3600/1529
f 5680/3602/1530 5679/3600/1530 5678/3601/1530
f 5683/3601/1531 5682/3603/1531 5681/3602/1531
f 5684/3604/1532 5681/3602/1532 5682/3603/1532
f 5687/3603/1533 5686/3605/1533 5685/3604/1533
f 5688/3606/1534 5684/3604/1534 5686/3605/1534
f 5691/3607/1535 5690/3608/1535 5689/3609/1535
f 5692/3610/1536 5689/3609/1536 5690/3608/1536
f 5690/3608/1537 5693/3611/1537 5692/3610/1537
f 5694/3612/1538 5692/3610/1538 5693/3611/1538
f 5697/3611/1539 5696/3613/1539 5695/3612/1539
f 5698/3614/1540 5695/3612/1540 5696/3613/1540
f 5696/3613/1541 5699/3615/1541 5698/3614/1541
f 5700/3616/1542 5698/3614/1542 5699/3615/1542
f 5703/3617/1543 5702/3618/1543 5701/3619/1543
f 5701/3619/1544 5702/3618/1544 5704/3620/1544
f 5707/3621/1480 5706/3622/1480 5705/3623/1480
f 5708/3624/1480 5705/3623/1480 5706/3622/1480
f 5711/3625/1493 5710/3626/1493 5709/3627/1493
f 5712/3628/1493 5709/3627/1493 5710/3626/1493
f 5715/3629/1481 5714/3630/1481 5713/3631/1481
f 5716/3632/1481 5713/3631/1481 5714/3630/1481
f 5719/3633/1478 5718/3634/1478 5717/3635/1478
f 5720/3636/1478 5717/3635/1478 5718/3634/1478
f 5723/3637/1486 5722/3638/1486 5721/3639/1486
f 5724/3640/1486 5721/3639/1486 5722/3638/1486
f 5727/3641/1545 5726/3642/1545 5725/3643/1545
f 5728/3644/1545 5725/3643/1545 5726/3642/1545
f 5725/3643/1546 5728/3644/1546 5729/3645/1546
f 5730/3646/1546 5729/3645/1546 5728/3644/1546
f 5729/3645/1547 5730/3646/1547 5731/3647/1547
f 5732/3648/1547 5731/3647/1547 5730/3646/1547
f 5731/3647/1548 5732/3648/1548 5733/3649/1548
f 5734/3650/1548 5733/3649/1548 5732/3648/1548
f 5733/3649/1549 5734/3650/1549 5735/3651/1549
f 5736/3652/1549 5735/3651/1549 5734/3650/1549
f 5735/3651/1550 5736/3652/1550 5737/3653/1550
f 5738/3654/1550 5737/3653/1550 5736/3652/1550
f 5737/3653/1551 5738/3654/1551 5739/3655/1551
f 5740/3656/1551 5739/3655/1551 5738/3654/1551
f 5739/3655/1552 5740/3656/1552 5741/3657/1552
f 5742/3658/1552 5741/3657/1552 5740/3656/1552
f 5741/3657/1553 5742/3658/1553 5743/3659/1553
f 5744/3660/1553 5743/3659/1553 5742/3658/1553
f 5747/3661/1554 5746/3662/1554 5745/3663/1554
f 5748/3664/1554 5745/3663/1554 5746/3662/1554
f 5745/3663/1555 5748/3664/1555 5749/3665/1555
f 5750/3666/1555 5749/3665/1555 5748/3664/1555
f 5749/3665/1556 5750/3666/1556 5727/3641/1556
f 5726/3642/1556 5727/3641/1556 5750/3666/1556
f 5753/3667/1480 5752/3668/1480 5751/3669/1480
f 5751/3669/1480 5754/3670/1480 5753/3667/1480
f 5755/3671/1480 5753/3667/1480 5754/3670/1480
f 5754/3670/1480 5756/3672/1480 5755/3671/1480
f 5757/3673/1480 5755/3671/1480 5756/3672/1480
f 5756/3672/1480 5758/3674/1480 5757/3673/1480
f 5759/3675/1480 5757/3673/1480 5758/3674/1480
f 5758/3674/1480 5760/3676/1480 5759/3675/1480
f 5761/3677/1480 5759/3675/1480 5760/3676/1480
f 5762/3678/1480 5761/3677/1480 5760/3676/1480
f 5765/3679/1479 5764/3680/1479 5763/3681/1479
f 5765/3679/1479 5766/3682/1479 5764/3680/1479
f 5767/3683/1479 5764/3680/1479 5766/3682/1479
f 5766/3682/1479 5768/3684/1479 5767/3683/1479
f 5769/3685/1479 5767/3683/1479 5768/3684/1479
f 5768/3684/1479 5770/3686/1479 5769/3685/1479
f 5771/3687/1479 5769/3685/1479 5770/3686/1479
f 5770/3686/1479 5772/3688/1479 5771/3687/1479
f 5773/3689/1479 5771/3687/1479 5772/3688/1479
f 5774/3690/1479 5773/3689/1479 5772/3688/1479
f 5777/3691/1479 5776/3692/1479 5775/3693/1479
f 5778/3694/1479 5775/3693/1479 5776/3692/1479
f 5781/3695/1481 5780/3696/1481 5779/3697/1481
f 5782/3698/1481 5779/3697/1481 5780/3696/1481
f 5785/3699/1480 5784/3700/1480 5783/3701/1480
f 5786/3702/1480 5783/3701/1480 5784/3700/1480
f 5789/3703/1486 5788/3704/1486 5787/3705/1486
f 5790/3706/1486 5787/3705/1486 5788/3704/1486
f 5793/3707/1546 5792/3708/1546 5791/3709/1546
f 5794/3710/1546 5791/3709/1546 5792/3708/1546
f 5791/3709/1557 5794/3710/1557 5795/3711/1557
f 5796/3712/1557 5795/3711/1557 5794/3710/1557
f 5799/3711/1558 5798/3712/1558 5797/3713/1558
f 5800/3714/1558 5797/3713/1558 5798/3712/1558
f 5803/3715/1559 5802/3716/1559 5801/3707/1559
f 5804/3708/1559 5801/3707/1559 5802/3716/1559
f 5807/3717/1480 5806/3718/1480 5805/3719/1480
f 5808/3720/1480 5805/3719/1480 5806/3718/1480
f 5811/3721/1479 5810/3722/1479 5809/3723/1479
f 5812/3724/1479 5809/3723/1479 5810/3722/1479
f 5815/3725/1560 5814/3726/1560 5813/3727/1560
f 5816/3728/1560 5813/3727/1560 5814/3726/1560
f 5813/3727/1561 5816/3728/1561 5817/3729/1561
f 5818/3730/1561 5817/3729/1561 5816/3728/1561
f 5821/3729/1562 5820/3730/1562 5819/3731/1562
f 5822/3732/1562 5819/3731/1562 5820/3730/1562
f 5825/3733/1563 5824/3734/1563 5823/3725/1563
f 5826/3726/1563 5823/3725/1563 5824/3734/1563
f 5829/3735/1479 5828/3736/1479 5827/3737/1479
f 5830/3738/1479 5828/3736/1479 5829/3735/1479
f 5833/3739/1480 5832/3740/1480 5831/3741/1480
f 5834/3742/1480 5833/3739/1480 5831/3741/1480
f 5837/3743/1564 5836/3744/1564 5835/3745/1564
f 5838/3746/1565 5835/3745/1565 5836/3744/1565
f 5841/3747/1566 5840/3748/1566 5839/3749/1566
f 5842/3750/1567 5839/3749/1567 5840/3748/1567
f 5845/3748/1568 5844/3743/1568 5843/3750/1568
f 5846/3745/1569 5843/3750/1569 5844/3743/1569
f 5849/3751/1570 5848/3752/1570 5847/3753/1570
f 5850/3754/1571 5847/3753/1571 5848/3752/1571
f 5853/3755/1572 5852/3756/1572 5851/3757/1572
f 5854/3758/1573 5851/3757/1573 5852/3756/1573
f 5857/3759/1574 5856/3751/1574 5855/3760/1574
f 5858/3753/1575 5855/3760/1575 5856/3751/1575
f 5861/3761/1576 5860/3762/1576 5859/3763/1576
f 5862/3764/1577 5859/3763/1577 5860/3762/1577
f 5865/3765/1578 5864/3766/1578 5863/3767/1578
f 5866/3768/1579 5863/3767/1579 5864/3766/1579
f 5869/3766/1580 5868/3761/1580 5867/3768/1580
f 5870/3763/1581 5867/3768/1581 5868/3761/1581
f 5873/3769/1479 5872/3770/1479 5871/3771/1479
f 5874/3772/1479 5871/3771/1479 5872/3770/1479
f 5877/3773/1480 5876/3774/1480 5875/3775/1480
f 5878/3776/1480 5875/3775/1480 5876/3774/1480
f 5876/3774/1480 5879/3777/1480 5878/3776/1480
f 5880/3778/1480 5878/3776/1480 5879/3777/1480
f 5880/3778/1480 5879/3777/1480 5881/3779/1480
f 5882/3780/1480 5881/3779/1480 5879/3777/1480
f 5885/3781/1582 5884/3782/1582 5883/3783/1582
f 5886/3784/1582 5883/3783/1582 5884/3782/1582
f 5884/3782/1583 5885/3781/1583 5887/3785/1583
f 5888/3786/1583 5887/3785/1583 5885/3781/1583
f 5888/3786/1584 5889/3787/1584 5887/3785/1584
f 5890/3788/1584 5887/3785/1584 5889/3787/1584
f 5884/3782/1585 5887/3785/1585 5891/3789/1585
f 5892/3790/1586 5891/3789/1586 5887/3785/1586
f 5891/3789/1587 5893/3791/1587 5884/3782/1587
f 5884/3782/1588 5893/3791/1588 5894/3792/1588
f 5893/3791/1589 5895/3793/1589 5894/3792/1589
f 5894/3792/1590 5895/3793/1590 5896/3794/1590
f 5897/3795/1586 5896/3794/1586 5895/3793/1586
f 5896/3794/1583 5898/3796/1583 5894/3792/1583
f 5899/3797/1583 5894/3792/1583 5898/3796/1583
f 5894/3792/1582 5899/3797/1582 5900/3798/1582
f 5901/3799/1582 5900/3798/1582 5899/3797/1582
f 5896/3794/1584 5902/3800/1584 5898/3796/1584
f 5903/3801/1584 5898/3796/1584 5902/3800/1584
f 5906/3802/1591 5905/3803/1591 5904/3804/1591
f 5907/3805/1591 5904/3804/1591 5905/3803/1591
f 5907/3805/1592 5908/3806/1592 5904/3804/1592
f 5909/3807/1592 5904/3804/1592 5908/3806/1592
f 5912/3808/1593 5911/3809/1593 5910/3810/1593
f 5910/3810/1593 5911/3809/1593 5913/3811/1593
f 5916/3812/1479 5915/3813/1479 5914/3814/1479
f 5917/3815/1479 5914/3814/1479 5915/3813/1479
f 5917/3815/1479 5918/3816/1479 5914/3814/1479
f 5919/3817/1479 5914/3814/1479 5918/3816/1479
f 5918/3816/1479 5920/3818/1479 5919/3817/1479
f 5921/3819/1479 5919/3817/1479 5920/3818/1479
f 5924/3820/1594 5923/3821/1594 5922/3822/1594
f 5925/3823/1594 5922/3822/1594 5923/3821/1594
f 5928/3824/1591 5927/3825/1591 5926/3826/1591
f 5929/3827/1591 5926/3826/1591 5927/3825/1591
f 5929/3827/1592 5930/3828/1592 5926/3826/1592
f 5931/3829/1592 5926/3826/1592 5930/3828/1592
f 5934/3830/1595 5933/3831/1595 5932/3832/1595
f 5935/3833/1596 5932/3832/1596 5933/3831/1596
f 5935/3833/1597 5933/3831/1597 5936/3834/1597
f 5937/3835/1597 5936/3834/1597 5933/3831/1597
f 5937/3835/1598 5938/3836/1598 5936/3834/1598
f 5939/3837/1599 5936/3834/1599 5938/3836/1599
f 5942/3838/1593 5941/3839/1593 5940/3840/1593
f 5940/3840/1593 5941/3839/1593 5943/3841/1593
f 5946/3842/1480 5945/3843/1480 5944/3844/1480
f 5947/3845/1480 5944/3844/1480 5945/3843/1480
f 5950/3846/1600 5949/3847/1600 5948/3848/1600
f 5951/3849/1600 5948/3848/1600 5949/3847/1600
f 5954/3850/1601 5953/3851/1601 5952/3852/1601
f 5955/3853/1601 5952/3852/1601 5953/3851/1601
f 5958/3854/1602 5957/3855/1602 5956/3856/1602
f 5959/3857/1603 5956/3856/1603 5957/3855/1603
f 5962/3858/1479 5961/3859/1479 5960/3860/1479
f 5963/3861/1479 5960/3860/1479 5961/3859/1479
f 5966/3862/1480 5965/3863/1480 5964/3864/1480
f 5967/3865/1480 5964/3864/1480 5965/3863/1480
f 5970/3866/1604 5969/3867/1604 5968/3868/1604
f 5971/3869/1605 5968/3868/1605 5969/3867/1605
f 5974/3870/1606 5973/3871/1606 5972/3872/1606
f 5975/3873/1607 5972/3872/1607 5973/3871/1607
f 5978/3874/1608 5977/3875/1608 5976/3876/1608
f 5979/3877/1609 5976/3876/1609 5977/3875/1609
f 5982/3878/1610 5981/3879/1610 5980/3880/1610
f 5983/3881/1611 5980/3880/1611 5981/3879/1611
f 5986/3882/1612 5985/3883/1612 5984/3884/1612
f 5987/3885/1612 5984/3884/1612 5985/3883/1612
f 5990/3886/1612 5989/3887/1612 5988/3888/1612
f 5991/3889/1612 5988/3888/1612 5989/3887/1612
f 5994/3890/1613 5993/3891/1613 5992/3892/1613
f 5997/3893/1614 5996/3894/1614 5995/3895/1614
f 6000/3896/1615 5999/3897/1615 5998/3898/1615
f 6001/3899/1610 5998/3898/1610 5999/3897/1610
f 6004/3900/1616 6003/3901/1616 6002/3902/1616
f 6007/3903/1594 6006/3904/1594 6005/3905/1594
f 6010/3906/1594 6009/3907/1594 6008/3908/1594
f 6013/3909/1617 6012/3910/1617 6011/3911/1617
f 6014/3912/1617 6011/3911/1617 6012/3910/1617
f 6011/3911/1618 6014/3912/1618 6015/3913/1618
f 6016/3914/1618 6015/3913/1618 6014/3912/1618
f 6015/3913/1619 6016/3914/1619 6017/3915/1619
f 6018/3916/1619 6017/3915/1619 6016/3914/1619
f 6017/3915/1620 6018/3916/1620 6019/3917/1620
f 6020/3918/1620 6019/3917/1620 6018/3916/1620
f 6019/3917/1621 6020/3918/1621 6021/3919/1621
f 6022/3920/1621 6021/3919/1621 6020/3918/1621
f 6021/3919/1622 6022/3920/1622 6023/3921/1622
f 6024/3922/1622 6023/3921/1622 6022/3920/1622
f 6012/3910/1623 6013/3909/1623 6025/3923/1623
f 6026/3924/1623 6025/3923/1623 6013/3909/1623
f 6025/3923/1624 6026/3924/1624 6027/3925/1624
f 6028/3926/1624 6027/3925/1624 6026/3924/1624
f 6031/3927/1480 6030/3928/1480 6029/3929/1480
f 6032/3930/1480 6029/3929/1480 6030/3928/1480
f 6033/3931/1480 6029/3929/1480 6032/3930/1480
f 6031/3927/1480 6034/3932/1480 6030/3928/1480
f 6035/3933/1480 6030/3928/1480 6034/3932/1480
f 6036/3934/1480 6035/3933/1480 6034/3932/1480
f 6039/3935/1625 6038/3936/1625 6037/3937/1625
f 6040/3938/1626 6037/3937/1626 6038/3936/1626
f 6037/3937/1627 6040/3938/1627 6041/3939/1627
f 6042/3940/1628 6041/3939/1628 6040/3938/1628
f 6041/3939/1629 6042/3940/1629 6043/3941/1629
f 6044/3942/1630 6043/3941/1630 6042/3940/1630
f 6047/3943/1631 6046/3944/1631 6045/3945/1631
f 6048/3946/1632 6045/3945/1632 6046/3944/1632
f 6051/3938/1633 6050/3936/1633 6049/3937/1633
f 6052/3935/1633 6049/3937/1633 6050/3936/1633
f 6049/3937/1634 6053/3939/1634 6051/3938/1634
f 6054/3940/1635 6051/3938/1635 6053/3939/1635
f 6053/3939/1636 6055/3941/1636 6054/3940/1636
f 6056/3942/1637 6054/3940/1637 6055/3941/1637
f 6059/3946/1638 6058/3944/1638 6057/3945/1638
f 6060/3943/1639 6057/3945/1639 6058/3944/1639
f 6063/3947/1640 6062/3948/1640 6061/3949/1640
f 6064/3950/1641 6061/3949/1641 6062/3948/1641
f 6061/3949/1642 6064/3950/1642 6065/3951/1642
f 6066/3952/1643 6065/3951/1643 6064/3950/1643
f 6069/3951/1644 6068/3952/1644 6067/3953/1644
f 6070/3954/1645 6067/3953/1645 6068/3952/1645
f 6073/3955/1646 6072/3956/1646 6071/3947/1646
f 6074/3948/1647 6071/3947/1647 6072/3956/1647
f 6077/3957/1479 6076/3958/1479 6075/3959/1479
f 6078/3960/1479 6075/3959/1479 6076/3958/1479
f 6077/3957/1479 6079/3961/1479 6076/3958/1479
f 6080/3962/1479 6076/3958/1479 6079/3961/1479
f 6083/3963/1648 6082/3964/1648 6081/3965/1648
f 6084/3966/1648 6081/3965/1648 6082/3964/1648
f 6087/3967/1649 6086/3968/1649 6085/3969/1649
f 6088/3970/1649 6085/3969/1649 6086/3968/1649
f 6091/3971/1650 6090/3972/1650 6089/3973/1650
f 6092/3974/1650 6089/3973/1650 6090/3972/1650
f 6095/3975/1651 6094/3976/1651 6093/3977/1651
f 6096/3978/1651 6093/3977/1651 6094/3976/1651
f 6099/3979/1652 6098/3980/1652 6097/3981/1652
f 6100/3982/1652 6097/3981/1652 6098/3980/1652
f 6103/3983/1653 6102/3984/1653 6101/3985/1653
f 6104/3986/1654 6101/3985/1654 6102/3984/1654
f 6107/3987/1655 6106/3988/1655 6105/3989/1655
f 6108/3990/1656 6105/3989/1656 6106/3988/1656
f 6111/3991/1657 6110/3992/1657 6109/3993/1657
f 6112/3994/1657 6109/3993/1657 6110/3992/1657
f 6110/3992/1658 6113/3995/1658 6112/3994/1658
f 6114/3996/1658 6112/3994/1658 6113/3995/1658
f 6117/3997/1659 6116/3991/1659 6115/3998/1659
f 6118/3993/1659 6115/3998/1659 6116/3991/1659
f 6121/3995/1660 6120/3999/1660 6119/3996/1660
f 6122/4000/1660 6119/3996/1660 6120/3999/1660
f 6125/4001/1478 6124/4002/1478 6123/4003/1478
f 6126/4004/1478 6123/4003/1478 6124/4002/1478
f 6129/3960/1480 6128/3958/1480 6127/3959/1480
f 6130/3957/1480 6127/3959/1480 6128/3958/1480
f 6130/3957/1480 6128/3958/1480 6131/3961/1480
f 6132/3962/1480 6131/3961/1480 6128/3958/1480
f 6135/3966/1648 6134/3964/1648 6133/3965/1648
f 6136/3963/1648 6133/3965/1648 6134/3964/1648
f 6139/3970/1649 6138/3968/1649 6137/3969/1649
f 6140/3967/1649 6137/3969/1649 6138/3968/1649
f 6143/3974/1650 6142/3972/1650 6141/3973/1650
f 6144/3971/1650 6141/3973/1650 6142/3972/1650
f 6147/3978/1651 6146/3976/1651 6145/3977/1651
f 6148/3975/1651 6145/3977/1651 6146/3976/1651
f 6151/3982/1652 6150/3980/1652 6149/3981/1652
f 6152/3979/1652 6149/3981/1652 6150/3980/1652
f 6155/3986/1653 6154/3984/1653 6153/3985/1653
f 6156/3983/1653 6153/3985/1653 6154/3984/1653
f 6159/3990/1661 6158/3988/1661 6157/3989/1661
f 6160/3987/1662 6157/3989/1662 6158/3988/1662
f 6163/3994/1663 6162/3992/1663 6161/3993/1663
f 6164/3991/1663 6161/3993/1663 6162/3992/1663
f 6162/3992/1664 6163/3994/1664 6165/3995/1664
f 6166/3996/1664 6165/3995/1664 6163/3994/1664
f 6169/3993/1665 6168/3991/1665 6167/3998/1665
f 6170/3997/1665 6167/3998/1665 6168/3991/1665
f 6173/4000/1666 6172/3999/1666 6171/3996/1666
f 6174/3995/1666 6171/3996/1666 6172/3999/1666
f 6177/4004/1478 6176/4002/1478 6175/4003/1478
f 6178/4001/1478 6175/4003/1478 6176/4002/1478
f 6181/4005/1478 6180/4006/1478 6179/4007/1478
f 6182/4008/1478 6179/4007/1478 6180/4006/1478
f 6183/4009/1478 6182/4008/1478 6180/4006/1478
f 6184/4010/1478 6181/4005/1478 6179/4007/1478
f 6187/4011/1493 6186/4012/1493 6185/4013/1493
f 6188/4014/1493 6185/4013/1493 6186/4012/1493
f 6189/4015/1493 6188/4014/1493 6186/4012/1493
f 6190/4016/1493 6187/4011/1493 6185/4013/1493
f 6193/4017/1479 6192/4018/1479 6191/4019/1479
f 6194/4020/1479 6191/4019/1479 6192/4018/1479
f 6197/4021/1667 6196/4022/1667 6195/4023/1667
f 6198/4024/1667 6195/4023/1667 6196/4022/1667
f 6201/4025/1480 6200/4026/1480 6199/4027/1480
f 6202/4028/1480 6199/4027/1480 6200/4026/1480
f 6205/4029/1668 6204/4030/1668 6203/4031/1668
f 6206/4032/1668 6203/4031/1668 6204/4030/1668
f 6209/4033/1668 6208/4034/1668 6207/4035/1668
f 6210/4036/1668 6207/4035/1668 6208/4034/1668
f 6213/4037/1669 6212/4038/1669 6211/4039/1669
f 6214/4040/1669 6211/4039/1669 6212/4038/1669
f 6217/4041/1478 6216/4042/1478 6215/4043/1478
f 6218/4044/1478 6215/4043/1478 6216/4042/1478
f 6221/4045/1479 6220/4046/1479 6219/4047/1479
f 6222/4048/1479 6219/4047/1479 6220/4046/1479
f 6225/4049/1493 6224/4050/1493 6223/4051/1493
f 6226/4052/1493 6223/4051/1493 6224/4050/1493
f 6229/4053/1480 6228/4054/1480 6227/4055/1480
f 6230/4056/1480 6227/4055/1480 6228/4054/1480
f 6233/4057/1670 6232/4058/1670 6231/4059/1670
f 6234/4060/1479 6231/4059/1479 6232/4058/1479
f 6235/4061/1479 6231/4059/1479 6234/4060/1479
f 6236/4062/1479 6231/4059/1479 6235/4061/1479
f 6237/4063/1671 6232/4058/1671 6233/4057/1671
f 6238/4064/1672 6237/4063/1672 6233/4057/1672
f 6237/4063/1673 6238/4064/1673 6239/4065/1673
f 6240/4066/1674 6239/4065/1674 6238/4064/1674
f 6241/4067/1479 6239/4065/1479 6240/4066/1479
f 6239/4065/1479 6241/4067/1479 6242/4068/1479
f 6243/4069/1479 6242/4068/1479 6241/4067/1479
f 6243/4069/1479 6244/4070/1479 6242/4068/1479
f 6245/4071/1479 6242/4068/1479 6244/4070/1479
f 6244/4070/1479 6246/4072/1479 6245/4071/1479
f 6247/4073/1479 6245/4071/1479 6246/4072/1479
f 6250/4074/1675 6249/4075/1675 6248/4076/1675
f 6251/4077/1675 6248/4076/1675 6249/4075/1675
f 6249/4075/1676 6252/4078/1676 6251/4077/1676
f 6253/4079/1677 6251/4077/1677 6252/4078/1677
f 6252/4078/1678 6254/4080/1678 6253/4079/1678
f 6255/4081/1679 6253/4079/1679 6254/4080/1679
f 6254/4080/1680 6256/4082/1680 6255/4081/1680
f 6257/4083/1681 6255/4081/1681 6256/4082/1681
f 6256/4082/1682 6258/4084/1682 6257/4083/1682
f 6259/4085/1683 6257/4083/1683 6258/4084/1683
f 6258/4084/1684 6260/4086/1684 6259/4085/1684
f 6261/4087/1684 6259/4085/1684 6260/4086/1684
f 6260/4086/1685 6262/4088/1685 6261/4087/1685
f 6263/4089/1686 6261/4087/1686 6262/4088/1686
f 6262/4088/1687 6264/4090/1687 6263/4089/1687
f 6265/4091/1687 6263/4089/1687 6264/4090/1687
f 6248/4076/1688 6266/4092/1688 6250/4074/1688
f 6269/4093/1689 6268/4094/1689 6267/4095/1689
f 6270/4096/1689 6267/4095/1689 6268/4094/1689
f 6268/4094/1690 6271/4097/1690 6270/4096/1690
f 6272/4098/1691 6270/4096/1691 6271/4097/1691
f 6271/4097/1692 6273/4099/1692 6272/4098/1692
f 6266/4092/1693 6272/4098/1693 6273/4099/1693
f 6273/4099/1688 6250/4074/1688 6266/4092/1688
f 6267/4095/1694 6274/4100/1694 6269/4093/1694
f 6275/4101/1695 6269/4093/1695 6274/4100/1695
f 6274/4100/1696 6276/4102/1696 6275/4101/1696
f 6277/4103/1697 6275/4101/1697 6276/4102/1697
f 6280/4104/1480 6279/4105/1480 6278/4106/1480
f 6281/4107/1480 6278/4106/1480 6279/4105/1480
f 6281/4107/1480 6282/4108/1480 6278/4106/1480
f 6283/4109/1480 6278/4106/1480 6282/4108/1480
f 6280/4104/1480 6284/4110/1480 6279/4105/1480
f 6285/4111/1480 6279/4105/1480 6284/4110/1480
f 6284/4110/1480 6286/4112/1480 6285/4111/1480
f 6286/4112/1480 6287/4113/1480 6285/4111/1480
f 6288/4114/1480 6285/4111/1480 6287/4113/1480
f 6287/4113/1480 6289/4115/1480 6288/4114/1480
f 6290/4116/1480 6288/4114/1480 6289/4115/1480
f 6289/4115/1480 6291/4117/1480 6290/4116/1480
f 6292/4118/1480 6290/4116/1480 6291/4117/1480
f 6293/4119/1480 6292/4118/1480 6291/4117/1480
f 6294/4120/1480 6293/4119/1480 6291/4117/1480
f 6297/4121/1698 6296/4122/1698 6295/4123/1698
f 6296/4122/1699 6298/4124/1699 6295/4123/1699
f 6296/4122/1700 6299/4125/1700 6298/4124/1700
f 6300/4126/1701 6298/4124/1701 6299/4125/1701
f 6301/4127/1480 6300/4126/1480 6299/4125/1480
f 6299/4125/1480 6302/4128/1480 6301/4127/1480
f 6303/4129/1480 6301/4127/1480 6302/4128/1480
f 6303/4129/1480 6302/4128/1480 6304/4130/1480
f 6305/4131/1480 6304/4130/1480 6302/4128/1480
f 6304/4130/1480 6305/4131/1480 6306/4132/1480
f 6307/4133/1480 6306/4132/1480 6305/4131/1480
f 6295/4123/1702 6308/4134/1702 6297/4121/1702
f 6309/4135/1480 6297/4121/1480 6308/4134/1480
f 6310/4136/1480 6309/4135/1480 6308/4134/1480
f 6311/4137/1480 6310/4136/1480 6308/4134/1480
f 6314/4138/1675 6313/4139/1675 6312/4140/1675
f 6315/4141/1675 6312/4140/1675 6313/4139/1675
f 6312/4140/1688 6315/4141/1688 6316/4142/1688
f 6317/4143/1688 6316/4142/1688 6315/4141/1688
f 6316/4142/1703 6317/4143/1703 6318/4144/1703
f 6319/4145/1703 6318/4144/1703 6317/4143/1703
f 6318/4144/1704 6319/4145/1704 6320/4146/1704
f 6321/4147/1704 6320/4146/1704 6319/4145/1704
f 6320/4146/1705 6321/4147/1705 6322/4148/1705
f 6323/4149/1705 6322/4148/1705 6321/4147/1705
f 6323/4149/1706 6324/4150/1706 6322/4148/1706
f 6325/4151/1707 6322/4148/1707 6324/4150/1707
f 6325/4151/1708 6324/4150/1708 6326/4152/1708
f 6327/4153/1708 6326/4152/1708 6324/4150/1708
f 6313/4139/1676 6314/4138/1676 6328/4154/1676
f 6329/4155/1676 6328/4154/1676 6314/4138/1676
f 6328/4154/1709 6329/4155/1709 6330/4156/1709
f 6331/4157/1709 6330/4156/1709 6329/4155/1709
f 6330/4156/1710 6331/4157/1710 6332/4158/1710
f 6333/4159/1710 6332/4158/1710 6331/4157/1710
f 6332/4158/1711 6333/4159/1711 6334/4160/1711
f 6335/4161/1711 6334/4160/1711 6333/4159/1711
f 6335/4161/1712 6336/4162/1712 6334/4160/1712
f 6337/4163/1712 6334/4160/1712 6336/4162/1712
f 6336/4162/1713 6338/4164/1713 6337/4163/1713
f 6339/4165/1713 6337/4163/1713 6338/4164/1713
f 6338/4164/1687 6340/4166/1687 6339/4165/1687
f 6341/4167/1687 6339/4165/1687 6340/4166/1687
f 6344/4168/1714 6343/4169/1714 6342/4170/1714
f 6345/4171/1715 6342/4170/1715 6343/4169/1715
f 6348/4172/1479 6347/4173/1479 6346/4174/1479
f 6349/4175/1479 6346/4174/1479 6347/4173/1479
f 6349/4175/1479 6347/4173/1479 6350/4176/1479
f 6351/4177/1479 6350/4176/1479 6347/4173/1479
f 6350/4176/1479 6351/4177/1479 6352/4178/1479
f 6352/4178/1479 6351/4177/1479 6353/4179/1479
f 6354/4180/1479 6353/4179/1479 6351/4177/1479
f 6353/4179/1479 6354/4180/1479 6355/4181/1479
f 6356/4182/1479 6355/4181/1479 6354/4180/1479
f 6356/4182/1479 6357/4183/1479 6355/4181/1479
f 6358/4184/1479 6355/4181/1479 6357/4183/1479
f 6357/4183/1479 6359/4185/1479 6358/4184/1479
f 6360/4186/1479 6358/4184/1479 6359/4185/1479
f 6348/4172/1479 6346/4174/1479 6361/4187/1479
f 6362/4188/1479 6361/4187/1479 6346/4174/1479
f 6365/4189/1716 6364/4190/1716 6363/4191/1716
f 6366/4192/1716 6363/4191/1716 6364/4190/1716
f 6369/4193/1717 6368/4194/1717 6367/4195/1717
f 6370/4196/1718 6367/4195/1718 6368/4194/1718
f 6373/3960/1480 6372/3958/1480 6371/3959/1480
f 6374/3957/1480 6371/3959/1480 6372/3958/1480
f 6374/3957/1480 6372/3958/1480 6375/3961/1480
f 6376/3962/1480 6375/3961/1480 6372/3958/1480
f 6379/3966/1648 6378/3964/1648 6377/3965/1648
f 6380/3963/1648 6377/3965/1648 6378/3964/1648
f 6383/3970/1649 6382/3968/1649 6381/3969/1649
f 6384/3967/1649 6381/3969/1649 6382/3968/1649
f 6387/3974/1650 6386/3972/1650 6385/3973/1650
f 6388/3971/1650 6385/3973/1650 6386/3972/1650
f 6391/3978/1651 6390/3976/1651 6389/3977/1651
f 6392/3975/1651 6389/3977/1651 6390/3976/1651
f 6395/3982/1652 6394/3980/1652 6393/3981/1652
f 6396/3979/1652 6393/3981/1652 6394/3980/1652
f 6399/3986/1654 6398/3984/1654 6397/3985/1654
f 6400/3983/1653 6397/3985/1653 6398/3984/1653
f 6403/3990/1661 6402/3988/1661 6401/3989/1661
f 6404/3987/1662 6401/3989/1662 6402/3988/1662
f 6407/3994/1663 6406/3992/1663 6405/3993/1663
f 6408/3991/1663 6405/3993/1663 6406/3992/1663
f 6406/3992/1664 6407/3994/1664 6409/3995/1664
f 6410/3996/1664 6409/3995/1664 6407/3994/1664
f 6413/3993/1665 6412/3991/1665 6411/3998/1665
f 6414/3997/1665 6411/3998/1665 6412/3991/1665
f 6417/4000/1666 6416/3999/1666 6415/3996/1666
f 6418/3995/1666 6415/3996/1666 6416/3999/1666
f 6421/4004/1478 6420/4002/1478 6419/4003/1478
f 6422/4001/1478 6419/4003/1478 6420/4002/1478
f 6425/3957/1479 6424/3958/1479 6423/3959/1479
f 6426/3960/1479 6423/3959/1479 6424/3958/1479
f 6425/3957/1479 6427/3961/1479 6424/3958/1479
f 6428/3962/1479 6424/3958/1479 6427/3961/1479
f 6431/3963/1648 6430/3964/1648 6429/3965/1648
f 6432/3966/1648 6429/3965/1648 6430/3964/1648
f 6435/3967/1649 6434/3968/1649 6433/3969/1649
f 6436/3970/1649 6433/3969/1649 6434/3968/1649
f 6439/3971/1650 6438/3972/1650 6437/3973/1650
f 6440/3974/1650 6437/3973/1650 6438/3972/1650
f 6443/3975/1651 6442/3976/1651 6441/3977/1651
f 6444/3978/1651 6441/3977/1651 6442/3976/1651
f 6447/3979/1652 6446/3980/1652 6445/3981/1652
f 6448/3982/1652 6445/3981/1652 6446/3980/1652
f 6451/3983/1654 6450/3984/1654 6449/3985/1654
f 6452/3986/1653 6449/3985/1653 6450/3984/1653
f 6455/3987/1655 6454/3988/1655 6453/3989/1655
f 6456/3990/1656 6453/3989/1656 6454/3988/1656
f 6459/3991/1657 6458/3992/1657 6457/3993/1657
f 6460/3994/1657 6457/3993/1657 6458/3992/1657
f 6458/3992/1658 6461/3995/1658 6460/3994/1658
f 6462/3996/1658 6460/3994/1658 6461/3995/1658
f 6465/3997/1659 6464/3991/1659 6463/3998/1659
f 6466/3993/1659 6463/3998/1659 6464/3991/1659
f 6469/3995/1660 6468/3999/1660 6467/3996/1660
f 6470/4000/1660 6467/3996/1660 6468/3999/1660
f 6473/4001/1478 6472/4002/1478 6471/4003/1478
f 6474/4004/1478 6471/4003/1478 6472/4002/1478
f 6477/4008/1478 6476/4006/1478 6475/4007/1478
f 6478/4005/1478 6475/4007/1478 6476/4006/1478
f 6478/4005/1478 6479/4010/1478 6475/4007/1478
f 6477/4008/1478 6480/4009/1478 6476/4006/1478
f 6483/4014/1493 6482/4012/1493 6481/4013/1493
f 6484/4011/1493 6481/4013/1493 6482/4012/1493
f 6484/4011/1493 6485/4016/1493 6481/4013/1493
f 6483/4014/1493 6486/4015/1493 6482/4012/1493
f 6489/4020/1480 6488/4018/1480 6487/4019/1480
f 6490/4017/1480 6487/4019/1480 6488/4018/1480
f 6493/4024/1667 6492/4022/1667 6491/4023/1667
f 6494/4021/1667 6491/4023/1667 6492/4022/1667
f 6497/4028/1479 6496/4026/1479 6495/4027/1479
f 6498/4025/1479 6495/4027/1479 6496/4026/1479
f 6501/4032/1668 6500/4030/1668 6499/4031/1668
f 6502/4029/1668 6499/4031/1668 6500/4030/1668
f 6505/4036/1668 6504/4034/1668 6503/4035/1668
f 6506/4033/1668 6503/4035/1668 6504/4034/1668
f 6509/4040/1669 6508/4038/1669 6507/4039/1669
f 6510/4037/1669 6507/4039/1669 6508/4038/1669
f 6513/4044/1478 6512/4042/1478 6511/4043/1478
f 6514/4041/1478 6511/4043/1478 6512/4042/1478
f 6517/4048/1480 6516/4046/1480 6515/4047/1480
f 6518/4045/1480 6515/4047/1480 6516/4046/1480
f 6521/4052/1493 6520/4050/1493 6519/4051/1493
f 6522/4049/1493 6519/4051/1493 6520/4050/1493
f 6525/4056/1479 6524/4054/1479 6523/4055/1479
f 6526/4053/1479 6523/4055/1479 6524/4054/1479
f 6529/4060/1480 6528/4058/1480 6527/4059/1480
f 6530/4057/1719 6527/4059/1719 6528/4058/1719
f 6528/4058/1720 6531/4063/1720 6530/4057/1720
f 6531/4063/1721 6532/4064/1721 6530/4057/1721
f 6531/4063/1722 6533/4065/1722 6532/4064/1722
f 6534/4066/1723 6532/4064/1723 6533/4065/1723
f 6533/4065/1480 6535/4067/1480 6534/4066/1480
f 6533/4065/1480 6536/4068/1480 6535/4067/1480
f 6537/4069/1480 6535/4067/1480 6536/4068/1480
f 6537/4069/1480 6536/4068/1480 6538/4070/1480
f 6539/4071/1480 6538/4070/1480 6536/4068/1480
f 6538/4070/1480 6539/4071/1480 6540/4072/1480
f 6541/4073/1480 6540/4072/1480 6539/4071/1480
f 6527/4059/1480 6542/4061/1480 6529/4060/1480
f 6527/4059/1480 6543/4062/1480 6542/4061/1480
f 6546/4077/1675 6545/4075/1675 6544/4076/1675
f 6547/4074/1675 6544/4076/1675 6545/4075/1675
f 6544/4076/1688 6547/4074/1688 6548/4092/1688
f 6549/4099/1688 6548/4092/1688 6547/4074/1688
f 6548/4092/1693 6549/4099/1693 6550/4098/1693
f 6551/4097/1724 6550/4098/1724 6549/4099/1724
f 6550/4098/1725 6551/4097/1725 6552/4096/1725
f 6553/4094/1726 6552/4096/1726 6551/4097/1726
f 6552/4096/1727 6553/4094/1727 6554/4095/1727
f 6555/4093/1727 6554/4095/1727 6553/4094/1727
f 6554/4095/1728 6555/4093/1728 6556/4100/1728
f 6557/4101/1729 6556/4100/1729 6555/4093/1729
f 6556/4100/1730 6557/4101/1730 6558/4102/1730
f 6559/4103/1731 6558/4102/1731 6557/4101/1731
f 6545/4075/1676 6546/4077/1676 6560/4078/1676
f 6561/4079/1732 6560/4078/1732 6546/4077/1732
f 6560/4078/1733 6561/4079/1733 6562/4080/1733
f 6563/4081/1734 6562/4080/1734 6561/4079/1734
f 6562/4080/1735 6563/4081/1735 6564/4082/1735
f 6565/4083/1736 6564/4082/1736 6563/4081/1736
f 6564/4082/1737 6565/4083/1737 6566/4084/1737
f 6567/4085/1738 6566/4084/1738 6565/4083/1738
f 6566/4084/1739 6567/4085/1739 6568/4086/1739
f 6569/4087/1739 6568/4086/1739 6567/4085/1739
f 6568/4086/1740 6569/4087/1740 6570/4088/1740
f 6571/4089/1686 6570/4088/1686 6569/4087/1686
f 6570/4088/1687 6571/4089/1687 6572/4090/1687
f 6573/4091/1687 6572/4090/1687 6571/4089/1687
f 6576/4107/1479 6575/4105/1479 6574/4106/1479
f 6577/4104/1479 6574/4106/1479 6575/4105/1479
f 6577/4104/1479 6575/4105/1479 6578/4110/1479
f 6579/4111/1479 6578/4110/1479 6575/4105/1479
f 6580/4112/1479 6578/4110/1479 6579/4111/1479
f 6580/4112/1479 6579/4111/1479 6581/4113/1479
f 6582/4114/1479 6581/4113/1479 6579/4111/1479
f 6581/4113/1479 6582/4114/1479 6583/4115/1479
f 6584/4116/1479 6583/4115/1479 6582/4114/1479
f 6583/4115/1479 6584/4116/1479 6585/4117/1479
f 6586/4118/1479 6585/4117/1479 6584/4116/1479
f 6586/4118/1479 6587/4119/1479 6585/4117/1479
f 6587/4119/1479 6588/4120/1479 6585/4117/1479
f 6576/4107/1479 6574/4106/1479 6589/4108/1479
f 6590/4109/1479 6589/4108/1479 6574/4106/1479
f 6593/4122/1741 6592/4121/1741 6591/4123/1741
f 6591/4123/1742 6592/4121/1742 6594/4134/1742
f 6595/4135/1479 6594/4134/1479 6592/4121/1479
f 6595/4135/1479 6596/4136/1479 6594/4134/1479
f 6596/4136/1479 6597/4137/1479 6594/4134/1479
f 6598/4124/1743 6593/4122/1743 6591/4123/1743
f 6593/4122/1744 6598/4124/1744 6599/4125/1744
f 6600/4126/1745 6599/4125/1745 6598/4124/1745
f 6600/4126/1479 6601/4127/1479 6599/4125/1479
f 6599/4125/1479 6601/4127/1479 6602/4128/1479
f 6603/4129/1479 6602/4128/1479 6601/4127/1479
f 6603/4129/1479 6604/4130/1479 6602/4128/1479
f 6605/4131/1479 6602/4128/1479 6604/4130/1479
f 6604/4130/1479 6606/4132/1479 6605/4131/1479
f 6607/4133/1479 6605/4131/1479 6606/4132/1479
f 6610/4141/1675 6609/4139/1675 6608/4140/1675
f 6611/4138/1675 6608/4140/1675 6609/4139/1675
f 6609/4139/1676 6612/4154/1676 6611/4138/1676
f 6613/4155/1676 6611/4138/1676 6612/4154/1676
f 6612/4154/1709 6614/4156/1709 6613/4155/1709
f 6615/4157/1709 6613/4155/1709 6614/4156/1709
f 6614/4156/1710 6616/4158/1710 6615/4157/1710
f 6617/4159/1710 6615/4157/1710 6616/4158/1710
f 6616/4158/1711 6618/4160/1711 6617/4159/1711
f 6619/4161/1711 6617/4159/1711 6618/4160/1711
f 6619/4161/1712 6618/4160/1712 6620/4162/1712
f 6621/4163/1712 6620/4162/1712 6618/4160/1712
f 6620/4162/1713 6621/4163/1713 6622/4164/1713
f 6623/4165/1713 6622/4164/1713 6621/4163/1713
f 6622/4164/1687 6623/4165/1687 6624/4166/1687
f 6625/4167/1687 6624/4166/1687 6623/4165/1687
f 6608/4140/1688 6626/4142/1688 6610/4141/1688
f 6629/4171/1746 6628/4169/1746 6627/4170/1746
f 6630/4168/1747 6627/4170/1747 6628/4169/1747
f 6631/4143/1688 6610/4141/1688 6626/4142/1688
f 6626/4142/1703 6632/4144/1703 6631/4143/1703
f 6633/4145/1703 6631/4143/1703 6632/4144/1703
f 6632/4144/1704 6634/4146/1704 6633/4145/1704
f 6635/4147/1704 6633/4145/1704 6634/4146/1704
f 6634/4146/1705 6636/4148/1705 6635/4147/1705
f 6637/4149/1705 6635/4147/1705 6636/4148/1705
f 6637/4149/1706 6636/4148/1706 6638/4150/1706
f 6639/4151/1748 6638/4150/1748 6636/4148/1748
f 6639/4151/1749 6640/4152/1749 6638/4150/1749
f 6641/4153/1750 6638/4150/1750 6640/4152/1750
f 6644/4175/1480 6643/4173/1480 6642/4174/1480
f 6645/4172/1480 6642/4174/1480 6643/4173/1480
f 6645/4172/1480 6646/4187/1480 6642/4174/1480
f 6647/4188/1480 6642/4174/1480 6646/4187/1480
f 6644/4175/1480 6648/4176/1480 6643/4173/1480
f 6649/4177/1480 6643/4173/1480 6648/4176/1480
f 6649/4177/1480 6648/4176/1480 6650/4178/1480
f 6650/4178/1480 6651/4179/1480 6649/4177/1480
f 6652/4180/1480 6649/4177/1480 6651/4179/1480
f 6651/4179/1480 6653/4181/1480 6652/4180/1480
f 6654/4182/1480 6652/4180/1480 6653/4181/1480
f 6654/4182/1480 6653/4181/1480 6655/4183/1480
f 6656/4184/1480 6655/4183/1480 6653/4181/1480
f 6657/4185/1480 6655/4183/1480 6656/4184/1480
f 6656/4184/1480 6658/4186/1480 6657/4185/1480
f 6661/4192/1716 6660/4190/1716 6659/4191/1716
f 6662/4189/1716 6659/4191/1716 6660/4190/1716
f 6665/4196/1751 6664/4194/1751 6663/4195/1751
f 6666/4193/1752 6663/4195/1752 6664/4194/1752
f 6669/4197/1753 6668/4198/1753 6667/4199/1753
f 6670/4200/1753 6667/4199/1753 6668/4198/1753
f 6668/4198/1754 6671/4201/1754 6670/4200/1754
f 6672/4202/1754 6670/4200/1754 6671/4201/1754
f 6667/4199/1755 6673/4203/1755 6669/4197/1755
f 6674/4204/1755 6669/4197/1755 6673/4203/1755
f 6673/4203/1756 6675/4205/1756 6674/4204/1756
f 6676/4206/1756 6674/4204/1756 6675/4205/1756
f 6675/4205/1757 6677/4207/1757 6676/4206/1757
f 6678/4208/1757 6676/4206/1757 6677/4207/1757
f 6677/4207/1758 6679/4209/1758 6678/4208/1758
f 6680/4210/1758 6678/4208/1758 6679/4209/1758
f 6683/4211/1479 6682/4212/1479 6681/4213/1479
f 6684/4214/1479 6681/4213/1479 6682/4212/1479
f 6683/4211/1479 6681/4213/1479 6685/4215/1479
f 6686/4216/1479 6685/4215/1479 6681/4213/1479
f 6689/4217/1480 6688/4218/1480 6687/4219/1480
f 6690/4220/1480 6687/4219/1480 6688/4218/1480
f 6690/4220/1480 6688/4218/1480 6691/4221/1480
f 6692/4222/1480 6691/4221/1480 6688/4218/1480
f 6695/4200/1753 6694/4198/1753 6693/4199/1753
f 6696/4197/1753 6693/4199/1753 6694/4198/1753
f 6693/4199/1755 6696/4197/1755 6697/4203/1755
f 6698/4204/1755 6697/4203/1755 6696/4197/1755
f 6697/4203/1756 6698/4204/1756 6699/4205/1756
f 6700/4206/1756 6699/4205/1756 6698/4204/1756
f 6699/4205/1757 6700/4206/1757 6701/4207/1757
f 6702/4208/1757 6701/4207/1757 6700/4206/1757
f 6701/4207/1758 6702/4208/1758 6703/4209/1758
f 6704/4210/1758 6703/4209/1758 6702/4208/1758
f 6694/4198/1754 6695/4200/1754 6705/4201/1754
f 6706/4202/1754 6705/4201/1754 6695/4200/1754
f 6709/4214/1480 6708/4212/1480 6707/4213/1480
f 6710/4211/1480 6707/4213/1480 6708/4212/1480
f 6710/4211/1480 6711/4215/1480 6707/4213/1480
f 6712/4216/1480 6707/4213/1480 6711/4215/1480
f 6715/4220/1479 6714/4218/1479 6713/4219/1479
f 6716/4217/1479 6713/4219/1479 6714/4218/1479
f 6715/4220/1479 6717/4221/1479 6714/4218/1479
f 6718/4222/1479 6714/4218/1479 6717/4221/1479
f 6721/4223/1759 6720/4224/1759 6719/4225/1759
f 6722/4226/1759 6719/4225/1759 6720/4224/1759
f 6725/4227/1760 6724/4228/1760 6723/4229/1760
f 6726/4230/1760 6723/4229/1760 6724/4228/1760
f 6729/4231/1479 6728/4232/1479 6727/4233/1479
f 6730/4234/1479 6727/4233/1479 6728/4232/1479
f 6733/4235/1480 6732/4236/1480 6731/4237/1480
f 6734/4238/1480 6731/4237/1480 6732/4236/1480
f 6737/4239/1761 6736/4240/1761 6735/4241/1761
f 6738/4242/1762 6735/4241/1762 6736/4240/1762
f 6735/4241/1763 6738/4242/1763 6739/4243/1763
f 6740/4244/1763 6739/4243/1763 6738/4242/1763
f 6739/4243/1764 6740/4244/1764 6741/4245/1764
f 6742/4246/1765 6741/4245/1765 6740/4244/1765
f 6741/4245/1766 6742/4246/1766 6743/4247/1766
f 6744/4248/1767 6743/4247/1767 6742/4246/1767
f 6743/4247/1768 6744/4248/1768 6745/4249/1768
f 6746/4250/1769 6745/4249/1769 6744/4248/1769
f 6745/4249/1770 6746/4250/1770 6747/4251/1770
f 6748/4252/1771 6747/4251/1771 6746/4250/1771
f 6747/4251/1772 6748/4252/1772 6749/4253/1772
f 6750/4254/1772 6749/4253/1772 6748/4252/1772
f 6749/4253/1773 6750/4254/1773 6737/4239/1773
f 6736/4240/1773 6737/4239/1773 6750/4254/1773
f 6753/4255/1774 6752/4256/1774 6751/4257/1774
f 6754/4258/1774 6751/4257/1774 6752/4256/1774
f 6754/4258/1775 6752/4256/1775 6755/4259/1775
f 6756/4260/1775 6755/4259/1775 6752/4256/1775
f 6756/4260/1776 6757/4261/1776 6755/4259/1776
f 6751/4257/1777 6758/4262/1777 6753/4255/1777
f 6761/4263/1778 6760/4264/1778 6759/4265/1778
f 6762/4266/1778 6759/4265/1778 6760/4264/1778
f 6760/4264/1779 6763/4267/1779 6762/4266/1779
f 6761/4263/1780 6759/4265/1780 6764/4268/1780
f 6765/4269/1780 6764/4268/1780 6759/4265/1780
f 6765/4269/1779 6766/4270/1779 6764/4268/1779
f 6778/4226/1759 6777/4224/1759 6776/4225/1759
f 6779/4223/1759 6776/4225/1759 6777/4224/1759
f 6782/4230/1760 6781/4228/1760 6780/4229/1760
f 6783/4227/1760 6780/4229/1760 6781/4228/1760
f 6786/4234/1480 6785/4232/1480 6784/4233/1480
f 6787/4231/1480 6784/4233/1480 6785/4232/1480
f 6790/4238/1479 6789/4236/1479 6788/4237/1479
f 6791/4235/1479 6788/4237/1479 6789/4236/1479
f 6794/4242/1781 6793/4240/1781 6792/4241/1781
f 6795/4239/1782 6792/4241/1782 6793/4240/1782
f 6793/4240/1772 6796/4254/1772 6795/4239/1772
f 6797/4253/1772 6795/4239/1772 6796/4254/1772
f 6796/4254/1783 6798/4252/1783 6797/4253/1783
f 6799/4251/1783 6797/4253/1783 6798/4252/1783
f 6798/4252/1784 6800/4250/1784 6799/4251/1784
f 6801/4249/1785 6799/4251/1785 6800/4250/1785
f 6800/4250/1763 6802/4248/1763 6801/4249/1763
f 6803/4247/1786 6801/4249/1786 6802/4248/1786
f 6802/4248/1787 6804/4246/1787 6803/4247/1787
f 6805/4245/1788 6803/4247/1788 6804/4246/1788
f 6804/4246/1789 6806/4244/1789 6805/4245/1789
f 6807/4243/1790 6805/4245/1790 6806/4244/1790
f 6806/4244/1768 6794/4242/1768 6807/4243/1768
f 6792/4241/1768 6807/4243/1768 6794/4242/1768
f 6810/4258/1774 6809/4256/1774 6808/4257/1774
f 6811/4255/1774 6808/4257/1774 6809/4256/1774
f 6812/4262/1777 6808/4257/1777 6811/4255/1777
f 6810/4258/1775 6813/4259/1775 6809/4256/1775
f 6814/4260/1775 6809/4256/1775 6813/4259/1775
f 6815/4261/1776 6814/4260/1776 6813/4259/1776
f 6818/4266/1778 6817/4264/1778 6816/4265/1778
f 6819/4263/1778 6816/4265/1778 6817/4264/1778
f 6819/4263/1780 6820/4268/1780 6816/4265/1780
f 6821/4269/1780 6816/4265/1780 6820/4268/1780
f 6822/4270/1779 6821/4269/1779 6820/4268/1779
f 6823/4267/1779 6817/4264/1779 6818/4266/1779
f 6835/4271/1791 6834/4272/1791 6833/4273/1791
f 6836/4274/1792 6833/4273/1792 6834/4272/1792
f 6839/4275/1793 6838/4276/1793 6837/4277/1793
f 6840/4278/1793 6837/4277/1793 6838/4276/1793
f 6843/4279/1794 6842/4280/1794 6841/4281/1794
f 6844/4282/1795 6841/4281/1795 6842/4280/1795
f 6847/4283/1796 6846/4284/1796 6845/4285/1796
f 6848/4286/1796 6845/4285/1796 6846/4284/1796
f 6851/4287/1797 6850/4288/1797 6849/4289/1797
f 6852/4290/1798 6849/4289/1798 6850/4288/1798
f 6855/4291/1479 6854/4292/1479 6853/4293/1479
f 6856/4294/1479 6853/4293/1479 6854/4292/1479
f 6857/4295/1479 6855/4291/1479 6853/4293/1479
f 6858/4296/1479 6855/4291/1479 6857/4295/1479
f 6859/4297/1479 6858/4296/1479 6857/4295/1479
f 6858/4296/1479 6859/4297/1479 6860/4298/1479
f 6861/4299/1479 6860/4298/1479 6859/4297/1479
f 6864/4300/1493 6863/4301/1493 6862/4302/1493
f 6865/4303/1493 6862/4302/1493 6863/4301/1493
f 6863/4301/1799 6866/4304/1799 6865/4303/1799
f 6867/4305/1799 6865/4303/1799 6866/4304/1799
f 6870/4306/1486 6869/4307/1486 6868/4308/1486
f 6871/4309/1486 6868/4308/1486 6869/4307/1486
f 6874/4310/1478 6873/4311/1478 6872/4312/1478
f 6875/4313/1478 6873/4311/1478 6874/4310/1478
f 6878/4314/1481 6877/4315/1481 6876/4316/1481
f 6879/4317/1481 6876/4316/1481 6877/4315/1481
f 6882/4318/1800 6881/4319/1800 6880/4320/1800
f 6883/4321/1800 6880/4320/1800 6881/4319/1800
f 6881/4319/1493 6884/4322/1493 6883/4321/1493
f 6885/4323/1493 6883/4321/1493 6884/4322/1493
f 6888/4324/1801 6887/4325/1801 6886/4326/1801
f 6889/4327/1801 6886/4326/1801 6887/4325/1801
f 6887/4325/1802 6888/4324/1802 6890/4328/1802
f 6891/4329/1802 6890/4328/1802 6888/4324/1802
f 6894/4330/1803 6893/4331/1803 6892/4332/1803
f 6895/4333/1804 6892/4332/1804 6893/4331/1804
f 6892/4332/1805 6895/4333/1805 6896/4334/1805
f 6897/4335/1805 6896/4334/1805 6895/4333/1805
f 6896/4334/1806 6897/4335/1806 6898/4336/1806
f 6899/4337/1807 6898/4336/1807 6897/4335/1807
f 6898/4336/1808 6899/4337/1808 6900/4338/1808
f 6901/4339/1809 6900/4338/1809 6899/4337/1809
f 6893/4331/1810 6894/4330/1810 6902/4340/1810
f 6903/4341/1811 6902/4340/1811 6894/4330/1811
f 6902/4340/1812 6903/4341/1812 6904/4342/1812
f 6905/4343/1812 6904/4342/1812 6903/4341/1812
f 6908/4344/1480 6907/4345/1480 6906/4346/1480
f 6909/4347/1480 6906/4346/1480 6907/4345/1480
f 6908/4344/1480 6910/4348/1480 6907/4345/1480
f 6911/4349/1480 6907/4345/1480 6910/4348/1480
f 6914/4350/1479 6913/4351/1479 6912/4352/1479
f 6912/4352/1479 6915/4353/1479 6914/4350/1479
f 6916/4354/1479 6914/4350/1479 6915/4353/1479
f 6915/4353/1479 6917/4355/1479 6916/4354/1479
f 6918/4356/1479 6916/4354/1479 6917/4355/1479
f 6921/4357/1480 6920/4358/1480 6919/4359/1480
f 6922/4360/1480 6919/4359/1480 6920/4358/1480
f 6921/4357/1480 6923/4361/1480 6920/4358/1480
f 6924/4362/1480 6920/4358/1480 6923/4361/1480
f 6925/4363/1480 6924/4362/1480 6923/4361/1480
f 6928/4364/1813 6927/4365/1813 6926/4366/1813
f 6929/4367/1813 6926/4366/1813 6927/4365/1813
f 6927/4365/1814 6930/4368/1814 6929/4367/1814
f 6931/4369/1814 6929/4367/1814 6930/4368/1814
f 6931/4369/1815 6930/4368/1815 6932/4370/1815
f 6933/4371/1815 6932/4370/1815 6930/4368/1815
f 6932/4370/1816 6933/4371/1816 6934/4372/1816
f 6935/4373/1816 6934/4372/1816 6933/4371/1816
f 6928/4364/1817 6926/4366/1817 6936/4374/1817
f 6937/4375/1817 6936/4374/1817 6926/4366/1817
f 6936/4374/1818 6937/4375/1818 6938/4376/1818
f 6939/4377/1818 6938/4376/1818 6937/4375/1818
f 6942/4378/1819 6941/4379/1819 6940/4380/1819
f 6943/4381/1819 6940/4380/1819 6941/4379/1819
f 6940/4380/1820 6943/4381/1820 6944/4382/1820
f 6945/4383/1820 6944/4382/1820 6943/4381/1820
f 6948/4382/1821 6947/4383/1821 6946/4384/1821
f 6949/4385/1821 6946/4384/1821 6945/4383/1821
f 6951/4386/1822 6950/4387/1822 6942/4378/1822
f 6953/4379/1822 6952/4378/1822 6950/4387/1822
f 6956/4388/1823 6955/4389/1823 6954/4390/1823
f 6957/4391/1823 6954/4390/1823 6955/4389/1823
f 6960/4392/1824 6959/4393/1824 6958/4394/1824
f 6961/4395/1824 6958/4394/1824 6959/4393/1824
f 6964/4396/1825 6963/4397/1825 6962/4398/1825
f 6965/4399/1826 6962/4398/1826 6963/4397/1826
f 6962/4398/1827 6965/4399/1827 6966/4400/1827
f 6967/4401/1827 6966/4400/1827 6965/4399/1827
f 6963/4397/1828 6964/4396/1828 6968/4402/1828
f 6969/4403/1829 6968/4402/1829 6964/4396/1829
f 6972/4400/1830 6971/4401/1830 6970/4404/1830
f 6973/4405/1830 6970/4404/1830 6971/4401/1830
f 6976/4406/1831 6975/4407/1831 6974/4408/1831
f 6977/4409/1832 6974/4408/1832 6975/4407/1832
f 6980/4410/1833 6979/4411/1833 6978/4412/1833
f 6981/4413/1834 6978/4412/1834 6979/4411/1834
f 6984/4414/1493 6983/4415/1493 6982/4416/1493
f 6985/4417/1493 6982/4416/1493 6983/4415/1493
f 6988/4418/1478 6987/4419/1478 6986/4420/1478
f 6989/4421/1478 6986/4420/1478 6987/4419/1478
f 6992/4422/1479 6991/4423/1479 6990/4424/1479
f 6993/4425/1479 6990/4424/1479 6991/4423/1479
f 6996/4426/1835 6995/4427/1835 6994/4428/1835
f 6997/4429/1835 6994/4428/1835 6995/4427/1835
f 7000/4430/1480 6999/4431/1480 6998/4432/1480
f 7001/4433/1480 6998/4432/1480 6999/4431/1480
f 7004/4434/1836 7003/4435/1836 7002/4436/1836
f 7005/4437/1836 7002/4436/1836 7003/4435/1836
f 7008/4438/1837 7007/4439/1837 7006/4440/1837
f 7009/4441/1837 7006/4440/1837 7007/4439/1837
f 7006/4440/1546 7009/4441/1546 7010/4442/1546
f 7011/4443/1546 7010/4442/1546 7009/4441/1546
f 7014/4442/1555 7013/4443/1555 7012/4444/1555
f 7015/4445/1555 7012/4444/1555 7013/4443/1555
f 7017/4446/1558 7016/4447/1558 7008/4438/1558
f 7019/4439/1558 7018/4438/1558 7016/4447/1558
f 7022/4448/1838 7021/4449/1838 7020/4450/1838
f 7023/4451/1839 7020/4450/1839 7021/4449/1839
f 7021/4449/1840 7024/4452/1840 7023/4451/1840
f 7025/4453/1841 7023/4451/1841 7024/4452/1841
f 7025/4453/1842 7024/4452/1842 7026/4454/1842
f 7027/4455/1843 7026/4454/1843 7024/4452/1843
f 7027/4455/1844 7028/4456/1844 7026/4454/1844
f 7031/4450/1845 7030/4451/1845 7029/4457/1845
f 7032/4458/1846 7029/4457/1846 7030/4451/1846
f 7032/4458/1847 7030/4451/1847 7033/4459/1847
f 7034/4453/1848 7033/4459/1848 7030/4451/1848
f 7034/4453/1849 7035/4454/1849 7033/4459/1849
f 7036/4460/1850 7033/4459/1850 7035/4454/1850
f 7035/4454/1851 7037/4461/1851 7036/4460/1851
f 7038/4462/1852 7036/4460/1852 7037/4461/1852
f 7038/4462/1853 7037/4461/1853 7039/4463/1853
f 7040/4464/1854 7039/4463/1854 7037/4461/1854
f 7043/4465/1855 7042/4457/1855 7041/4466/1855
f 7044/4458/1856 7041/4466/1856 7042/4457/1856
f 7041/4466/1857 7044/4458/1857 7045/4467/1857
f 7046/4459/1858 7045/4467/1858 7044/4458/1858
f 7046/4459/1859 7047/4460/1859 7045/4467/1859
f 7048/4468/1860 7045/4467/1860 7047/4460/1860
f 7048/4468/1861 7047/4460/1861 7049/4469/1861
f 7051/4461/1862 7028/4456/1862 7050/4464/1862
f 7052/4470/1863 7050/4464/1863 7028/4456/1863
f 7051/4461/1864 7053/4454/1864 7028/4456/1864
f 7049/4469/1865 7055/4462/1865 7054/4471/1865
f 7056/4463/1866 7054/4471/1866 7055/4462/1866
f 7055/4462/1867 7049/4469/1867 7057/4460/1867
f 7060/4472/1868 7059/4473/1868 7058/4474/1868
f 7061/4475/1869 7058/4474/1869 7059/4473/1869
f 7059/4473/1870 7062/4476/1870 7061/4475/1870
f 7063/4477/1841 7061/4475/1841 7062/4476/1841
f 7063/4477/1842 7062/4476/1842 7064/4478/1842
f 7065/4479/1843 7064/4478/1843 7062/4476/1843
f 7065/4479/1871 7066/4480/1871 7064/4478/1871
f 7069/4474/1872 7068/4475/1872 7067/4481/1872
f 7070/4482/1873 7067/4481/1873 7068/4475/1873
f 7070/4482/1847 7068/4475/1847 7071/4483/1847
f 7072/4477/1848 7071/4483/1848 7068/4475/1848
f 7072/4477/1849 7073/4478/1849 7071/4483/1849
f 7074/4484/1874 7071/4483/1874 7073/4478/1874
f 7073/4478/1851 7075/4485/1851 7074/4484/1851
f 7076/4486/1852 7074/4484/1852 7075/4485/1852
f 7076/4486/1853 7075/4485/1853 7077/4487/1853
f 7078/4488/1854 7077/4487/1854 7075/4485/1854
f 7081/4489/1875 7080/4481/1875 7079/4490/1875
f 7082/4482/1876 7079/4490/1876 7080/4481/1876
f 7079/4490/1877 7082/4482/1877 7083/4491/1877
f 7084/4483/1858 7083/4491/1858 7082/4482/1858
f 7084/4483/1859 7085/4484/1859 7083/4491/1859
f 7086/4492/1860 7083/4491/1860 7085/4484/1860
f 7086/4492/1878 7085/4484/1878 7087/4493/1878
f 7089/4485/1879 7066/4480/1879 7088/4488/1879
f 7090/4494/1880 7088/4488/1880 7066/4480/1880
f 7089/4485/1881 7091/4478/1881 7066/4480/1881
f 7087/4493/1882 7093/4486/1882 7092/4495/1882
f 7094/4487/1866 7092/4495/1866 7093/4486/1866
f 7093/4486/1883 7087/4493/1883 7095/4484/1883
l 6771 6772
l 6829 6830
l 6826 6827
l 6768 6769
l 6772 6773
l 6830 6831
l 6769 6770
l 6831 6832
l 6774 6775
l 6824 6825
l 6824 6826
l 6770 6771
l 6828 6829
l 6767 6768
l 6767 6774
l 6825 6828
o m3
v 0.436922 0.023640 -0.294599
v 0.273422 0.177741 11.487802
v 0.379222 0.238840 -0.294599
v 0.314722 0.023641 11.487802
v 0.379222 -0.191461 -0.294599
v 0.273422 -0.130360 11.487802
v 0.221722 -0.349061 -0.294599
v 0.160622 -0.243159 11.487802
v 0.006622 -0.406660 -0.294599
v 0.006622 -0.284459 11.487802
v 0.160622 0.290441 11.487802
v 0.221722 0.396339 -0.294599
v 0.006622 0.331740 11.487802
v 0.006622 0.453939 -0.294599
v -0.147478 0.290441 11.487802
v -0.208578 0.396339 -0.294599
v -0.260178 0.177741 11.487802
v -0.366078 0.238840 -0.294599
v -0.301478 0.023641 11.487802
v -0.423778 0.023640 -0.294599
v -0.260178 -0.130360 11.487802
v -0.366078 -0.191461 -0.294599
v -0.147478 -0.243159 11.487802
v -0.208578 -0.349061 -0.294599
v 0.006622 -0.284459 11.487802
v 0.006622 -0.406660 -0.294599
v 0.435822 -0.224160 -0.294599
v 0.422022 0.023641 11.489302
v 0.365222 0.230640 11.630402
v 0.366322 0.231340 11.489302
v 0.420622 0.023641 11.630402
v 0.366322 -0.184060 11.489302
v 0.365222 -0.183360 11.630402
v 0.214322 -0.336060 11.489302
v 0.213622 -0.334960 11.630402
v 0.006622 -0.391759 11.489302
v 0.006622 -0.390359 11.630402
v 0.213622 0.382240 11.630402
v 0.214322 0.383440 11.489302
v 0.006622 0.437740 11.630402
v 0.006622 0.439041 11.489302
v -0.200478 0.382240 11.630402
v -0.201078 0.383440 11.489302
v -0.351978 0.230640 11.630402
v -0.353178 0.231340 11.489302
v -0.407478 0.023641 11.630402
v -0.408778 0.023641 11.489302
v -0.351978 -0.183360 11.630402
v -0.353178 -0.184060 11.489302
v -0.200478 -0.334960 11.630402
v -0.201078 -0.336060 11.489302
v 0.006622 -0.390359 11.630402
v 0.006622 -0.391759 11.489302
v 0.420622 0.023641 11.630402
v 0.216122 0.233140 11.629002
v 0.365222 0.230640 11.630402
v 0.292822 -0.053060 11.629002
v 0.365222 -0.183360 11.630402
v 0.213622 -0.334960 11.630402
v 0.083322 -0.262559 11.629002
v 0.006622 -0.390359 11.630402
v -0.200478 -0.334960 11.630402
v -0.202878 -0.185860 11.629002
v -0.351978 -0.183360 11.630402
v -0.407478 0.023641 11.630402
v -0.279578 0.100340 11.629002
v -0.351978 0.230640 11.630402
v -0.200478 0.382240 11.630402
v -0.070078 0.309841 11.629002
v 0.006622 0.437740 11.630402
v 0.213622 0.382240 11.630402
v 0.366322 0.231340 11.489302
v 0.314722 0.023641 11.487802
v 0.422022 0.023641 11.489302
v 0.273422 0.177741 11.487802
v 0.214322 0.383440 11.489302
v 0.160622 0.290441 11.487802
v 0.006622 0.439041 11.489302
v 0.006622 0.331740 11.487802
v -0.201078 0.383440 11.489302
v -0.147478 0.290441 11.487802
v -0.353178 0.231340 11.489302
v -0.260178 0.177741 11.487802
v -0.408778 0.023641 11.489302
v -0.301478 0.023641 11.487802
v -0.353178 -0.184060 11.489302
v -0.260178 -0.130360 11.487802
v -0.201078 -0.336060 11.489302
v -0.147478 -0.243159 11.487802
v 0.006622 -0.391759 11.489302
v 0.006622 -0.284459 11.487802
v 0.214322 -0.336060 11.489302
v 0.160622 -0.243159 11.487802
v 0.366322 -0.184060 11.489302
v 0.273422 -0.130360 11.487802
v 0.379222 0.238840 -0.294599
v 0.436922 0.023640 -0.294599
v 0.435822 -0.224160 -0.294599
v 0.379222 -0.191461 -0.294599
v 0.221722 -0.349061 -0.294599
v 0.006622 -0.406660 -0.294599
v -0.208578 -0.349061 -0.294599
v -0.366078 -0.191461 -0.294599
v -0.423778 0.023640 -0.294599
v -0.366078 0.238840 -0.294599
v -0.208578 0.396339 -0.294599
v 0.006622 0.453939 -0.294599
v 0.221722 0.396339 -0.294599
v -0.100278 0.230441 12.429002
v -0.005478 0.391641 12.454401
v -0.005478 0.243940 12.429101
v -0.127378 0.373540 12.454701
v -0.225678 0.325841 12.455201
v -0.182978 0.193241 12.428902
v -0.412778 0.357040 12.438901
v -0.253478 0.367841 12.436401
v -0.248978 0.135241 12.428701
v -0.468978 0.257141 12.437001
v -0.503078 0.138341 12.434301
v -0.292178 0.066640 12.428202
v -0.515078 0.006841 12.431401
v -0.306878 -0.009960 12.427801
v -0.503378 -0.124760 12.428601
v -0.291678 -0.086460 12.427402
v -0.469178 -0.243859 12.426201
v -0.249178 -0.157559 12.426902
v -0.411978 -0.343260 12.424101
v -0.185378 -0.214759 12.426401
v -0.222378 -0.304460 12.445501
v -0.254378 -0.351559 12.421902
v -0.100278 -0.250559 12.426201
v -0.125478 -0.362759 12.441201
v -0.005478 -0.262959 12.426102
v -0.005478 -0.384160 12.439801
v 0.114522 -0.362759 12.441201
v 0.089322 -0.250559 12.426201
v 0.211422 -0.304460 12.445501
v 0.174422 -0.214759 12.426401
v 0.401022 -0.343260 12.424101
v 0.243422 -0.351559 12.421902
v 0.238222 -0.157559 12.426902
v 0.458222 -0.243859 12.426201
v 0.280722 -0.086460 12.427402
v 0.492422 -0.124760 12.428601
v 0.295922 -0.009960 12.427801
v 0.504122 0.006841 12.431401
v 0.281222 0.066640 12.428202
v 0.492122 0.138341 12.434301
v 0.238022 0.135241 12.428701
v 0.458122 0.257141 12.437001
v 0.401822 0.357040 12.438901
v 0.172022 0.193241 12.428902
v 0.214722 0.325841 12.455201
v 0.242522 0.367841 12.436401
v 0.089322 0.230441 12.429002
v 0.116422 0.373540 12.454701
v -0.412778 0.357040 12.438901
v -0.207078 0.303640 11.808102
v -0.253478 0.367841 12.436401
v -0.113578 0.354141 11.808702
v -0.140878 0.386241 12.438501
v -0.005478 0.371241 11.809001
v -0.005478 0.405741 12.439001
v 0.129922 0.386241 12.438501
v 0.102622 0.354141 11.808702
v 0.242522 0.367841 12.436401
v 0.196122 0.303640 11.808102
v 0.401822 0.357040 12.438901
v 0.242522 0.351040 13.214801
v 0.129922 0.370941 13.217002
v -0.005478 0.390541 13.217401
v -0.140878 0.370941 13.217002
v -0.253478 0.351040 13.214801
v -0.412778 0.340341 13.217401
v 0.401822 0.340341 13.217401
v -0.210978 -0.261260 11.795402
v -0.140878 -0.374059 12.420601
v -0.113578 -0.310960 11.794401
v -0.254378 -0.351559 12.421902
v -0.411978 -0.343260 12.424101
v -0.140878 -0.389359 13.199101
v -0.254378 -0.368359 13.200301
v -0.411978 -0.359959 13.202502
v -0.005478 -0.408959 13.198602
v -0.005478 -0.393659 12.420201
v 0.129922 -0.374059 12.420601
v 0.129922 -0.389359 13.199101
v 0.243422 -0.351559 12.421902
v 0.243422 -0.368359 13.200301
v 0.401022 -0.359959 13.202502
v 0.200122 -0.261260 11.795402
v 0.102622 -0.310960 11.794401
v -0.005478 -0.328059 11.794002
v 0.401022 -0.343260 12.424101
v -0.122078 0.366140 12.410301
v -0.005478 0.245541 12.409801
v -0.005478 0.386741 12.409902
v -0.100278 0.232040 12.409701
v -0.220878 0.351841 12.411801
v -0.182978 0.194740 12.409801
v -0.407778 0.330141 12.400301
v -0.248978 0.136741 12.409701
v -0.457178 0.253140 12.391401
v -0.490078 0.136741 12.388802
v -0.292178 0.068141 12.409202
v -0.501478 0.007741 12.386002
v -0.306878 -0.008460 12.409001
v -0.490178 -0.121260 12.383302
v -0.291678 -0.084859 12.408401
v -0.457178 -0.237659 12.380801
v -0.249178 -0.156059 12.408502
v -0.411178 -0.317559 12.384301
v -0.185378 -0.213260 12.407102
v -0.168178 -0.354660 12.399101
v -0.100278 -0.249060 12.406901
v -0.005478 -0.261459 12.406801
v -0.005478 -0.365959 12.396101
v 0.157222 -0.354660 12.399101
v 0.089322 -0.249060 12.406901
v 0.174422 -0.213260 12.407102
v 0.400222 -0.317559 12.384301
v 0.238222 -0.156059 12.408502
v 0.446222 -0.237659 12.380801
v 0.280722 -0.084859 12.408401
v 0.479222 -0.121260 12.383302
v 0.295922 -0.008460 12.409001
v 0.490522 0.007741 12.386002
v 0.281222 0.068141 12.409202
v 0.479122 0.136741 12.388802
v 0.238022 0.136741 12.409701
v 0.446222 0.253140 12.391401
v 0.396822 0.330141 12.400301
v 0.172022 0.194740 12.409801
v 0.209922 0.351841 12.411801
v 0.089322 0.232040 12.409701
v 0.111122 0.366140 12.410301
v -0.234478 0.219340 11.935102
v -0.407778 0.330141 12.400301
v -0.220878 0.351841 12.411801
v -0.122078 0.366140 12.410301
v -0.050978 0.228241 11.944901
v -0.005478 0.386741 12.409902
v 0.111122 0.366140 12.410301
v 0.223522 0.219340 11.935102
v 0.209922 0.351841 12.411801
v 0.396822 0.330141 12.400301
v -0.234478 -0.185359 11.927301
v -0.168178 -0.354660 12.399101
v -0.411178 -0.317559 12.384301
v 0.040022 -0.224959 11.936702
v -0.005478 -0.365959 12.396101
v 0.157222 -0.354660 12.399101
v 0.223522 -0.185359 11.927301
v 0.400222 -0.317559 12.384301
v -0.457178 0.253140 12.391401
v -0.503078 0.138341 12.434301
v -0.490078 0.136741 12.388802
v -0.468978 0.257141 12.437001
v -0.407778 0.330141 12.400301
v -0.412778 0.357040 12.438901
v -0.515078 0.006841 12.431401
v -0.501478 0.007741 12.386002
v -0.503378 -0.124760 12.428601
v -0.490178 -0.121260 12.383302
v -0.469178 -0.243859 12.426201
v -0.457178 -0.237659 12.380801
v -0.411178 -0.317559 12.384301
v -0.411978 -0.343260 12.424101
v -0.234478 0.219340 11.935102
v -0.412778 0.357040 12.438901
v -0.407778 0.330141 12.400301
v -0.207078 0.303640 11.808102
v -0.411178 -0.317559 12.384301
v -0.210978 -0.261260 11.795402
v -0.234478 -0.185359 11.927301
v -0.411978 -0.343260 12.424101
v -0.283178 -0.183060 11.798001
v -0.234478 -0.185359 11.927301
v -0.210978 -0.261260 11.795402
v -0.331978 -0.084159 11.800402
v -0.274078 -0.080060 11.878302
v -0.349378 0.021740 11.802602
v -0.288978 0.020240 11.869501
v -0.332678 0.127841 11.804801
v -0.275478 0.120541 11.882602
v -0.283278 0.222641 11.807001
v -0.234478 0.219340 11.935102
v -0.207078 0.303640 11.808102
v -0.104478 0.258541 13.320401
v -0.005478 0.390541 13.217401
v -0.005478 0.273841 13.320601
v -0.140878 0.370941 13.217002
v -0.253478 0.351040 13.214801
v -0.190878 0.216641 13.320001
v -0.412778 0.340341 13.217401
v -0.259778 0.151341 13.319301
v -0.495078 0.140841 13.213201
v -0.304878 0.074041 13.317901
v -0.515078 -0.009960 13.209802
v -0.320178 -0.012259 13.316401
v -0.492678 -0.170159 13.206401
v -0.304278 -0.098559 13.315001
v -0.439378 -0.312359 13.203502
v -0.259978 -0.178559 13.313500
v -0.193278 -0.243060 13.311801
v -0.254378 -0.368359 13.200301
v -0.411978 -0.359959 13.202502
v -0.140878 -0.389359 13.199101
v -0.104478 -0.283359 13.311101
v -0.005478 -0.297359 13.310901
v -0.005478 -0.408959 13.198602
v 0.129922 -0.389359 13.199101
v 0.093522 -0.283359 13.311101
v 0.182322 -0.243060 13.311801
v 0.243422 -0.368359 13.200301
v 0.428422 -0.312359 13.203502
v 0.249022 -0.178559 13.313500
v 0.293322 -0.098559 13.315001
v 0.481722 -0.170159 13.206401
v 0.309222 -0.012259 13.316401
v 0.504122 -0.009960 13.209802
v 0.293922 0.074041 13.317901
v 0.484122 0.140841 13.213201
v 0.248822 0.151341 13.319301
v 0.401822 0.340341 13.217401
v 0.179922 0.216641 13.320001
v 0.242522 0.351040 13.214801
v 0.093522 0.258541 13.320401
v 0.129922 0.370941 13.217002
v 0.401022 -0.359959 13.202502
v -0.005478 0.376640 13.158301
v -0.094478 0.234840 13.230802
v -0.005478 0.248641 13.231202
v -0.128778 0.370241 13.157601
v -0.244278 0.347741 13.154101
v -0.177078 0.197841 13.229701
v -0.404978 0.310441 13.138402
v -0.240478 0.142140 13.228202
v -0.482178 0.138940 13.134702
v -0.281778 0.069740 13.227101
v -0.501478 -0.008160 13.131501
v -0.295778 -0.009859 13.225701
v -0.479478 -0.165160 13.128201
v -0.281578 -0.089960 13.224301
v -0.432178 -0.303459 13.124501
v -0.241078 -0.164159 13.222701
v -0.178878 -0.219059 13.222301
v -0.243678 -0.361859 13.138701
v -0.411178 -0.321859 13.124600
v -0.128478 -0.362259 13.141501
v -0.094878 -0.254759 13.222402
v -0.005478 -0.267459 13.222301
v -0.005478 -0.371759 13.141202
v 0.117622 -0.362259 13.141501
v 0.083922 -0.254759 13.222402
v 0.167922 -0.219059 13.222301
v 0.232722 -0.361859 13.138701
v 0.421222 -0.303459 13.124501
v 0.230222 -0.164159 13.222701
v 0.270622 -0.089960 13.224301
v 0.468622 -0.165160 13.128201
v 0.284822 -0.009859 13.225701
v 0.490522 -0.008160 13.131501
v 0.270822 0.069740 13.227101
v 0.471222 0.138940 13.134702
v 0.229522 0.142140 13.228202
v 0.394022 0.310441 13.138402
v 0.166122 0.197841 13.229701
v 0.233322 0.347741 13.154101
v 0.083522 0.234840 13.230802
v 0.117822 0.370241 13.157601
v 0.400222 -0.321859 13.124600
v -0.225678 0.325841 12.455201
v -0.404978 0.310441 13.138402
v -0.244278 0.347741 13.154101
v -0.127378 0.373540 12.454701
v -0.128778 0.370241 13.157601
v -0.005478 0.391641 12.454401
v -0.005478 0.376640 13.158301
v 0.117822 0.370241 13.157601
v 0.116422 0.373540 12.454701
v 0.233322 0.347741 13.154101
v 0.214722 0.325841 12.455201
v 0.394022 0.310441 13.138402
v -0.222378 -0.304460 12.445501
v -0.125478 -0.362759 12.441201
v -0.243678 -0.361859 13.138701
v -0.128478 -0.362259 13.141501
v -0.005478 -0.371759 13.141202
v -0.005478 -0.384160 12.439801
v 0.114522 -0.362759 12.441201
v 0.117622 -0.362259 13.141501
v 0.211422 -0.304460 12.445501
v 0.232722 -0.361859 13.138701
v 0.400222 -0.321859 13.124600
v -0.411178 -0.321859 13.124600
v -0.094478 0.234840 13.230802
v -0.005478 0.273841 13.320601
v -0.005478 0.248641 13.231202
v -0.104478 0.258541 13.320401
v -0.177078 0.197841 13.229701
v -0.190878 0.216641 13.320001
v -0.240478 0.142140 13.228202
v -0.259778 0.151341 13.319301
v -0.281778 0.069740 13.227101
v -0.304878 0.074041 13.317901
v -0.295778 -0.009859 13.225701
v -0.320178 -0.012259 13.316401
v -0.281578 -0.089960 13.224301
v -0.304278 -0.098559 13.315001
v -0.241078 -0.164159 13.222701
v -0.259978 -0.178559 13.313500
v -0.178878 -0.219059 13.222301
v -0.193278 -0.243060 13.311801
v -0.094878 -0.254759 13.222402
v -0.104478 -0.283359 13.311101
v -0.005478 -0.267459 13.222301
v -0.005478 -0.297359 13.310901
v 0.093522 -0.283359 13.311101
v 0.083922 -0.254759 13.222402
v 0.182322 -0.243060 13.311801
v 0.167922 -0.219059 13.222301
v 0.249022 -0.178559 13.313500
v 0.230222 -0.164159 13.222701
v 0.293322 -0.098559 13.315001
v 0.270622 -0.089960 13.224301
v 0.309222 -0.012259 13.316401
v 0.284822 -0.009859 13.225701
v 0.293922 0.074041 13.317901
v 0.270822 0.069740 13.227101
v 0.248822 0.151341 13.319301
v 0.229522 0.142140 13.228202
v 0.179922 0.216641 13.320001
v 0.166122 0.197841 13.229701
v 0.093522 0.258541 13.320401
v 0.083522 0.234840 13.230802
v -0.005478 0.273841 13.320601
v -0.005478 0.248641 13.231202
v -0.404978 0.310441 13.138402
v -0.495078 0.140841 13.213201
v -0.482178 0.138940 13.134702
v -0.412778 0.340341 13.217401
v -0.515078 -0.009960 13.209802
v -0.501478 -0.008160 13.131501
v -0.492678 -0.170159 13.206401
v -0.479478 -0.165160 13.128201
v -0.439378 -0.312359 13.203502
v -0.432178 -0.303459 13.124501
v -0.411978 -0.359959 13.202502
v -0.411178 -0.321859 13.124600
v -0.225678 0.325841 12.455201
v -0.412778 0.340341 13.217401
v -0.404978 0.310441 13.138402
v -0.253478 0.367841 12.436401
v -0.411178 -0.321859 13.124600
v -0.254378 -0.351559 12.421902
v -0.222378 -0.304460 12.445501
v -0.411978 -0.359959 13.202502
v -0.100278 -0.249060 12.406901
v -0.005478 -0.262959 12.426102
v -0.100278 -0.250559 12.426201
v -0.005478 -0.261459 12.406801
v 0.089322 -0.249060 12.406901
v 0.089322 -0.250559 12.426201
v 0.174422 -0.213260 12.407102
v 0.174422 -0.214759 12.426401
v 0.238222 -0.156059 12.408502
v 0.238222 -0.157559 12.426902
v 0.280722 -0.086460 12.427402
v 0.280722 -0.084859 12.408401
v 0.295922 -0.008460 12.409001
v 0.295922 -0.009960 12.427801
v 0.281222 0.068141 12.409202
v 0.281222 0.066640 12.428202
v 0.238022 0.136741 12.409701
v 0.238022 0.135241 12.428701
v 0.172022 0.193241 12.428902
v 0.172022 0.194740 12.409801
v 0.089322 0.230441 12.429002
v 0.089322 0.232040 12.409701
v -0.005478 0.245541 12.409801
v -0.005478 0.243940 12.429101
v -0.005478 0.245541 12.409801
v -0.100278 0.230441 12.429002
v -0.005478 0.243940 12.429101
v -0.100278 0.232040 12.409701
v -0.182978 0.194740 12.409801
v -0.182978 0.193241 12.428902
v -0.248978 0.136741 12.409701
v -0.248978 0.135241 12.428701
v -0.292178 0.066640 12.428202
v -0.292178 0.068141 12.409202
v -0.306878 -0.009960 12.427801
v -0.306878 -0.008460 12.409001
v -0.291678 -0.086460 12.427402
v -0.291678 -0.084859 12.408401
v -0.249178 -0.156059 12.408502
v -0.249178 -0.157559 12.426902
v -0.185378 -0.214759 12.426401
v -0.185378 -0.213260 12.407102
v 0.446222 0.253140 12.391401
v 0.492122 0.138341 12.434301
v 0.458122 0.257141 12.437001
v 0.479122 0.136741 12.388802
v 0.504122 0.006841 12.431401
v 0.490522 0.007741 12.386002
v 0.492422 -0.124760 12.428601
v 0.479222 -0.121260 12.383302
v 0.458222 -0.243859 12.426201
v 0.446222 -0.237659 12.380801
v 0.400222 -0.317559 12.384301
v 0.401022 -0.343260 12.424101
v 0.396822 0.330141 12.400301
v 0.401822 0.357040 12.438901
v 0.223522 0.219340 11.935102
v 0.401822 0.357040 12.438901
v 0.196122 0.303640 11.808102
v 0.396822 0.330141 12.400301
v 0.400222 -0.317559 12.384301
v 0.200122 -0.261260 11.795402
v 0.401022 -0.343260 12.424101
v 0.223522 -0.185359 11.927301
v 0.272222 -0.183060 11.798001
v 0.200122 -0.261260 11.795402
v 0.223522 -0.185359 11.927301
v 0.321022 -0.084159 11.800402
v 0.263122 -0.080060 11.878302
v 0.338422 0.021740 11.802602
v 0.278022 0.020240 11.869501
v 0.321722 0.127841 11.804801
v 0.264522 0.120541 11.882602
v 0.272322 0.222641 11.807001
v 0.223522 0.219340 11.935102
v 0.196122 0.303640 11.808102
v 0.394022 0.310441 13.138402
v 0.484122 0.140841 13.213201
v 0.401822 0.340341 13.217401
v 0.471222 0.138940 13.134702
v 0.504122 -0.009960 13.209802
v 0.490522 -0.008160 13.131501
v 0.481722 -0.170159 13.206401
v 0.468622 -0.165160 13.128201
v 0.428422 -0.312359 13.203502
v 0.421222 -0.303459 13.124501
v 0.401022 -0.359959 13.202502
v 0.400222 -0.321859 13.124600
v 0.214722 0.325841 12.455201
v 0.401822 0.340341 13.217401
v 0.242522 0.367841 12.436401
v 0.394022 0.310441 13.138402
v 0.400222 -0.321859 13.124600
v 0.243422 -0.351559 12.421902
v 0.401022 -0.359959 13.202502
v 0.211422 -0.304460 12.445501
v -0.207078 0.303640 11.808102
v -0.111578 0.352540 11.614801
v -0.113578 0.354141 11.808702
v -0.203478 0.303040 11.614402
v -0.283278 0.222641 11.807001
v -0.278378 0.223441 11.613502
v -0.332678 0.127841 11.804801
v -0.326778 0.130341 11.611701
v -0.349378 0.021740 11.802602
v -0.343278 0.026141 11.609801
v -0.331978 -0.084159 11.800402
v -0.326178 -0.077859 11.608002
v -0.283178 -0.183060 11.798001
v -0.278178 -0.175059 11.606001
v -0.210978 -0.261260 11.795402
v -0.207378 -0.251860 11.603901
v -0.113578 -0.310960 11.794401
v -0.111578 -0.300560 11.603002
v -0.005478 -0.328059 11.794002
v -0.005478 -0.317359 11.602701
v -0.005478 0.369441 11.615102
v -0.005478 0.371241 11.809001
v 0.100622 0.352540 11.614801
v 0.102622 0.354141 11.808702
v 0.192522 0.303040 11.614402
v 0.196122 0.303640 11.808102
v 0.267422 0.223441 11.613502
v 0.272322 0.222641 11.807001
v 0.315822 0.130341 11.611701
v 0.321722 0.127841 11.804801
v 0.332322 0.026141 11.609801
v 0.338422 0.021740 11.802602
v 0.315222 -0.077859 11.608002
v 0.321022 -0.084159 11.800402
v 0.267322 -0.175059 11.606001
v 0.272222 -0.183060 11.798001
v 0.196422 -0.251860 11.603901
v 0.200122 -0.261260 11.795402
v 0.100622 -0.300560 11.603002
v 0.102622 -0.310960 11.794401
v -0.005478 -0.317359 11.602701
v -0.005478 -0.328059 11.794002
v -0.274078 -0.080060 11.878302
v -0.005478 0.016040 11.220101
v -0.234478 -0.185359 11.927301
v -0.288978 0.020240 11.869501
v -0.275478 0.120541 11.882602
v -0.234478 0.219340 11.935102
v 0.040022 -0.224959 11.936702
v 0.223522 -0.185359 11.927301
v -0.050978 0.228241 11.944901
v -0.005478 0.016040 11.220101
v -0.005478 0.016040 11.220101
v 0.263122 -0.080060 11.878302
v 0.278022 0.020240 11.869501
v 0.264522 0.120541 11.882602
v 0.223522 0.219340 11.935102
v -0.005478 0.016040 11.220101
v -0.050978 0.228241 11.944901
v 0.413122 -0.211060 -0.298399
v 0.413122 -0.211060 -0.298399
v 0.413122 -0.211060 -0.298399
vn 0.9658 0.2590 0.0100
vn 0.9659 0.2589 0.0100
vn 0.9658 -0.2591 0.0100
vn 0.9658 -0.2590 0.0100
vn 0.7073 -0.7068 0.0100
vn 0.7071 -0.7071 0.0100
vn 0.2587 -0.9659 0.0100
vn 0.2590 -0.9658 0.0100
vn 0.7068 0.7074 0.0100
vn 0.7071 0.7071 0.0100
vn 0.2590 0.9658 0.0100
vn 0.2587 0.9659 0.0100
vn -0.2589 0.9659 0.0100
vn -0.2585 0.9659 0.0100
vn -0.7071 0.7071 0.0100
vn -0.9659 0.2589 0.0100
vn -0.9658 0.2590 0.0100
vn -0.9658 -0.2590 0.0100
vn -0.9658 -0.2591 0.0100
vn -0.7074 -0.7068 0.0100
vn -0.7073 -0.7068 0.0100
vn -0.2589 -0.9659 0.0100
vn -0.2585 -0.9659 0.0100
vn 0.9658 0.2590 0.0088
vn 0.9660 0.2585 0.0096
vn 0.9658 -0.2590 0.0096
vn 0.9660 -0.2585 0.0088
vn 0.7071 -0.7071 0.0090
vn 0.2590 -0.9658 0.0088
vn 0.2585 -0.9660 0.0096
vn 0.7071 0.7071 0.0090
vn 0.7073 0.7068 0.0095
vn 0.2590 0.9658 0.0095
vn 0.2586 0.9659 0.0089
vn -0.2588 0.9659 0.0089
vn -0.2586 0.9659 0.0093
vn -0.7073 0.7068 0.0090
vn -0.7071 0.7071 0.0095
vn -0.9658 0.2590 0.0095
vn -0.9659 0.2586 0.0089
vn -0.9658 -0.2590 0.0089
vn -0.9659 -0.2586 0.0095
vn -0.7073 -0.7068 0.0095
vn -0.7068 -0.7073 0.0085
vn -0.2584 -0.9660 0.0086
vn -0.2590 -0.9658 0.0096
vn -0.0094 -0.0025 1.0000
vn -0.0130 0.0035 0.9999
vn -0.0069 0.0069 1.0000
vn -0.0035 0.0130 0.9999
vn 0.0025 0.0094 1.0000
vn 0.0095 0.0095 0.9999
vn 0.0094 0.0025 1.0000
vn 0.0130 -0.0035 0.9999
vn 0.0069 -0.0069 1.0000
vn 0.0035 -0.0130 0.9999
vn -0.0025 -0.0094 1.0000
vn -0.0095 -0.0095 0.9999
vn 0.0140 0.0037 -0.9999
vn 0.0103 0.0102 -0.9999
vn 0.0102 0.0102 -0.9999
vn 0.0037 0.0140 -0.9999
vn 0.0038 0.0140 -0.9999
vn -0.0037 0.0140 -0.9999
vn -0.0102 0.0102 -0.9999
vn -0.0140 0.0037 -0.9999
vn -0.0140 -0.0037 -0.9999
vn -0.0102 -0.0102 -0.9999
vn -0.0037 -0.0140 -0.9999
vn 0.0038 -0.0140 -0.9999
vn 0.0037 -0.0140 -0.9999
vn 0.0103 -0.0102 -0.9999
vn 0.0102 -0.0102 -0.9999
vn 0.0140 -0.0037 -0.9999
vn -0.0000 -0.0000 1.0000
vn 0.0230 -0.1688 0.9854
vn 0.0279 -0.1716 0.9848
vn 0.0831 -0.1609 0.9835
vn 0.0755 -0.1705 0.9825
vn -0.1226 -0.2309 0.9652
vn -0.0128 0.4014 0.9158
vn 0.0227 -0.0292 0.9993
vn 0.0207 -0.0307 0.9993
vn 0.0217 -0.0289 0.9993
vn 0.0218 -0.0210 0.9995
vn 0.0208 -0.0239 0.9995
vn 0.0166 -0.0084 0.9998
vn 0.0157 -0.0199 0.9997
vn 0.0064 -0.0040 1.0000
vn 0.0089 -0.0176 0.9998
vn -0.0003 -0.0072 1.0000
vn 0.0041 -0.0187 0.9998
vn -0.0032 -0.0123 0.9999
vn -0.1622 0.2691 0.9494
vn -0.0108 -0.4421 0.8969
vn 0.0769 0.1772 0.9812
vn 0.1087 0.1077 0.9882
vn 0.0179 0.1286 0.9915
vn 0.0316 0.1123 0.9932
vn -0.0316 0.1123 0.9932
vn -0.0179 0.1286 0.9915
vn -0.1087 0.1077 0.9882
vn -0.0769 0.1772 0.9812
vn 0.1622 0.2691 0.9494
vn 0.0108 -0.4421 0.8969
vn 0.0032 -0.0123 0.9999
vn -0.0041 -0.0187 0.9998
vn 0.0003 -0.0072 1.0000
vn -0.0089 -0.0176 0.9998
vn -0.0064 -0.0040 1.0000
vn -0.0157 -0.0199 0.9997
vn -0.0166 -0.0084 0.9998
vn -0.0208 -0.0239 0.9995
vn -0.0218 -0.0210 0.9995
vn -0.0217 -0.0289 0.9993
vn -0.0207 -0.0307 0.9993
vn -0.0227 -0.0292 0.9993
vn 0.1226 -0.2309 0.9652
vn 0.0128 0.4014 0.9158
vn -0.0755 -0.1705 0.9825
vn -0.0831 -0.1609 0.9835
vn -0.0279 -0.1716 0.9848
vn -0.0230 -0.1688 0.9854
vn -0.0689 0.9919 -0.1064
vn -0.4709 0.8734 -0.1240
vn -0.1600 0.9855 -0.0572
vn -0.1558 0.9861 -0.0570
vn -0.1421 0.9884 -0.0541
vn 0.1421 0.9884 -0.0541
vn 0.1558 0.9861 -0.0570
vn 0.1600 0.9855 -0.0572
vn 0.4709 0.8734 -0.1240
vn 0.0689 0.9919 -0.1064
vn 0.1616 0.9866 0.0213
vn 0.1744 0.9845 0.0193
vn 0.1426 0.9896 0.0194
vn 0.1433 0.9895 0.0193
vn -0.1433 0.9895 0.0193
vn -0.1426 0.9896 0.0194
vn -0.1744 0.9845 0.0193
vn -0.1616 0.9866 0.0213
vn -0.0667 0.9975 0.0215
vn 0.0667 0.9975 0.0215
vn -0.4527 -0.8850 -0.1089
vn -0.1939 -0.9690 -0.1531
vn -0.0541 -0.9878 -0.1461
vn -0.1946 -0.9807 -0.0193
vn -0.1821 -0.9830 -0.0212
vn -0.0535 -0.9983 -0.0215
vn -0.1433 -0.9895 -0.0194
vn 0.1433 -0.9895 -0.0194
vn 0.1946 -0.9807 -0.0193
vn 0.1821 -0.9830 -0.0212
vn 0.0535 -0.9983 -0.0215
vn 0.1939 -0.9690 -0.1531
vn 0.4523 -0.8852 -0.1089
vn 0.1428 -0.9841 -0.1054
vn 0.1558 -0.9824 -0.1029
vn -0.1558 -0.9824 -0.1029
vn -0.1428 -0.9841 -0.1054
vn 0.0541 -0.9878 -0.1461
vn -0.0036 0.0007 -1.0000
vn 0.0004 0.0045 -1.0000
vn -0.0155 0.0020 -0.9999
vn -0.0063 0.0112 -0.9999
vn 0.0583 0.0268 -0.9979
vn 0.0257 -0.0275 -0.9993
vn 0.1115 0.0433 -0.9928
vn 0.0864 -0.0022 -0.9963
vn 0.0863 -0.0471 -0.9952
vn 0.1067 0.0122 -0.9942
vn 0.1157 -0.0196 -0.9931
vn 0.1199 0.0313 -0.9923
vn 0.1197 0.0316 -0.9923
vn 0.1155 0.0541 -0.9918
vn 0.1075 0.0628 -0.9922
vn 0.1217 0.0266 -0.9922
vn 0.0588 0.0900 -0.9942
vn 0.0705 0.0649 -0.9954
vn 0.0225 0.0592 -0.9980
vn 0.0079 0.0686 -0.9976
vn -0.0113 0.1019 -0.9947
vn 0.0113 0.1019 -0.9947
vn -0.0079 0.0686 -0.9976
vn -0.0225 0.0592 -0.9980
vn -0.0705 0.0649 -0.9954
vn -0.0588 0.0900 -0.9942
vn -0.1217 0.0266 -0.9922
vn -0.1075 0.0628 -0.9922
vn -0.1155 0.0541 -0.9918
vn -0.1197 0.0316 -0.9923
vn -0.1199 0.0313 -0.9923
vn -0.1157 -0.0196 -0.9931
vn -0.1067 0.0122 -0.9942
vn -0.0863 -0.0471 -0.9952
vn -0.0864 -0.0022 -0.9963
vn -0.1115 0.0433 -0.9928
vn -0.0257 -0.0275 -0.9993
vn -0.0583 0.0268 -0.9979
vn 0.0063 0.0112 -0.9999
vn 0.0155 0.0020 -0.9999
vn -0.0004 0.0045 -1.0000
vn 0.0036 0.0007 -1.0000
vn 0.0952 -0.9598 0.2641
vn 0.1421 -0.9547 0.2613
vn 0.0310 -0.9570 0.2883
vn 0.1668 -0.9381 0.3035
vn -0.1652 -0.9285 0.3326
vn -0.0206 -0.9566 0.2906
vn -0.1421 -0.9547 0.2613
vn -0.0952 -0.9598 0.2641
vn 0.1239 0.9394 0.3197
vn 0.1246 0.9393 0.3196
vn 0.0716 0.9515 0.2991
vn -0.0716 0.9555 0.2862
vn -0.1855 0.9329 0.3087
vn -0.1239 0.9394 0.3197
vn -0.9240 0.2673 -0.2734
vn -0.9256 0.2717 -0.2634
vn -0.8003 0.5429 -0.2547
vn -0.7888 0.4517 -0.4169
vn -0.9564 0.0934 -0.2766
vn -0.9545 0.0905 -0.2841
vn -0.9545 -0.0787 -0.2875
vn -0.9555 -0.0777 -0.2844
vn -0.9218 -0.2589 -0.2886
vn -0.9253 -0.2563 -0.2796
vn -0.8253 -0.4876 -0.2847
vn -0.8245 -0.4677 -0.3186
vn -0.8086 0.4284 -0.4033
vn -0.9449 -0.1393 -0.2963
vn -0.9291 0.2240 -0.2944
vn -0.8180 -0.4756 -0.3235
vn -0.7063 -0.6606 0.2543
vn -0.8489 -0.4265 0.3122
vn -0.8018 -0.0236 0.5972
vn -0.7908 -0.1423 0.5953
vn -0.7418 -0.0515 0.6686
vn -0.7372 0.1022 0.6679
vn -0.8039 0.0306 0.5939
vn -0.7322 0.3683 0.5729
vn -0.9155 0.1920 0.3537
vn -0.7004 0.6550 0.2837
vn -0.1033 0.6589 0.7451
vn -0.0972 0.6566 0.7480
vn -0.1293 0.6483 0.7503
vn -0.2556 0.5193 0.8155
vn -0.0279 0.6080 0.7934
vn -0.2718 0.2769 0.9217
vn -0.4119 0.1510 0.8986
vn -0.4090 0.2226 0.8850
vn -0.4703 0.0425 0.8815
vn -0.4781 0.0695 0.8756
vn -0.4789 -0.0855 0.8737
vn -0.4680 -0.1005 0.8780
vn -0.4382 -0.1822 0.8802
vn -0.3802 -0.2273 0.8966
vn -0.2995 -0.3333 0.8940
vn -0.1704 -0.6074 0.7759
vn 0.0133 -0.0134 0.9998
vn -0.1086 -0.6308 0.7683
vn -0.2881 -0.6470 0.7060
vn -0.0985 -0.7066 0.7007
vn -0.0996 -0.7058 0.7014
vn 0.0996 -0.7058 0.7014
vn 0.0985 -0.7066 0.7007
vn 0.2881 -0.6470 0.7060
vn 0.1086 -0.6308 0.7683
vn 0.1704 -0.6074 0.7759
vn 0.2995 -0.3333 0.8940
vn 0.3802 -0.2273 0.8966
vn 0.4382 -0.1822 0.8802
vn 0.4680 -0.1005 0.8780
vn 0.4789 -0.0855 0.8737
vn 0.4781 0.0695 0.8756
vn 0.4703 0.0425 0.8815
vn 0.4090 0.2226 0.8850
vn 0.4119 0.1510 0.8986
vn 0.2718 0.2769 0.9217
vn 0.0279 0.6080 0.7934
vn 0.2556 0.5193 0.8155
vn 0.1293 0.6483 0.7503
vn 0.0972 0.6566 0.7480
vn 0.1033 0.6589 0.7451
vn -0.0133 -0.0134 0.9998
vn 0.0804 -0.4933 -0.8661
vn 0.0294 -0.4696 -0.8824
vn 0.1145 -0.4498 -0.8857
vn 0.1810 -0.3770 -0.9084
vn 0.1767 -0.3789 -0.9084
vn 0.2475 -0.2566 -0.9343
vn 0.3588 -0.1416 -0.9226
vn 0.3564 -0.1894 -0.9149
vn 0.4088 -0.0338 -0.9120
vn 0.4153 -0.0571 -0.9079
vn 0.4156 0.0773 -0.9062
vn 0.4078 0.0882 -0.9088
vn 0.3831 0.1554 -0.9105
vn 0.3290 0.1994 -0.9230
vn 0.2562 0.2970 -0.9199
vn 0.1986 0.4265 -0.8824
vn 0.1124 0.1229 -0.9860
vn 0.0228 0.4974 -0.8672
vn 0.2298 0.5383 -0.8108
vn 0.0819 0.5828 -0.8085
vn 0.0454 0.6132 -0.7886
vn -0.0454 0.6132 -0.7886
vn -0.0819 0.5828 -0.8085
vn -0.2297 0.5382 -0.8109
vn -0.0228 0.4974 -0.8672
vn -0.1986 0.4265 -0.8824
vn -0.2561 0.2973 -0.9198
vn -0.3293 0.1992 -0.9230
vn -0.3829 0.1556 -0.9106
vn -0.4077 0.0882 -0.9089
vn -0.4157 0.0770 -0.9063
vn -0.4153 -0.0571 -0.9079
vn -0.4088 -0.0338 -0.9120
vn -0.3564 -0.1894 -0.9149
vn -0.3588 -0.1416 -0.9226
vn -0.2475 -0.2566 -0.9343
vn -0.1767 -0.3789 -0.9084
vn -0.1810 -0.3770 -0.9084
vn -0.1145 -0.4498 -0.8857
vn -0.0294 -0.4696 -0.8824
vn -0.0804 -0.4933 -0.8661
vn -0.1124 0.1229 -0.9860
vn 0.2226 -0.9742 0.0365
vn 0.4364 -0.8989 0.0398
vn 0.1913 -0.9815 -0.0042
vn 0.1469 -0.9891 -0.0044
vn 0.0519 -0.9984 -0.0213
vn -0.0519 -0.9984 -0.0213
vn -0.1469 -0.9891 -0.0044
vn -0.1913 -0.9815 -0.0042
vn -0.4364 -0.8989 0.0398
vn -0.2226 -0.9742 0.0365
vn 0.5164 0.8520 0.0864
vn 0.0035 1.0000 -0.0007
vn 0.0770 0.9970 -0.0004
vn 0.1753 0.9844 -0.0174
vn -0.1753 0.9844 -0.0174
vn -0.0769 0.9970 -0.0004
vn -0.5156 0.8568 0.0017
vn -0.0015 0.9966 0.0826
vn -0.2244 0.9706 0.0873
vn 0.2244 0.9706 0.0873
vn 0.1464 -0.9521 0.2684
vn 0.1466 -0.9521 0.2682
vn 0.3899 -0.8786 0.2759
vn 0.4220 -0.8725 0.2461
vn 0.6358 -0.7305 0.2493
vn 0.6709 -0.7101 0.2138
vn 0.8443 -0.4851 0.2279
vn 0.8374 -0.4928 0.2364
vn 0.9527 -0.1720 0.2505
vn 0.9522 -0.1732 0.2516
vn 0.9515 0.1641 0.2603
vn 0.9518 0.1712 0.2544
vn 0.8507 0.4588 0.2564
vn 0.8489 0.4654 0.2505
vn 0.6419 0.7254 0.2486
vn 0.6689 0.6840 0.2910
vn 0.3733 0.8793 0.2958
vn 0.3936 0.8616 0.3204
vn 0.1337 0.9389 0.3172
vn 0.1334 0.9390 0.3169
vn -0.1334 0.9390 0.3169
vn -0.1337 0.9389 0.3172
vn -0.3936 0.8616 0.3204
vn -0.3733 0.8793 0.2959
vn -0.6689 0.6840 0.2910
vn -0.6414 0.7260 0.2479
vn -0.8491 0.4655 0.2496
vn -0.8512 0.4579 0.2565
vn -0.9518 0.1712 0.2544
vn -0.9515 0.1641 0.2603
vn -0.9522 -0.1732 0.2516
vn -0.9527 -0.1720 0.2505
vn -0.8374 -0.4928 0.2364
vn -0.8443 -0.4851 0.2279
vn -0.6709 -0.7101 0.2138
vn -0.6358 -0.7305 0.2493
vn -0.4220 -0.8725 0.2461
vn -0.3899 -0.8786 0.2759
vn -0.1466 -0.9521 0.2682
vn -0.1464 -0.9521 0.2684
vn -0.8992 0.4082 -0.1576
vn -0.8978 0.3752 -0.2307
vn -0.9774 0.1333 -0.1639
vn -0.9772 0.1318 -0.1667
vn -0.9760 -0.1328 -0.1726
vn -0.9758 -0.1331 -0.1732
vn -0.9227 -0.3422 -0.1776
vn -0.9402 -0.3183 -0.1215
vn -0.8601 -0.4923 -0.1338
vn -0.6161 -0.7051 -0.3512
vn -0.9014 0.3680 -0.2283
vn -0.7811 -0.5978 -0.1804
vn -0.7626 0.6164 -0.1962
vn -0.9117 -0.3653 -0.1880
vn 0.1294 0.9886 0.0768
vn -0.1294 0.9886 0.0768
vn -0.3869 0.9194 0.0714
vn -0.6671 0.7427 0.0577
vn -0.6666 0.7429 0.0606
vn -0.8577 0.5124 0.0418
vn -0.8578 0.5121 0.0431
vn -0.9807 0.1950 0.0164
vn -0.9807 0.1948 0.0155
vn -0.9820 -0.1884 -0.0150
vn -0.9820 -0.1884 -0.0149
vn -0.8456 -0.5321 -0.0420
vn -0.8455 -0.5323 -0.0420
vn -0.6591 -0.7498 -0.0592
vn -0.6590 -0.7498 -0.0589
vn -0.4093 -0.9096 -0.0714
vn -0.4099 -0.9090 -0.0753
vn -0.1406 -0.9867 -0.0818
vn 0.1406 -0.9867 -0.0818
vn 0.4099 -0.9090 -0.0753
vn 0.4093 -0.9096 -0.0714
vn 0.6590 -0.7498 -0.0589
vn 0.6591 -0.7498 -0.0592
vn 0.8455 -0.5323 -0.0420
vn 0.8456 -0.5321 -0.0420
vn 0.9820 -0.1884 -0.0149
vn 0.9820 -0.1884 -0.0150
vn 0.9807 0.1948 0.0155
vn 0.9807 0.1950 0.0164
vn 0.8578 0.5121 0.0431
vn 0.8577 0.5124 0.0418
vn 0.6666 0.7429 0.0606
vn 0.6671 0.7427 0.0577
vn 0.3869 0.9194 0.0714
vn 0.9254 0.2709 -0.2652
vn 0.9240 0.2673 -0.2734
vn 0.9564 0.0934 -0.2766
vn 0.9545 0.0905 -0.2841
vn 0.9545 -0.0787 -0.2875
vn 0.9555 -0.0777 -0.2844
vn 0.9218 -0.2589 -0.2886
vn 0.9253 -0.2563 -0.2796
vn 0.8253 -0.4876 -0.2847
vn 0.8245 -0.4677 -0.3186
vn 0.7998 0.5427 -0.2563
vn 0.7883 0.4522 -0.4172
vn 0.9449 -0.1393 -0.2963
vn 0.8086 0.4284 -0.4033
vn 0.8181 -0.4754 -0.3234
vn 0.9289 0.2248 -0.2942
vn 0.7068 -0.6601 0.2545
vn 0.8489 -0.4265 0.3122
vn 0.8018 -0.0236 0.5972
vn 0.7908 -0.1423 0.5953
vn 0.7418 -0.0515 0.6686
vn 0.7372 0.1022 0.6679
vn 0.8039 0.0306 0.5939
vn 0.7322 0.3683 0.5729
vn 0.9155 0.1920 0.3537
vn 0.7004 0.6550 0.2837
vn 0.8978 0.3752 -0.2307
vn 0.8992 0.4082 -0.1576
vn 0.9774 0.1333 -0.1639
vn 0.9772 0.1318 -0.1667
vn 0.9760 -0.1328 -0.1726
vn 0.9761 -0.1325 -0.1720
vn 0.9229 -0.3423 -0.1765
vn 0.9400 -0.3189 -0.1216
vn 0.8601 -0.4923 -0.1338
vn 0.6161 -0.7051 -0.3512
vn 0.7811 -0.5978 -0.1804
vn 0.9014 0.3680 -0.2283
vn 0.9117 -0.3653 -0.1880
vn 0.7626 0.6164 -0.1962
vn -0.4751 0.8798 -0.0122
vn -0.4741 0.8804 -0.0115
vn -0.7282 0.6852 -0.0157
vn -0.7281 0.6853 -0.0156
vn -0.8864 0.4624 -0.0205
vn -0.8869 0.4615 -0.0211
vn -0.9874 0.1560 -0.0281
vn -0.9872 0.1568 -0.0277
vn -0.9863 -0.1613 -0.0349
vn -0.9862 -0.1616 -0.0350
vn -0.8964 -0.4413 -0.0415
vn -0.8962 -0.4417 -0.0417
vn -0.7347 -0.6767 -0.0473
vn -0.7351 -0.6764 -0.0470
vn -0.4543 -0.8893 -0.0522
vn -0.4529 -0.8900 -0.0531
vn -0.1562 -0.9862 -0.0552
vn -0.1563 -0.9862 -0.0552
vn -0.1562 0.9877 -0.0092
vn -0.1573 0.9875 -0.0098
vn 0.1573 0.9875 -0.0092
vn 0.1562 0.9877 -0.0098
vn 0.4741 0.8804 -0.0122
vn 0.4751 0.8798 -0.0116
vn 0.7281 0.6853 -0.0157
vn 0.7282 0.6852 -0.0156
vn 0.8869 0.4615 -0.0205
vn 0.8864 0.4624 -0.0211
vn 0.9872 0.1568 -0.0281
vn 0.9874 0.1560 -0.0277
vn 0.9862 -0.1616 -0.0349
vn 0.9863 -0.1613 -0.0350
vn 0.8966 -0.4410 -0.0415
vn 0.8964 -0.4413 -0.0413
vn 0.7346 -0.6769 -0.0470
vn 0.7352 -0.6762 -0.0474
vn 0.4529 -0.8900 -0.0524
vn 0.4539 -0.8895 -0.0531
vn 0.1563 -0.9862 -0.0552
vn 0.1562 -0.9862 -0.0552
vn 0.7868 0.4777 0.3908
vn 0.9037 0.1688 0.3934
vn 0.9022 -0.1730 0.3950
vn 0.7577 -0.5223 0.3912
vn 0.1254 0.9427 0.3091
vn -0.1837 0.9281 0.3238
vn 0.0314 -0.9587 0.2827
vn -0.7868 0.4777 0.3908
vn -0.9037 0.1688 0.3934
vn -0.9022 -0.1730 0.3950
vn -0.7577 -0.5223 0.3912
vn -0.0211 -0.9599 0.2797
vt 0.301600 -0.996900
vt 0.306800 -0.505900
vt 0.292400 -0.996800
vt 0.300200 -0.505700
vt 0.283100 -0.996600
vt 0.293600 -0.505600
vt 0.273800 -0.996300
vt 0.286900 -0.505500
vt 0.264500 -0.996100
vt 0.280300 -0.505200
vt 0.313500 -0.506000
vt 0.310900 -0.996900
vt 0.320100 -0.506000
vt 0.320200 -0.996900
vt 0.326800 -0.506000
vt 0.329500 -0.996900
vt 0.333400 -0.505900
vt 0.338700 -0.996900
vt 0.340100 -0.505700
vt 0.348000 -0.996800
vt 0.346700 -0.505600
vt 0.357300 -0.996600
vt 0.353400 -0.505500
vt 0.366600 -0.996300
vt 0.360000 -0.505200
vt 0.375900 -0.996100
vt 0.658200 -0.498800
vt 0.652300 -0.498700
vt 0.658200 -0.507700
vt 0.652200 -0.507700
vt 0.658000 -0.516700
vt 0.652100 -0.516600
vt 0.657800 -0.525600
vt 0.651900 -0.525500
vt 0.657600 -0.534700
vt 0.651600 -0.534400
vt 0.652500 -0.489700
vt 0.658300 -0.489900
vt 0.652500 -0.480800
vt 0.658300 -0.480800
vt 0.652500 -0.471900
vt 0.658300 -0.471900
vt 0.652300 -0.463000
vt 0.658200 -0.462900
vt 0.652200 -0.454100
vt 0.658200 -0.454000
vt 0.652100 -0.445100
vt 0.658000 -0.445100
vt 0.652000 -0.436200
vt 0.657800 -0.436000
vt 0.651700 -0.427200
vt 0.657600 -0.427100
vt 0.274700 -0.070600
vt 0.274500 -0.076800
vt 0.283300 -0.068200
vt 0.286500 -0.073600
vt 0.292000 -0.070600
vt 0.298200 -0.076900
vt 0.295300 -0.082300
vt 0.300500 -0.085400
vt 0.298200 -0.094100
vt 0.292000 -0.094200
vt 0.292000 -0.100500
vt 0.283300 -0.102800
vt 0.280200 -0.097400
vt 0.274700 -0.100500
vt 0.268300 -0.094100
vt 0.271400 -0.088700
vt 0.266000 -0.085400
vt 0.268300 -0.076900
vt 0.020100 -0.095500
vt 0.020100 -0.090900
vt 0.011500 -0.093100
vt 0.013800 -0.089200
vt 0.005200 -0.086800
vt 0.009000 -0.084600
vt 0.002900 -0.078100
vt 0.007300 -0.078100
vt 0.005200 -0.069500
vt 0.009000 -0.071800
vt 0.011500 -0.063100
vt 0.013800 -0.067000
vt 0.020100 -0.060800
vt 0.020100 -0.065300
vt 0.028800 -0.063100
vt 0.026600 -0.067000
vt 0.035200 -0.069500
vt 0.031300 -0.071800
vt 0.037500 -0.078100
vt 0.033000 -0.078100
vt 0.035200 -0.086800
vt 0.031300 -0.084600
vt 0.028800 -0.093100
vt 0.026600 -0.089200
vt 0.619000 -0.130100
vt 0.620400 -0.127800
vt 0.610100 -0.127700
vt 0.320900 -0.115700
vt 0.320400 -0.121900
vt 0.325000 -0.115500
vt 0.325400 -0.121600
vt 0.329600 -0.120100
vt 0.328500 -0.114300
vt 0.337600 -0.121700
vt 0.331200 -0.121700
vt 0.331400 -0.112100
vt 0.340300 -0.117800
vt 0.342000 -0.113000
vt 0.333500 -0.109400
vt 0.343000 -0.107800
vt 0.334400 -0.106200
vt 0.343000 -0.102300
vt 0.334100 -0.103000
vt 0.342200 -0.097400
vt 0.332600 -0.099900
vt 0.340300 -0.093000
vt 0.330200 -0.097200
vt 0.331900 -0.093300
vt 0.334000 -0.091900
vt 0.326800 -0.095300
vt 0.328100 -0.090700
vt 0.322900 -0.094500
vt 0.323400 -0.089500
vt 0.318400 -0.089800
vt 0.318800 -0.094600
vt 0.314200 -0.091700
vt 0.315100 -0.095800
vt 0.305800 -0.089800
vt 0.312300 -0.089800
vt 0.312300 -0.098000
vt 0.303200 -0.093900
vt 0.310200 -0.100800
vt 0.301500 -0.098600
vt 0.309300 -0.104000
vt 0.300500 -0.103900
vt 0.309700 -0.107200
vt 0.300500 -0.109400
vt 0.311200 -0.110200
vt 0.301500 -0.114400
vt 0.303300 -0.118700
vt 0.313700 -0.112900
vt 0.311600 -0.118500
vt 0.309800 -0.119900
vt 0.317000 -0.114700
vt 0.315400 -0.120700
vt 0.342300 -0.157600
vt 0.340800 -0.184000
vt 0.349000 -0.157300
vt 0.336400 -0.183800
vt 0.337500 -0.157500
vt 0.331800 -0.183700
vt 0.331800 -0.157500
vt 0.326200 -0.157500
vt 0.327300 -0.183800
vt 0.321400 -0.157600
vt 0.322900 -0.184000
vt 0.314700 -0.157500
vt 0.321400 -0.125100
vt 0.326200 -0.125000
vt 0.331800 -0.125000
vt 0.337500 -0.125000
vt 0.342300 -0.125100
vt 0.349000 -0.125000
vt 0.314700 -0.125000
vt 0.208600 -0.149000
vt 0.234900 -0.147900
vt 0.208500 -0.144500
vt 0.234900 -0.143100
vt 0.235100 -0.136500
vt 0.267300 -0.147900
vt 0.267300 -0.143100
vt 0.267500 -0.136500
vt 0.267300 -0.153600
vt 0.235000 -0.153700
vt 0.234900 -0.159300
vt 0.267300 -0.159300
vt 0.234900 -0.164200
vt 0.267300 -0.164200
vt 0.267500 -0.170800
vt 0.208500 -0.162700
vt 0.208600 -0.158200
vt 0.208700 -0.153700
vt 0.235100 -0.170800
vt 0.909400 -0.110600
vt 0.909100 -0.104700
vt 0.904500 -0.110100
vt 0.905000 -0.104400
vt 0.900400 -0.109700
vt 0.901500 -0.103100
vt 0.892600 -0.109400
vt 0.898600 -0.101000
vt 0.890300 -0.106300
vt 0.888500 -0.101600
vt 0.896600 -0.098100
vt 0.887700 -0.096300
vt 0.895800 -0.095100
vt 0.887700 -0.090800
vt 0.896100 -0.091800
vt 0.888800 -0.085900
vt 0.897700 -0.088700
vt 0.890400 -0.082500
vt 0.900100 -0.086200
vt 0.900500 -0.080200
vt 0.903600 -0.084500
vt 0.907500 -0.083600
vt 0.907200 -0.079200
vt 0.913900 -0.079200
vt 0.911500 -0.083900
vt 0.915200 -0.085100
vt 0.924200 -0.080100
vt 0.918000 -0.087300
vt 0.926400 -0.083300
vt 0.919900 -0.090100
vt 0.928100 -0.088000
vt 0.920800 -0.093300
vt 0.929000 -0.093400
vt 0.920400 -0.096400
vt 0.928800 -0.098800
vt 0.918800 -0.099500
vt 0.927900 -0.103600
vt 0.926000 -0.107100
vt 0.916300 -0.102100
vt 0.918300 -0.108500
vt 0.913000 -0.103900
vt 0.914200 -0.109400
vt 0.662000 -0.079300
vt 0.669800 -0.078500
vt 0.662100 -0.058700
vt 0.657800 -0.079600
vt 0.654400 -0.059300
vt 0.653000 -0.079800
vt 0.647900 -0.079700
vt 0.642900 -0.059100
vt 0.643800 -0.079600
vt 0.636000 -0.079000
vt 0.224700 -0.048600
vt 0.214500 -0.047500
vt 0.217400 -0.068400
vt 0.205800 -0.067500
vt 0.207800 -0.047500
vt 0.200900 -0.047500
vt 0.198000 -0.068400
vt 0.190700 -0.048600
vt 0.996100 -0.023100
vt 0.998000 -0.022900
vt 0.995700 -0.018100
vt 0.997700 -0.017800
vt 0.995500 -0.014300
vt 0.997100 -0.013100
vt 0.998300 -0.028400
vt 0.996300 -0.028400
vt 0.998200 -0.033900
vt 0.996200 -0.033900
vt 0.997700 -0.039200
vt 0.995700 -0.038900
vt 0.995500 -0.042700
vt 0.997100 -0.043800
vt 0.667400 -0.969700
vt 0.666300 -0.968100
vt 0.670400 -0.990700
vt 0.666400 -0.995800
vt 0.670300 -0.911400
vt 0.666300 -0.906400
vt 0.667600 -0.932400
vt 0.666600 -0.934100
vt 0.978600 -0.435100
vt 0.983000 -0.430300
vt 0.977300 -0.430900
vt 0.976100 -0.426400
vt 0.980100 -0.426100
vt 0.975600 -0.422000
vt 0.979200 -0.422000
vt 0.976100 -0.417500
vt 0.980100 -0.417800
vt 0.977300 -0.413200
vt 0.983000 -0.413800
vt 0.978900 -0.408900
vt 0.467200 -0.276400
vt 0.460700 -0.277300
vt 0.468400 -0.280300
vt 0.462500 -0.283200
vt 0.464400 -0.287800
vt 0.470600 -0.283600
vt 0.466600 -0.294300
vt 0.473600 -0.286000
vt 0.475500 -0.296600
vt 0.477100 -0.287400
vt 0.482100 -0.296600
vt 0.480700 -0.287500
vt 0.488900 -0.294600
vt 0.484100 -0.286400
vt 0.494500 -0.291100
vt 0.487100 -0.284100
vt 0.489400 -0.280900
vt 0.496300 -0.283100
vt 0.496500 -0.289800
vt 0.496800 -0.278100
vt 0.490500 -0.277000
vt 0.490400 -0.272900
vt 0.496800 -0.272000
vt 0.495100 -0.266100
vt 0.489300 -0.269000
vt 0.487100 -0.265600
vt 0.493000 -0.261500
vt 0.489000 -0.254300
vt 0.484000 -0.263300
vt 0.480500 -0.262000
vt 0.482500 -0.252700
vt 0.476900 -0.261800
vt 0.475600 -0.252700
vt 0.473500 -0.262900
vt 0.469200 -0.254600
vt 0.470600 -0.265300
vt 0.461300 -0.259400
vt 0.468300 -0.268600
vt 0.461200 -0.266200
vt 0.467200 -0.272300
vt 0.460700 -0.271200
vt 0.491200 -0.255000
vt 0.768900 -0.106900
vt 0.772600 -0.107400
vt 0.768800 -0.100800
vt 0.774200 -0.101100
vt 0.779200 -0.102200
vt 0.776000 -0.108900
vt 0.786000 -0.103800
vt 0.778700 -0.111200
vt 0.789600 -0.111000
vt 0.780500 -0.114100
vt 0.790500 -0.117300
vt 0.781100 -0.117400
vt 0.789700 -0.124000
vt 0.780500 -0.120700
vt 0.787600 -0.130000
vt 0.778900 -0.123900
vt 0.776400 -0.126200
vt 0.779700 -0.132800
vt 0.786700 -0.130700
vt 0.774800 -0.133200
vt 0.772900 -0.127800
vt 0.769300 -0.128300
vt 0.769400 -0.133800
vt 0.763900 -0.133400
vt 0.765600 -0.127800
vt 0.762100 -0.126500
vt 0.759000 -0.133100
vt 0.751000 -0.130500
vt 0.759500 -0.124100
vt 0.757800 -0.121100
vt 0.748800 -0.124600
vt 0.757100 -0.117800
vt 0.747800 -0.117900
vt 0.757700 -0.114500
vt 0.748500 -0.111600
vt 0.759300 -0.111500
vt 0.751800 -0.104200
vt 0.762000 -0.109100
vt 0.758500 -0.102400
vt 0.765300 -0.107500
vt 0.763500 -0.101300
vt 0.751800 -0.131300
vt 0.425000 -0.072500
vt 0.424400 -0.065700
vt 0.395900 -0.072900
vt 0.395900 -0.077400
vt 0.425200 -0.077400
vt 0.395800 -0.082500
vt 0.425200 -0.082500
vt 0.425200 -0.087800
vt 0.395900 -0.087600
vt 0.425000 -0.092700
vt 0.395900 -0.092300
vt 0.424400 -0.099500
vt 0.468600 -0.076200
vt 0.497700 -0.080900
vt 0.497700 -0.076200
vt 0.468500 -0.080900
vt 0.468600 -0.086100
vt 0.497800 -0.086100
vt 0.497800 -0.091100
vt 0.468500 -0.091200
vt 0.497600 -0.095800
vt 0.468500 -0.096100
vt 0.469100 -0.103100
vt 0.469100 -0.069000
vt 0.930900 -0.856300
vt 0.928300 -0.853500
vt 0.928200 -0.859000
vt 0.925300 -0.856400
vt 0.925800 -0.861800
vt 0.922700 -0.859500
vt 0.923700 -0.864700
vt 0.920400 -0.862700
vt 0.921900 -0.867700
vt 0.918500 -0.865800
vt 0.920300 -0.870600
vt 0.916700 -0.869000
vt 0.919100 -0.873800
vt 0.915400 -0.872400
vt 0.918100 -0.877200
vt 0.914300 -0.876100
vt 0.917400 -0.880500
vt 0.913500 -0.879900
vt 0.916900 -0.884300
vt 0.913000 -0.883900
vt 0.916600 -0.888100
vt 0.912700 -0.888100
vt 0.913000 -0.892200
vt 0.916900 -0.891800
vt 0.913500 -0.896200
vt 0.917400 -0.895600
vt 0.914300 -0.900000
vt 0.918100 -0.899000
vt 0.915400 -0.903700
vt 0.919100 -0.902300
vt 0.916700 -0.907100
vt 0.920300 -0.905500
vt 0.918500 -0.910400
vt 0.921900 -0.908600
vt 0.920400 -0.913500
vt 0.923700 -0.911500
vt 0.922700 -0.916700
vt 0.925800 -0.914300
vt 0.925300 -0.919800
vt 0.928200 -0.917100
vt 0.928300 -0.922700
vt 0.930900 -0.919800
vt 0.981600 -0.386700
vt 0.984900 -0.386200
vt 0.980200 -0.379000
vt 0.983400 -0.377400
vt 0.985700 -0.392600
vt 0.982400 -0.392900
vt 0.986200 -0.399300
vt 0.982900 -0.399500
vt 0.986600 -0.405600
vt 0.983300 -0.405500
vt 0.986700 -0.407800
vt 0.983300 -0.406700
vt 0.004800 -0.822400
vt 0.002900 -0.825400
vt 0.028800 -0.805400
vt 0.030500 -0.806900
vt 0.763100 -0.821000
vt 0.765600 -0.821700
vt 0.763800 -0.791600
vt 0.765500 -0.788500
vt 0.866700 -0.550700
vt 0.866700 -0.554600
vt 0.867600 -0.550700
vt 0.867600 -0.554600
vt 0.867600 -0.558600
vt 0.866700 -0.558600
vt 0.867600 -0.562500
vt 0.866700 -0.562400
vt 0.867600 -0.566000
vt 0.866700 -0.566000
vt 0.866700 -0.569500
vt 0.867600 -0.569500
vt 0.867600 -0.572800
vt 0.866700 -0.572600
vt 0.867600 -0.576000
vt 0.866700 -0.575900
vt 0.867600 -0.579300
vt 0.866700 -0.579300
vt 0.866700 -0.583000
vt 0.867600 -0.583000
vt 0.866700 -0.586800
vt 0.867600 -0.586800
vt 0.867600 -0.590800
vt 0.866700 -0.590800
vt 0.866700 -0.518400
vt 0.866700 -0.522500
vt 0.867600 -0.518400
vt 0.867600 -0.522500
vt 0.867600 -0.526200
vt 0.866700 -0.526200
vt 0.867600 -0.529900
vt 0.866700 -0.529900
vt 0.866700 -0.533300
vt 0.867600 -0.533200
vt 0.866700 -0.536500
vt 0.867600 -0.536500
vt 0.866700 -0.539800
vt 0.867600 -0.539700
vt 0.867600 -0.543200
vt 0.866700 -0.543200
vt 0.866700 -0.546800
vt 0.867600 -0.546800
vt 0.828700 -0.127000
vt 0.829100 -0.121800
vt 0.826800 -0.126700
vt 0.827100 -0.121700
vt 0.829200 -0.116200
vt 0.827300 -0.116200
vt 0.829100 -0.110700
vt 0.827100 -0.110800
vt 0.828700 -0.105600
vt 0.826800 -0.105800
vt 0.826400 -0.102100
vt 0.828000 -0.100800
vt 0.826400 -0.130500
vt 0.828000 -0.131600
vt 0.666300 -0.937100
vt 0.666400 -0.965000
vt 0.670300 -0.942300
vt 0.667400 -0.963300
vt 0.353300 -0.502200
vt 0.355600 -0.474600
vt 0.352400 -0.500500
vt 0.351300 -0.479400
vt 0.134200 -0.211700
vt 0.133700 -0.218100
vt 0.137700 -0.216200
vt 0.141700 -0.214100
vt 0.139200 -0.210900
vt 0.145300 -0.211400
vt 0.142700 -0.208600
vt 0.148200 -0.208000
vt 0.145300 -0.205200
vt 0.150400 -0.204100
vt 0.146100 -0.200300
vt 0.152600 -0.200000
vt 0.801500 -0.996900
vt 0.801600 -0.988000
vt 0.798100 -0.995800
vt 0.798200 -0.988000
vt 0.801400 -0.981700
vt 0.798100 -0.981800
vt 0.800800 -0.975000
vt 0.797500 -0.975200
vt 0.800000 -0.968600
vt 0.796800 -0.969200
vt 0.799800 -0.966400
vt 0.796600 -0.968000
vt 0.777300 -0.646400
vt 0.777300 -0.613000
vt 0.775100 -0.645800
vt 0.775900 -0.616300
vt 0.765500 -0.785300
vt 0.765600 -0.752100
vt 0.763900 -0.782100
vt 0.763100 -0.752700
vt 0.262100 -0.564600
vt 0.254000 -0.564500
vt 0.262100 -0.569000
vt 0.253900 -0.568800
vt 0.262000 -0.573600
vt 0.253900 -0.573400
vt 0.261800 -0.578100
vt 0.253800 -0.577800
vt 0.261600 -0.582500
vt 0.253500 -0.582200
vt 0.261400 -0.587000
vt 0.253300 -0.586500
vt 0.261100 -0.591700
vt 0.253100 -0.591100
vt 0.260700 -0.596100
vt 0.252700 -0.595500
vt 0.260300 -0.600600
vt 0.252300 -0.599900
vt 0.259900 -0.605100
vt 0.252000 -0.604400
vt 0.262100 -0.560100
vt 0.254000 -0.560100
vt 0.254000 -0.555500
vt 0.262100 -0.555400
vt 0.253900 -0.551100
vt 0.262100 -0.551000
vt 0.253900 -0.546600
vt 0.262000 -0.546400
vt 0.253800 -0.542200
vt 0.261800 -0.542000
vt 0.253500 -0.537800
vt 0.261600 -0.537500
vt 0.253300 -0.533400
vt 0.261400 -0.533000
vt 0.253100 -0.528900
vt 0.261000 -0.528400
vt 0.252700 -0.524700
vt 0.260700 -0.524000
vt 0.252300 -0.520100
vt 0.260300 -0.519400
vt 0.252000 -0.515700
vt 0.259900 -0.514900
vt 0.308600 -0.147000
vt 0.277000 -0.141100
vt 0.305300 -0.150900
vt 0.303300 -0.154700
vt 0.301600 -0.158600
vt 0.300500 -0.163500
vt 0.308100 -0.135500
vt 0.306300 -0.127800
vt 0.294200 -0.167600
vt 0.302100 -0.124900
vt 0.299200 -0.121700
vt 0.296600 -0.118300
vt 0.294600 -0.113900
vt 0.283600 -0.110400
s 0
usemtl a3b532a8-843e-462f-9634-a8ac6b9f7236.001
f 7098/4496/1884 7097/4497/1884 7096/4498/1884
f 7099/4499/1885 7096/4498/1885 7097/4497/1885
f 7096/4498/1886 7099/4499/1886 7100/4500/1886
f 7101/4501/1887 7100/4500/1887 7099/4499/1887
f 7100/4500/1888 7101/4501/1888 7102/4502/1888
f 7103/4503/1889 7102/4502/1889 7101/4501/1889
f 7102/4502/1890 7103/4503/1890 7104/4504/1890
f 7105/4505/1891 7104/4504/1891 7103/4503/1891
f 7097/4497/1892 7098/4496/1892 7106/4506/1892
f 7107/4507/1893 7106/4506/1893 7098/4496/1893
f 7106/4506/1894 7107/4507/1894 7108/4508/1894
f 7109/4509/1895 7108/4508/1895 7107/4507/1895
f 7108/4508/1896 7109/4509/1896 7110/4510/1896
f 7111/4511/1897 7110/4510/1897 7109/4509/1897
f 7110/4510/1898 7111/4511/1898 7112/4512/1898
f 7113/4513/1898 7112/4512/1898 7111/4511/1898
f 7112/4512/1899 7113/4513/1899 7114/4514/1899
f 7115/4515/1900 7114/4514/1900 7113/4513/1900
f 7114/4514/1901 7115/4515/1901 7116/4516/1901
f 7117/4517/1902 7116/4516/1902 7115/4515/1902
f 7116/4516/1903 7117/4517/1903 7118/4518/1903
f 7119/4519/1904 7118/4518/1904 7117/4517/1904
f 7118/4518/1905 7119/4519/1905 7120/4520/1905
f 7121/4521/1906 7120/4520/1906 7119/4519/1906
f 7125/4522/1907 7124/4523/1907 7123/4524/1907
f 7126/4525/1908 7123/4524/1908 7124/4523/1908
f 7123/4524/1909 7126/4525/1909 7127/4526/1909
f 7128/4527/1910 7127/4526/1910 7126/4525/1910
f 7127/4526/1911 7128/4527/1911 7129/4528/1911
f 7130/4529/1911 7129/4528/1911 7128/4527/1911
f 7129/4528/1912 7130/4529/1912 7131/4530/1912
f 7132/4531/1913 7131/4530/1913 7130/4529/1913
f 7124/4523/1914 7125/4522/1914 7133/4532/1914
f 7134/4533/1915 7133/4532/1915 7125/4522/1915
f 7133/4532/1916 7134/4533/1916 7135/4534/1916
f 7136/4535/1917 7135/4534/1917 7134/4533/1917
f 7135/4534/1918 7136/4535/1918 7137/4536/1918
f 7138/4537/1919 7137/4536/1919 7136/4535/1919
f 7137/4536/1920 7138/4537/1920 7139/4538/1920
f 7140/4539/1921 7139/4538/1921 7138/4537/1921
f 7139/4538/1922 7140/4539/1922 7141/4540/1922
f 7142/4541/1923 7141/4540/1923 7140/4539/1923
f 7141/4540/1924 7142/4541/1924 7143/4542/1924
f 7144/4543/1925 7143/4542/1925 7142/4541/1925
f 7143/4542/1926 7144/4543/1926 7145/4544/1926
f 7146/4545/1927 7145/4544/1927 7144/4543/1927
f 7145/4544/1928 7146/4545/1928 7147/4546/1928
f 7148/4547/1929 7147/4546/1929 7146/4545/1929
f 7151/4548/1930 7150/4549/1930 7149/4550/1930
f 7152/4551/1930 7149/4550/1930 7150/4549/1930
f 7153/4552/1931 7149/4550/1931 7152/4551/1931
f 7153/4552/1932 7152/4551/1932 7154/4553/1932
f 7155/4554/1932 7154/4553/1932 7152/4551/1932
f 7156/4555/1933 7154/4553/1933 7155/4554/1933
f 7156/4555/1934 7155/4554/1934 7157/4556/1934
f 7158/4557/1934 7157/4556/1934 7155/4554/1934
f 7159/4558/1935 7157/4556/1935 7158/4557/1935
f 7159/4558/1936 7158/4557/1936 7160/4559/1936
f 7161/4560/1936 7160/4559/1936 7158/4557/1936
f 7162/4561/1937 7160/4559/1937 7161/4560/1937
f 7162/4561/1938 7161/4560/1938 7163/4562/1938
f 7164/4563/1938 7163/4562/1938 7161/4560/1938
f 7165/4564/1939 7163/4562/1939 7164/4563/1939
f 7165/4564/1940 7164/4563/1940 7166/4565/1940
f 7150/4549/1940 7166/4565/1940 7164/4563/1940
f 7151/4548/1941 7166/4565/1941 7150/4549/1941
f 7169/4566/1942 7168/4567/1942 7167/4568/1942
f 7170/4569/1942 7167/4568/1942 7168/4567/1942
f 7167/4568/1943 7170/4569/1943 7171/4570/1943
f 7172/4571/1944 7171/4570/1944 7170/4569/1944
f 7171/4570/1945 7172/4571/1945 7173/4572/1945
f 7174/4573/1946 7173/4572/1946 7172/4571/1946
f 7173/4572/1947 7174/4573/1947 7175/4574/1947
f 7176/4575/1947 7175/4574/1947 7174/4573/1947
f 7175/4574/1948 7176/4575/1948 7177/4576/1948
f 7178/4577/1948 7177/4576/1948 7176/4575/1948
f 7177/4576/1949 7178/4577/1949 7179/4578/1949
f 7180/4579/1949 7179/4578/1949 7178/4577/1949
f 7179/4578/1950 7180/4579/1950 7181/4580/1950
f 7182/4581/1950 7181/4580/1950 7180/4579/1950
f 7181/4580/1951 7182/4581/1951 7183/4582/1951
f 7184/4583/1951 7183/4582/1951 7182/4581/1951
f 7183/4582/1952 7184/4583/1952 7185/4584/1952
f 7186/4585/1952 7185/4584/1952 7184/4583/1952
f 7185/4584/1953 7186/4585/1953 7187/4586/1953
f 7188/4587/1954 7187/4586/1954 7186/4585/1954
f 7187/4586/1955 7188/4587/1955 7189/4588/1955
f 7190/4589/1956 7189/4588/1956 7188/4587/1956
f 7189/4588/1957 7190/4589/1957 7169/4566/1957
f 7168/4567/1957 7169/4566/1957 7190/4589/1957
f 7194/4590/1958 7193/4591/1958 7192/4592/1958
f 7206/4593/1959 7205/4594/1959 7204/4595/1959
f 7207/4596/1960 7204/4595/1960 7205/4594/1960
f 7207/4596/1961 7208/4597/1961 7204/4595/1961
f 7209/4598/1962 7204/4595/1962 7208/4597/1962
f 7209/4598/1963 7208/4597/1963 7210/4599/1963
f 7211/4600/1964 7210/4599/1964 7208/4597/1964
f 7209/4598/1965 7210/4599/1965 7212/4601/1965
f 7213/4602/1966 7212/4601/1966 7210/4599/1966
f 7213/4602/1967 7214/4603/1967 7212/4601/1967
f 7215/4604/1968 7212/4601/1968 7214/4603/1968
f 7214/4603/1969 7216/4605/1969 7215/4604/1969
f 7217/4606/1970 7215/4604/1970 7216/4605/1970
f 7216/4605/1971 7218/4607/1971 7217/4606/1971
f 7219/4608/1972 7217/4606/1972 7218/4607/1972
f 7218/4607/1973 7220/4609/1973 7219/4608/1973
f 7221/4610/1974 7219/4608/1974 7220/4609/1974
f 7220/4609/1975 7222/4611/1975 7221/4610/1975
f 7223/4612/1976 7221/4610/1976 7222/4611/1976
f 7223/4612/1977 7222/4611/1977 7224/4613/1977
f 7225/4614/1978 7224/4613/1978 7222/4611/1978
f 7223/4612/1979 7224/4613/1979 7226/4615/1979
f 7227/4616/1980 7226/4615/1980 7224/4613/1980
f 7226/4615/1981 7227/4616/1981 7228/4617/1981
f 7229/4618/1982 7228/4617/1982 7227/4616/1982
f 7229/4618/1983 7230/4619/1983 7228/4617/1983
f 7231/4620/1984 7228/4617/1984 7230/4619/1984
f 7230/4619/1985 7232/4621/1985 7231/4620/1985
f 7233/4622/1986 7231/4620/1986 7232/4621/1986
f 7233/4622/1987 7232/4621/1987 7234/4623/1987
f 7235/4624/1988 7234/4623/1988 7232/4621/1988
f 7233/4622/1989 7234/4623/1989 7236/4625/1989
f 7237/4626/1990 7236/4625/1990 7234/4623/1990
f 7236/4625/1991 7237/4626/1991 7238/4627/1991
f 7239/4628/1992 7238/4627/1992 7237/4626/1992
f 7238/4627/1993 7239/4628/1993 7240/4629/1993
f 7241/4630/1994 7240/4629/1994 7239/4628/1994
f 7240/4629/1995 7241/4630/1995 7242/4631/1995
f 7243/4632/1996 7242/4631/1996 7241/4630/1996
f 7242/4631/1997 7243/4632/1997 7244/4633/1997
f 7245/4634/1998 7244/4633/1998 7243/4632/1998
f 7245/4634/1999 7246/4635/1999 7244/4633/1999
f 7247/4636/2000 7244/4633/2000 7246/4635/2000
f 7247/4636/2001 7246/4635/2001 7248/4637/2001
f 7249/4638/2002 7248/4637/2002 7246/4635/2002
f 7247/4636/2003 7248/4637/2003 7250/4639/2003
f 7251/4640/2004 7250/4639/2004 7248/4637/2004
f 7251/4640/2005 7205/4594/2005 7250/4639/2005
f 7206/4593/2006 7250/4639/2006 7205/4594/2006
f 7254/4641/2007 7253/4642/2007 7252/4643/2007
f 7253/4642/2008 7254/4641/2008 7255/4644/2008
f 7256/4645/2009 7255/4644/2009 7254/4641/2009
f 7255/4644/2010 7256/4645/2010 7257/4646/2010
f 7258/4647/2011 7257/4646/2011 7256/4645/2011
f 7258/4647/2012 7259/4648/2012 7257/4646/2012
f 7260/4649/2013 7257/4646/2013 7259/4648/2013
f 7259/4648/2014 7261/4650/2014 7260/4649/2014
f 7262/4651/2015 7260/4649/2015 7261/4650/2015
f 7262/4651/2016 7261/4650/2016 7263/4652/2016
f 7261/4650/2017 7259/4648/2017 7264/4653/2017
f 7265/4654/2018 7264/4653/2018 7259/4648/2018
f 7259/4648/2019 7258/4647/2019 7265/4654/2019
f 7266/4655/2020 7265/4654/2020 7258/4647/2020
f 7266/4655/2021 7258/4647/2021 7267/4656/2021
f 7256/4645/2022 7267/4656/2022 7258/4647/2022
f 7267/4656/2023 7256/4645/2023 7268/4657/2023
f 7254/4641/2024 7268/4657/2024 7256/4645/2024
f 7268/4657/2025 7254/4641/2025 7269/4658/2025
f 7261/4650/2026 7264/4653/2026 7270/4659/2026
f 7273/4660/2027 7272/4661/2027 7271/4662/2027
f 7274/4663/2028 7271/4662/2028 7272/4661/2028
f 7275/4664/2029 7271/4662/2029 7274/4663/2029
f 7272/4661/2030 7276/4665/2030 7274/4663/2030
f 7277/4666/2031 7274/4663/2031 7276/4665/2031
f 7278/4667/2032 7274/4663/2032 7277/4666/2032
f 7276/4665/2033 7272/4661/2033 7279/4668/2033
f 7280/4669/2033 7279/4668/2033 7272/4661/2033
f 7280/4669/2034 7281/4670/2034 7279/4668/2034
f 7282/4671/2034 7279/4668/2034 7281/4670/2034
f 7281/4670/2035 7283/4672/2035 7282/4671/2035
f 7284/4673/2036 7282/4671/2036 7283/4672/2036
f 7283/4672/2037 7285/4674/2037 7284/4673/2037
f 7283/4672/2038 7281/4670/2038 7286/4675/2038
f 7287/4676/2039 7286/4675/2039 7281/4670/2039
f 7281/4670/2040 7280/4669/2040 7287/4676/2040
f 7288/4677/2041 7287/4676/2041 7280/4669/2041
f 7288/4677/2042 7280/4669/2042 7273/4660/2042
f 7272/4661/2043 7273/4660/2043 7280/4669/2043
f 7286/4675/2044 7289/4678/2044 7283/4672/2044
f 7292/4679/2045 7291/4680/2045 7290/4681/2045
f 7293/4682/2046 7290/4681/2046 7291/4680/2046
f 7290/4681/2047 7293/4682/2047 7294/4683/2047
f 7295/4684/2048 7294/4683/2048 7293/4682/2048
f 7295/4684/2049 7296/4685/2049 7294/4683/2049
f 7295/4684/2050 7297/4686/2050 7296/4685/2050
f 7298/4687/2051 7296/4685/2051 7297/4686/2051
f 7298/4687/2052 7297/4686/2052 7299/4688/2052
f 7300/4689/2053 7299/4688/2053 7297/4686/2053
f 7299/4688/2054 7300/4689/2054 7301/4690/2054
f 7302/4691/2055 7301/4690/2055 7300/4689/2055
f 7301/4690/2056 7302/4691/2056 7303/4692/2056
f 7304/4693/2057 7303/4692/2057 7302/4691/2057
f 7303/4692/2058 7304/4693/2058 7305/4694/2058
f 7306/4695/2059 7305/4694/2059 7304/4693/2059
f 7305/4694/2060 7306/4695/2060 7307/4696/2060
f 7308/4697/2061 7307/4696/2061 7306/4695/2061
f 7307/4696/2062 7308/4697/2062 7309/4698/2062
f 7308/4697/2063 7310/4699/2063 7309/4698/2063
f 7310/4699/2064 7311/4700/2064 7309/4698/2064
f 7312/4701/2065 7309/4698/2065 7311/4700/2065
f 7312/4701/2066 7311/4700/2066 7313/4702/2066
f 7314/4703/2067 7313/4702/2067 7311/4700/2067
f 7315/4704/2068 7313/4702/2068 7314/4703/2068
f 7315/4704/2069 7316/4705/2069 7313/4702/2069
f 7315/4704/2070 7317/4706/2070 7316/4705/2070
f 7318/4707/2071 7316/4705/2071 7317/4706/2071
f 7317/4706/2072 7319/4708/2072 7318/4707/2072
f 7320/4709/2073 7318/4707/2073 7319/4708/2073
f 7319/4708/2074 7321/4710/2074 7320/4709/2074
f 7322/4711/2075 7320/4709/2075 7321/4710/2075
f 7321/4710/2076 7323/4712/2076 7322/4711/2076
f 7324/4713/2077 7322/4711/2077 7323/4712/2077
f 7323/4712/2078 7325/4714/2078 7324/4713/2078
f 7326/4715/2079 7324/4713/2079 7325/4714/2079
f 7326/4715/2080 7325/4714/2080 7327/4716/2080
f 7328/4717/2081 7327/4716/2081 7325/4714/2081
f 7327/4716/2082 7328/4717/2082 7329/4718/2082
f 7328/4717/2083 7330/4719/2083 7329/4718/2083
f 7331/4720/2084 7329/4718/2084 7330/4719/2084
f 7330/4719/2085 7291/4680/2085 7331/4720/2085
f 7292/4679/2086 7331/4720/2086 7291/4680/2086
f 7334/4721/2087 7333/4722/2087 7332/4723/2087
f 7334/4721/2088 7332/4723/2088 7335/4724/2088
f 7332/4723/2089 7336/4725/2089 7335/4724/2089
f 7337/4726/2090 7335/4724/2090 7336/4725/2090
f 7337/4726/2091 7336/4725/2091 7338/4727/2091
f 7339/4728/2092 7338/4727/2092 7336/4725/2092
f 7339/4728/2093 7340/4729/2093 7338/4727/2093
f 7341/4730/2094 7340/4729/2094 7339/4728/2094
f 7344/4731/2095 7343/4732/2095 7342/4733/2095
f 7342/4733/2096 7343/4732/2096 7345/4734/2096
f 7346/4735/2097 7345/4734/2097 7343/4732/2097
f 7346/4735/2098 7347/4736/2098 7345/4734/2098
f 7348/4737/2099 7345/4734/2099 7347/4736/2099
f 7347/4736/2100 7349/4738/2100 7348/4737/2100
f 7352/4739/2101 7351/4740/2101 7350/4741/2101
f 7353/4742/2102 7350/4741/2102 7351/4740/2102
f 7350/4741/2103 7353/4742/2103 7354/4743/2103
f 7355/4744/2104 7354/4743/2104 7353/4742/2104
f 7351/4740/2105 7352/4739/2105 7356/4745/2105
f 7357/4746/2106 7356/4745/2106 7352/4739/2106
f 7356/4745/2107 7357/4746/2107 7358/4747/2107
f 7359/4748/2108 7358/4747/2108 7357/4746/2108
f 7358/4747/2109 7359/4748/2109 7360/4749/2109
f 7361/4750/2110 7360/4749/2110 7359/4748/2110
f 7361/4750/2111 7362/4751/2111 7360/4749/2111
f 7363/4752/2112 7360/4749/2112 7362/4751/2112
f 7366/4753/2113 7365/4754/2113 7364/4755/2113
f 7367/4756/2114 7364/4755/2114 7365/4754/2114
f 7370/4757/2115 7369/4758/2115 7368/4759/2115
f 7371/4760/2116 7368/4759/2116 7369/4758/2116
f 7374/4761/2117 7373/4762/2117 7372/4763/2117
f 7372/4763/2118 7373/4762/2118 7375/4764/2118
f 7376/4765/2119 7375/4764/2119 7373/4762/2119
f 7375/4764/2120 7376/4765/2120 7377/4766/2120
f 7378/4767/2121 7377/4766/2121 7376/4765/2121
f 7377/4766/2122 7378/4767/2122 7379/4768/2122
f 7380/4769/2123 7379/4768/2123 7378/4767/2123
f 7379/4768/2124 7380/4769/2124 7381/4770/2124
f 7382/4771/2125 7381/4770/2125 7380/4769/2125
f 7381/4770/2126 7382/4771/2126 7383/4772/2126
f 7386/4773/2127 7385/4774/2127 7384/4775/2127
f 7387/4776/2128 7384/4775/2128 7385/4774/2128
f 7387/4776/2129 7388/4777/2129 7384/4775/2129
f 7389/4778/2130 7384/4775/2130 7388/4777/2130
f 7388/4777/2131 7390/4779/2131 7389/4778/2131
f 7391/4780/2132 7389/4778/2132 7390/4779/2132
f 7390/4779/2133 7392/4781/2133 7391/4780/2133
f 7393/4782/2134 7391/4780/2134 7392/4781/2134
f 7392/4781/2135 7394/4783/2135 7393/4782/2135
f 7395/4784/2136 7393/4782/2136 7394/4783/2136
f 7394/4783/2137 7396/4785/2137 7395/4784/2137
f 7397/4786/2138 7395/4784/2138 7396/4785/2138
f 7396/4785/2139 7398/4787/2139 7397/4786/2139
f 7399/4788/2140 7397/4786/2140 7398/4787/2140
f 7400/4789/2141 7399/4788/2141 7398/4787/2141
f 7400/4789/2142 7398/4787/2142 7401/4790/2142
f 7402/4791/2143 7401/4790/2143 7398/4787/2143
f 7401/4790/2144 7403/4792/2144 7400/4789/2144
f 7404/4793/2145 7400/4789/2145 7403/4792/2145
f 7404/4793/2146 7403/4792/2146 7405/4794/2146
f 7406/4795/2147 7405/4794/2147 7403/4792/2147
f 7406/4795/2148 7407/4796/2148 7405/4794/2148
f 7408/4797/2149 7405/4794/2149 7407/4796/2149
f 7408/4797/2150 7407/4796/2150 7409/4798/2150
f 7410/4799/2151 7409/4798/2151 7407/4796/2151
f 7410/4799/2152 7411/4800/2152 7409/4798/2152
f 7412/4801/2153 7409/4798/2153 7411/4800/2153
f 7412/4801/2154 7411/4800/2154 7413/4802/2154
f 7414/4803/2155 7413/4802/2155 7411/4800/2155
f 7413/4802/2156 7414/4803/2156 7415/4804/2156
f 7416/4805/2157 7415/4804/2157 7414/4803/2157
f 7415/4804/2158 7416/4805/2158 7417/4806/2158
f 7418/4807/2159 7417/4806/2159 7416/4805/2159
f 7417/4806/2160 7418/4807/2160 7419/4808/2160
f 7420/4809/2161 7419/4808/2161 7418/4807/2161
f 7419/4808/2162 7420/4809/2162 7421/4810/2162
f 7422/4811/2163 7421/4810/2163 7420/4809/2163
f 7421/4810/2164 7422/4811/2164 7423/4812/2164
f 7424/4813/2165 7423/4812/2165 7422/4811/2165
f 7424/4813/2166 7385/4774/2166 7423/4812/2166
f 7386/4773/2167 7423/4812/2167 7385/4774/2167
f 7410/4799/2168 7425/4814/2168 7411/4800/2168
f 7428/4815/2169 7427/4816/2169 7426/4817/2169
f 7429/4818/2170 7426/4817/2170 7427/4816/2170
f 7429/4818/2171 7427/4816/2171 7430/4819/2171
f 7431/4820/2172 7430/4819/2172 7427/4816/2172
f 7430/4819/2173 7431/4820/2173 7432/4821/2173
f 7433/4822/2174 7432/4821/2174 7431/4820/2174
f 7432/4821/2175 7433/4822/2175 7434/4823/2175
f 7435/4824/2176 7434/4823/2176 7433/4822/2176
f 7434/4823/2177 7435/4824/2177 7436/4825/2177
f 7437/4826/2178 7436/4825/2178 7435/4824/2178
f 7436/4825/2179 7437/4826/2179 7438/4827/2179
f 7439/4828/2180 7438/4827/2180 7437/4826/2180
f 7438/4827/2181 7439/4828/2181 7440/4829/2181
f 7441/4830/2182 7440/4829/2182 7439/4828/2182
f 7441/4830/2183 7442/4831/2183 7440/4829/2183
f 7442/4831/2184 7443/4832/2184 7440/4829/2184
f 7444/4833/2185 7440/4829/2185 7443/4832/2185
f 7443/4832/2186 7442/4831/2186 7445/4834/2186
f 7446/4835/2187 7445/4834/2187 7442/4831/2187
f 7446/4835/2188 7447/4836/2188 7445/4834/2188
f 7448/4837/2189 7445/4834/2189 7447/4836/2189
f 7448/4837/2190 7447/4836/2190 7449/4838/2190
f 7450/4839/2191 7449/4838/2191 7447/4836/2191
f 7450/4839/2192 7451/4840/2192 7449/4838/2192
f 7452/4841/2193 7449/4838/2193 7451/4840/2193
f 7452/4841/2194 7451/4840/2194 7453/4842/2194
f 7454/4843/2195 7453/4842/2195 7451/4840/2195
f 7454/4843/2196 7455/4844/2196 7453/4842/2196
f 7456/4845/2197 7453/4842/2197 7455/4844/2197
f 7455/4844/2198 7457/4846/2198 7456/4845/2198
f 7458/4847/2199 7456/4845/2199 7457/4846/2199
f 7457/4846/2200 7459/4848/2200 7458/4847/2200
f 7460/4849/2201 7458/4847/2201 7459/4848/2201
f 7459/4848/2202 7461/4850/2202 7460/4849/2202
f 7462/4851/2203 7460/4849/2203 7461/4850/2203
f 7461/4850/2204 7463/4852/2204 7462/4851/2204
f 7464/4853/2205 7462/4851/2205 7463/4852/2205
f 7463/4852/2206 7465/4854/2206 7464/4853/2206
f 7466/4855/2207 7464/4853/2207 7465/4854/2207
f 7466/4855/2208 7465/4854/2208 7426/4817/2208
f 7428/4815/2209 7426/4817/2209 7465/4854/2209
f 7453/4842/2210 7467/4856/2210 7452/4841/2210
f 7470/4857/2211 7469/4858/2211 7468/4859/2211
f 7468/4859/2212 7471/4860/2212 7470/4857/2212
f 7472/4861/2213 7470/4857/2213 7471/4860/2213
f 7471/4860/2214 7473/4862/2214 7472/4861/2214
f 7474/4863/2215 7472/4861/2215 7473/4862/2215
f 7474/4863/2216 7473/4862/2216 7475/4864/2216
f 7476/4865/2217 7475/4864/2217 7473/4862/2217
f 7475/4864/2218 7476/4865/2218 7477/4866/2218
f 7478/4867/2219 7477/4866/2219 7476/4865/2219
f 7479/4868/2220 7477/4866/2220 7478/4867/2220
f 7482/4869/2221 7481/4870/2221 7480/4871/2221
f 7483/4872/2222 7481/4870/2222 7482/4869/2222
f 7483/4872/2223 7484/4873/2223 7481/4870/2223
f 7485/4874/2224 7481/4870/2224 7484/4873/2224
f 7485/4874/2225 7484/4873/2225 7486/4875/2225
f 7487/4876/2226 7486/4875/2226 7484/4873/2226
f 7486/4875/2227 7487/4876/2227 7488/4877/2227
f 7487/4876/2228 7489/4878/2228 7488/4877/2228
f 7489/4878/2229 7490/4879/2229 7488/4877/2229
f 7491/4880/2230 7482/4869/2230 7480/4871/2230
f 7494/4881/2231 7493/4882/2231 7492/4883/2231
f 7495/4884/2232 7492/4883/2232 7493/4882/2232
f 7492/4883/2233 7495/4884/2233 7496/4885/2233
f 7497/4886/2234 7496/4885/2234 7495/4884/2234
f 7496/4885/2235 7497/4886/2235 7498/4887/2235
f 7499/4888/2236 7498/4887/2236 7497/4886/2236
f 7498/4887/2237 7499/4888/2237 7500/4889/2237
f 7501/4890/2238 7500/4889/2238 7499/4888/2238
f 7500/4889/2239 7501/4890/2239 7502/4891/2239
f 7503/4892/2240 7502/4891/2240 7501/4890/2240
f 7502/4891/2241 7503/4892/2241 7504/4893/2241
f 7505/4894/2242 7504/4893/2242 7503/4892/2242
f 7504/4893/2243 7505/4894/2243 7506/4895/2243
f 7507/4896/2244 7506/4895/2244 7505/4894/2244
f 7506/4895/2245 7507/4896/2245 7508/4897/2245
f 7509/4898/2246 7508/4897/2246 7507/4896/2246
f 7508/4897/2247 7509/4898/2247 7510/4899/2247
f 7511/4900/2248 7510/4899/2248 7509/4898/2248
f 7510/4899/2249 7511/4900/2249 7512/4901/2249
f 7513/4902/2250 7512/4901/2250 7511/4900/2250
f 7513/4902/2251 7514/4903/2251 7512/4901/2251
f 7515/4904/2252 7512/4901/2252 7514/4903/2252
f 7514/4903/2253 7516/4905/2253 7515/4904/2253
f 7517/4906/2254 7515/4904/2254 7516/4905/2254
f 7516/4905/2255 7518/4907/2255 7517/4906/2255
f 7519/4908/2256 7517/4906/2256 7518/4907/2256
f 7518/4907/2257 7520/4909/2257 7519/4908/2257
f 7521/4910/2258 7519/4908/2258 7520/4909/2258
f 7520/4909/2259 7522/4911/2259 7521/4910/2259
f 7523/4912/2260 7521/4910/2260 7522/4911/2260
f 7522/4911/2261 7524/4913/2261 7523/4912/2261
f 7525/4914/2262 7523/4912/2262 7524/4913/2262
f 7524/4913/2263 7526/4915/2263 7525/4914/2263
f 7527/4916/2264 7525/4914/2264 7526/4915/2264
f 7526/4915/2265 7528/4917/2265 7527/4916/2265
f 7529/4918/2266 7527/4916/2266 7528/4917/2266
f 7528/4917/2267 7530/4919/2267 7529/4918/2267
f 7531/4920/2268 7529/4918/2268 7530/4919/2268
f 7530/4919/2269 7532/4921/2269 7531/4920/2269
f 7533/4922/2270 7531/4920/2270 7532/4921/2270
f 7536/4923/2271 7535/4924/2271 7534/4925/2271
f 7537/4926/2272 7534/4925/2272 7535/4924/2272
f 7535/4924/2273 7536/4923/2273 7538/4927/2273
f 7539/4928/2274 7538/4927/2274 7536/4923/2274
f 7538/4927/2275 7539/4928/2275 7540/4929/2275
f 7541/4930/2276 7540/4929/2276 7539/4928/2276
f 7540/4929/2277 7541/4930/2277 7542/4931/2277
f 7543/4932/2278 7542/4931/2278 7541/4930/2278
f 7542/4931/2279 7543/4932/2279 7544/4933/2279
f 7545/4934/2280 7544/4933/2280 7543/4932/2280
f 7548/4935/2281 7547/4936/2281 7546/4937/2281
f 7549/4938/2282 7546/4937/2282 7547/4936/2282
f 7552/4939/2283 7551/4940/2283 7550/4941/2283
f 7553/4942/2284 7550/4941/2284 7551/4940/2284
f 7556/4943/2285 7555/4944/2285 7554/4945/2285
f 7557/4946/2285 7554/4945/2285 7555/4944/2285
f 7557/4946/2286 7555/4944/2286 7558/4947/2286
f 7559/4948/2286 7558/4947/2286 7555/4944/2286
f 7558/4947/2287 7559/4948/2287 7560/4949/2287
f 7561/4950/2287 7560/4949/2287 7559/4948/2287
f 7560/4949/2288 7561/4950/2288 7562/4951/2288
f 7563/4952/2289 7562/4951/2289 7561/4950/2289
f 7563/4952/2290 7564/4953/2290 7562/4951/2290
f 7565/4954/2291 7562/4951/2291 7564/4953/2291
f 7565/4954/2292 7564/4953/2292 7566/4955/2292
f 7567/4956/2293 7566/4955/2293 7564/4953/2293
f 7566/4955/2294 7567/4956/2294 7568/4957/2294
f 7569/4958/2295 7568/4957/2295 7567/4956/2295
f 7568/4957/2296 7569/4958/2296 7570/4959/2296
f 7571/4960/2297 7570/4959/2297 7569/4958/2297
f 7571/4960/2298 7572/4961/2298 7570/4959/2298
f 7573/4962/2299 7570/4959/2299 7572/4961/2299
f 7572/4961/2300 7574/4963/2300 7573/4962/2300
f 7575/4964/2301 7573/4962/2301 7574/4963/2301
f 7575/4964/2302 7574/4963/2302 7576/4965/2302
f 7577/4966/2302 7576/4965/2302 7574/4963/2302
f 7580/4967/2303 7579/4968/2303 7578/4969/2303
f 7581/4970/2303 7578/4969/2303 7579/4968/2303
f 7581/4970/2304 7579/4968/2304 7582/4971/2304
f 7583/4972/2305 7582/4971/2305 7579/4968/2305
f 7582/4971/2306 7583/4972/2306 7584/4973/2306
f 7585/4974/2307 7584/4973/2307 7583/4972/2307
f 7585/4974/2308 7586/4975/2308 7584/4973/2308
f 7587/4976/2309 7584/4973/2309 7586/4975/2309
f 7586/4975/2310 7588/4977/2310 7587/4976/2310
f 7589/4978/2311 7587/4976/2311 7588/4977/2311
f 7588/4977/2312 7590/4979/2312 7589/4978/2312
f 7591/4980/2313 7589/4978/2313 7590/4979/2313
f 7591/4980/2314 7590/4979/2314 7592/4981/2314
f 7593/4982/2315 7592/4981/2315 7590/4979/2315
f 7593/4982/2316 7594/4983/2316 7592/4981/2316
f 7595/4984/2317 7592/4981/2317 7594/4983/2317
f 7594/4983/2318 7556/4943/2318 7595/4984/2318
f 7554/4945/2318 7595/4984/2318 7556/4943/2318
f 7598/4985/2319 7597/4986/2319 7596/4987/2319
f 7599/4988/2320 7596/4987/2320 7597/4986/2320
f 7597/4986/2321 7600/4989/2321 7599/4988/2321
f 7601/4990/2322 7599/4988/2322 7600/4989/2322
f 7600/4989/2323 7602/4991/2323 7601/4990/2323
f 7603/4992/2324 7601/4990/2324 7602/4991/2324
f 7602/4991/2325 7604/4993/2325 7603/4992/2325
f 7605/4994/2326 7603/4992/2326 7604/4993/2326
f 7605/4994/2327 7604/4993/2327 7606/4995/2327
f 7607/4996/2328 7606/4995/2328 7604/4993/2328
f 7596/4987/2329 7608/4997/2329 7598/4985/2329
f 7609/4998/2330 7598/4985/2330 7608/4997/2330
f 7612/4999/2331 7611/5000/2331 7610/5001/2331
f 7613/5002/2332 7610/5001/2332 7611/5000/2332
f 7616/5003/2333 7615/5004/2333 7614/5005/2333
f 7617/5006/2334 7614/5005/2334 7615/5004/2334
f 7620/5007/2335 7619/5008/2335 7618/5009/2335
f 7618/5009/2336 7621/5010/2336 7620/5007/2336
f 7622/5011/2337 7620/5007/2337 7621/5010/2337
f 7621/5010/2338 7623/5012/2338 7622/5011/2338
f 7624/5013/2339 7622/5011/2339 7623/5012/2339
f 7623/5012/2340 7625/5014/2340 7624/5013/2340
f 7626/5015/2341 7624/5013/2341 7625/5014/2341
f 7625/5014/2342 7627/5016/2342 7626/5015/2342
f 7628/5017/2343 7626/5015/2343 7627/5016/2343
f 7628/5017/2344 7627/5016/2344 7629/5018/2344
f 7632/5019/2345 7631/5020/2345 7630/5021/2345
f 7633/5022/2346 7630/5021/2346 7631/5020/2346
f 7631/5020/2347 7634/5023/2347 7633/5022/2347
f 7635/5024/2348 7633/5022/2348 7634/5023/2348
f 7634/5023/2349 7636/5025/2349 7635/5024/2349
f 7637/5026/2350 7635/5024/2350 7636/5025/2350
f 7636/5025/2351 7638/5027/2351 7637/5026/2351
f 7639/5028/2352 7637/5026/2352 7638/5027/2352
f 7638/5027/2353 7640/5029/2353 7639/5028/2353
f 7641/5030/2354 7639/5028/2354 7640/5029/2354
f 7644/5031/2355 7643/5032/2355 7642/5033/2355
f 7645/5034/2356 7642/5033/2356 7643/5032/2356
f 7648/5035/2357 7647/5036/2357 7646/5037/2357
f 7649/5038/2358 7646/5037/2358 7647/5036/2358
f 7652/5039/2359 7651/5040/2359 7650/5041/2359
f 7653/5042/2360 7650/5041/2360 7651/5040/2360
f 7650/5041/2361 7653/5042/2361 7654/5043/2361
f 7655/5044/2362 7654/5043/2362 7653/5042/2362
f 7654/5043/2363 7655/5044/2363 7656/5045/2363
f 7657/5046/2364 7656/5045/2364 7655/5044/2364
f 7656/5045/2365 7657/5046/2365 7658/5047/2365
f 7659/5048/2366 7658/5047/2366 7657/5046/2366
f 7658/5047/2367 7659/5048/2367 7660/5049/2367
f 7661/5050/2368 7660/5049/2368 7659/5048/2368
f 7660/5049/2369 7661/5050/2369 7662/5051/2369
f 7663/5052/2370 7662/5051/2370 7661/5050/2370
f 7662/5051/2371 7663/5052/2371 7664/5053/2371
f 7665/5054/2372 7664/5053/2372 7663/5052/2372
f 7664/5053/2373 7665/5054/2373 7666/5055/2373
f 7667/5056/2374 7666/5055/2374 7665/5054/2374
f 7666/5055/2375 7667/5056/2375 7668/5057/2375
f 7669/5058/2376 7668/5057/2376 7667/5056/2376
f 7671/5059/2377 7670/5060/2377 7652/5039/2377
f 7651/5040/2378 7652/5039/2378 7670/5060/2378
f 7670/5060/2379 7671/5059/2379 7672/5061/2379
f 7673/5062/2380 7672/5061/2380 7671/5059/2380
f 7672/5061/2381 7673/5062/2381 7674/5063/2381
f 7675/5064/2382 7674/5063/2382 7673/5062/2382
f 7674/5063/2383 7675/5064/2383 7676/5065/2383
f 7677/5066/2384 7676/5065/2384 7675/5064/2384
f 7676/5065/2385 7677/5066/2385 7678/5067/2385
f 7679/5068/2386 7678/5067/2386 7677/5066/2386
f 7678/5067/2387 7679/5068/2387 7680/5069/2387
f 7681/5070/2388 7680/5069/2388 7679/5068/2388
f 7680/5069/2389 7681/5070/2389 7682/5071/2389
f 7683/5072/2390 7682/5071/2390 7681/5070/2390
f 7682/5071/2391 7683/5072/2391 7684/5073/2391
f 7685/5074/2392 7684/5073/2392 7683/5072/2392
f 7684/5073/2393 7685/5074/2393 7686/5075/2393
f 7687/5076/2394 7686/5075/2394 7685/5074/2394
f 7686/5075/2395 7687/5076/2395 7688/5077/2395
f 7689/5078/2396 7688/5077/2396 7687/5076/2396
f 7688/5077/2397 7689/5078/2397 7690/5079/2397
f 7691/5080/2398 7690/5079/2398 7689/5078/2398
f 7694/5081/2399 7693/5082/2399 7692/5083/2399
f 7692/5083/2400 7693/5082/2400 7695/5084/2400
f 7695/5084/2401 7693/5082/2401 7696/5085/2401
f 7696/5085/2402 7693/5082/2402 7697/5086/2402
f 7698/5087/2403 7693/5082/2403 7694/5081/2403
f 7699/5088/2404 7693/5082/2404 7698/5087/2404
f 7697/5086/2405 7701/5082/2405 7700/5089/2405
f 7703/5090/2406 7702/5082/2406 7699/5088/2406
f 7704/5091/2407 7702/5082/2407 7703/5090/2407
f 7705/5092/2408 7702/5082/2408 7704/5091/2408
f 7706/5093/2409 7702/5082/2409 7705/5092/2409
f 7708/5094/2410 7707/5082/2410 7706/5093/2410
l 7194 7195
l 7198 7199
l 7202 7203
l 7195 7196
l 7199 7200
l 7191 7192
l 7196 7197
l 7200 7201
l 7191 7203
l 7197 7198
l 7201 7202
o m4
v 0.471153 0.032962 2.445773
v 0.404753 0.280862 3.752973
v 0.404753 0.280862 2.445773
v 0.471153 0.032962 3.752973
v 0.404753 -0.214838 2.445773
v 0.404753 -0.214838 3.752973
v 0.223353 -0.396238 2.445773
v 0.223353 -0.396238 3.752973
v -0.024447 -0.462638 2.445773
v -0.024447 -0.462638 3.752973
v 0.223353 0.462262 3.752973
v 0.223353 0.462262 2.445773
v -0.024447 0.528662 3.752973
v -0.024447 0.528662 2.445773
v -0.272347 0.462262 3.752973
v -0.272347 0.462262 2.445773
v -0.453747 0.280862 3.752973
v -0.453747 0.280862 2.445773
v -0.520147 0.032962 3.752973
v -0.520147 0.032962 2.445773
v -0.453747 -0.214838 3.752973
v -0.453747 -0.214838 2.445773
v -0.272347 -0.396238 3.752973
v -0.272347 -0.396238 2.445773
v -0.024447 -0.462638 3.752973
v -0.024447 -0.462638 2.445773
v 0.348153 0.248162 -0.757927
v 0.405853 0.032962 2.445773
v 0.348153 0.248162 2.445773
v 0.405853 0.032962 -0.757927
v 0.348153 -0.182138 2.445773
v 0.348153 -0.182139 -0.757927
v 0.190653 -0.339738 2.445773
v 0.190653 -0.339739 -0.757927
v -0.024447 -0.397338 2.445773
v -0.024447 -0.397338 -0.757927
v 0.190653 0.405661 -0.757927
v 0.190653 0.405662 2.445773
v -0.024447 0.463261 -0.757927
v -0.024447 0.463262 2.445773
v -0.239647 0.405661 -0.757927
v -0.239647 0.405662 2.445773
v -0.397147 0.248162 -0.757927
v -0.397147 0.248162 2.445773
v -0.454847 0.032962 -0.757927
v -0.454847 0.032962 2.445773
v -0.397147 -0.182139 -0.757927
v -0.397147 -0.182138 2.445773
v -0.239647 -0.339739 -0.757927
v -0.239647 -0.339738 2.445773
v -0.024447 -0.397338 -0.757927
v -0.024447 -0.397338 2.445773
v 0.471153 0.032962 3.752973
v 0.348153 0.248162 3.752973
v 0.404753 0.280862 3.752973
v 0.405853 0.032962 3.752973
v 0.404753 -0.214838 3.752973
v 0.348153 -0.182138 3.752973
v 0.223353 -0.396238 3.752973
v 0.190653 -0.339738 3.752973
v -0.024447 -0.462638 3.752973
v -0.024447 -0.397338 3.752973
v -0.272347 -0.396238 3.752973
v -0.239647 -0.339738 3.752973
v -0.453747 -0.214838 3.752973
v -0.397147 -0.182138 3.752973
v -0.520147 0.032962 3.752973
v -0.454847 0.032962 3.752973
v -0.453747 0.280862 3.752973
v -0.397147 0.248162 3.752973
v -0.272347 0.462262 3.752973
v -0.239647 0.405662 3.752973
v -0.024447 0.528662 3.752973
v -0.024447 0.463262 3.752973
v 0.223353 0.462262 3.752973
v 0.190653 0.405662 3.752973
v 0.404753 0.280862 2.445773
v 0.405853 0.032962 2.445773
v 0.471153 0.032962 2.445773
v 0.348153 0.248162 2.445773
v 0.223353 0.462262 2.445773
v 0.190653 0.405662 2.445773
v -0.024447 0.528662 2.445773
v -0.024447 0.463262 2.445773
v -0.272347 0.462262 2.445773
v -0.239647 0.405662 2.445773
v -0.453747 0.280862 2.445773
v -0.397147 0.248162 2.445773
v -0.520147 0.032962 2.445773
v -0.454847 0.032962 2.445773
v -0.453747 -0.214838 2.445773
v -0.397147 -0.182138 2.445773
v -0.272347 -0.396238 2.445773
v -0.239647 -0.339738 2.445773
v -0.024447 -0.462638 2.445773
v -0.024447 -0.397338 2.445773
v 0.223353 -0.396238 2.445773
v 0.190653 -0.339738 2.445773
v 0.404753 -0.214838 2.445773
v 0.348153 -0.182138 2.445773
v 0.384953 0.269362 -0.757927
v 0.448253 0.032962 -1.399827
v 0.448253 0.032962 -0.757927
v 0.384953 0.269362 -1.399827
v 0.211953 0.442362 -0.757927
v 0.211953 0.442362 -1.399827
v -0.024447 0.505762 -0.757927
v -0.024447 0.505761 -1.399827
v -0.260847 0.442362 -0.757927
v -0.260847 0.442362 -1.399827
v -0.433847 0.269362 -0.757927
v -0.433847 0.269362 -1.399827
v -0.497247 0.032962 -0.757927
v -0.497247 0.032962 -1.399827
v -0.433847 -0.203438 -0.757927
v -0.433847 -0.203438 -1.399827
v -0.260847 -0.376438 -0.757927
v -0.260847 -0.376438 -1.399827
v -0.024447 -0.439738 -0.757927
v -0.024447 -0.439738 -1.399827
v 0.211953 -0.376438 -0.757927
v -0.024447 -0.439738 -1.399827
v -0.024447 -0.439738 -0.757927
v 0.211953 -0.376438 -1.399827
v 0.384953 -0.203438 -0.757927
v 0.384953 -0.203438 -1.399827
v 0.448253 0.032962 -0.757927
v 0.348153 0.248162 -0.757927
v 0.384953 0.269362 -0.757927
v 0.405853 0.032962 -0.757927
v 0.384953 -0.203438 -0.757927
v 0.348153 -0.182139 -0.757927
v 0.211953 -0.376438 -0.757927
v 0.190653 -0.339739 -0.757927
v -0.024447 -0.439738 -0.757927
v -0.024447 -0.397338 -0.757927
v -0.260847 -0.376438 -0.757927
v -0.239647 -0.339739 -0.757927
v -0.433847 -0.203438 -0.757927
v -0.397147 -0.182139 -0.757927
v -0.497247 0.032962 -0.757927
v -0.454847 0.032962 -0.757927
v -0.433847 0.269362 -0.757927
v -0.397147 0.248162 -0.757927
v -0.260847 0.442362 -0.757927
v -0.239647 0.405661 -0.757927
v -0.024447 0.505762 -0.757927
v -0.024447 0.463261 -0.757927
v 0.211953 0.442362 -0.757927
v 0.190653 0.405661 -0.757927
v 0.198753 0.419562 -1.426227
v -0.411047 0.256161 -1.426227
v 0.362153 0.256161 -1.426227
v -0.247647 0.419562 -1.426227
v -0.024447 0.479361 -1.426227
v 0.421953 0.032962 -1.426227
v -0.470847 0.032962 -1.426227
v 0.362153 -0.190239 -1.426227
v -0.411047 -0.190239 -1.426227
v 0.198753 -0.353638 -1.426227
v -0.247647 -0.353638 -1.426227
v -0.024447 -0.413439 -1.426227
v 0.362153 0.256161 -1.426227
v 0.448253 0.032962 -1.399827
v 0.384953 0.269362 -1.399827
v 0.421953 0.032962 -1.426227
v 0.384953 -0.203438 -1.399827
v 0.362153 -0.190239 -1.426227
v 0.211953 -0.376438 -1.399827
v 0.198753 -0.353638 -1.426227
v -0.024447 -0.439738 -1.399827
v -0.024447 -0.413439 -1.426227
v -0.260847 -0.376438 -1.399827
v -0.247647 -0.353638 -1.426227
v -0.433847 -0.203438 -1.399827
v -0.411047 -0.190239 -1.426227
v -0.497247 0.032962 -1.399827
v -0.470847 0.032962 -1.426227
v -0.433847 0.269362 -1.399827
v -0.411047 0.256161 -1.426227
v -0.260847 0.442362 -1.399827
v -0.247647 0.419562 -1.426227
v -0.024447 0.505761 -1.399827
v -0.024447 0.479361 -1.426227
v 0.211953 0.442362 -1.399827
v 0.198753 0.419562 -1.426227
v -0.342047 0.403462 -1.178027
v -0.397547 0.355362 -0.825227
v -0.397547 0.355362 -1.178027
v -0.342047 0.403462 -0.825228
v -0.286447 0.355362 -1.178027
v -0.286447 0.355362 -0.825227
v -0.397547 0.355362 -1.178027
v -0.342047 0.307262 -0.825227
v -0.342047 0.307262 -1.178027
v -0.397547 0.355362 -0.825227
v -0.397547 0.355362 -1.178027
v -0.342047 0.307262 -1.178027
v -0.286447 0.355362 -1.178027
v -0.342047 0.403462 -1.178027
v -0.355647 0.378762 -1.170627
v -0.351847 0.335662 -1.359427
v -0.351847 0.335662 -1.170627
v -0.355647 0.378762 -1.359427
v -0.391147 0.353962 -1.170627
v -0.355647 0.378762 -1.359427
v -0.355647 0.378762 -1.170627
v -0.391147 0.353962 -1.359427
v -0.351847 0.335662 -1.170627
v -0.391147 0.353962 -1.359427
v -0.391147 0.353962 -1.170627
v -0.351847 0.335662 -1.359427
v -0.384947 0.450762 -0.793127
v -0.439247 0.404062 -0.828228
v -0.384947 0.450762 -0.828228
v -0.439247 0.404062 -0.793127
v -0.439247 0.404062 -0.793127
v -0.368047 0.310262 -0.831828
v -0.439247 0.404062 -0.828228
v -0.368047 0.310262 -0.789627
v -0.384947 0.450762 -0.793127
v -0.368047 0.310262 -0.789627
v -0.439247 0.404062 -0.793127
v -0.302747 0.366462 -0.789627
v -0.384947 0.450762 -0.828228
v -0.302747 0.366462 -0.789627
v -0.384947 0.450762 -0.793127
v -0.302747 0.366462 -0.831828
v -0.439247 0.404062 -0.828228
v -0.302747 0.366462 -0.831828
v -0.384947 0.450762 -0.828228
v -0.368047 0.310262 -0.831828
v -0.340847 0.421562 -1.316827
v -0.391347 0.421562 -1.370327
v -0.340847 0.421562 -1.370327
v -0.391347 0.421562 -1.316827
v -0.391347 0.389062 -1.316827
v -0.433047 0.311662 -1.370327
v -0.391347 0.389062 -1.370327
v -0.433047 0.311662 -1.316827
v -0.433047 0.311662 -1.316827
v -0.391347 0.389062 -1.316827
v -0.340847 0.311662 -1.316827
v -0.340847 0.421562 -1.316827
v -0.391347 0.421562 -1.316827
v -0.340847 0.421562 -1.370327
v -0.340847 0.311662 -1.316827
v -0.340847 0.421562 -1.316827
v -0.340847 0.311662 -1.370327
v -0.340847 0.311662 -1.370327
v -0.340847 0.421562 -1.370327
v -0.391347 0.389062 -1.370327
v -0.391347 0.421562 -1.370327
v -0.433047 0.311662 -1.370327
v -0.391347 0.421562 -1.316827
v -0.391347 0.389062 -1.370327
v -0.391347 0.421562 -1.370327
v -0.391347 0.389062 -1.316827
v -0.307147 0.240261 -1.172827
v -0.534347 0.240261 -1.387427
v -0.534347 0.240261 -1.172827
v -0.307147 0.240261 -1.387427
v -0.307147 0.316861 -1.172827
v -0.534347 0.316861 -1.387427
v -0.307147 0.316861 -1.387427
v -0.534347 0.316861 -1.172827
v -0.534347 0.316861 -1.172827
v -0.534347 0.240261 -1.387427
v -0.534347 0.316861 -1.387427
v -0.534347 0.240261 -1.172827
v -0.307147 0.316861 -1.172827
v -0.534347 0.240261 -1.172827
v -0.534347 0.316861 -1.172827
v -0.307147 0.240261 -1.172827
v -0.534347 0.316861 -1.387427
v -0.307147 0.240261 -1.387427
v -0.307147 0.316861 -1.387427
v -0.534347 0.240261 -1.387427
v -0.647347 -0.018738 -1.420827
v -0.610147 -0.064038 -1.402027
v -0.647347 -0.064038 -1.402027
v -0.610147 -0.018738 -1.420827
v -0.610147 -0.109338 -1.420827
v -0.647347 -0.109338 -1.420827
v -0.610147 -0.128039 -1.466127
v -0.647347 -0.128039 -1.466127
v -0.610147 -0.109338 -1.511327
v -0.647347 -0.109338 -1.511327
v -0.610147 -0.064038 -1.530127
v -0.647347 -0.064038 -1.530127
v -0.610147 -0.018738 -1.511327
v -0.647347 -0.018738 -1.511327
v -0.610147 -0.064038 -1.402027
v -0.610147 -0.109338 -1.511327
v -0.610147 -0.109338 -1.420827
v -0.610147 -0.064038 -1.530127
v -0.610147 -0.018738 -1.511327
v -0.610147 -0.018738 -1.420827
v -0.610147 0.424462 -1.420827
v -0.610147 0.501262 -1.511327
v -0.610147 0.501262 -1.113227
v -0.610147 0.424462 -1.113227
v -0.610147 -0.128039 -1.466127
v -0.647347 -0.109338 -1.420827
v -0.647347 -0.064038 -1.530127
v -0.647347 -0.064038 -1.402027
v -0.647347 -0.109338 -1.511327
v -0.647347 -0.128039 -1.466127
v -0.647347 -0.018738 -1.420827
v -0.647347 -0.018738 -1.511327
v -0.647347 0.424462 -1.420827
v -0.647347 0.501262 -1.511327
v -0.647347 0.501262 -1.113227
v -0.647347 0.424462 -1.113227
v -0.647347 0.424462 -1.420827
v -0.610147 -0.018738 -1.420827
v -0.647347 -0.018738 -1.420827
v -0.610147 0.424462 -1.420827
v -0.610147 0.501262 -1.511327
v -0.647347 -0.018738 -1.511327
v -0.610147 -0.018738 -1.511327
v -0.647347 0.501262 -1.511327
v -0.647347 0.424462 -1.113227
v -0.610147 0.501262 -1.113227
v -0.610147 0.424462 -1.113227
v -0.647347 0.501262 -1.113227
v -0.610147 0.501262 -1.113227
v -0.647347 0.501262 -1.511327
v -0.610147 0.501262 -1.511327
v -0.647347 0.501262 -1.113227
v -0.610147 0.424462 -1.113227
v -0.647347 0.424462 -1.420827
v -0.647347 0.424462 -1.113227
v -0.610147 0.424462 -1.420827
v -0.610147 0.180862 -1.271627
v 0.072753 -0.217639 -1.271627
v -0.610147 -0.217639 -1.271627
v 0.072753 0.061362 -1.271627
v -0.116747 0.180862 -1.271627
v -0.610147 0.180862 -1.628027
v -0.610147 -0.217639 -1.271627
v -0.610147 -0.217639 -1.628027
v -0.610147 0.180862 -1.271627
v -0.116747 0.180862 -1.628027
v -0.610147 0.180862 -1.271627
v -0.610147 0.180862 -1.628027
v -0.116747 0.180862 -1.271627
v 0.072753 0.061362 -1.628027
v 0.072753 -0.217639 -1.271627
v 0.072753 0.061362 -1.271627
v 0.072753 -0.217639 -1.628027
v -0.610147 -0.217639 -1.628027
v 0.072753 -0.217639 -1.271627
v 0.072753 -0.217639 -1.628027
v -0.610147 -0.217639 -1.271627
v 0.072753 0.061362 -1.628027
v -0.610147 -0.217639 -1.628027
v 0.072753 -0.217639 -1.628027
v -0.610147 0.180862 -1.628027
v -0.116747 0.180862 -1.628027
v -0.116747 0.180862 -1.271627
v 0.072753 0.061362 -1.628027
v 0.072753 0.061362 -1.271627
v -0.116747 0.180862 -1.628027
v 0.014153 0.078562 -1.676427
v -0.030747 0.060062 -1.615127
v -0.030747 0.060062 -1.676427
v 0.014153 0.078562 -1.615127
v 0.032653 0.033762 -1.676427
v 0.032653 0.033762 -1.615127
v -0.012147 0.015261 -1.676427
v 0.032653 0.033762 -1.615127
v 0.032653 0.033762 -1.676427
v -0.012147 0.015261 -1.615127
v -0.030747 0.060062 -1.676427
v -0.012147 0.015261 -1.615127
v -0.012147 0.015261 -1.676427
v -0.030747 0.060062 -1.615127
v -0.030747 0.060062 -1.676427
v 0.032653 0.033762 -1.676427
v 0.014153 0.078562 -1.676427
v -0.012147 0.015261 -1.676427
v -0.637447 0.180862 -1.271627
v -0.610147 -0.217639 -1.271627
v -0.637447 -0.217639 -1.271627
v -0.610147 0.180862 -1.271627
v -0.637447 -0.217639 -1.271627
v -0.610147 -0.217639 -1.628027
v -0.637447 -0.217639 -1.628027
v -0.610147 -0.217639 -1.271627
v -0.637447 0.180862 -1.271627
v -0.610147 0.180862 -1.394327
v -0.610147 0.180862 -1.271627
v -0.637447 0.180862 -1.394327
v -0.637447 -0.217639 -1.271627
v -0.637447 0.180862 -1.394327
v -0.637447 0.180862 -1.271627
v -0.637447 -0.070938 -1.383527
v -0.637447 -0.134938 -1.417027
v -0.637447 -0.150938 -1.466127
v -0.637447 -0.217639 -1.628027
v -0.637447 -0.134938 -1.547027
v -0.637447 -0.134938 -1.628027
v -0.610147 -0.217639 -1.628027
v -0.637447 -0.134938 -1.628027
v -0.637447 -0.217639 -1.628027
v -0.610147 -0.134938 -1.628027
v -0.610147 -0.070938 -1.383527
v -0.637447 0.180862 -1.394327
v -0.637447 -0.070938 -1.383527
v -0.610147 0.180862 -1.394327
v -0.610147 -0.134938 -1.417027
v -0.637447 -0.134938 -1.417027
v -0.610147 -0.150938 -1.466127
v -0.637447 -0.150938 -1.466127
v -0.610147 -0.134938 -1.547027
v -0.637447 -0.134938 -1.547027
v -0.610147 -0.134938 -1.628027
v -0.637447 -0.134938 -1.628027
v 0.451353 -1.050838 0.327773
v -0.563247 -1.027138 0.327773
v -0.492347 -1.050838 0.327773
v 0.522253 -1.027138 0.327773
v -0.586847 -0.956338 0.327773
v 0.545853 -0.956338 0.327773
v -0.586847 -0.316038 0.327773
v 0.545853 -0.316038 0.327773
v -0.586847 -0.316038 4.459273
v 0.545853 -0.956338 4.459273
v -0.586847 -0.956338 4.459273
v 0.545853 -0.316038 4.459273
v -0.563247 -1.027138 4.459273
v 0.522253 -1.027138 4.459273
v -0.492347 -1.050838 4.459273
v 0.451353 -1.050838 4.459273
v 0.451353 -1.050838 4.459273
v -0.492347 -1.050838 0.327773
v -0.492347 -1.050838 4.459273
v 0.451353 -1.050838 0.327773
v 0.545853 -0.316038 4.459273
v 0.545853 -0.956338 0.327773
v 0.545853 -0.956338 4.459273
v 0.545853 -0.316038 0.327773
v 0.522253 -1.027138 0.327773
v 0.522253 -1.027138 4.459273
v 0.451353 -1.050838 0.327773
v 0.451353 -1.050838 4.459273
v -0.586847 -0.316038 4.459273
v 0.545853 -0.316038 0.327773
v 0.545853 -0.316038 4.459273
v -0.586847 -0.316038 0.327773
v -0.586847 -0.956338 4.459273
v -0.586847 -0.316038 0.327773
v -0.586847 -0.316038 4.459273
v -0.586847 -0.956338 0.327773
v -0.563247 -1.027138 4.459273
v -0.563247 -1.027138 0.327773
v -0.492347 -1.050838 4.459273
v -0.492347 -1.050838 0.327773
v 0.617553 -0.603938 2.898573
v 0.617553 -0.524838 2.188272
v 0.617553 -0.603938 2.204373
v 0.617553 -0.524838 2.898573
v 0.617553 -0.691138 1.794973
v 0.617553 -0.770338 1.811073
v 0.617553 -0.691138 0.833873
v 0.617553 -0.770338 0.833873
v 0.617553 -0.524838 2.898573
v 0.493353 -0.524838 2.188272
v 0.617553 -0.524838 2.188272
v 0.493353 -0.524838 2.898573
v 0.493353 -0.603938 2.898573
v 0.617553 -0.603938 2.204373
v 0.493353 -0.603938 2.204373
v 0.617553 -0.603938 2.898573
v 0.617553 -0.524838 2.188272
v 0.493353 -0.691138 1.794973
v 0.617553 -0.691138 1.794973
v 0.493353 -0.524838 2.188272
v 0.493353 -0.603938 2.204373
v 0.617553 -0.770338 1.811073
v 0.493353 -0.770338 1.811073
v 0.617553 -0.603938 2.204373
v 0.617553 -0.691138 1.794973
v 0.493353 -0.691138 0.833873
v 0.617553 -0.691138 0.833873
v 0.493353 -0.691138 1.794973
v 0.493353 -0.770338 1.811073
v 0.617553 -0.770338 0.833873
v 0.493353 -0.770338 0.833873
v 0.617553 -0.770338 1.811073
v 0.617553 -0.603938 2.898573
v 0.493353 -0.524838 2.898573
v 0.617553 -0.524838 2.898573
v 0.493353 -0.603938 2.898573
v 0.493353 -0.691138 0.833873
v 0.617553 -0.770338 0.833873
v 0.617553 -0.691138 0.833873
v 0.493353 -0.770338 0.833873
v -0.646547 -0.603938 2.898573
v -0.646547 -0.524838 2.188272
v -0.646547 -0.524838 2.898573
v -0.646547 -0.603938 2.204373
v -0.646547 -0.691138 1.794973
v -0.646547 -0.770338 1.811073
v -0.646547 -0.691138 0.833873
v -0.646547 -0.770338 0.833873
v -0.646547 -0.524838 2.898573
v -0.522347 -0.524838 2.188272
v -0.522347 -0.524838 2.898573
v -0.646547 -0.524838 2.188272
v -0.522347 -0.603938 2.898573
v -0.646547 -0.603938 2.204373
v -0.646547 -0.603938 2.898573
v -0.522347 -0.603938 2.204373
v -0.646547 -0.524838 2.188272
v -0.522347 -0.691138 1.794973
v -0.522347 -0.524838 2.188272
v -0.646547 -0.691138 1.794973
v -0.522347 -0.603938 2.204373
v -0.646547 -0.770338 1.811073
v -0.646547 -0.603938 2.204373
v -0.522347 -0.770338 1.811073
v -0.646547 -0.691138 1.794973
v -0.522347 -0.691138 0.833873
v -0.522347 -0.691138 1.794973
v -0.646547 -0.691138 0.833873
v -0.522347 -0.770338 1.811073
v -0.646547 -0.770338 0.833873
v -0.646547 -0.770338 1.811073
v -0.522347 -0.770338 0.833873
v -0.646547 -0.603938 2.898573
v -0.522347 -0.524838 2.898573
v -0.522347 -0.603938 2.898573
v -0.646547 -0.524838 2.898573
v -0.522347 -0.691138 0.833873
v -0.646547 -0.770338 0.833873
v -0.522347 -0.770338 0.833873
v -0.646547 -0.691138 0.833873
v -0.515547 -0.256239 -0.410928
v -0.515347 -0.317738 6.299872
v -0.515347 -0.317738 -0.410928
v -0.515547 -0.256238 6.299872
v -0.515347 -0.317738 -0.410928
v -0.306347 -0.317638 6.299872
v -0.306347 -0.317638 -0.410928
v -0.515347 -0.317738 6.299872
v -0.515547 -0.256239 -0.410928
v -0.306347 -0.317638 -0.410928
v -0.306547 -0.256138 -0.410928
v -0.515347 -0.317738 -0.410928
v -0.515547 -0.256238 6.299872
v -0.306547 -0.256138 -0.410928
v -0.306547 -0.256138 6.299872
v -0.515547 -0.256239 -0.410928
v -0.515347 -0.317738 6.299872
v -0.306547 -0.256138 6.299872
v -0.306347 -0.317638 6.299872
v -0.515547 -0.256238 6.299872
v 0.486453 -0.256239 -0.410928
v 0.486353 -0.317738 6.299872
v 0.486453 -0.256238 6.299872
v 0.486353 -0.317738 -0.410928
v 0.486353 -0.317738 -0.410928
v 0.277353 -0.317638 6.299872
v 0.486353 -0.317738 6.299872
v 0.277353 -0.317638 -0.410928
v 0.486453 -0.256239 -0.410928
v 0.277353 -0.317638 -0.410928
v 0.486353 -0.317738 -0.410928
v 0.277453 -0.256138 -0.410928
v 0.486453 -0.256238 6.299872
v 0.277453 -0.256138 -0.410928
v 0.486453 -0.256239 -0.410928
v 0.277453 -0.256138 6.299872
v 0.486353 -0.317738 6.299872
v 0.277453 -0.256138 6.299872
v 0.486453 -0.256238 6.299872
v 0.277353 -0.317638 6.299872
v 0.545853 -0.209638 0.327773
v 0.427753 -0.209638 4.459273
v 0.427753 -0.209638 0.327773
v 0.545853 -0.209638 4.459273
v 0.545853 -0.209638 4.459273
v 0.545853 -0.316038 0.327773
v 0.545853 -0.316038 4.459273
v 0.545853 -0.209638 0.327773
v 0.545853 -0.209638 0.327773
v 0.519153 -0.316038 0.327773
v 0.545853 -0.316038 0.327773
v 0.519153 -0.254538 0.327773
v 0.427753 -0.209638 0.327773
v 0.427753 -0.254538 0.327773
v 0.427753 -0.254538 0.327773
v 0.427753 -0.209638 4.459273
v 0.427753 -0.254538 4.459273
v 0.427753 -0.209638 0.327773
v 0.519153 -0.254538 4.459273
v 0.545853 -0.316038 4.459273
v 0.519153 -0.316038 4.459273
v 0.545853 -0.209638 4.459273
v 0.427753 -0.209638 4.459273
v 0.427753 -0.254538 4.459273
v 0.519153 -0.254538 0.327773
v 0.427753 -0.254538 4.459273
v 0.519153 -0.254538 4.459273
v 0.427753 -0.254538 0.327773
v 0.519153 -0.316038 4.459273
v 0.519153 -0.254538 0.327773
v 0.519153 -0.254538 4.459273
v 0.519153 -0.316038 0.327773
v -0.574847 -0.209638 0.327773
v -0.456847 -0.209638 4.459273
v -0.574847 -0.209638 4.459273
v -0.456847 -0.209638 0.327773
v -0.574847 -0.209638 4.459273
v -0.574847 -0.316038 0.327773
v -0.574847 -0.209638 0.327773
v -0.574847 -0.316038 4.459273
v -0.574847 -0.209638 0.327773
v -0.548147 -0.316038 0.327773
v -0.548147 -0.254538 0.327773
v -0.574847 -0.316038 0.327773
v -0.456847 -0.209638 0.327773
v -0.456847 -0.254538 0.327773
v -0.456847 -0.254538 0.327773
v -0.456847 -0.209638 4.459273
v -0.456847 -0.209638 0.327773
v -0.456847 -0.254538 4.459273
v -0.548147 -0.254538 4.459273
v -0.574847 -0.316038 4.459273
v -0.574847 -0.209638 4.459273
v -0.548147 -0.316038 4.459273
v -0.456847 -0.209638 4.459273
v -0.456847 -0.254538 4.459273
v -0.548147 -0.254538 0.327773
v -0.456847 -0.254538 4.459273
v -0.456847 -0.254538 0.327773
v -0.548147 -0.254538 4.459273
v -0.548147 -0.316038 4.459273
v -0.548147 -0.254538 0.327773
v -0.548147 -0.316038 0.327773
v -0.548147 -0.254538 4.459273
v 1.221153 0.274462 0.282473
v 0.455353 -0.006638 0.398973
v 0.455353 0.274462 0.282473
v 1.221153 -0.006638 0.398973
v 0.455353 -0.287738 0.282473
v 1.221153 -0.287738 0.282473
v 0.455353 -0.404238 0.001373
v 1.221153 -0.404238 0.001373
v 1.221153 0.390962 0.001373
v 0.455353 0.390962 0.001373
v 1.221153 0.274462 -0.279727
v 0.455353 0.274462 -0.279727
v 1.221153 -0.006638 -0.396227
v 0.455353 -0.006638 -0.396227
v 1.221153 -0.287738 -0.279727
v 0.455353 -0.287738 -0.279727
v 1.221153 -0.404238 0.001373
v 0.455353 -0.404238 0.001373
v 1.221153 -0.287738 0.282473
v 1.221153 -0.006638 -0.396227
v 1.221153 -0.287738 -0.279727
v 1.221153 -0.006638 0.398973
v 1.221153 0.274462 0.282473
v 1.221153 0.274462 -0.279727
v 1.221153 0.390962 0.001373
v 1.221153 -0.404238 0.001373
v -1.253747 0.274462 0.282473
v -0.481147 -0.006638 0.398973
v -1.253747 -0.006638 0.398973
v -0.481147 0.274462 0.282473
v -1.253747 0.390962 0.001373
v -0.481147 0.390962 0.001373
v -1.253747 0.274462 -0.279727
v -0.481147 0.274462 -0.279727
v -1.253747 -0.006638 -0.396227
v -0.481147 -0.006638 -0.396227
v -1.253747 -0.287738 -0.279727
v -0.481147 -0.287738 -0.279727
v -1.253747 -0.404238 0.001373
v -0.481147 -0.404238 0.001373
v -0.481147 -0.287738 0.282473
v -1.253747 -0.287738 0.282473
v -0.481147 -0.404238 0.001373
v -1.253747 -0.404238 0.001373
v -1.253747 -0.287738 0.282473
v -1.253747 -0.006638 -0.396227
v -1.253747 -0.006638 0.398973
v -1.253747 -0.287738 -0.279727
v -1.253747 -0.404238 0.001373
v -1.253747 0.274462 0.282473
v -1.253747 0.274462 -0.279727
v -1.253747 0.390962 0.001373
v 1.191753 -0.006638 -0.143727
v 1.191753 -0.006638 -0.143727
v -0.815947 -0.252638 1.522073
v -0.697047 -0.269138 1.538473
v -0.815947 -0.269138 1.538473
v -0.697047 -0.252638 1.522073
v -0.815947 -0.269138 1.505573
v -0.697047 -0.269138 1.505573
v -0.815947 -0.285538 1.522073
v -0.697047 -0.269138 1.505573
v -0.815947 -0.269138 1.505573
v -0.697047 -0.285538 1.522073
v -0.815947 -0.269138 1.538473
v -0.697047 -0.285538 1.522073
v -0.815947 -0.285538 1.522073
v -0.697047 -0.269138 1.538473
v -0.815947 -0.285538 1.522073
v -0.815947 -0.252638 1.522073
v -0.815947 -0.269138 1.538473
v -0.815947 -0.269138 1.505573
v -0.713847 -0.512038 1.553473
v -0.578047 -0.574338 1.592873
v -0.713847 -0.580138 1.592873
v -0.578047 -0.506238 1.553473
v -0.713847 -0.512038 1.474673
v -0.578047 -0.506238 1.474673
v -0.713847 -0.580138 1.435273
v -0.578047 -0.574338 1.435273
v -0.713847 -0.648238 1.474673
v -0.578047 -0.642438 1.474673
v -0.713847 -0.648238 1.553473
v -0.578047 -0.642438 1.553473
v -0.578047 -0.642438 1.553473
v -0.713847 -0.648238 1.553473
v -0.713847 -0.648238 1.553473
v -0.713847 -0.580138 1.435273
v -0.713847 -0.580138 1.592873
v -0.713847 -0.648238 1.474673
v -0.713847 -0.512038 1.553473
v -0.713847 -0.512038 1.474673
v -0.682547 -0.237838 1.545673
v -0.682547 -0.520538 1.490973
v -0.682547 -0.520538 1.545673
v -0.682547 -0.237838 1.490973
v -0.701247 -0.240038 1.545673
v -0.701247 -0.522738 1.490973
v -0.701247 -0.240038 1.490973
v -0.701247 -0.522738 1.545673
v -0.701247 -0.240038 1.545673
v -0.682547 -0.520538 1.545673
v -0.701247 -0.522738 1.545673
v -0.682547 -0.237838 1.545673
v -0.701247 -0.240038 1.490973
v -0.682547 -0.237838 1.545673
v -0.701247 -0.240038 1.545673
v -0.682547 -0.237838 1.490973
v -0.701247 -0.522738 1.490973
v -0.682547 -0.237838 1.490973
v -0.701247 -0.240038 1.490973
v -0.682547 -0.520538 1.490973
v 0.622253 -0.773538 4.484673
v 0.555153 -0.773538 4.484573
v 0.555153 -0.714838 4.484673
v 0.622253 -0.714838 4.484673
v 0.622253 -0.714838 4.484673
v 0.622253 -0.773538 4.484673
v 0.406953 -0.599238 4.491573
v 0.454153 -0.884038 4.491573
v 0.406953 -0.892438 4.491573
v 0.454153 -0.607538 4.491573
v 0.654653 -0.805838 4.491573
v 0.654653 -0.685738 4.491573
v 0.406953 -0.892438 4.491573
v 0.454153 -0.884038 4.459273
v 0.406953 -0.892438 4.459273
v 0.454153 -0.884038 4.491573
v 0.654653 -0.805838 4.459273
v 0.654653 -0.805838 4.491573
v 0.654653 -0.685738 4.491573
v 0.654653 -0.805838 4.459273
v 0.654653 -0.805838 4.491573
v 0.654653 -0.685738 4.459273
v 0.654653 -0.685738 4.491573
v 0.454153 -0.607538 4.459273
v 0.654653 -0.685738 4.459273
v 0.454153 -0.607538 4.491573
v 0.406953 -0.599238 4.459273
v 0.406953 -0.599238 4.491573
v 0.454153 -0.884038 4.459273
v 0.654653 -0.685738 4.459273
v 0.454153 -0.607538 4.459273
v 0.654653 -0.805838 4.459273
v 0.618653 -0.692238 4.601273
v 0.648653 -0.744238 4.484673
v 0.648653 -0.744238 4.601273
v 0.618653 -0.692238 4.484673
v 0.558653 -0.692238 4.601273
v 0.558653 -0.692238 4.484673
v 0.528753 -0.744238 4.601273
v 0.528753 -0.744238 4.484673
v 0.558653 -0.796138 4.601273
v 0.558653 -0.796138 4.484673
v 0.618653 -0.796138 4.484673
v 0.618653 -0.796138 4.601273
v 0.558653 -0.796138 4.484673
v 0.558653 -0.796138 4.601273
v 0.618653 -0.796138 4.601273
v 0.528753 -0.744238 4.601273
v 0.648653 -0.744238 4.601273
v 0.558653 -0.796138 4.601273
v 0.618653 -0.692238 4.601273
v 0.558653 -0.692238 4.601273
v 0.406953 -0.892438 4.520573
v 0.098353 -0.596938 4.520573
v 0.406953 -0.596938 4.520573
v 0.098353 -0.892438 4.520573
v 0.024953 -0.652338 4.520573
v 0.024953 -0.837038 4.520573
v -0.005047 -0.744638 4.520573
v 0.406953 -0.892438 4.520573
v 0.098353 -0.892438 4.424673
v 0.098353 -0.892438 4.520573
v 0.406953 -0.892438 4.424673
v 0.406953 -0.892438 4.520573
v 0.406953 -0.596938 4.424673
v 0.406953 -0.892438 4.424673
v 0.406953 -0.596938 4.520573
v 0.098353 -0.596938 4.520573
v 0.406953 -0.596938 4.424673
v 0.406953 -0.596938 4.520573
v 0.098353 -0.596938 4.424673
v 0.024953 -0.652338 4.520573
v -0.005047 -0.744638 4.424673
v 0.024953 -0.652338 4.424673
v -0.005047 -0.744638 4.520573
v 0.024953 -0.837038 4.424673
v 0.024953 -0.837038 4.520573
v 0.098353 -0.892438 4.424673
v 0.098353 -0.892438 4.520573
v 0.098353 -0.596938 4.520573
v 0.098353 -0.596938 4.424673
v 0.444953 0.032962 4.893473
v 0.382053 0.267662 6.327873
v 0.382053 0.267662 4.893473
v 0.444953 0.032962 6.327873
v 0.382053 -0.201738 4.893473
v 0.382053 -0.201738 6.327873
v 0.210253 0.439462 6.327873
v 0.210253 0.439462 4.893473
v -0.024447 0.502362 6.327873
v -0.024447 0.502362 4.893473
v -0.259147 0.439462 6.327873
v -0.259147 0.439462 4.893473
v -0.430947 0.267662 6.327873
v -0.430947 0.267662 4.893473
v -0.493847 0.032962 6.327873
v -0.493847 0.032962 4.893473
v -0.430947 -0.201738 6.327873
v -0.430947 -0.201738 4.893473
v 0.444953 0.032962 6.327873
v -0.430947 0.267662 6.327873
v 0.382053 0.267662 6.327873
v -0.493847 0.032962 6.327873
v 0.382053 -0.201738 6.327873
v -0.430947 -0.201738 6.327873
v -0.497547 -0.454638 6.327873
v 0.448653 -0.454638 6.327873
v 0.210253 0.439462 6.327873
v -0.259147 0.439462 6.327873
v -0.024447 0.502362 6.327873
v 0.382053 0.267662 4.893473
v -0.493847 0.032962 4.893473
v 0.444953 0.032962 4.893473
v -0.430947 0.267662 4.893473
v -0.259147 0.439462 4.893473
v 0.210253 0.439462 4.893473
v -0.024447 0.502362 4.893473
v 0.382053 -0.201738 4.893473
v -0.430947 -0.201738 4.893473
v -0.430947 -0.201738 3.749173
v 0.448653 -0.454638 3.749173
v 0.382053 -0.201738 3.749173
v -0.497547 -0.454638 3.749173
v -0.497547 -0.454638 6.327873
v -0.497547 -0.454638 3.749173
v -0.430947 -0.201738 4.893473
v -0.430947 -0.201738 3.749173
v -0.430947 -0.201738 6.327873
v 0.382053 -0.201738 3.749173
v -0.430947 -0.201738 4.893473
v -0.430947 -0.201738 3.749173
v 0.382053 -0.201738 4.893473
v 0.382053 -0.201738 4.893473
v 0.382053 -0.201738 3.749173
v 0.448653 -0.454638 3.749173
v 0.448653 -0.454638 6.327873
v 0.382053 -0.201738 6.327873
v 0.448653 -0.454638 3.749173
v -0.497547 -0.454638 6.327873
v 0.448653 -0.454638 6.327873
v -0.497547 -0.454638 3.749173
v -0.109347 0.659062 -0.247728
v 0.060453 0.659062 0.317373
v -0.109347 0.659062 0.317373
v 0.060453 0.659062 -0.247728
v 0.060453 0.659062 -0.247728
v 0.060453 0.604062 0.317373
v 0.060453 0.659062 0.317373
v 0.060453 0.604062 -0.247728
v -0.109347 0.659062 -0.247728
v 0.060453 0.604062 -0.247728
v 0.060453 0.659062 -0.247728
v -0.109347 0.604062 -0.247728
v -0.109347 0.659062 0.317373
v -0.109347 0.604062 -0.247728
v -0.109347 0.659062 -0.247728
v -0.109347 0.604062 0.317373
v 0.060453 0.659062 0.317373
v -0.109347 0.604062 0.317373
v -0.109347 0.659062 0.317373
v 0.060453 0.604062 0.317373
v -0.014547 0.777762 0.259172
v -0.032847 0.759462 -0.172928
v -0.014547 0.777762 -0.191227
v -0.032847 0.759462 0.240873
v 0.003753 0.759462 0.240873
v 0.003753 0.759462 -0.172928
v -0.032847 0.759462 0.240873
v -0.014547 0.741162 -0.154628
v -0.032847 0.759462 -0.172928
v -0.014547 0.741162 0.222573
v -0.014547 0.741162 0.222573
v 0.003753 0.759462 -0.172928
v -0.014547 0.741162 -0.154628
v 0.003753 0.759462 0.240873
v -0.014547 0.777762 -0.191227
v -0.032847 0.659062 -0.172928
v -0.014547 0.640762 -0.191227
v -0.032847 0.759462 -0.172928
v -0.014547 0.677362 -0.154627
v -0.014547 0.741162 -0.154628
v -0.014547 0.741162 -0.154628
v 0.003753 0.659062 -0.172928
v -0.014547 0.677362 -0.154627
v 0.003753 0.759462 -0.172928
v -0.014547 0.640762 -0.191227
v -0.014547 0.777762 -0.191227
v -0.014547 0.640762 -0.191227
v -0.032847 0.659062 0.240873
v -0.014547 0.640762 0.259172
v -0.032847 0.659062 -0.172928
v 0.003753 0.659062 -0.172928
v -0.032847 0.659062 -0.172928
v -0.014547 0.677362 0.222573
v -0.032847 0.659062 0.240873
v -0.014547 0.677362 -0.154627
v -0.014547 0.677362 -0.154627
v 0.003753 0.659062 0.240873
v -0.014547 0.677362 0.222573
v 0.003753 0.659062 -0.172928
v -0.014547 0.640762 0.259172
v 0.003753 0.659062 0.240873
v -0.014547 0.640762 0.259172
v -0.032847 0.759462 0.240873
v -0.014547 0.777762 0.259172
v -0.032847 0.659062 0.240873
v -0.014547 0.741162 0.222573
v -0.014547 0.677362 0.222573
v -0.014547 0.677362 0.222573
v 0.003753 0.759462 0.240873
v -0.014547 0.741162 0.222573
v 0.003753 0.659062 0.240873
v -0.014547 0.777762 0.259172
v -0.014547 0.640762 0.259172
v 0.409053 0.411562 -0.648827
v 0.242153 0.577062 -0.648827
v 0.229553 0.550162 -0.648827
v 0.476053 0.411562 -0.648827
v -0.024447 0.648462 -0.648827
v -0.024447 0.618262 -0.648827
v -0.291047 0.577062 -0.648827
v -0.278447 0.550162 -0.648827
v -0.525047 0.411562 -0.648827
v -0.460647 0.411562 -0.648827
v 0.242153 0.577062 -0.648827
v 0.476053 0.411562 1.078673
v 0.242153 0.577062 1.078673
v 0.476053 0.411562 -0.648827
v -0.024447 0.648462 1.078673
v -0.024447 0.648462 -0.648827
v -0.291047 0.577062 1.078673
v -0.291047 0.577062 -0.648827
v -0.525047 0.411562 -0.648827
v -0.525047 0.411562 1.078673
v 0.409053 0.411562 -0.648827
v 0.476053 0.411562 1.078673
v 0.476053 0.411562 -0.648827
v 0.409053 0.411562 1.078673
v 0.409053 0.411562 -0.648827
v 0.229553 0.550162 1.078673
v 0.409053 0.411562 1.078673
v 0.229553 0.550162 -0.648827
v -0.024447 0.618262 -0.648827
v -0.024447 0.618262 1.078673
v -0.278447 0.550162 -0.648827
v -0.278447 0.550162 1.078673
v -0.460647 0.411562 -0.648827
v -0.460647 0.411562 1.078673
v -0.525047 0.411562 -0.648827
v -0.460647 0.411562 1.078673
v -0.460647 0.411562 -0.648827
v -0.525047 0.411562 1.078673
v 0.242153 0.577062 1.078673
v 0.409053 0.411562 1.078673
v 0.229553 0.550162 1.078673
v 0.476053 0.411562 1.078673
v -0.024447 0.618262 1.078673
v -0.024447 0.648462 1.078673
v -0.291047 0.577062 1.078673
v -0.278447 0.550162 1.078673
v -0.460647 0.411562 1.078673
v -0.525047 0.411562 1.078673
v -0.525047 -1.038538 -0.400727
v -0.291047 -1.119739 0.201773
v -0.291047 -1.119739 -0.400727
v -0.525047 -1.038538 0.201773
v 0.242153 -1.119739 -0.400727
v 0.242153 -1.119739 0.201773
v 0.476053 -1.038538 0.201773
v 0.476053 -1.038538 -0.400727
v -0.525047 -1.038538 -0.400727
v -0.481947 -0.233638 0.201773
v -0.525047 -1.038538 0.201773
v -0.481947 -0.233638 -0.400727
v 0.476053 -1.038538 0.201773
v 0.432953 -0.233638 -0.400727
v 0.476053 -1.038538 -0.400727
v 0.432953 -0.233638 0.201773
v 0.396453 -1.011338 -0.400727
v 0.432953 -0.233638 -0.400727
v 0.360253 -0.332138 -0.400727
v 0.476053 -1.038538 -0.400727
v 0.231853 -1.079838 -0.400727
v 0.242153 -1.119739 -0.400727
v -0.280747 -1.079838 -0.400727
v -0.291047 -1.119739 -0.400727
v -0.445447 -1.011338 -0.400727
v -0.525047 -1.038538 -0.400727
v -0.409147 -0.332138 -0.400727
v -0.481947 -0.233638 -0.400727
v -0.445447 -1.011338 0.201773
v -0.481947 -0.233638 0.201773
v -0.409147 -0.332138 0.201773
v -0.525047 -1.038538 0.201773
v -0.280747 -1.079838 0.201773
v -0.291047 -1.119739 0.201773
v 0.231853 -1.079838 0.201773
v 0.242153 -1.119739 0.201773
v 0.396453 -1.011338 0.201773
v 0.476053 -1.038538 0.201773
v 0.360253 -0.332138 0.201773
v 0.432953 -0.233638 0.201773
v 0.396453 -1.011338 0.201773
v 0.360253 -0.332138 -0.400727
v 0.360253 -0.332138 0.201773
v 0.396453 -1.011338 -0.400727
v 0.231853 -1.079838 0.201773
v 0.396453 -1.011338 -0.400727
v 0.396453 -1.011338 0.201773
v 0.231853 -1.079838 -0.400727
v -0.280747 -1.079838 -0.400727
v -0.280747 -1.079838 0.201773
v -0.445447 -1.011338 0.201773
v -0.445447 -1.011338 -0.400727
v -0.409147 -0.332138 0.201773
v -0.445447 -1.011338 -0.400727
v -0.445447 -1.011338 0.201773
v -0.409147 -0.332138 -0.400727
v 0.436253 -0.282838 -0.437727
v 0.457753 0.415362 0.867572
v 0.457753 0.415362 -0.437727
v 0.436253 -0.282838 0.867573
v -0.499147 0.414562 0.867572
v -0.485247 -0.282838 -0.437727
v -0.499147 0.414562 -0.437727
v -0.485247 -0.282838 0.867573
v 0.436253 -0.282838 0.867573
v -0.499147 0.414562 0.867572
v 0.457753 0.415362 0.867572
v -0.485247 -0.282838 0.867573
v -0.291047 -0.428738 0.867573
v 0.242153 -0.428738 0.867573
v -0.024447 -0.500238 0.867573
v 0.242153 0.571162 0.867572
v -0.291047 0.571162 0.867572
v -0.024447 0.642662 0.867572
v -0.291047 -0.428738 0.867573
v -0.485247 -0.282838 -0.437727
v -0.485247 -0.282838 0.867573
v -0.291047 -0.428738 -0.437727
v -0.024447 -0.500238 0.867573
v -0.024447 -0.500238 -0.437727
v 0.242153 -0.428738 0.867573
v 0.242153 -0.428738 -0.437727
v 0.436253 -0.282838 0.867573
v 0.436253 -0.282838 -0.437727
v -0.485247 -0.282838 -0.437727
v 0.242153 -0.428738 -0.437727
v 0.436253 -0.282838 -0.437727
v -0.291047 -0.428738 -0.437727
v -0.024447 -0.500238 -0.437727
v -0.499147 0.414562 -0.437727
v 0.457753 0.415362 -0.437727
v -0.291047 0.571162 -0.437727
v 0.242153 0.571162 -0.437727
v -0.024447 0.642661 -0.437728
vn 0.9659 0.2587 -0.0000
vn 0.9659 -0.2588 -0.0000
vn 0.7071 -0.7071 -0.0000
vn 0.2588 -0.9659 -0.0000
vn 0.7071 0.7071 -0.0000
vn 0.2588 0.9659 -0.0000
vn -0.2587 0.9659 -0.0000
vn -0.7071 0.7071 -0.0000
vn -0.9659 0.2587 -0.0000
vn -0.9659 -0.2588 -0.0000
vn -0.7071 -0.7071 -0.0000
vn -0.2587 -0.9660 -0.0000
vn 0.9659 0.2590 -0.0000
vn 0.9659 -0.2591 -0.0000
vn 0.7073 -0.7069 -0.0000
vn 0.2587 -0.9660 -0.0000
vn 0.2587 0.9660 -0.0000
vn -0.2586 0.9660 -0.0000
vn -0.9659 0.2590 -0.0000
vn -0.9659 -0.2591 -0.0000
vn -0.7073 -0.7069 -0.0000
vn -0.2586 -0.9660 -0.0000
vn -0.0000 -0.0000 1.0000
vn -0.0000 -0.0000 -1.0000
vn 0.9660 0.2587 -0.0000
vn 0.2590 0.9659 -0.0000
vn -0.2590 0.9659 -0.0000
vn -0.9659 -0.2590 -0.0000
vn 0.9660 -0.2587 -0.0000
vn 0.6956 0.1863 -0.6939
vn 0.6960 0.1865 -0.6934
vn 0.6960 -0.1864 -0.6934
vn 0.6956 -0.1864 -0.6939
vn 0.5090 -0.5090 -0.6941
vn 0.1863 -0.6956 -0.6939
vn 0.1865 -0.6960 -0.6934
vn -0.1864 -0.6960 -0.6934
vn -0.1864 -0.6956 -0.6939
vn -0.5090 -0.5090 -0.6941
vn -0.6955 -0.1865 -0.6939
vn -0.6948 -0.1861 -0.6947
vn -0.6947 0.1863 -0.6947
vn -0.6956 0.1864 -0.6939
vn -0.5090 0.5090 -0.6941
vn -0.1865 0.6955 -0.6939
vn -0.1861 0.6947 -0.6948
vn 0.1863 0.6947 -0.6947
vn 0.1864 0.6956 -0.6939
vn 0.5090 0.5090 -0.6941
vn -0.6549 0.7557 -0.0000
vn 0.6543 0.7563 -0.0000
vn -0.6549 -0.7557 -0.0000
vn 0.9961 0.0878 -0.0000
vn -0.5727 0.8198 -0.0000
vn -0.4221 -0.9065 -0.0000
vn -0.6521 0.7582 -0.0000
vn -0.7965 -0.6046 -0.0000
vn -0.0194 0.0226 0.9996
vn 0.7160 0.6981 -0.0000
vn -0.0200 0.0232 -0.9995
vn -0.0000 1.0000 -0.0000
vn -0.8804 0.4743 -0.0000
vn 1.0000 -0.0000 -0.0000
vn -1.0000 -0.0000 -0.0000
vn -0.0000 -1.0000 -0.0000
vn -0.0000 0.3833 0.9236
vn -0.0000 -0.3833 0.9236
vn -0.0000 -0.9243 0.3816
vn -0.0000 -0.9240 -0.3823
vn -0.0000 -0.3833 -0.9236
vn -0.0000 0.3833 -0.9236
vn 0.5334 0.8459 -0.0000
vn -0.3810 0.9246 -0.0000
vn 0.9243 0.3817 -0.0000
vn 0.3817 -0.9243 -0.0000
vn -0.9236 -0.3834 -0.0000
vn -0.0000 -0.0429 -0.9991
vn -0.0000 0.4637 -0.8860
vn -0.0000 0.9508 -0.3098
vn -0.0000 0.9810 0.1940
vn 0.9487 -0.3162 -0.0000
vn 0.3170 -0.9484 -0.0000
vn -0.9487 -0.3162 -0.0000
vn -0.3170 -0.9484 -0.0000
vn -0.0000 0.9210 -0.3894
vn -0.0000 -0.9210 0.3896
vn -1.0000 -0.0033 -0.0000
vn 0.0005 -1.0000 -0.0000
vn -0.0005 1.0000 -0.0000
vn 1.0000 -0.0016 -0.0000
vn -0.0005 -1.0000 -0.0000
vn 0.0005 1.0000 -0.0000
vn -0.0000 0.3829 0.9238
vn -0.0000 -0.3829 0.9238
vn -0.0000 -0.9238 0.3829
vn -0.0000 0.9238 0.3829
vn -0.0000 0.9238 -0.3829
vn -0.0000 0.3829 -0.9238
vn -0.0000 -0.3829 -0.9238
vn -0.0000 -0.9238 -0.3829
vn -0.0000 0.7050 0.7093
vn -0.0000 0.7071 -0.7071
vn -0.0000 -0.7093 -0.7050
vn -0.0000 -0.7071 0.7071
vn -0.0214 0.5007 0.8654
vn -0.0427 0.9991 -0.0000
vn -0.0214 0.5007 -0.8654
vn 0.0214 -0.5007 -0.8654
vn 0.0427 -0.9991 -0.0000
vn 0.0214 -0.5007 0.8654
vn -0.1168 0.9931 -0.0000
vn 0.1752 -0.9845 -0.0000
vn 0.3634 -0.9316 -0.0000
vn 0.3634 0.9316 -0.0000
vn 0.1732 0.9849 -0.0000
vn 0.8662 0.4997 -0.0000
vn -0.8669 0.4985 -0.0000
vn -0.8665 -0.4992 -0.0000
vn 0.8658 -0.5004 -0.0000
vn -0.9510 0.3091 -0.0000
vn -0.9511 -0.3088 -0.0000
vn -0.6024 -0.7982 -0.0000
vn -0.6024 0.7982 -0.0000
vn 0.9659 0.2589 -0.0000
vn 0.9659 -0.2589 -0.0000
vn 0.2589 0.9659 -0.0000
vn -0.2589 0.9659 -0.0000
vn -0.9659 0.2589 -0.0000
vn -0.9659 -0.2589 -0.0000
vn -0.9670 0.2547 -0.0000
vn 0.9670 0.2547 -0.0000
vn -0.7071 -0.0000 -0.7071
vn -0.7071 -0.0000 0.7071
vn 0.7071 -0.0000 0.7071
vn 0.7071 -0.0000 -0.7071
vn 0.5776 0.8163 -0.0000
vn -0.2587 0.9660 -0.0000
vn -0.5774 0.8164 -0.0000
vn -0.6112 -0.7915 -0.0000
vn -0.2590 -0.9659 -0.0000
vn 0.2590 -0.9659 -0.0000
vn 0.6054 -0.7959 -0.0000
vn -0.3278 -0.9447 -0.0000
vn 0.3280 -0.9447 -0.0000
vn -0.9986 0.0535 -0.0000
vn 0.9986 0.0535 -0.0000
vn -0.9986 -0.0532 -0.0000
vn -0.3842 0.9232 -0.0000
vn 0.3840 0.9233 -0.0000
vn 0.9986 -0.0534 -0.0000
vn 0.9995 -0.0308 -0.0000
vn -0.9998 -0.0199 -0.0000
vn -0.6007 -0.7995 -0.0000
vn 0.6009 -0.7994 -0.0000
vt 0.621800 -0.287400
vt 0.676300 -0.287400
vt 0.621800 -0.276700
vt 0.676300 -0.276700
vt 0.621800 -0.266000
vt 0.676300 -0.266000
vt 0.621800 -0.255400
vt 0.676300 -0.255400
vt 0.621800 -0.244600
vt 0.676400 -0.244600
vt 0.676300 -0.298100
vt 0.621800 -0.298100
vt 0.676300 -0.308800
vt 0.621800 -0.308800
vt 0.676300 -0.319500
vt 0.621800 -0.319500
vt 0.676300 -0.330200
vt 0.621800 -0.330200
vt 0.676300 -0.340800
vt 0.621800 -0.340800
vt 0.676300 -0.351600
vt 0.621800 -0.351600
vt 0.676300 -0.362300
vt 0.621800 -0.362300
vt 0.676300 -0.372900
vt 0.621800 -0.372900
vt 0.444900 -0.725800
vt 0.454200 -0.725800
vt 0.444900 -0.592300
vt 0.454200 -0.592300
vt 0.463500 -0.725800
vt 0.463500 -0.592300
vt 0.472800 -0.725800
vt 0.472800 -0.592300
vt 0.482100 -0.725800
vt 0.482100 -0.592300
vt 0.435700 -0.592300
vt 0.435700 -0.725800
vt 0.426400 -0.592300
vt 0.426400 -0.725800
vt 0.417100 -0.592300
vt 0.417100 -0.725800
vt 0.407800 -0.592300
vt 0.407800 -0.725800
vt 0.398600 -0.592300
vt 0.398600 -0.725800
vt 0.389300 -0.592300
vt 0.389300 -0.725800
vt 0.380000 -0.592300
vt 0.380000 -0.725800
vt 0.370700 -0.592300
vt 0.370700 -0.725800
vt 0.599700 -0.127800
vt 0.601100 -0.130100
vt 0.610100 -0.125000
vt 0.610100 -0.127700
vt 0.620400 -0.127800
vt 0.619000 -0.130100
vt 0.627900 -0.135400
vt 0.625600 -0.136700
vt 0.630700 -0.145600
vt 0.628100 -0.145600
vt 0.627900 -0.156000
vt 0.625600 -0.154700
vt 0.620400 -0.163600
vt 0.619000 -0.161300
vt 0.610100 -0.166400
vt 0.610100 -0.163600
vt 0.599700 -0.163600
vt 0.601100 -0.161300
vt 0.592200 -0.156000
vt 0.594500 -0.154700
vt 0.589400 -0.145600
vt 0.592200 -0.145600
vt 0.592200 -0.135400
vt 0.594500 -0.136700
vt 0.426900 -0.158300
vt 0.426900 -0.155500
vt 0.416600 -0.155500
vt 0.418000 -0.153200
vt 0.409100 -0.147900
vt 0.411400 -0.146600
vt 0.406300 -0.137700
vt 0.409100 -0.137700
vt 0.409100 -0.127300
vt 0.411400 -0.128700
vt 0.416600 -0.119800
vt 0.418000 -0.122100
vt 0.426900 -0.116900
vt 0.426900 -0.119800
vt 0.437300 -0.119800
vt 0.435900 -0.122100
vt 0.444800 -0.127300
vt 0.442500 -0.128700
vt 0.447600 -0.137700
vt 0.444800 -0.137700
vt 0.444800 -0.147900
vt 0.442500 -0.146600
vt 0.437300 -0.155500
vt 0.435900 -0.153200
vt 0.837200 -0.220800
vt 0.810400 -0.220800
vt 0.837200 -0.231100
vt 0.810300 -0.231100
vt 0.837000 -0.241300
vt 0.810300 -0.241200
vt 0.837000 -0.251500
vt 0.810300 -0.251500
vt 0.837000 -0.261700
vt 0.810300 -0.261600
vt 0.837000 -0.271900
vt 0.810300 -0.271900
vt 0.837000 -0.282100
vt 0.810300 -0.282000
vt 0.837000 -0.292200
vt 0.810200 -0.292200
vt 0.836900 -0.302500
vt 0.810200 -0.302400
vt 0.836900 -0.312600
vt 0.810200 -0.312600
vt 0.837200 -0.190300
vt 0.810400 -0.190200
vt 0.837200 -0.200400
vt 0.810400 -0.200400
vt 0.837200 -0.210700
vt 0.810400 -0.210700
vt 0.908000 -0.137000
vt 0.906300 -0.136500
vt 0.902800 -0.145800
vt 0.901600 -0.144500
vt 0.893900 -0.150900
vt 0.893600 -0.149200
vt 0.883800 -0.150900
vt 0.884300 -0.149200
vt 0.875000 -0.145800
vt 0.876200 -0.144500
vt 0.869900 -0.137000
vt 0.871600 -0.136500
vt 0.869900 -0.126700
vt 0.871600 -0.127200
vt 0.875000 -0.117900
vt 0.876200 -0.119100
vt 0.883800 -0.112800
vt 0.884300 -0.114500
vt 0.893900 -0.112800
vt 0.893600 -0.114500
vt 0.902800 -0.117900
vt 0.901600 -0.119100
vt 0.908000 -0.126700
vt 0.906300 -0.127200
vt 0.274000 -0.125200
vt 0.241800 -0.125200
vt 0.267200 -0.132100
vt 0.248700 -0.132100
vt 0.257900 -0.134500
vt 0.276600 -0.116000
vt 0.239400 -0.116000
vt 0.274000 -0.106700
vt 0.241800 -0.106700
vt 0.267200 -0.099900
vt 0.248700 -0.099900
vt 0.257900 -0.097400
vt 0.488000 -0.124100
vt 0.480500 -0.116900
vt 0.486700 -0.125000
vt 0.479700 -0.118400
vt 0.470300 -0.114600
vt 0.470300 -0.116200
vt 0.460300 -0.117700
vt 0.461100 -0.118900
vt 0.453100 -0.125200
vt 0.454500 -0.126000
vt 0.450800 -0.135400
vt 0.452300 -0.135400
vt 0.453700 -0.145400
vt 0.455100 -0.144500
vt 0.461400 -0.152600
vt 0.462200 -0.151100
vt 0.471600 -0.154900
vt 0.471400 -0.153300
vt 0.481600 -0.151900
vt 0.480700 -0.150600
vt 0.488600 -0.144300
vt 0.487300 -0.143600
vt 0.491100 -0.134200
vt 0.489500 -0.134200
vt 0.986000 -0.254000
vt 0.986000 -0.268700
vt 0.989000 -0.254000
vt 0.989000 -0.268700
vt 0.992100 -0.254000
vt 0.992100 -0.268700
vt 0.982900 -0.254000
vt 0.982900 -0.268700
vt 0.004900 -0.314700
vt 0.002900 -0.317000
vt 0.004900 -0.319200
vt 0.006800 -0.317000
vt 0.116500 -0.060700
vt 0.108500 -0.060700
vt 0.116500 -0.062400
vt 0.108500 -0.062400
vt 0.116500 -0.064200
vt 0.108500 -0.064200
vt 0.116500 -0.066000
vt 0.108500 -0.066000
vt 0.967000 -0.720300
vt 0.967000 -0.717400
vt 0.965600 -0.720300
vt 0.965600 -0.717400
vt 0.427900 -0.584600
vt 0.423000 -0.584500
vt 0.427900 -0.586100
vt 0.423000 -0.586300
vt 0.792800 -0.838700
vt 0.796800 -0.835800
vt 0.790900 -0.836500
vt 0.794300 -0.833000
vt 0.191400 -0.248700
vt 0.191300 -0.253500
vt 0.192900 -0.248700
vt 0.193000 -0.253500
vt 0.301900 -0.241000
vt 0.296900 -0.240700
vt 0.301900 -0.244000
vt 0.296900 -0.244300
vt 0.036400 -0.700700
vt 0.038500 -0.700700
vt 0.036400 -0.698500
vt 0.038500 -0.698500
vt 0.928000 -0.220700
vt 0.928000 -0.224400
vt 0.930200 -0.220700
vt 0.930200 -0.224400
vt 0.862100 -0.380700
vt 0.865200 -0.378700
vt 0.862100 -0.377000
vt 0.866600 -0.380700
vt 0.866600 -0.378700
vt 0.249900 -0.345800
vt 0.254400 -0.345800
vt 0.249900 -0.343600
vt 0.254400 -0.343600
vt 0.098800 -0.311900
vt 0.101000 -0.313400
vt 0.101000 -0.308700
vt 0.098800 -0.313400
vt 0.097000 -0.308700
vt 0.886600 -0.986300
vt 0.887900 -0.986300
vt 0.886600 -0.984000
vt 0.887900 -0.984000
vt 0.699200 -0.017100
vt 0.708300 -0.017100
vt 0.699200 -0.007700
vt 0.708300 -0.007700
vt 0.430500 -0.003300
vt 0.421000 -0.003300
vt 0.430500 -0.012300
vt 0.421000 -0.012300
vt 0.177600 -0.711300
vt 0.180800 -0.711300
vt 0.177600 -0.702400
vt 0.180800 -0.702400
vt 0.365000 -0.545300
vt 0.368200 -0.545300
vt 0.365000 -0.535800
vt 0.368200 -0.535800
vt 0.371200 -0.746900
vt 0.374400 -0.746900
vt 0.371200 -0.737400
vt 0.374400 -0.737400
vt 0.934700 -0.022200
vt 0.934700 -0.020400
vt 0.932400 -0.022200
vt 0.932400 -0.020400
vt 0.937100 -0.020400
vt 0.937100 -0.022200
vt 0.939600 -0.020400
vt 0.939600 -0.022200
vt 0.941900 -0.020400
vt 0.942000 -0.022200
vt 0.944300 -0.020400
vt 0.944300 -0.022200
vt 0.946800 -0.020400
vt 0.946800 -0.022200
vt 0.664300 -0.611600
vt 0.668800 -0.611800
vt 0.663500 -0.609400
vt 0.669800 -0.609600
vt 0.668900 -0.607300
vt 0.664400 -0.607200
vt 0.665200 -0.585400
vt 0.669800 -0.581800
vt 0.650300 -0.581200
vt 0.650100 -0.584800
vt 0.666500 -0.612700
vt 0.694900 -0.968800
vt 0.701200 -0.968500
vt 0.695800 -0.966400
vt 0.700200 -0.966300
vt 0.697900 -0.965500
vt 0.695900 -0.970900
vt 0.700300 -0.970800
vt 0.696700 -0.992700
vt 0.701200 -0.996300
vt 0.681600 -0.996900
vt 0.681500 -0.993200
vt 0.504600 -0.007200
vt 0.504600 -0.009000
vt 0.526500 -0.007200
vt 0.526500 -0.009000
vt 0.975600 -0.248700
vt 0.977400 -0.248700
vt 0.975600 -0.223000
vt 0.977400 -0.223000
vt 0.194600 -0.278200
vt 0.194600 -0.274400
vt 0.192700 -0.278200
vt 0.192700 -0.274400
vt 0.253700 -0.003300
vt 0.253700 -0.005100
vt 0.273200 -0.003300
vt 0.273200 -0.005100
vt 0.719600 -0.004000
vt 0.734700 -0.004000
vt 0.719600 -0.002200
vt 0.734700 -0.002200
vt 0.135300 -0.105100
vt 0.135300 -0.133700
vt 0.151900 -0.105100
vt 0.146900 -0.133700
vt 0.151900 -0.125700
vt 0.915400 -0.044200
vt 0.930200 -0.044200
vt 0.915400 -0.027500
vt 0.930200 -0.027500
vt 0.739700 -0.023400
vt 0.725000 -0.023400
vt 0.739700 -0.044100
vt 0.725000 -0.044100
vt 0.511100 -0.029300
vt 0.511100 -0.017700
vt 0.496200 -0.029300
vt 0.496200 -0.017700
vt 0.554300 -0.065700
vt 0.569200 -0.065700
vt 0.554300 -0.037200
vt 0.569200 -0.037200
vt 0.423200 -0.047200
vt 0.394800 -0.047200
vt 0.423200 -0.059000
vt 0.394800 -0.063800
vt 0.415300 -0.063800
vt 0.370100 -0.015300
vt 0.355300 -0.015300
vt 0.370100 -0.024500
vt 0.355300 -0.024500
vt 0.775100 -0.482500
vt 0.777700 -0.482500
vt 0.775100 -0.480500
vt 0.777700 -0.480500
vt 0.775100 -0.478500
vt 0.777700 -0.478500
vt 0.775100 -0.476400
vt 0.777700 -0.476400
vt 0.775100 -0.484500
vt 0.777700 -0.484500
vt 0.003700 -0.518600
vt 0.002900 -0.520500
vt 0.005500 -0.519400
vt 0.004800 -0.521200
vt 0.864400 -0.417500
vt 0.865500 -0.417500
vt 0.864400 -0.400900
vt 0.865500 -0.400900
vt 0.222800 -0.004900
vt 0.222800 -0.003800
vt 0.208000 -0.004900
vt 0.208000 -0.003700
vt 0.988400 -0.919300
vt 0.988400 -0.914200
vt 0.987200 -0.919300
vt 0.987200 -0.914200
vt 0.015400 -0.206100
vt 0.020500 -0.206100
vt 0.015400 -0.189500
vt 0.020100 -0.195600
vt 0.021500 -0.192900
vt 0.023600 -0.192300
vt 0.030300 -0.189500
vt 0.026900 -0.192900
vt 0.030300 -0.192900
vt 0.998700 -0.954100
vt 0.998700 -0.950600
vt 0.997600 -0.954100
vt 0.997600 -0.950600
vt 0.863200 -0.486700
vt 0.863200 -0.476200
vt 0.862100 -0.486700
vt 0.862100 -0.476200
vt 0.862100 -0.489700
vt 0.863200 -0.489700
vt 0.862100 -0.491800
vt 0.863200 -0.491800
vt 0.862100 -0.495200
vt 0.863200 -0.495200
vt 0.862100 -0.498700
vt 0.863200 -0.498700
vt 0.006800 -0.098600
vt 0.003900 -0.099600
vt 0.046100 -0.098600
vt 0.049100 -0.099600
vt 0.002900 -0.102500
vt 0.050000 -0.102500
vt 0.002900 -0.129300
vt 0.050000 -0.129300
vt 0.352400 -0.123900
vt 0.399500 -0.123900
vt 0.352400 -0.097300
vt 0.399500 -0.097300
vt 0.353400 -0.127000
vt 0.398600 -0.127000
vt 0.356300 -0.127900
vt 0.395600 -0.127900
vt 0.840600 -0.215500
vt 0.840600 -0.317100
vt 0.863800 -0.215500
vt 0.863800 -0.317100
vt 0.748900 -0.824800
vt 0.748900 -0.996900
vt 0.775600 -0.824800
vt 0.775600 -0.996900
vt 0.745800 -0.996900
vt 0.745800 -0.824800
vt 0.742700 -0.996900
vt 0.742700 -0.824800
vt 0.730100 -0.275900
vt 0.730100 -0.448000
vt 0.777300 -0.275900
vt 0.777300 -0.448000
vt 0.802200 -0.821700
vt 0.802200 -0.649500
vt 0.775600 -0.821700
vt 0.775600 -0.649500
vt 0.772500 -0.821700
vt 0.772500 -0.649500
vt 0.769400 -0.821700
vt 0.769400 -0.649500
vt 0.924000 -0.332300
vt 0.920700 -0.331500
vt 0.924000 -0.361200
vt 0.920700 -0.361200
vt 0.927500 -0.315200
vt 0.930800 -0.315900
vt 0.927500 -0.275100
vt 0.930800 -0.275100
vt 0.992200 -0.184700
vt 0.987100 -0.184700
vt 0.992200 -0.214400
vt 0.987100 -0.214400
vt 0.990800 -0.694000
vt 0.996100 -0.694000
vt 0.990800 -0.665000
vt 0.996100 -0.665000
vt 0.081200 -0.161300
vt 0.076000 -0.161300
vt 0.081200 -0.179000
vt 0.076000 -0.179000
vt 0.673600 -0.003400
vt 0.668500 -0.003400
vt 0.673600 -0.021200
vt 0.668500 -0.021200
vt 0.984400 -0.653200
vt 0.979200 -0.653200
vt 0.984400 -0.693200
vt 0.979200 -0.693200
vt 0.980200 -0.883700
vt 0.985500 -0.883700
vt 0.980200 -0.843000
vt 0.985500 -0.843000
vt 0.369100 -0.236500
vt 0.369100 -0.241700
vt 0.372400 -0.236500
vt 0.372400 -0.241700
vt 0.447600 -0.151600
vt 0.447600 -0.154900
vt 0.452800 -0.151600
vt 0.452800 -0.154900
vt 0.959800 -0.717300
vt 0.959800 -0.996900
vt 0.962400 -0.717300
vt 0.962400 -0.996900
vt 0.841900 -0.600000
vt 0.841900 -0.320200
vt 0.833300 -0.600000
vt 0.833300 -0.320200
vt 0.720700 -0.218500
vt 0.723100 -0.219400
vt 0.723800 -0.210300
vt 0.726200 -0.211200
vt 0.845200 -0.322100
vt 0.845200 -0.601800
vt 0.854000 -0.322100
vt 0.854000 -0.601800
vt 0.273300 -0.609500
vt 0.270800 -0.609500
vt 0.273300 -0.618200
vt 0.270800 -0.618200
vt 0.951700 -0.730100
vt 0.951700 -0.558000
vt 0.946800 -0.730100
vt 0.946800 -0.558000
vt 0.952000 -0.817400
vt 0.952000 -0.989500
vt 0.956400 -0.817400
vt 0.956400 -0.989500
vt 0.047900 -0.608400
vt 0.047900 -0.609500
vt 0.052200 -0.608400
vt 0.050400 -0.609500
vt 0.052200 -0.613300
vt 0.050400 -0.613300
vt 0.975700 -0.824800
vt 0.973900 -0.824800
vt 0.975700 -0.996900
vt 0.973900 -0.996900
vt 0.803100 -0.349500
vt 0.803100 -0.350600
vt 0.805700 -0.349500
vt 0.807500 -0.350600
vt 0.807500 -0.345600
vt 0.805700 -0.345600
vt 0.964200 -0.295800
vt 0.960300 -0.295800
vt 0.964200 -0.467900
vt 0.960300 -0.467900
vt 0.772000 -0.646400
vt 0.772000 -0.474100
vt 0.769400 -0.646400
vt 0.769400 -0.474100
vt 0.679900 -0.259400
vt 0.679900 -0.274400
vt 0.717700 -0.259400
vt 0.717700 -0.274400
vt 0.679900 -0.289300
vt 0.717700 -0.289300
vt 0.679900 -0.304300
vt 0.717700 -0.304300
vt 0.717700 -0.244500
vt 0.679900 -0.244500
vt 0.717500 -0.229500
vt 0.679900 -0.229500
vt 0.717500 -0.214500
vt 0.679900 -0.214500
vt 0.717500 -0.199600
vt 0.679900 -0.199600
vt 0.717500 -0.184600
vt 0.679900 -0.184600
vt 0.454300 -0.116200
vt 0.464800 -0.105700
vt 0.428800 -0.105700
vt 0.428800 -0.090700
vt 0.439300 -0.080100
vt 0.464800 -0.090700
vt 0.454300 -0.080100
vt 0.439300 -0.116200
vt 0.679600 -0.274400
vt 0.679600 -0.259400
vt 0.679600 -0.244500
vt 0.679600 -0.229500
vt 0.679600 -0.214500
vt 0.679600 -0.199600
vt 0.679600 -0.184600
vt 0.679600 -0.289300
vt 0.679600 -0.304300
vt 0.638800 -0.141100
vt 0.633900 -0.141100
vt 0.638800 -0.142100
vt 0.633900 -0.142100
vt 0.638800 -0.143100
vt 0.633900 -0.143100
vt 0.638800 -0.144000
vt 0.633900 -0.144000
vt 0.638800 -0.140100
vt 0.633900 -0.140100
vt 0.375000 -0.844800
vt 0.376100 -0.843800
vt 0.373900 -0.843800
vt 0.375000 -0.842800
vt 0.953600 -0.013100
vt 0.953600 -0.018700
vt 0.956900 -0.013200
vt 0.956900 -0.018800
vt 0.960200 -0.013200
vt 0.960200 -0.018800
vt 0.963500 -0.013100
vt 0.963500 -0.018700
vt 0.966800 -0.012900
vt 0.966800 -0.018600
vt 0.970100 -0.012900
vt 0.970100 -0.018600
vt 0.950400 -0.018600
vt 0.950400 -0.012900
vt 0.799400 -0.898300
vt 0.799400 -0.891700
vt 0.796600 -0.896700
vt 0.796600 -0.893400
vt 0.802200 -0.896700
vt 0.802200 -0.893400
vt 0.929300 -0.016400
vt 0.929300 -0.013700
vt 0.915400 -0.016400
vt 0.915400 -0.013700
vt 0.090600 -0.773200
vt 0.076700 -0.773200
vt 0.090600 -0.775900
vt 0.076700 -0.775900
vt 0.085900 -0.129300
vt 0.086800 -0.129200
vt 0.085900 -0.115400
vt 0.086800 -0.115200
vt 0.495100 -0.684100
vt 0.496200 -0.684100
vt 0.495100 -0.681200
vt 0.496200 -0.681200
vt 0.086800 -0.098100
vt 0.085900 -0.098000
vt 0.086800 -0.112100
vt 0.085900 -0.111900
vt 0.084000 -0.192300
vt 0.084400 -0.194300
vt 0.096200 -0.192300
vt 0.095800 -0.194300
vt 0.087500 -0.202600
vt 0.092500 -0.202600
vt 0.559600 -0.229900
vt 0.557600 -0.229900
vt 0.559600 -0.231200
vt 0.557600 -0.231200
vt 0.548600 -0.229900
vt 0.548600 -0.231200
vt 0.971900 -0.597800
vt 0.973300 -0.597800
vt 0.971900 -0.592800
vt 0.973300 -0.592800
vt 0.512000 -0.096100
vt 0.502900 -0.096100
vt 0.512000 -0.097400
vt 0.502900 -0.097400
vt 0.501000 -0.096100
vt 0.501000 -0.097400
vt 0.246700 -0.392200
vt 0.238300 -0.395500
vt 0.246700 -0.403700
vt 0.238300 -0.400500
vt 0.759000 -0.142000
vt 0.759000 -0.137200
vt 0.756500 -0.142000
vt 0.756500 -0.137200
vt 0.754000 -0.142000
vt 0.754000 -0.137200
vt 0.751500 -0.142000
vt 0.751500 -0.137200
vt 0.749000 -0.142000
vt 0.749000 -0.137200
vt 0.761500 -0.137200
vt 0.761500 -0.142000
vt 0.764000 -0.137200
vt 0.764000 -0.142000
vt 0.803700 -0.193200
vt 0.798700 -0.193200
vt 0.802500 -0.195400
vt 0.799900 -0.195400
vt 0.802500 -0.191000
vt 0.799900 -0.191000
vt 0.974000 -0.457600
vt 0.974000 -0.470500
vt 0.986300 -0.457600
vt 0.986300 -0.470500
vt 0.976300 -0.473500
vt 0.984000 -0.473500
vt 0.980100 -0.474700
vt 0.549900 -0.037400
vt 0.546000 -0.037400
vt 0.549900 -0.050200
vt 0.546000 -0.050200
vt 0.473800 -0.024200
vt 0.461400 -0.024200
vt 0.473800 -0.028200
vt 0.461400 -0.028200
vt 0.461200 -0.080700
vt 0.465200 -0.080700
vt 0.461200 -0.067900
vt 0.465200 -0.067900
vt 0.670300 -0.899300
vt 0.670300 -0.895300
vt 0.666300 -0.899300
vt 0.666300 -0.895300
vt 0.670300 -0.891200
vt 0.666300 -0.891200
vt 0.670300 -0.887500
vt 0.666300 -0.887500
vt 0.666300 -0.903200
vt 0.670300 -0.903200
vt 0.437000 -0.236800
vt 0.436600 -0.296500
vt 0.447100 -0.236800
vt 0.446800 -0.296600
vt 0.457300 -0.236900
vt 0.456900 -0.296600
vt 0.426500 -0.296500
vt 0.426900 -0.236700
vt 0.416400 -0.296500
vt 0.416700 -0.236700
vt 0.406300 -0.296400
vt 0.406600 -0.236600
vt 0.396100 -0.296400
vt 0.396500 -0.236600
vt 0.386100 -0.296300
vt 0.386400 -0.236600
vt 0.376000 -0.296300
vt 0.376200 -0.236500
vt 0.199200 -0.127800
vt 0.233200 -0.127800
vt 0.196700 -0.118000
vt 0.235700 -0.118000
vt 0.199200 -0.108300
vt 0.233200 -0.108300
vt 0.235800 -0.097800
vt 0.196400 -0.097800
vt 0.206400 -0.135000
vt 0.226000 -0.135000
vt 0.216200 -0.137600
vt 0.692900 -0.072400
vt 0.692900 -0.111600
vt 0.702600 -0.075100
vt 0.702600 -0.108900
vt 0.709800 -0.101800
vt 0.709800 -0.082200
vt 0.712400 -0.091900
vt 0.683100 -0.075100
vt 0.683100 -0.108900
vt 0.814000 -0.049000
vt 0.803300 -0.046100
vt 0.814000 -0.082800
vt 0.803300 -0.085600
vt 0.916900 -0.800200
vt 0.906000 -0.752600
vt 0.906000 -0.860000
vt 0.916900 -0.752600
vt 0.916900 -0.860000
vt 0.089700 -0.097400
vt 0.089700 -0.145100
vt 0.123700 -0.097400
vt 0.123700 -0.145100
vt 0.931000 -0.742800
vt 0.920000 -0.742800
vt 0.920000 -0.790500
vt 0.931000 -0.850300
vt 0.920000 -0.850300
vt 0.605800 -0.180700
vt 0.566400 -0.180700
vt 0.605800 -0.288200
vt 0.566400 -0.288200
vt 0.975600 -0.345700
vt 0.982700 -0.345700
vt 0.975600 -0.322300
vt 0.982700 -0.322300
vt 0.953600 -0.467900
vt 0.955800 -0.467900
vt 0.953600 -0.444300
vt 0.955800 -0.444300
vt 0.912500 -0.418700
vt 0.912500 -0.416400
vt 0.905400 -0.418700
vt 0.905400 -0.416400
vt 0.955300 -0.738000
vt 0.953000 -0.738000
vt 0.955300 -0.761600
vt 0.953000 -0.761600
vt 0.930800 -0.944000
vt 0.928500 -0.944000
vt 0.930800 -0.951000
vt 0.928500 -0.951000
vt 0.783100 -0.292100
vt 0.782000 -0.292800
vt 0.783100 -0.310900
vt 0.782000 -0.310200
vt 0.784200 -0.310200
vt 0.784200 -0.292800
vt 0.780900 -0.293700
vt 0.780900 -0.309300
vt 0.785300 -0.293700
vt 0.785200 -0.309300
vt 0.701800 -0.921500
vt 0.703000 -0.921500
vt 0.705100 -0.916900
vt 0.705400 -0.918100
vt 0.704300 -0.921500
vt 0.705900 -0.919300
vt 0.700800 -0.918900
vt 0.701300 -0.920300
vt 0.702400 -0.916900
vt 0.703700 -0.916900
vt 0.783100 -0.288900
vt 0.784200 -0.288200
vt 0.783100 -0.270300
vt 0.784200 -0.271000
vt 0.782000 -0.271000
vt 0.785200 -0.287500
vt 0.785200 -0.271700
vt 0.780900 -0.287500
vt 0.782000 -0.288200
vt 0.780900 -0.271700
vt 0.803600 -0.369100
vt 0.803100 -0.370400
vt 0.806500 -0.374100
vt 0.805200 -0.374000
vt 0.802500 -0.371600
vt 0.803800 -0.373900
vt 0.806300 -0.369500
vt 0.804900 -0.369400
vt 0.807600 -0.371800
vt 0.807000 -0.372900
vt 0.700200 -0.956100
vt 0.699100 -0.956500
vt 0.706100 -0.963500
vt 0.706100 -0.966300
vt 0.696200 -0.945400
vt 0.697400 -0.945400
vt 0.699100 -0.934300
vt 0.700200 -0.934900
vt 0.706100 -0.924700
vt 0.706100 -0.927400
vt 0.621200 -0.169400
vt 0.609300 -0.169400
vt 0.621200 -0.241500
vt 0.609300 -0.241500
vt 0.632700 -0.169400
vt 0.632700 -0.241500
vt 0.644300 -0.169400
vt 0.644300 -0.241500
vt 0.656100 -0.241500
vt 0.656100 -0.169400
vt 0.983900 -0.516000
vt 0.983900 -0.588000
vt 0.986700 -0.516000
vt 0.986700 -0.588000
vt 0.407300 -0.233400
vt 0.416700 -0.233400
vt 0.407300 -0.161500
vt 0.416700 -0.161500
vt 0.427700 -0.161500
vt 0.427700 -0.233400
vt 0.438700 -0.161500
vt 0.438700 -0.233400
vt 0.448200 -0.161500
vt 0.448200 -0.233400
vt 0.177600 -0.504800
vt 0.249600 -0.504800
vt 0.177600 -0.502100
vt 0.249600 -0.502100
vt 0.256700 -0.795700
vt 0.264200 -0.801400
vt 0.257200 -0.794600
vt 0.267000 -0.801400
vt 0.246100 -0.792800
vt 0.246100 -0.791500
vt 0.235000 -0.794600
vt 0.235500 -0.795700
vt 0.227900 -0.801400
vt 0.225200 -0.801400
vt 0.118700 -0.069200
vt 0.118700 -0.094400
vt 0.128900 -0.069200
vt 0.128900 -0.094400
vt 0.096400 -0.069200
vt 0.096400 -0.094400
vt 0.086100 -0.094400
vt 0.086100 -0.069200
vt 0.303700 -0.086300
vt 0.337300 -0.086300
vt 0.303700 -0.061200
vt 0.337300 -0.061200
vt 0.157200 -0.094200
vt 0.157200 -0.060500
vt 0.132100 -0.094200
vt 0.132100 -0.060500
vt 0.742100 -0.110400
vt 0.746100 -0.107300
vt 0.713700 -0.108800
vt 0.712600 -0.105500
vt 0.710900 -0.115600
vt 0.709200 -0.115200
vt 0.710900 -0.137000
vt 0.709200 -0.137500
vt 0.713700 -0.143900
vt 0.712600 -0.147200
vt 0.742100 -0.142300
vt 0.746100 -0.145400
vt 0.163800 -0.130100
vt 0.166700 -0.134300
vt 0.165300 -0.101800
vt 0.168600 -0.100700
vt 0.158400 -0.099000
vt 0.158800 -0.097300
vt 0.137100 -0.099000
vt 0.136600 -0.097300
vt 0.130200 -0.101800
vt 0.126800 -0.100700
vt 0.131700 -0.130100
vt 0.128700 -0.134300
vt 0.457200 -0.077000
vt 0.457200 -0.051900
vt 0.428800 -0.077000
vt 0.428800 -0.051900
vt 0.501000 -0.067400
vt 0.501000 -0.092400
vt 0.508400 -0.067400
vt 0.508400 -0.092400
vt 0.529800 -0.092400
vt 0.529800 -0.067400
vt 0.537200 -0.067400
vt 0.537200 -0.092400
vt 0.076700 -0.040900
vt 0.076700 -0.066000
vt 0.105000 -0.040900
vt 0.105000 -0.066000
vt 0.523800 -0.154900
vt 0.523800 -0.100500
vt 0.494800 -0.154900
vt 0.494800 -0.100500
vt 0.862300 -0.096800
vt 0.833300 -0.096800
vt 0.862300 -0.151200
vt 0.833300 -0.151200
vt 0.276000 -0.287800
vt 0.275900 -0.247900
vt 0.246800 -0.286900
vt 0.246800 -0.248500
vt 0.240700 -0.256600
vt 0.240700 -0.278800
vt 0.237800 -0.267700
vt 0.282500 -0.278800
vt 0.282500 -0.256600
vt 0.285400 -0.267700
vt 0.720700 -0.150100
vt 0.720700 -0.204500
vt 0.730800 -0.150100
vt 0.730800 -0.204500
vt 0.742300 -0.150100
vt 0.742300 -0.204500
vt 0.753900 -0.150100
vt 0.753900 -0.204500
vt 0.764000 -0.150100
vt 0.764000 -0.204500
vt 0.187300 -0.232400
vt 0.179200 -0.226300
vt 0.148900 -0.232400
vt 0.157000 -0.226300
vt 0.168100 -0.223300
vt 0.148300 -0.261500
vt 0.188200 -0.261500
vt 0.157000 -0.267900
vt 0.179200 -0.267900
vt 0.168100 -0.271000
s 0
usemtl a3b532a8-843e-462f-9634-a8ac6b9f7236.001
f 7714/5095/2411 7713/5096/2411 7712/5097/2411
f 7715/5098/2411 7712/5097/2411 7713/5096/2411
f 7712/5097/2412 7715/5098/2412 7716/5099/2412
f 7717/5100/2412 7716/5099/2412 7715/5098/2412
f 7716/5099/2413 7717/5100/2413 7718/5101/2413
f 7719/5102/2413 7718/5101/2413 7717/5100/2413
f 7718/5101/2414 7719/5102/2414 7720/5103/2414
f 7721/5104/2414 7720/5103/2414 7719/5102/2414
f 7713/5096/2415 7714/5095/2415 7722/5105/2415
f 7723/5106/2415 7722/5105/2415 7714/5095/2415
f 7722/5105/2416 7723/5106/2416 7724/5107/2416
f 7725/5108/2416 7724/5107/2416 7723/5106/2416
f 7724/5107/2417 7725/5108/2417 7726/5109/2417
f 7727/5110/2417 7726/5109/2417 7725/5108/2417
f 7726/5109/2418 7727/5110/2418 7728/5111/2418
f 7729/5112/2418 7728/5111/2418 7727/5110/2418
f 7728/5111/2419 7729/5112/2419 7730/5113/2419
f 7731/5114/2419 7730/5113/2419 7729/5112/2419
f 7730/5113/2420 7731/5114/2420 7732/5115/2420
f 7733/5116/2420 7732/5115/2420 7731/5114/2420
f 7732/5115/2421 7733/5116/2421 7734/5117/2421
f 7735/5118/2421 7734/5117/2421 7733/5116/2421
f 7734/5117/2422 7735/5118/2422 7736/5119/2422
f 7737/5120/2422 7736/5119/2422 7735/5118/2422
f 7740/5121/2423 7739/5122/2423 7738/5123/2423
f 7741/5124/2423 7738/5123/2423 7739/5122/2423
f 7739/5122/2424 7742/5125/2424 7741/5124/2424
f 7743/5126/2424 7741/5124/2424 7742/5125/2424
f 7742/5125/2425 7744/5127/2425 7743/5126/2425
f 7745/5128/2425 7743/5126/2425 7744/5127/2425
f 7744/5127/2426 7746/5129/2426 7745/5128/2426
f 7747/5130/2426 7745/5128/2426 7746/5129/2426
f 7738/5123/2415 7748/5131/2415 7740/5121/2415
f 7749/5132/2415 7740/5121/2415 7748/5131/2415
f 7748/5131/2427 7750/5133/2427 7749/5132/2427
f 7751/5134/2427 7749/5132/2427 7750/5133/2427
f 7750/5133/2428 7752/5135/2428 7751/5134/2428
f 7753/5136/2428 7751/5134/2428 7752/5135/2428
f 7752/5135/2418 7754/5137/2418 7753/5136/2418
f 7755/5138/2418 7753/5136/2418 7754/5137/2418
f 7754/5137/2429 7756/5139/2429 7755/5138/2429
f 7757/5140/2429 7755/5138/2429 7756/5139/2429
f 7756/5139/2430 7758/5141/2430 7757/5140/2430
f 7759/5142/2430 7757/5140/2430 7758/5141/2430
f 7758/5141/2431 7760/5143/2431 7759/5142/2431
f 7761/5144/2431 7759/5142/2431 7760/5143/2431
f 7760/5143/2432 7762/5145/2432 7761/5144/2432
f 7763/5146/2432 7761/5144/2432 7762/5145/2432
f 7766/5147/2433 7765/5148/2433 7764/5149/2433
f 7767/5150/2433 7764/5149/2433 7765/5148/2433
f 7764/5149/2433 7767/5150/2433 7768/5151/2433
f 7768/5151/2433 7769/5152/2433 7770/5153/2433
f 7771/5154/2433 7770/5153/2433 7769/5152/2433
f 7770/5153/2433 7771/5154/2433 7772/5155/2433
f 7773/5156/2433 7772/5155/2433 7771/5154/2433
f 7772/5155/2433 7773/5156/2433 7774/5157/2433
f 7775/5158/2433 7774/5157/2433 7773/5156/2433
f 7774/5157/2433 7775/5158/2433 7776/5159/2433
f 7777/5160/2433 7776/5159/2433 7775/5158/2433
f 7776/5159/2433 7777/5160/2433 7778/5161/2433
f 7779/5162/2433 7778/5161/2433 7777/5160/2433
f 7778/5161/2433 7779/5162/2433 7780/5163/2433
f 7781/5164/2433 7780/5163/2433 7779/5162/2433
f 7780/5163/2433 7781/5164/2433 7782/5165/2433
f 7783/5166/2433 7782/5165/2433 7781/5164/2433
f 7782/5165/2433 7783/5166/2433 7784/5167/2433
f 7785/5168/2433 7784/5167/2433 7783/5166/2433
f 7784/5167/2433 7785/5168/2433 7786/5169/2433
f 7787/5170/2433 7786/5169/2433 7785/5168/2433
f 7786/5169/2433 7787/5170/2433 7766/5147/2433
f 7765/5148/2433 7766/5147/2433 7787/5170/2433
f 7790/5171/2434 7789/5172/2434 7788/5173/2434
f 7791/5174/2434 7788/5173/2434 7789/5172/2434
f 7788/5173/2434 7791/5174/2434 7792/5175/2434
f 7793/5176/2434 7792/5175/2434 7791/5174/2434
f 7792/5175/2434 7793/5176/2434 7794/5177/2434
f 7795/5178/2434 7794/5177/2434 7793/5176/2434
f 7794/5177/2434 7795/5178/2434 7796/5179/2434
f 7797/5180/2434 7796/5179/2434 7795/5178/2434
f 7796/5179/2434 7797/5180/2434 7798/5181/2434
f 7799/5182/2434 7798/5181/2434 7797/5180/2434
f 7798/5181/2434 7799/5182/2434 7800/5183/2434
f 7801/5184/2434 7800/5183/2434 7799/5182/2434
f 7800/5183/2434 7801/5184/2434 7802/5185/2434
f 7803/5186/2434 7802/5185/2434 7801/5184/2434
f 7802/5185/2434 7803/5186/2434 7804/5187/2434
f 7805/5188/2434 7804/5187/2434 7803/5186/2434
f 7804/5187/2434 7805/5188/2434 7806/5189/2434
f 7807/5190/2434 7806/5189/2434 7805/5188/2434
f 7806/5189/2434 7807/5190/2434 7808/5191/2434
f 7809/5192/2434 7808/5191/2434 7807/5190/2434
f 7808/5191/2434 7809/5192/2434 7810/5193/2434
f 7811/5194/2434 7810/5193/2434 7809/5192/2434
f 7810/5193/2434 7811/5194/2434 7790/5171/2434
f 7789/5172/2434 7790/5171/2434 7811/5194/2434
f 7814/5195/2435 7813/5196/2435 7812/5197/2435
f 7815/5198/2435 7812/5197/2435 7813/5196/2435
f 7812/5197/2415 7815/5198/2415 7816/5199/2415
f 7817/5200/2415 7816/5199/2415 7815/5198/2415
f 7816/5199/2436 7817/5200/2436 7818/5201/2436
f 7819/5202/2436 7818/5201/2436 7817/5200/2436
f 7818/5201/2437 7819/5202/2437 7820/5203/2437
f 7821/5204/2437 7820/5203/2437 7819/5202/2437
f 7820/5203/2418 7821/5204/2418 7822/5205/2418
f 7823/5206/2418 7822/5205/2418 7821/5204/2418
f 7822/5205/2429 7823/5206/2429 7824/5207/2429
f 7825/5208/2429 7824/5207/2429 7823/5206/2429
f 7824/5207/2438 7825/5208/2438 7826/5209/2438
f 7827/5210/2438 7826/5209/2438 7825/5208/2438
f 7826/5209/2421 7827/5210/2421 7828/5211/2421
f 7829/5212/2421 7828/5211/2421 7827/5210/2421
f 7828/5211/2422 7829/5212/2422 7830/5213/2422
f 7831/5214/2422 7830/5213/2422 7829/5212/2422
f 7834/5215/2426 7833/5216/2426 7832/5217/2426
f 7835/5218/2426 7832/5217/2426 7833/5216/2426
f 7832/5217/2413 7835/5218/2413 7836/5219/2413
f 7837/5220/2413 7836/5219/2413 7835/5218/2413
f 7836/5219/2439 7837/5220/2439 7814/5195/2439
f 7813/5196/2439 7814/5195/2439 7837/5220/2439
f 7840/5221/2433 7839/5222/2433 7838/5223/2433
f 7841/5224/2433 7838/5223/2433 7839/5222/2433
f 7838/5223/2433 7841/5224/2433 7842/5225/2433
f 7843/5226/2433 7842/5225/2433 7841/5224/2433
f 7842/5225/2433 7843/5226/2433 7844/5227/2433
f 7845/5228/2433 7844/5227/2433 7843/5226/2433
f 7844/5227/2433 7845/5228/2433 7846/5229/2433
f 7847/5230/2433 7846/5229/2433 7845/5228/2433
f 7846/5229/2433 7847/5230/2433 7848/5231/2433
f 7849/5232/2433 7848/5231/2433 7847/5230/2433
f 7848/5231/2433 7849/5232/2433 7850/5233/2433
f 7851/5234/2433 7850/5233/2433 7849/5232/2433
f 7850/5233/2433 7851/5234/2433 7852/5235/2433
f 7853/5236/2433 7852/5235/2433 7851/5234/2433
f 7852/5235/2433 7853/5236/2433 7854/5237/2433
f 7855/5238/2433 7854/5237/2433 7853/5236/2433
f 7854/5237/2433 7855/5238/2433 7856/5239/2433
f 7857/5240/2433 7856/5239/2433 7855/5238/2433
f 7856/5239/2433 7857/5240/2433 7858/5241/2433
f 7859/5242/2433 7858/5241/2433 7857/5240/2433
f 7858/5241/2433 7859/5242/2433 7860/5243/2433
f 7861/5244/2433 7860/5243/2433 7859/5242/2433
f 7860/5243/2433 7861/5244/2433 7840/5221/2433
f 7839/5222/2433 7840/5221/2433 7861/5244/2433
f 7864/5245/2434 7863/5246/2434 7862/5247/2434
f 7865/5248/2434 7862/5247/2434 7863/5246/2434
f 7866/5249/2434 7862/5247/2434 7865/5248/2434
f 7864/5245/2434 7867/5250/2434 7863/5246/2434
f 7868/5251/2434 7863/5246/2434 7867/5250/2434
f 7867/5250/2434 7869/5252/2434 7868/5251/2434
f 7870/5253/2434 7868/5251/2434 7869/5252/2434
f 7869/5252/2434 7871/5254/2434 7870/5253/2434
f 7872/5255/2434 7870/5253/2434 7871/5254/2434
f 7873/5256/2434 7872/5255/2434 7871/5254/2434
f 7876/5257/2440 7875/5258/2440 7874/5259/2440
f 7877/5260/2441 7874/5259/2441 7875/5258/2441
f 7875/5258/2442 7878/5261/2442 7877/5260/2442
f 7879/5262/2443 7877/5260/2443 7878/5261/2443
f 7878/5261/2444 7880/5263/2444 7879/5262/2444
f 7881/5264/2444 7879/5262/2444 7880/5263/2444
f 7880/5263/2445 7882/5265/2445 7881/5264/2445
f 7883/5266/2446 7881/5264/2446 7882/5265/2446
f 7882/5265/2447 7884/5267/2447 7883/5266/2447
f 7885/5268/2448 7883/5266/2448 7884/5267/2448
f 7884/5267/2449 7886/5269/2449 7885/5268/2449
f 7887/5270/2449 7885/5268/2449 7886/5269/2449
f 7886/5269/2450 7888/5271/2450 7887/5270/2450
f 7889/5272/2451 7887/5270/2451 7888/5271/2451
f 7888/5271/2452 7890/5273/2452 7889/5272/2452
f 7891/5274/2453 7889/5272/2453 7890/5273/2453
f 7890/5273/2454 7892/5275/2454 7891/5274/2454
f 7893/5276/2454 7891/5274/2454 7892/5275/2454
f 7892/5275/2455 7894/5277/2455 7893/5276/2455
f 7895/5278/2456 7893/5276/2456 7894/5277/2456
f 7894/5277/2457 7896/5279/2457 7895/5278/2457
f 7897/5280/2458 7895/5278/2458 7896/5279/2458
f 7896/5279/2459 7876/5257/2459 7897/5280/2459
f 7874/5259/2459 7897/5280/2459 7876/5257/2459
f 7900/5281/2460 7899/5282/2460 7898/5283/2460
f 7901/5284/2460 7898/5283/2460 7899/5282/2460
f 7898/5283/2461 7901/5284/2461 7902/5285/2461
f 7903/5286/2461 7902/5285/2461 7901/5284/2461
f 7906/5287/2462 7905/5288/2462 7904/5281/2462
f 7907/5282/2462 7904/5281/2462 7905/5288/2462
f 7910/5289/2434 7909/5290/2434 7908/5291/2434
f 7911/5292/2434 7910/5289/2434 7908/5291/2434
f 7914/5293/2463 7913/5294/2463 7912/5295/2463
f 7915/5296/2463 7912/5295/2463 7913/5294/2463
f 7918/5295/2464 7917/5296/2464 7916/5297/2464
f 7919/5298/2464 7916/5297/2464 7917/5296/2464
f 7922/5297/2465 7921/5298/2465 7920/5299/2465
f 7923/5300/2465 7920/5299/2465 7921/5298/2465
f 7926/5301/2466 7925/5302/2466 7924/5303/2466
f 7927/5304/2466 7924/5303/2466 7925/5302/2466
f 7930/5305/2467 7929/5306/2467 7928/5307/2467
f 7931/5308/2467 7928/5307/2467 7929/5306/2467
f 7934/5309/2468 7933/5310/2468 7932/5311/2468
f 7935/5312/2468 7932/5311/2468 7933/5310/2468
f 7938/5313/2469 7937/5314/2469 7936/5315/2469
f 7939/5316/2469 7936/5315/2469 7937/5314/2469
f 7942/5317/2470 7941/5318/2470 7940/5319/2470
f 7943/5320/2470 7940/5319/2470 7941/5318/2470
f 7946/5321/2471 7945/5322/2471 7944/5323/2471
f 7947/5324/2471 7944/5323/2471 7945/5322/2471
f 7950/5325/2472 7949/5326/2472 7948/5327/2472
f 7951/5328/2472 7948/5327/2472 7949/5326/2472
f 7954/5329/2433 7953/5330/2433 7952/5331/2433
f 7955/5332/2433 7953/5330/2433 7954/5329/2433
f 7955/5332/2433 7956/5333/2433 7953/5330/2433
f 7959/5334/2473 7958/5335/2473 7957/5336/2473
f 7960/5337/2473 7957/5336/2473 7958/5335/2473
f 7963/5338/2434 7962/5339/2434 7961/5340/2434
f 7963/5338/2434 7964/5341/2434 7962/5339/2434
f 7965/5342/2434 7963/5338/2434 7961/5340/2434
f 7968/5343/2474 7967/5344/2474 7966/5345/2474
f 7969/5346/2474 7966/5345/2474 7967/5344/2474
f 7972/5347/2475 7971/5348/2475 7970/5349/2475
f 7973/5350/2475 7970/5349/2475 7971/5348/2475
f 7976/5351/2471 7975/5352/2471 7974/5353/2471
f 7977/5354/2471 7974/5353/2471 7975/5352/2471
f 7980/5355/2474 7979/5356/2474 7978/5357/2474
f 7981/5358/2474 7978/5357/2474 7979/5356/2474
f 7984/5359/2433 7983/5360/2433 7982/5361/2433
f 7985/5362/2433 7982/5361/2433 7983/5360/2433
f 7988/5363/2434 7987/5364/2434 7986/5365/2434
f 7989/5366/2434 7986/5365/2434 7987/5364/2434
f 7992/5367/2476 7991/5368/2476 7990/5369/2476
f 7993/5370/2476 7990/5369/2476 7991/5368/2476
f 7991/5368/2477 7992/5367/2477 7994/5371/2477
f 7995/5372/2477 7994/5371/2477 7992/5367/2477
f 7994/5371/2478 7995/5372/2478 7996/5373/2478
f 7997/5374/2478 7996/5373/2478 7995/5372/2478
f 7996/5373/2479 7997/5374/2479 7998/5375/2479
f 7999/5376/2479 7998/5375/2479 7997/5374/2479
f 7998/5375/2480 7999/5376/2480 8000/5377/2480
f 8001/5378/2480 8000/5377/2480 7999/5376/2480
f 8000/5377/2481 8001/5378/2481 8002/5379/2481
f 8003/5380/2481 8002/5379/2481 8001/5378/2481
f 8006/5381/2473 8005/5382/2473 8004/5383/2473
f 8007/5384/2473 8004/5383/2473 8005/5382/2473
f 8007/5384/2473 8008/5385/2473 8004/5383/2473
f 8009/5386/2473 8004/5383/2473 8008/5385/2473
f 8009/5386/2473 8008/5385/2473 8010/5387/2473
f 8011/5388/2473 8010/5387/2473 8008/5385/2473
f 8011/5388/2473 8012/5389/2473 8010/5387/2473
f 8013/5390/2473 8010/5387/2473 8012/5389/2473
f 8014/5391/2473 8005/5382/2473 8006/5381/2473
f 8017/5392/2474 8016/5393/2474 8015/5394/2474
f 8018/5395/2474 8015/5394/2474 8016/5393/2474
f 8019/5396/2474 8015/5394/2474 8018/5395/2474
f 8017/5392/2474 8020/5397/2474 8016/5393/2474
f 8021/5398/2474 8016/5393/2474 8020/5397/2474
f 8020/5397/2474 8022/5399/2474 8021/5398/2474
f 8023/5400/2474 8021/5398/2474 8022/5399/2474
f 8023/5400/2474 8022/5399/2474 8024/5401/2474
f 8025/5402/2474 8024/5401/2474 8022/5399/2474
f 8028/5403/2433 8027/5404/2433 8026/5405/2433
f 8029/5406/2433 8026/5405/2433 8027/5404/2433
f 8032/5407/2434 8031/5408/2434 8030/5409/2434
f 8033/5410/2434 8030/5409/2434 8031/5408/2434
f 8036/5411/2433 8035/5412/2433 8034/5413/2433
f 8037/5414/2433 8034/5413/2433 8035/5412/2433
f 8040/5415/2471 8039/5416/2471 8038/5417/2471
f 8041/5418/2471 8038/5417/2471 8039/5416/2471
f 8044/5419/2475 8043/5420/2475 8042/5421/2475
f 8045/5422/2475 8042/5421/2475 8043/5420/2475
f 8048/5423/2433 8047/5424/2433 8046/5425/2433
f 8049/5426/2433 8046/5425/2433 8047/5424/2433
f 8050/5427/2433 8046/5425/2433 8049/5426/2433
f 8053/5428/2474 8052/5429/2474 8051/5430/2474
f 8054/5431/2474 8051/5430/2474 8052/5429/2474
f 8057/5432/2471 8056/5433/2471 8055/5434/2471
f 8058/5435/2471 8055/5434/2471 8056/5433/2471
f 8061/5436/2473 8060/5437/2473 8059/5438/2473
f 8062/5439/2473 8059/5438/2473 8060/5437/2473
f 8065/5440/2475 8064/5441/2475 8063/5442/2475
f 8066/5443/2475 8063/5442/2475 8064/5441/2475
f 8069/5444/2434 8068/5445/2434 8067/5446/2434
f 8070/5447/2434 8067/5446/2434 8068/5445/2434
f 8071/5448/2434 8067/5446/2434 8070/5447/2434
f 8074/5449/2482 8073/5450/2482 8072/5451/2482
f 8075/5452/2482 8072/5451/2482 8073/5450/2482
f 8078/5453/2483 8077/5454/2483 8076/5455/2483
f 8079/5456/2483 8076/5455/2483 8077/5454/2483
f 8076/5455/2484 8079/5456/2484 8080/5457/2484
f 8081/5458/2484 8080/5457/2484 8079/5456/2484
f 8084/5457/2485 8083/5458/2485 8082/5459/2485
f 8085/5460/2485 8082/5459/2485 8083/5458/2485
f 8088/5461/2486 8087/5462/2486 8086/5453/2486
f 8089/5454/2486 8086/5453/2486 8087/5462/2486
f 8092/5463/2434 8091/5464/2434 8090/5465/2434
f 8093/5466/2434 8090/5465/2434 8091/5464/2434
f 8096/5467/2433 8095/5468/2433 8094/5469/2433
f 8097/5470/2433 8094/5469/2433 8095/5468/2433
f 8100/5471/2475 8099/5472/2475 8098/5473/2475
f 8101/5474/2475 8098/5473/2475 8099/5472/2475
f 8104/5475/2471 8103/5476/2471 8102/5477/2471
f 8105/5478/2471 8102/5477/2471 8103/5476/2471
f 8108/5479/2474 8107/5480/2474 8106/5481/2474
f 8109/5482/2474 8106/5481/2474 8107/5480/2474
f 8110/5483/2474 8106/5481/2474 8109/5482/2474
f 8111/5484/2474 8106/5481/2474 8110/5483/2474
f 8106/5481/2474 8111/5484/2474 8112/5485/2474
f 8113/5486/2474 8112/5485/2474 8111/5484/2474
f 8114/5487/2474 8112/5485/2474 8113/5486/2474
f 8117/5488/2434 8116/5489/2434 8115/5490/2434
f 8118/5491/2434 8115/5490/2434 8116/5489/2434
f 8121/5492/2487 8120/5493/2487 8119/5494/2487
f 8122/5495/2487 8119/5494/2487 8120/5493/2487
f 8119/5494/2488 8123/5496/2488 8121/5492/2488
f 8124/5497/2488 8121/5492/2488 8123/5496/2488
f 8123/5496/2489 8125/5498/2489 8124/5497/2489
f 8126/5499/2489 8124/5497/2489 8125/5498/2489
f 8125/5498/2490 8127/5500/2490 8126/5499/2490
f 8128/5501/2490 8126/5499/2490 8127/5500/2490
f 8127/5500/2471 8129/5502/2471 8128/5501/2471
f 8130/5503/2471 8128/5501/2471 8129/5502/2471
f 8133/5504/2434 8132/5505/2434 8131/5506/2434
f 8134/5507/2434 8131/5506/2434 8132/5505/2434
f 8132/5505/2434 8135/5508/2434 8134/5507/2434
f 8136/5509/2434 8134/5507/2434 8135/5508/2434
f 8135/5508/2434 8137/5510/2434 8136/5509/2434
f 8138/5511/2434 8136/5509/2434 8137/5510/2434
f 8141/5512/2433 8140/5513/2433 8139/5514/2433
f 8142/5515/2433 8139/5514/2433 8140/5513/2433
f 8141/5512/2433 8143/5516/2433 8140/5513/2433
f 8144/5517/2433 8140/5513/2433 8143/5516/2433
f 8143/5516/2433 8145/5518/2433 8144/5517/2433
f 8146/5519/2433 8144/5517/2433 8145/5518/2433
f 8149/5520/2475 8148/5521/2475 8147/5522/2475
f 8150/5523/2475 8147/5522/2475 8148/5521/2475
f 8153/5524/2473 8152/5525/2473 8151/5526/2473
f 8154/5527/2473 8151/5526/2473 8152/5525/2473
f 8152/5525/2491 8153/5524/2491 8155/5528/2491
f 8156/5529/2491 8155/5528/2491 8153/5524/2491
f 8155/5528/2492 8156/5529/2492 8157/5530/2492
f 8158/5531/2492 8157/5530/2492 8156/5529/2492
f 8161/5532/2471 8160/5533/2471 8159/5534/2471
f 8162/5535/2471 8159/5534/2471 8160/5533/2471
f 8165/5536/2474 8164/5537/2474 8163/5538/2474
f 8166/5539/2474 8163/5538/2474 8164/5537/2474
f 8163/5538/2493 8166/5539/2493 8167/5540/2493
f 8168/5541/2493 8167/5540/2493 8166/5539/2493
f 8167/5540/2494 8168/5541/2494 8169/5542/2494
f 8170/5543/2494 8169/5542/2494 8168/5541/2494
f 8173/5544/2473 8172/5545/2473 8171/5546/2473
f 8174/5547/2473 8171/5546/2473 8172/5545/2473
f 8172/5545/2473 8173/5544/2473 8175/5548/2473
f 8176/5549/2473 8175/5548/2473 8173/5544/2473
f 8175/5548/2473 8176/5549/2473 8177/5550/2473
f 8178/5551/2473 8177/5550/2473 8176/5549/2473
f 8181/5552/2471 8180/5553/2471 8179/5554/2471
f 8182/5555/2471 8179/5554/2471 8180/5553/2471
f 8185/5556/2475 8184/5557/2475 8183/5558/2475
f 8186/5559/2475 8183/5558/2475 8184/5557/2475
f 8189/5560/2495 8188/5561/2495 8187/5562/2495
f 8190/5563/2495 8187/5562/2495 8188/5561/2495
f 8193/5564/2496 8192/5565/2496 8191/5566/2496
f 8194/5567/2496 8191/5566/2496 8192/5565/2496
f 8197/5568/2471 8196/5569/2471 8195/5570/2471
f 8198/5571/2471 8195/5570/2471 8196/5569/2471
f 8201/5572/2475 8200/5573/2475 8199/5574/2475
f 8202/5575/2475 8199/5574/2475 8200/5573/2475
f 8205/5576/2433 8204/5577/2433 8203/5578/2433
f 8206/5579/2433 8203/5578/2433 8204/5577/2433
f 8209/5580/2434 8208/5581/2434 8207/5582/2434
f 8210/5583/2434 8207/5582/2434 8208/5581/2434
f 8213/5547/2474 8212/5545/2474 8211/5546/2474
f 8214/5544/2474 8211/5546/2474 8212/5545/2474
f 8212/5545/2474 8215/5548/2474 8214/5544/2474
f 8216/5549/2474 8214/5544/2474 8215/5548/2474
f 8215/5548/2474 8217/5550/2474 8216/5549/2474
f 8218/5551/2474 8216/5549/2474 8217/5550/2474
f 8221/5555/2471 8220/5553/2471 8219/5554/2471
f 8222/5552/2471 8219/5554/2471 8220/5553/2471
f 8225/5559/2475 8224/5557/2475 8223/5558/2475
f 8226/5556/2475 8223/5558/2475 8224/5557/2475
f 8229/5563/2495 8228/5561/2495 8227/5562/2495
f 8230/5560/2495 8227/5562/2495 8228/5561/2495
f 8233/5567/2496 8232/5565/2496 8231/5566/2496
f 8234/5564/2496 8231/5566/2496 8232/5565/2496
f 8237/5571/2471 8236/5569/2471 8235/5570/2471
f 8238/5568/2471 8235/5570/2471 8236/5569/2471
f 8241/5575/2475 8240/5573/2475 8239/5574/2475
f 8242/5572/2475 8239/5574/2475 8240/5573/2475
f 8245/5579/2433 8244/5577/2433 8243/5578/2433
f 8246/5576/2433 8243/5578/2433 8244/5577/2433
f 8249/5583/2434 8248/5581/2434 8247/5582/2434
f 8250/5580/2434 8247/5582/2434 8248/5581/2434
f 8253/5584/2497 8252/5585/2497 8251/5586/2497
f 8254/5587/2497 8251/5586/2497 8252/5585/2497
f 8257/5588/2498 8256/5589/2498 8255/5590/2498
f 8258/5591/2498 8255/5590/2498 8256/5589/2498
f 8261/5592/2434 8260/5593/2434 8259/5594/2434
f 8262/5595/2434 8259/5594/2434 8260/5593/2434
f 8265/5596/2499 8264/5597/2499 8263/5598/2499
f 8266/5599/2499 8263/5598/2499 8264/5597/2499
f 8269/5600/2433 8268/5601/2433 8267/5602/2433
f 8270/5603/2433 8267/5602/2433 8268/5601/2433
f 8273/5587/2500 8272/5585/2500 8271/5586/2500
f 8274/5584/2500 8271/5586/2500 8272/5585/2500
f 8277/5591/2501 8276/5589/2501 8275/5590/2501
f 8278/5588/2501 8275/5590/2501 8276/5589/2501
f 8281/5595/2434 8280/5593/2434 8279/5594/2434
f 8282/5592/2434 8279/5594/2434 8280/5593/2434
f 8285/5599/2502 8284/5597/2502 8283/5598/2502
f 8286/5596/2502 8283/5598/2502 8284/5597/2502
f 8289/5603/2433 8288/5601/2433 8287/5602/2433
f 8290/5600/2433 8287/5602/2433 8288/5601/2433
f 8293/5604/2471 8292/5605/2471 8291/5606/2471
f 8294/5607/2471 8291/5606/2471 8292/5605/2471
f 8297/5608/2473 8296/5609/2473 8295/5610/2473
f 8298/5611/2473 8295/5610/2473 8296/5609/2473
f 8301/5612/2434 8300/5613/2434 8299/5614/2434
f 8302/5615/2434 8299/5614/2434 8300/5613/2434
f 8303/5616/2434 8299/5614/2434 8302/5615/2434
f 8303/5616/2434 8302/5615/2434 8304/5617/2434
f 8307/5618/2474 8306/5619/2474 8305/5620/2474
f 8308/5621/2474 8305/5620/2474 8306/5619/2474
f 8311/5622/2433 8310/5623/2433 8309/5624/2433
f 8312/5625/2433 8309/5624/2433 8310/5623/2433
f 8313/5626/2433 8309/5624/2433 8312/5625/2433
f 8314/5627/2433 8309/5624/2433 8313/5626/2433
f 8317/5628/2475 8316/5629/2475 8315/5630/2475
f 8318/5631/2475 8315/5630/2475 8316/5629/2475
f 8321/5632/2474 8320/5633/2474 8319/5634/2474
f 8322/5635/2474 8319/5634/2474 8320/5633/2474
f 8325/5607/2471 8324/5605/2471 8323/5606/2471
f 8326/5604/2471 8323/5606/2471 8324/5605/2471
f 8329/5611/2474 8328/5609/2474 8327/5610/2474
f 8330/5608/2474 8327/5610/2474 8328/5609/2474
f 8333/5615/2434 8332/5613/2434 8331/5614/2434
f 8334/5612/2434 8331/5614/2434 8332/5613/2434
f 8331/5614/2434 8335/5616/2434 8333/5615/2434
f 8333/5615/2434 8335/5616/2434 8336/5617/2434
f 8339/5621/2473 8338/5619/2473 8337/5620/2473
f 8340/5618/2473 8337/5620/2473 8338/5619/2473
f 8343/5625/2433 8342/5623/2433 8341/5624/2433
f 8344/5622/2433 8341/5624/2433 8342/5623/2433
f 8341/5624/2433 8345/5626/2433 8343/5625/2433
f 8341/5624/2433 8346/5627/2433 8345/5626/2433
f 8349/5631/2475 8348/5629/2475 8347/5630/2475
f 8350/5628/2475 8347/5630/2475 8348/5629/2475
f 8353/5635/2473 8352/5633/2473 8351/5634/2473
f 8354/5632/2473 8351/5634/2473 8352/5633/2473
f 8357/5636/2503 8356/5637/2503 8355/5638/2503
f 8358/5639/2503 8355/5638/2503 8356/5637/2503
f 8356/5637/2504 8359/5640/2504 8358/5639/2504
f 8360/5641/2504 8358/5639/2504 8359/5640/2504
f 8359/5640/2505 8361/5642/2505 8360/5641/2505
f 8362/5643/2505 8360/5641/2505 8361/5642/2505
f 8355/5638/2506 8363/5644/2506 8357/5636/2506
f 8364/5645/2506 8357/5636/2506 8363/5644/2506
f 8363/5644/2507 8365/5646/2507 8364/5645/2507
f 8366/5647/2507 8364/5645/2507 8365/5646/2507
f 8365/5646/2508 8367/5648/2508 8366/5647/2508
f 8368/5649/2508 8366/5647/2508 8367/5648/2508
f 8367/5648/2509 8369/5650/2509 8368/5649/2509
f 8370/5651/2509 8368/5649/2509 8369/5650/2509
f 8369/5650/2510 8371/5652/2510 8370/5651/2510
f 8372/5653/2510 8370/5651/2510 8371/5652/2510
f 8375/5654/2473 8374/5655/2473 8373/5656/2473
f 8376/5657/2473 8373/5656/2473 8374/5655/2473
f 8376/5657/2473 8374/5655/2473 8377/5658/2473
f 8378/5659/2473 8377/5658/2473 8374/5655/2473
f 8378/5659/2473 8379/5660/2473 8377/5658/2473
f 8373/5656/2473 8380/5661/2473 8375/5654/2473
f 8383/5639/2503 8382/5662/2503 8381/5638/2503
f 8384/5663/2503 8381/5638/2503 8382/5662/2503
f 8381/5638/2506 8384/5663/2506 8385/5644/2506
f 8386/5664/2506 8385/5644/2506 8384/5663/2506
f 8385/5644/2507 8386/5664/2507 8387/5646/2507
f 8388/5665/2507 8387/5646/2507 8386/5664/2507
f 8387/5646/2508 8388/5665/2508 8389/5648/2508
f 8390/5666/2508 8389/5648/2508 8388/5665/2508
f 8389/5648/2509 8390/5666/2509 8391/5650/2509
f 8392/5667/2509 8391/5650/2509 8390/5666/2509
f 8391/5650/2510 8392/5667/2510 8393/5652/2510
f 8394/5668/2510 8393/5652/2510 8392/5667/2510
f 8382/5662/2504 8383/5639/2504 8395/5669/2504
f 8396/5641/2504 8395/5669/2504 8383/5639/2504
f 8395/5669/2505 8396/5641/2505 8397/5670/2505
f 8398/5643/2505 8397/5670/2505 8396/5641/2505
f 8401/5657/2474 8400/5655/2474 8399/5656/2474
f 8402/5654/2474 8399/5656/2474 8400/5655/2474
f 8403/5661/2474 8399/5656/2474 8402/5654/2474
f 8401/5657/2474 8404/5658/2474 8400/5655/2474
f 8405/5659/2474 8400/5655/2474 8404/5658/2474
f 8406/5660/2474 8405/5659/2474 8404/5658/2474
f 8411/5671/2511 8410/5672/2511 8409/5673/2511
f 8412/5674/2511 8409/5673/2511 8410/5672/2511
f 8409/5673/2512 8412/5674/2512 8413/5675/2512
f 8414/5676/2512 8413/5675/2512 8412/5674/2512
f 8417/5675/2513 8416/5676/2513 8415/5677/2513
f 8418/5678/2513 8415/5677/2513 8414/5676/2513
f 8421/5679/2514 8420/5680/2514 8419/5671/2514
f 8422/5672/2514 8419/5671/2514 8420/5680/2514
f 8425/5681/2474 8424/5682/2474 8423/5683/2474
f 8426/5684/2474 8423/5683/2474 8424/5682/2474
f 8429/5685/2515 8428/5686/2515 8427/5687/2515
f 8430/5688/2515 8427/5687/2515 8428/5686/2515
f 8427/5687/2516 8430/5688/2516 8431/5689/2516
f 8432/5690/2516 8431/5689/2516 8430/5688/2516
f 8431/5689/2517 8432/5690/2517 8433/5691/2517
f 8434/5692/2517 8433/5691/2517 8432/5690/2517
f 8433/5691/2518 8434/5692/2518 8435/5693/2518
f 8436/5694/2518 8435/5693/2518 8434/5692/2518
f 8435/5693/2519 8436/5694/2519 8437/5695/2519
f 8438/5696/2519 8437/5695/2519 8436/5694/2519
f 8428/5686/2520 8429/5685/2520 8439/5697/2520
f 8440/5698/2520 8439/5697/2520 8429/5685/2520
f 8443/5699/2474 8442/5700/2474 8441/5701/2474
f 8444/5702/2474 8441/5701/2474 8442/5700/2474
f 8443/5699/2474 8445/5703/2474 8442/5700/2474
f 8446/5704/2474 8442/5700/2474 8445/5703/2474
f 8449/5705/2473 8448/5706/2473 8447/5707/2473
f 8450/5708/2473 8447/5707/2473 8448/5706/2473
f 8453/5709/2474 8452/5710/2474 8451/5711/2474
f 8454/5712/2474 8451/5711/2474 8452/5710/2474
f 8457/5713/2433 8456/5714/2433 8455/5715/2433
f 8458/5716/2433 8455/5715/2433 8456/5714/2433
f 8461/5717/2521 8460/5718/2521 8459/5719/2521
f 8462/5720/2521 8459/5719/2521 8460/5718/2521
f 8465/5721/2434 8464/5722/2434 8463/5723/2434
f 8466/5724/2434 8463/5723/2434 8464/5722/2434
f 8475/5725/2433 8474/5726/2433 8473/5727/2433
f 8476/5728/2433 8473/5727/2433 8474/5726/2433
f 8474/5726/2433 8477/5729/2433 8476/5728/2433
f 8478/5730/2433 8476/5728/2433 8477/5729/2433
f 8481/5731/2522 8480/5732/2522 8479/5733/2522
f 8482/5734/2522 8479/5733/2522 8480/5732/2522
f 8480/5732/2523 8483/5735/2523 8482/5734/2523
f 8484/5736/2523 8482/5734/2523 8483/5735/2523
f 8487/5737/2473 8486/5738/2473 8485/5739/2473
f 8488/5740/2473 8485/5739/2473 8486/5738/2473
f 8491/5741/2524 8490/5742/2524 8489/5743/2524
f 8492/5744/2524 8489/5743/2524 8490/5742/2524
f 8490/5742/2525 8493/5745/2525 8492/5744/2525
f 8494/5746/2525 8492/5744/2525 8493/5745/2525
f 8497/5747/2434 8496/5748/2434 8495/5749/2434
f 8498/5750/2434 8495/5749/2434 8496/5748/2434
f 8501/5751/2526 8500/5752/2526 8499/5753/2526
f 8502/5754/2526 8499/5753/2526 8500/5752/2526
f 8499/5753/2471 8502/5754/2471 8503/5755/2471
f 8504/5756/2471 8503/5755/2471 8502/5754/2471
f 8503/5755/2527 8504/5756/2527 8505/5757/2527
f 8506/5758/2527 8505/5757/2527 8504/5756/2527
f 8505/5757/2528 8506/5758/2528 8507/5759/2528
f 8508/5760/2528 8507/5759/2528 8506/5758/2528
f 8500/5752/2529 8501/5751/2529 8509/5761/2529
f 8510/5762/2529 8509/5761/2529 8501/5751/2529
f 8509/5761/2475 8510/5762/2475 8511/5763/2475
f 8512/5764/2475 8511/5763/2475 8510/5762/2475
f 8515/5765/2433 8514/5766/2433 8513/5767/2433
f 8516/5768/2433 8513/5767/2433 8514/5766/2433
f 8515/5765/2433 8517/5769/2433 8514/5766/2433
f 8518/5770/2433 8514/5766/2433 8517/5769/2433
f 8521/5771/2433 8520/5772/2433 8519/5773/2433
f 8522/5774/2433 8519/5773/2433 8520/5772/2433
f 8520/5772/2433 8523/5775/2433 8522/5774/2433
f 8524/5776/2433 8522/5774/2433 8523/5775/2433
f 8525/5777/2433 8524/5776/2433 8523/5775/2433
f 8528/5778/2475 8527/5779/2475 8526/5780/2475
f 8529/5781/2475 8526/5780/2475 8527/5779/2475
f 8532/5782/2473 8531/5783/2473 8530/5784/2473
f 8533/5785/2473 8530/5784/2473 8531/5783/2473
f 8536/5786/2471 8535/5787/2471 8534/5788/2471
f 8537/5789/2471 8534/5788/2471 8535/5787/2471
f 8540/5790/2530 8539/5791/2530 8538/5792/2530
f 8541/5793/2530 8538/5792/2530 8539/5791/2530
f 8539/5791/2531 8542/5794/2531 8541/5793/2531
f 8543/5795/2531 8541/5793/2531 8542/5794/2531
f 8542/5794/2532 8544/5796/2532 8543/5795/2532
f 8545/5797/2532 8543/5795/2532 8544/5796/2532
f 8538/5792/2533 8546/5798/2533 8540/5790/2533
f 8547/5799/2533 8540/5790/2533 8546/5798/2533
f 8550/5800/2534 8549/5801/2534 8548/5802/2534
f 8551/5803/2534 8548/5802/2534 8549/5801/2534
f 8548/5802/2535 8551/5803/2535 8552/5804/2535
f 8553/5805/2535 8552/5804/2535 8551/5803/2535
f 8549/5801/2415 8550/5800/2415 8554/5806/2415
f 8555/5807/2415 8554/5806/2415 8550/5800/2415
f 8554/5806/2536 8555/5807/2536 8556/5808/2536
f 8557/5809/2536 8556/5808/2536 8555/5807/2536
f 8556/5808/2537 8557/5809/2537 8558/5810/2537
f 8559/5811/2537 8558/5810/2537 8557/5809/2537
f 8558/5810/2418 8559/5811/2418 8560/5812/2418
f 8561/5813/2418 8560/5812/2418 8559/5811/2418
f 8560/5812/2538 8561/5813/2538 8562/5814/2538
f 8563/5815/2538 8562/5814/2538 8561/5813/2538
f 8562/5814/2539 8563/5815/2539 8564/5816/2539
f 8565/5817/2539 8564/5816/2539 8563/5815/2539
f 8568/5818/2433 8567/5819/2433 8566/5820/2433
f 8569/5821/2433 8566/5820/2433 8567/5819/2433
f 8566/5820/2433 8569/5821/2433 8570/5822/2433
f 8571/5823/2433 8570/5822/2433 8569/5821/2433
f 8571/5823/2433 8572/5824/2433 8570/5822/2433
f 8573/5825/2433 8570/5822/2433 8572/5824/2433
f 8568/5818/2433 8574/5826/2433 8567/5819/2433
f 8575/5827/2433 8567/5819/2433 8574/5826/2433
f 8576/5828/2433 8575/5827/2433 8574/5826/2433
f 8579/5829/2434 8578/5830/2434 8577/5831/2434
f 8580/5832/2434 8577/5831/2434 8578/5830/2434
f 8580/5832/2434 8581/5833/2434 8577/5831/2434
f 8582/5834/2434 8577/5831/2434 8581/5833/2434
f 8583/5835/2434 8582/5834/2434 8581/5833/2434
f 8579/5829/2434 8584/5836/2434 8578/5830/2434
f 8585/5837/2434 8578/5830/2434 8584/5836/2434
f 8588/5838/2434 8587/5839/2434 8586/5840/2434
f 8589/5841/2434 8586/5840/2434 8587/5839/2434
f 8592/5842/2540 8591/5843/2540 8590/5844/2540
f 8593/5845/2540 8591/5843/2540 8592/5842/2540
f 8594/5846/2540 8592/5842/2540 8590/5844/2540
f 8597/5847/2471 8596/5848/2471 8595/5849/2471
f 8598/5850/2471 8595/5849/2471 8596/5848/2471
f 8601/5851/2541 8600/5852/2541 8599/5853/2541
f 8602/5854/2541 8601/5851/2541 8599/5853/2541
f 8603/5855/2541 8602/5854/2541 8599/5853/2541
f 8606/5856/2475 8605/5857/2475 8604/5858/2475
f 8607/5859/2475 8604/5858/2475 8605/5857/2475
f 8610/5860/2471 8609/5861/2471 8608/5862/2471
f 8611/5863/2471 8608/5862/2471 8609/5861/2471
f 8614/5864/2473 8613/5865/2473 8612/5866/2473
f 8615/5867/2473 8612/5866/2473 8613/5865/2473
f 8618/5868/2434 8617/5869/2434 8616/5870/2434
f 8619/5871/2434 8616/5870/2434 8617/5869/2434
f 8622/5872/2474 8621/5873/2474 8620/5874/2474
f 8623/5875/2474 8620/5874/2474 8621/5873/2474
f 8626/5876/2433 8625/5877/2433 8624/5878/2433
f 8627/5879/2433 8624/5878/2433 8625/5877/2433
f 8630/5880/2418 8629/5881/2418 8628/5882/2418
f 8631/5883/2418 8628/5882/2418 8629/5881/2418
f 8628/5882/2415 8632/5884/2415 8630/5880/2415
f 8633/5885/2415 8630/5880/2415 8632/5884/2415
f 8636/5881/2421 8635/5886/2421 8634/5883/2421
f 8637/5887/2421 8634/5883/2421 8635/5886/2421
f 8640/5888/2413 8639/5885/2413 8638/5889/2413
f 8641/5884/2413 8638/5889/2413 8639/5885/2413
f 8644/5890/2542 8643/5891/2542 8642/5892/2542
f 8645/5893/2542 8642/5892/2542 8643/5891/2542
f 8643/5891/2543 8646/5894/2543 8645/5893/2543
f 8647/5895/2543 8645/5893/2543 8646/5894/2543
f 8650/5896/2544 8649/5897/2544 8648/5898/2544
f 8651/5899/2544 8648/5898/2544 8649/5897/2544
f 8649/5897/2545 8652/5890/2545 8651/5899/2545
f 8653/5892/2545 8651/5899/2545 8652/5890/2545
f 8656/5900/2421 8655/5901/2421 8654/5902/2421
f 8657/5903/2421 8654/5902/2421 8655/5901/2421
f 8654/5902/2413 8658/5904/2413 8656/5900/2413
f 8661/5901/2418 8660/5905/2418 8659/5903/2418
f 8662/5906/2418 8659/5903/2418 8660/5905/2418
f 8665/5907/2415 8664/5908/2415 8663/5909/2415
f 8666/5904/2415 8663/5909/2415 8664/5908/2415
f 8668/5908/2413 8667/5900/2413 8666/5904/2413
f 8671/5910/2543 8670/5911/2543 8669/5912/2543
f 8672/5913/2543 8669/5912/2543 8670/5911/2543
f 8670/5911/2542 8673/5914/2542 8672/5913/2542
f 8674/5915/2542 8672/5913/2542 8673/5914/2542
f 8677/5916/2545 8676/5917/2545 8675/5918/2545
f 8678/5919/2545 8675/5918/2545 8676/5917/2545
f 8676/5917/2544 8679/5910/2544 8678/5919/2544
f 8680/5912/2544 8678/5919/2544 8679/5910/2544
f 8683/5920/2434 8682/5921/2434 8681/5922/2434
f 8684/5923/2434 8681/5922/2434 8682/5921/2434
f 8682/5921/2434 8683/5920/2434 8685/5924/2434
f 8686/5925/2434 8685/5924/2434 8683/5920/2434
f 8685/5924/2434 8686/5925/2434 8687/5926/2434
f 8688/5927/2434 8687/5926/2434 8686/5925/2434
f 8687/5926/2434 8688/5927/2434 8689/5928/2434
f 8690/5929/2434 8689/5928/2434 8688/5927/2434
f 8693/5930/2546 8692/5931/2546 8691/5932/2546
f 8694/5933/2546 8691/5932/2546 8692/5931/2546
f 8693/5930/2427 8691/5932/2427 8695/5934/2427
f 8696/5935/2427 8695/5934/2427 8691/5932/2427
f 8695/5934/2547 8696/5935/2547 8697/5936/2547
f 8698/5937/2547 8697/5936/2547 8696/5935/2547
f 8698/5937/2548 8699/5938/2548 8697/5936/2548
f 8700/5939/2548 8697/5936/2548 8699/5938/2548
f 8703/5940/2475 8702/5941/2475 8701/5942/2475
f 8704/5943/2475 8701/5942/2475 8702/5941/2475
f 8707/5944/2549 8706/5945/2549 8705/5946/2549
f 8708/5947/2549 8705/5946/2549 8706/5945/2549
f 8708/5947/2550 8706/5945/2550 8709/5948/2550
f 8710/5949/2550 8709/5948/2550 8706/5945/2550
f 8709/5948/2551 8710/5949/2551 8711/5950/2551
f 8712/5951/2551 8711/5950/2551 8710/5949/2551
f 8711/5950/2552 8712/5951/2552 8713/5952/2552
f 8714/5953/2552 8713/5952/2552 8712/5951/2552
f 8717/5954/2475 8716/5955/2475 8715/5956/2475
f 8718/5957/2475 8715/5956/2475 8716/5955/2475
f 8721/5958/2433 8720/5959/2433 8719/5960/2433
f 8722/5961/2433 8719/5960/2433 8720/5959/2433
f 8721/5958/2433 8719/5960/2433 8723/5962/2433
f 8724/5963/2433 8723/5962/2433 8719/5960/2433
f 8724/5963/2433 8725/5964/2433 8723/5962/2433
f 8726/5965/2433 8723/5962/2433 8725/5964/2433
f 8726/5965/2433 8725/5964/2433 8727/5966/2433
f 8728/5967/2433 8727/5966/2433 8725/5964/2433
f 8731/5968/2553 8730/5969/2553 8729/5970/2553
f 8732/5971/2553 8729/5970/2553 8730/5969/2553
f 8731/5968/2475 8733/5972/2475 8730/5969/2475
f 8734/5973/2475 8730/5969/2475 8733/5972/2475
f 8734/5973/2554 8733/5972/2554 8735/5974/2554
f 8736/5975/2554 8735/5974/2554 8733/5972/2554
f 8739/5976/2555 8738/5977/2555 8737/5978/2555
f 8740/5979/2555 8737/5978/2555 8738/5977/2555
f 8743/5980/2556 8742/5981/2556 8741/5982/2556
f 8744/5983/2556 8741/5982/2556 8742/5981/2556
f 8747/5984/2434 8746/5985/2434 8745/5986/2434
f 8748/5987/2434 8745/5986/2434 8746/5985/2434
f 8745/5986/2434 8748/5987/2434 8749/5988/2434
f 8750/5989/2434 8749/5988/2434 8748/5987/2434
f 8749/5988/2434 8750/5989/2434 8751/5990/2434
f 8752/5991/2434 8751/5990/2434 8750/5989/2434
f 8751/5990/2434 8752/5991/2434 8753/5992/2434
f 8754/5993/2434 8753/5992/2434 8752/5991/2434
f 8753/5992/2434 8754/5993/2434 8755/5994/2434
f 8756/5995/2434 8755/5994/2434 8754/5993/2434
f 8759/5996/2433 8758/5997/2433 8757/5998/2433
f 8760/5999/2433 8757/5998/2433 8758/5997/2433
f 8757/5998/2433 8760/5999/2433 8761/6000/2433
f 8762/6001/2433 8761/6000/2433 8760/5999/2433
f 8761/6000/2433 8762/6001/2433 8763/6002/2433
f 8764/6003/2433 8763/6002/2433 8762/6001/2433
f 8763/6002/2433 8764/6003/2433 8765/6004/2433
f 8766/6005/2433 8765/6004/2433 8764/6003/2433
f 8765/6004/2433 8766/6005/2433 8767/6006/2433
f 8768/6007/2433 8767/6006/2433 8766/6005/2433
f 8771/6008/2557 8770/6009/2557 8769/6010/2557
f 8772/6011/2557 8769/6010/2557 8770/6009/2557
f 8775/6012/2558 8774/6013/2558 8773/6014/2558
f 8776/6015/2558 8773/6014/2558 8774/6013/2558
f 8776/6015/2471 8777/6016/2471 8773/6014/2471
f 8778/6017/2471 8773/6014/2471 8777/6016/2471
f 8778/6017/2559 8777/6016/2559 8779/6018/2559
f 8780/6019/2559 8779/6018/2559 8777/6016/2559
f 8783/6020/2560 8782/6021/2560 8781/6022/2560
f 8784/6023/2560 8781/6022/2560 8782/6021/2560
f 8787/6024/2561 8786/6025/2561 8785/6026/2561
f 8788/6027/2561 8785/6026/2561 8786/6025/2561
f 8791/6028/2562 8790/6029/2562 8789/6030/2562
f 8792/6031/2562 8789/6030/2562 8790/6029/2562
f 8795/6032/2433 8794/6033/2433 8793/6034/2433
f 8796/6035/2433 8793/6034/2433 8794/6033/2433
f 8796/6035/2433 8797/6036/2433 8793/6034/2433
f 8798/6037/2433 8793/6034/2433 8797/6036/2433
f 8799/6038/2433 8798/6037/2433 8797/6036/2433
f 8795/6032/2433 8800/6039/2433 8794/6033/2433
f 8801/6040/2433 8794/6033/2433 8800/6039/2433
f 8802/6041/2433 8801/6040/2433 8800/6039/2433
f 8805/6042/2563 8804/6043/2563 8803/6044/2563
f 8806/6045/2563 8803/6044/2563 8804/6043/2563
f 8803/6044/2550 8806/6045/2550 8807/6046/2550
f 8808/6047/2550 8807/6046/2550 8806/6045/2550
f 8807/6046/2551 8808/6047/2551 8809/6048/2551
f 8810/6049/2551 8809/6048/2551 8808/6047/2551
f 8809/6048/2564 8810/6049/2564 8811/6050/2564
f 8812/6051/2564 8811/6050/2564 8810/6049/2564
f 8815/6052/2434 8814/6053/2434 8813/6054/2434
f 8816/6055/2434 8813/6054/2434 8814/6053/2434
f 8817/6056/2434 8816/6055/2434 8814/6053/2434
f 8813/6054/2434 8818/6057/2434 8815/6052/2434
f 8819/6058/2434 8815/6052/2434 8818/6057/2434
f 8818/6057/2434 8820/6059/2434 8819/6058/2434
f 8821/6060/2434 8819/6058/2434 8820/6059/2434
f 8820/6059/2434 8822/6061/2434 8821/6060/2434
l 8467 8468
l 8471 8472
l 8469 8470
