# Blender 5.2.0 LTS
# www.blender.org
mtllib v1.mtl
o model_1
v 1.408887 2.674261 -3.880530
v 1.370005 2.880090 -5.609670
v 1.365431 2.739820 -5.628999
v 1.413461 2.814530 -3.861202
v 4.479013 -7.989929 -11.739718
v 4.347120 -7.691097 -11.601447
v 4.335685 -7.754370 -11.403704
v 4.521707 -8.300959 -11.656459
v 4.464528 -8.313156 -11.828927
v 4.592609 -8.249883 -11.812571
v 4.536192 -8.227776 -11.988013
v 4.430983 -8.249121 -11.976119
v 4.399724 -8.034906 -11.922594
v 4.311288 -7.716254 -11.787297
v 4.264783 -7.483745 -11.592526
v 4.219039 -7.534058 -11.262458
v 4.184732 -7.736074 -11.298141
v 4.029968 -7.559214 -11.266917
v 4.103157 -7.833652 -11.546435
v 3.906462 -7.652981 -11.503319
v 4.002522 -7.567600 -11.811084
v 3.863768 -7.446390 -11.530082
v 3.902650 -7.306884 -11.873530
v 3.759321 -7.148320 -11.558330
v 4.502647 -8.122574 -11.553870
v 4.337972 -8.101230 -11.501831
v 4.306714 -8.169077 -11.718904
v 4.290704 -8.061588 -11.840821
v 4.184732 -7.765043 -11.837847
v 4.186257 -7.541681 -11.892859
v 4.119167 -7.361010 -11.910700
v 3.991849 -7.077424 -11.921107
v 3.759321 -6.976797 -11.886910
v 3.826411 -6.645184 -11.919621
v 3.630478 -6.620028 -11.944897
v 3.704430 -6.376083 -11.982065
v 4.023107 -6.893703 -11.644564
v 4.172534 -7.223791 -11.623749
v 4.597946 -8.273515 -11.668353
v 3.559577 -6.714557 -11.591040
v 3.511546 -6.447742 -11.961250
v 3.625904 -6.242676 -12.099522
v 3.747123 -6.164919 -11.707008
v 3.558814 -6.036086 -12.105470
v 3.625142 -5.865324 -11.735259
v 3.379653 -5.713621 -12.092088
v 3.409387 -5.561156 -11.770941
v 3.195156 -5.434609 -12.056405
v 3.211166 -5.312637 -11.808111
v 2.993886 -5.111382 -12.019236
v 3.060976 -5.093850 -11.817033
v 2.964916 -4.854478 -11.747152
v 3.038105 -5.130441 -11.607395
v 2.910024 -4.894882 -11.540489
v 3.227176 -5.434609 -11.492911
v 3.418535 -5.708285 -11.373967
v 3.597695 -6.023126 -11.287733
v 3.685370 -6.202272 -11.259484
v 3.806589 -6.378370 -11.681735
v 3.711291 -6.329581 -11.329365
v 3.455129 -6.267071 -11.250564
v 3.317137 -5.956803 -11.253538
v 3.157799 -5.624429 -11.379915
v 3.011421 -5.349991 -11.495885
v 2.873430 -5.083177 -11.574685
v 2.856657 -5.207436 -11.757560
v 2.718665 -4.979500 -11.769454
v 2.982451 -5.484161 -11.723365
v 3.107482 -5.788330 -11.666866
v 3.245474 -6.129851 -11.614829
v 3.306464 -6.336442 -11.592526
v 2.851321 -5.115194 -11.976119
v 2.988550 -5.353040 -12.019236
v 3.121967 -5.626716 -12.041538
v 3.275207 -5.965951 -12.062353
v 3.388802 -6.270120 -11.995446
v 3.388040 -6.462226 -11.592526
v 3.553477 -6.471374 -11.293681
v 3.818787 -6.613929 -11.356126
v 3.887402 -6.568952 -11.666866
v 2.719428 -4.907842 -12.010316
v 2.826924 -4.761475 -12.037077
v 2.457167 -4.597575 -11.903267
v 2.663011 -4.441298 -11.973145
v 2.441920 -4.277398 -11.379915
v 2.836835 -4.473315 -11.553870
v 2.097322 -4.432150 -11.033492
v 1.901388 -4.160762 -9.341521
v 2.584486 -4.267488 -10.580020
v 2.168986 -4.231658 -8.783974
v 2.704180 -4.559459 -10.477431
v 2.123242 -4.482464 -8.501483
v 2.383978 -4.812551 -10.125061
v 1.914349 -4.694391 -8.453905
v 2.874954 -4.693627 -11.350180
v 2.636328 -4.779771 -11.208933
v 2.752210 -4.872012 -11.516700
v 2.518158 -4.813313 -11.681735
v 2.199481 -4.730982 -10.944284
v 1.710792 -4.629593 -8.891023
v 1.505710 -4.102825 -7.902305
v 1.764159 -3.986189 -7.924607
v 1.707743 -3.801705 -8.497023
v 1.636841 -3.944261 -8.810736
v 1.382204 -2.656690 -4.567429
v 1.487413 -2.905971 -5.548712
v 1.647514 -2.256469 -5.034282
v 1.391353 -3.066823 -6.565679
v 1.604820 -2.200056 -7.841347
v 1.412699 -3.198705 -7.935015
v 1.341797 -2.929604 -8.849392
v 1.278519 -3.384713 -9.032269
v 1.382966 -3.922915 -8.718554
v 1.635316 -4.416903 -9.286510
v 1.337223 -4.147802 -8.279951
v 1.075725 -3.408345 -7.781875
v 0.772296 -3.308480 -8.740856
v 0.940021 -3.258929 -6.541890
v 0.474203 -3.213952 -7.371520
v -0.000000 -3.317628 -8.773566
v 0.721216 -3.119424 -5.171066
v -0.000000 -3.178123 -6.167217
v -0.000000 -3.231486 -7.410177
v -0.474204 -3.213952 -7.371520
v -0.772297 -3.308480 -8.740856
v -1.075726 -3.408345 -7.781875
v -0.940021 -3.258929 -6.541890
v -0.875219 -3.103414 -9.305838
v -0.493264 -3.018796 -9.629959
v -1.710793 -4.629593 -8.891023
v -1.505711 -4.102825 -7.902305
v -1.914350 -4.694391 -8.453905
v -1.337224 -4.147802 -8.279951
v -1.382967 -3.922916 -8.718554
v -1.278520 -3.384713 -9.032269
v -1.044468 -2.949425 -9.442623
v -0.753999 -2.431805 -10.019499
v -0.000001 -2.750457 -10.761408
v -0.583988 -2.269429 -11.595501
v -0.000001 -2.382253 -11.571712
v -0.324014 -2.350998 -12.377553
v -0.000001 -2.414271 -12.335922
v -0.000000 -3.090455 -12.905365
v 0.324013 -2.350998 -12.377553
v 0.462767 -2.771040 -12.719515
v -1.636841 -3.944261 -8.810736
v -0.462768 -2.771040 -12.719515
v -2.441920 -4.277398 -11.379915
v -2.097322 -4.432150 -11.033492
v -2.457168 -4.597575 -11.903267
v -2.199482 -4.730982 -10.944284
v -1.635317 -4.416903 -9.286510
v -1.901389 -4.160762 -9.341521
v -1.707743 -3.801706 -8.497023
v -1.341798 -2.929604 -8.849392
v -1.604821 -2.200057 -7.841347
v -1.412700 -3.198706 -7.935015
v -1.391353 -3.066823 -6.565679
v -1.647515 -2.256470 -5.034282
v -1.966192 -1.538357 -5.559119
v -2.584486 -4.267488 -10.580020
v -2.168986 -4.231658 -8.783974
v -1.764160 -3.986189 -7.924607
v -1.395165 -3.823813 -6.152350
v -1.657426 -3.781886 -6.189520
v -1.442433 -3.781886 -5.154712
v -1.309778 -3.943499 -5.648327
v -1.092499 -3.340498 -5.746456
v -2.123243 -4.482464 -8.501483
v -2.704180 -4.559459 -10.477431
v -2.836836 -4.473316 -11.553870
v -2.663012 -4.441298 -11.973145
v -2.826925 -4.761476 -12.037077
v -2.874955 -4.693628 -11.350180
v -2.964916 -4.854479 -11.747152
v -2.910025 -4.894883 -11.540489
v -3.038105 -5.130442 -11.607395
v -2.026420 -4.256052 -4.988191
v -1.850309 -4.474841 -4.936153
v -2.383979 -4.812551 -10.125061
v -2.636328 -4.779771 -11.208933
v -2.752211 -4.872013 -11.516700
v -2.873430 -5.083178 -11.574685
v -3.011422 -5.349992 -11.495885
v -3.227177 -5.434610 -11.492911
v -3.157800 -5.624430 -11.379915
v -3.418535 -5.708286 -11.373967
v -3.317138 -5.956804 -11.253538
v -3.597696 -6.023127 -11.287733
v -3.455130 -6.267072 -11.250564
v -3.685370 -6.202273 -11.259484
v -3.711292 -6.329582 -11.329365
v -3.747123 -6.164920 -11.707008
v -2.856658 -5.207437 -11.757560
v -2.982451 -5.484162 -11.723365
v -2.988550 -5.353041 -12.019236
v -2.851321 -5.115195 -11.976119
v -2.718666 -4.979500 -11.769454
v -3.107482 -5.788331 -11.666866
v -3.121968 -5.626717 -12.041538
v -3.195157 -5.434610 -12.056405
v -2.993887 -5.111383 -12.019236
v -2.719429 -4.907842 -12.010316
v -2.518159 -4.813313 -11.681735
v -3.211167 -5.312638 -11.808111
v -3.060977 -5.093851 -11.817033
v -3.409387 -5.561157 -11.770941
v -3.379654 -5.713622 -12.092088
v -3.275207 -5.965952 -12.062353
v -3.245474 -6.129852 -11.614829
v -3.625142 -5.865325 -11.735259
v -3.558814 -6.036087 -12.105470
v -3.625904 -6.242677 -12.099522
v -3.388803 -6.270121 -11.995446
v -3.511546 -6.447743 -11.961250
v -3.388040 -6.462227 -11.592526
v -3.559577 -6.714558 -11.591040
v -3.630479 -6.620028 -11.944897
v -3.704430 -6.376084 -11.982065
v -3.306465 -6.336443 -11.592526
v -4.119168 -7.361011 -11.910700
v -3.902650 -7.306885 -11.873530
v -4.002522 -7.567601 -11.811084
v -3.991849 -7.077425 -11.921107
v -4.172534 -7.223792 -11.623749
v -4.023107 -6.893704 -11.644564
v -4.023107 -7.064466 -11.313009
v -3.818788 -6.613930 -11.356126
v -3.793629 -6.964601 -11.289220
v -3.646489 -6.649759 -11.298141
v -3.553478 -6.471375 -11.293681
v -3.806590 -6.378371 -11.681735
v -3.887402 -6.568953 -11.666866
v -3.826412 -6.645185 -11.919621
v -3.759321 -6.976798 -11.886910
v -3.759321 -7.148321 -11.558330
v -3.936957 -7.295450 -11.253538
v -4.152713 -7.350338 -11.280299
v -4.264783 -7.483746 -11.592526
v -4.186257 -7.541682 -11.892859
v -4.184733 -7.765044 -11.837847
v -4.311289 -7.716255 -11.787297
v -4.347121 -7.691098 -11.601447
v -3.906462 -7.652982 -11.503319
v -4.103158 -7.833653 -11.546435
v -3.863768 -7.446391 -11.530082
v -4.029968 -7.559215 -11.266917
v -4.219040 -7.534059 -11.262458
v -4.335685 -7.754371 -11.403704
v -4.479013 -7.989930 -11.739718
v -4.399725 -8.034906 -11.922594
v -4.290704 -8.061588 -11.840821
v -4.430983 -8.249121 -11.976119
v -4.536192 -8.227776 -11.988013
v -4.184733 -7.736075 -11.298141
v -4.306714 -8.169077 -11.718904
v -4.464528 -8.313156 -11.828927
v -4.592608 -8.249883 -11.812571
v -4.502648 -8.122574 -11.553870
v -4.337972 -8.101230 -11.501831
v -4.597945 -8.273515 -11.668353
v -4.521707 -8.300959 -11.656459
v 1.707743 -4.554884 -5.376244
v 1.695544 -4.459594 -5.950146
v 2.252848 -5.038200 -6.067603
v 3.252335 -5.420125 -5.868372
v 3.467328 -5.804338 -5.340561
v 3.264533 -5.642725 -5.970961
v 3.037343 -5.273758 -6.363475
v 3.025144 -5.596985 -6.116667
v 2.865044 -5.370574 -6.339686
v 2.836073 -5.407166 -6.040841
v 2.630991 -5.269948 -6.211822
v 2.839885 -5.244790 -5.880267
v 2.673685 -5.106047 -5.780652
v 2.332136 -4.878874 -5.380704
v 1.850309 -4.474841 -4.936153
v 1.657425 -3.781885 -6.189520
v 1.950943 -4.185918 -6.103286
v 1.395164 -3.823813 -6.152350
v 1.309777 -3.943499 -5.648327
v 1.442432 -3.781885 -5.154712
v 2.026420 -4.256052 -4.988191
v 2.645477 -4.654749 -5.594802
v 2.924510 -4.981025 -5.859452
v 2.992362 -5.214297 -5.810388
v 2.946619 -5.446807 -5.599263
v 2.964153 -5.696850 -5.688471
v 3.260722 -6.010928 -5.587369
v 1.684871 -3.660675 -5.133896
v 1.092497 -3.340498 -5.746456
v 1.302916 -3.162114 -5.242433
v 1.714604 -3.586729 -5.704825
v 2.106470 -4.078430 -5.452070
v 3.176859 -5.455955 -5.489240
v 3.086898 -5.174656 -6.020025
v 2.925272 -4.795780 -6.335225
v 2.579149 -4.408518 -6.130047
v 2.543317 -4.605961 -6.741120
v 2.835310 -4.896407 -6.812486
v 2.623367 -5.093088 -6.699490
v 2.206343 -4.772910 -6.579060
v 1.082587 -2.684134 -3.821058
v 1.476740 -2.205393 -2.677714
v 1.831249 -1.355399 -2.395224
v 1.966191 -1.538357 -5.559119
v 2.142302 -0.634238 -4.041104
v 2.233026 -0.605270 -6.088418
v 2.273432 0.936918 -4.591218
v 2.076736 0.141811 -1.488280
v 2.180421 1.524672 -2.007171
v 2.115618 2.389150 -3.850794
v 2.249798 1.832652 -5.486267
v 1.485888 -1.404950 -7.503845
v 1.957804 2.084220 -5.994750
v 2.222352 1.082523 -6.965625
v 2.345859 0.058717 -6.529996
v 1.620830 -0.839303 -7.915687
v 1.225152 -1.408761 -10.080457
v 0.753998 -2.431805 -10.019499
v 1.044467 -2.949425 -9.442623
v 0.875218 -3.103414 -9.305838
v 0.493263 -3.018796 -9.629959
v -0.000000 -3.116374 -9.879741
v 1.690207 -0.116618 -8.321582
v 1.621593 0.436069 -8.773566
v 1.433283 1.105392 -8.546087
v 1.329599 1.831889 -7.494925
v 1.491225 2.909820 -5.449097
v -0.672425 2.370092 1.862952
v -0.714356 2.849596 -0.498076
v -1.245738 2.478343 0.718121
v -1.422612 2.629284 -0.988717
v -0.776872 3.189594 -3.404756
v -0.000001 3.153764 -2.848696
v -0.000001 3.240669 -5.162146
v 0.776869 3.189594 -3.404756
v 0.879029 3.136231 -6.028946
v 0.887416 2.266416 -7.662931
v 1.078012 1.447677 -9.151212
v 1.333411 0.670866 -10.122087
v 1.324262 -0.410876 -10.614216
v 1.487413 -0.824820 -9.506556
v -0.000001 2.919731 0.111509
v -0.879031 3.136231 -6.028946
v -0.000001 2.835112 -7.254064
v -0.000001 2.437178 2.573639
v 0.714354 2.849596 -0.498076
v 0.672423 2.370092 1.862952
v -0.000001 1.664178 3.779428
v -0.818803 1.403462 3.305141
v 0.818801 1.403462 3.305141
v 1.485126 -1.613827 0.126378
v 0.880554 -2.174138 0.402921
v 1.350946 -2.371581 -1.005072
v 1.265559 -1.389704 2.781790
v 1.615494 -0.844639 2.576612
v 1.366194 -0.568678 4.198705
v 1.706980 0.389568 2.839775
v 1.241925 0.506966 4.134772
v 1.464541 1.477408 2.436854
v 1.360094 2.116237 1.733601
v 1.245736 2.478343 0.718121
v 1.422610 2.629284 -0.988717
v 1.653613 2.826726 -2.805579
v 1.138240 -1.249435 4.802341
v 1.823625 -0.481011 0.743397
v 1.953230 0.947591 0.444551
v 1.982963 2.142157 -0.915865
v 1.705455 1.920320 0.975336
v -0.880556 -2.174138 0.402921
v -0.000001 -2.350998 0.834091
v -0.471155 -2.033108 3.160922
v -0.000001 -2.100192 3.343798
v 0.471153 -2.033108 3.160922
v 0.887416 -1.711406 3.406243
v 0.548917 -1.816607 4.885602
v 1.139765 -0.728004 10.514600
v 0.616769 -0.976522 10.941310
v 0.728840 -0.333881 11.437899
v 0.355271 -2.628485 -1.449623
v 0.875218 -2.739022 -1.916476
v 1.045230 -2.479069 -1.054136
v 0.998724 -2.748933 -2.741647
v 1.593385 -3.432739 -1.396099
v 2.536455 -3.967131 0.560521
v 2.196432 -4.118072 0.596204
v 3.207354 -4.246142 6.237098
v 3.397188 -4.438248 6.851142
v 3.436832 -4.118071 6.112206
v 2.905450 -3.934350 5.493701
v 3.183720 -3.757491 5.227564
v 2.882578 -3.658388 4.093142
v 3.420059 -3.958745 4.879655
v 3.060214 -3.820002 2.888839
v 3.283593 -4.281971 3.987579
v 2.798716 -4.442060 3.605474
v 1.945607 -3.957983 1.281616
v 1.415749 -3.397672 -0.692846
v 1.486651 -3.024895 -0.413328
v 1.783219 -3.526505 0.790974
v 3.578636 -4.220985 5.762810
v 3.474189 -4.300267 5.138358
v 3.147888 -4.448921 5.209723
v 2.625654 -4.254528 4.777066
v 2.376354 -3.798656 3.715496
v 2.181946 -3.346597 0.923298
v 1.804565 -2.957810 -0.258702
v 1.910537 -3.022607 -0.898023
v 1.310540 -2.682610 -2.543903
v 1.972290 -3.367942 -1.427321
v 2.419810 -3.508210 -0.029736
v 0.640403 -2.860995 -3.771994
v -0.000000 -2.892250 -3.184711
v 2.971015 -4.275873 5.737535
v 3.299603 -4.426051 5.701852
v 3.535942 -4.418428 5.768758
v -0.000000 -3.101127 -4.744357
v -0.000001 -2.659740 -1.518016
v -0.355272 -2.628485 -1.449623
v -0.875219 -2.739022 -1.916476
v -0.640404 -2.860995 -3.771994
v -0.721217 -3.119424 -5.171066
v -1.082588 -2.684134 -3.821058
v -1.382205 -2.656691 -4.567429
v -1.302917 -3.162114 -5.242433
v -1.487414 -2.905972 -5.548712
v -1.714605 -3.586730 -5.704825
v -1.684872 -3.660676 -5.133896
v -1.950944 -4.185918 -6.103286
v -1.476741 -2.205394 -2.677714
v -1.310541 -2.682610 -2.543903
v -0.998725 -2.748933 -2.741647
v -1.593385 -3.432740 -1.396099
v -1.415750 -3.397673 -0.692846
v -1.945608 -3.957983 1.281616
v -1.783219 -3.526506 0.790974
v -2.376355 -3.798656 3.715496
v -2.181947 -3.346597 0.923298
v -2.882579 -3.658389 4.093142
v -1.972291 -3.367942 -1.427321
v -2.536456 -3.967131 0.560521
v -2.419811 -3.508210 -0.029736
v -1.910538 -3.022608 -0.898023
v -1.350947 -2.371581 -1.005072
v -1.045231 -2.479069 -1.054136
v -1.485127 -1.613828 0.126378
v -1.831250 -1.355399 -2.395224
v -1.823626 -0.481011 0.743397
v -2.142303 -0.634238 -4.041104
v -2.076738 0.141811 -1.488280
v -1.953232 0.947591 0.444551
v -3.283594 -4.281972 3.987579
v -2.798716 -4.442060 3.605474
v -3.147889 -4.448922 5.209723
v -3.060215 -3.820002 2.888839
v -1.804566 -2.957810 -0.258702
v -1.486652 -3.024895 -0.413328
v -2.196432 -4.118072 0.596204
v -3.211167 -4.410805 6.066116
v -3.331624 -4.728696 6.735173
v -3.460467 -4.752328 6.191006
v -3.299604 -4.426052 5.701852
v -3.535943 -4.418429 5.768758
v -3.718915 -4.741655 6.243043
v -3.728064 -4.443586 6.338199
v -3.578636 -4.220986 5.762810
v -3.436833 -4.118072 6.112206
v -3.420061 -3.958745 4.879655
v -3.183721 -3.757491 5.227564
v -2.905451 -3.934351 5.493701
v -2.625655 -4.254528 4.777066
v -3.474190 -4.300268 5.138358
v -3.888927 -5.119770 8.006380
v -3.805827 -5.506269 8.665029
v -3.589310 -5.005420 7.798230
v -3.588547 -5.378198 7.744705
v -3.630479 -5.346943 7.075648
v -3.890452 -5.358378 7.093490
v -3.943819 -5.025241 7.228788
v -3.667835 -4.514482 7.010230
v -3.397189 -4.438249 6.851142
v -3.207355 -4.246143 6.237098
v -2.971015 -4.275874 5.737535
v -4.165673 -5.471964 7.985566
v -4.164148 -5.818061 7.836886
v -4.561351 -6.321959 10.498245
v -4.761858 -6.614693 10.504192
v -4.652075 -6.611643 11.052819
v -4.677234 -6.411913 10.000170
v -4.483588 -6.123754 10.246977
v -4.628441 -6.208372 9.458977
v -4.358556 -5.862276 9.696864
v -4.191594 -6.157296 10.312396
v -4.029968 -5.917163 9.673075
v -4.069613 -6.453079 9.930290
v -3.923997 -6.155772 9.188379
v -4.212941 -6.545321 9.117014
v -4.054365 -6.209897 8.437551
v -4.410398 -6.239627 8.568389
v -4.450805 -5.855415 8.779513
v -4.118405 -5.494072 8.797355
v -3.847759 -5.751738 7.694153
v -3.762371 -5.780707 8.355776
v -4.517133 -6.510253 9.082818
v -4.345596 -6.714558 9.653748
v -4.177109 -6.676441 10.322803
v -4.300615 -6.385232 10.578532
v -4.405824 -6.703122 11.026056
v -4.430221 -6.911237 10.254412
v -4.701630 -6.868547 10.230623
v -4.603282 -6.588011 9.536291
v -4.685620 -7.268769 11.002269
v -4.964653 -7.322132 11.194065
v -4.373042 -6.901327 10.749513
v -4.604044 -7.238276 11.594012
v -4.866305 -7.620202 11.739718
v -5.114080 -7.635448 11.767966
v -4.969989 -7.005004 11.244616
v -5.189557 -7.378543 12.010314
v -5.251309 -7.785626 12.242255
v -5.014970 -7.887778 12.358224
v -4.750422 -7.575224 12.347816
v -4.684095 -7.059892 11.953816
v -4.834285 -7.376257 12.725461
v -4.830473 -7.827555 12.942534
v -4.987525 -7.598094 13.232459
v -5.088922 -7.973159 13.446556
v -5.374815 -8.297909 14.435273
v -5.423608 -8.313918 13.965447
v -5.360331 -8.078360 14.308897
v -5.127803 -7.807734 13.511976
v -5.300103 -7.768093 13.471831
v -5.111031 -8.026521 12.982677
v -5.332885 -7.986118 12.966323
v -5.322974 -7.616390 12.707621
v -5.098833 -7.319844 12.713567
v -4.928821 -7.040833 12.010314
v -5.704166 -8.417596 14.583952
v -5.598957 -8.287238 14.032352
v -5.511282 -8.255982 15.003229
v -5.200993 -7.494418 13.141763
v -5.389301 -7.826792 13.117975
v -5.558551 -8.081409 13.892594
v -5.722463 -8.281901 14.714790
v -5.604293 -8.454950 14.751962
v -5.537204 -8.066163 14.347551
v -5.625640 -8.194997 14.946733
v -5.558550 -8.371094 15.006204
v 0.946882 0.820282 -16.134678
v 1.180934 0.851537 -15.327350
v 1.345609 0.544320 -15.917607
v 1.164924 0.461988 -16.605991
v -0.000001 1.068038 -14.441221
v 0.500886 1.007815 -14.459064
v -0.000001 1.122926 -15.305048
v 0.590848 1.040595 -15.305048
v -0.000001 1.015438 -16.171848
v 1.154250 0.832480 -14.540837
v 1.443957 0.556517 -14.903614
v 1.522483 -0.042672 -15.455215
v -0.000001 0.626651 -17.108528
v -0.639642 0.184501 -17.556053
v -0.492502 0.697547 -16.882536
v -0.879793 0.541270 -16.891457
v -0.946883 0.820282 -16.134678
v -0.590849 1.040595 -15.305048
v -0.500888 1.007815 -14.459064
v -0.000001 0.872119 -13.681470
v 1.004061 0.699072 -13.761758
v 1.426422 0.457415 -13.937198
v 1.565939 0.247012 -14.564627
v 1.584236 -0.391056 -14.289568
v 1.465304 -1.341677 -15.134067
v 1.577374 0.035848 -13.910437
v -0.000001 -0.086886 -18.098734
v 0.639640 0.184501 -17.556053
v 0.492500 0.697547 -16.882536
v 0.879792 0.541270 -16.891457
v 0.952981 0.118179 -17.150158
v 0.859207 -0.107470 -17.560514
v 0.734939 -0.198187 -17.939644
v 0.428460 -0.246976 -18.198347
v -0.000001 -0.785179 -18.402039
v -0.428461 -0.246976 -18.198347
v -0.439897 -0.758497 -18.350000
v -0.680048 -0.521413 -18.170099
v -0.734940 -0.198187 -17.939644
v 1.360857 -1.631361 -15.751086
v 1.353996 -1.978982 -15.141501
v 1.418798 -0.821007 -16.051418
v 1.441670 -0.028950 -16.162928
v 1.342560 0.221855 -16.432037
v 1.155775 -0.205810 -16.884022
v 0.936971 -0.476436 -17.206657
v 0.829474 -0.707421 -17.666075
v 0.680047 -0.521413 -18.170099
v 0.439896 -0.758497 -18.350000
v 0.370519 -1.938579 -17.988710
v 0.674710 -1.305848 -17.972355
v 1.324262 -0.364374 -16.574768
v 0.624393 -2.514898 -17.440083
v 0.787543 -2.278577 -16.950930
v 0.882079 -1.307372 -17.026754
v 1.006348 -1.193023 -16.803736
v 1.165686 -1.068002 -16.671410
v 1.286906 -1.176252 -16.371078
v 1.174835 -1.823468 -16.152521
v 0.917911 -2.082659 -16.396355
v 0.851584 -2.697094 -15.843267
v 0.718929 -2.209205 -12.555968
v 0.744850 -2.801533 -12.978217
v 0.943832 -2.578933 -13.400467
v 0.833287 -3.036330 -13.675524
v 0.895040 -2.821353 -14.597336
v 0.795930 -3.256642 -15.148935
v 0.766197 -3.148392 -16.217941
v 0.632017 -3.218526 -16.687767
v 0.360608 -2.970007 -17.297352
v -0.000001 -2.100192 -17.975328
v -0.370520 -1.938579 -17.988710
v -0.674712 -1.305848 -17.972355
v -0.787544 -2.278577 -16.950930
v -0.829476 -0.707421 -17.666075
v -0.624394 -2.514898 -17.440083
v -0.360609 -2.970007 -17.297352
v -0.632018 -3.218526 -16.687767
v -0.766198 -3.148392 -16.217941
v -0.851585 -2.697094 -15.843267
v -1.246500 -0.729529 -12.823591
v -1.461493 -0.837017 -13.129869
v -1.362383 -1.722078 -13.089728
v -1.163401 -1.586384 -12.665990
v -1.119182 -2.134497 -12.908340
v -1.285382 -2.248084 -13.730535
v -1.149678 -2.416558 -13.520896
v -1.142816 -2.504225 -14.213741
v -1.017785 -2.614001 -14.126022
v -1.002537 -2.609426 -15.027018
v -0.895041 -2.821353 -14.597336
v -0.795931 -3.256642 -15.148935
v -0.668612 -3.551662 -15.919094
v -0.364421 -3.698792 -16.043985
v -0.000000 -3.103414 -17.217064
v -1.501899 -1.352350 -13.483727
v -1.562890 -0.501593 -13.556580
v -1.415750 -1.951539 -13.950580
v -1.219054 -2.373105 -14.802511
v -0.943833 -2.578933 -13.400467
v -0.833288 -3.036330 -13.675524
v -0.680810 -3.517358 -14.056141
v -0.643454 -3.697267 -15.183130
v -0.415500 -3.885562 -14.900640
v -0.882080 -1.307372 -17.026754
v -0.936972 -0.476436 -17.206657
v -0.917912 -2.082659 -16.396355
v -0.959081 -2.472208 -15.774875
v -1.126043 -2.314406 -15.648498
v -1.353997 -1.978982 -15.141501
v -1.498850 -1.504053 -14.131968
v -1.584237 -0.391056 -14.289568
v -1.577376 0.035847 -13.910437
v -1.467592 -0.072403 -13.351402
v -1.006349 -1.193023 -16.803736
v -1.174836 -1.823468 -16.152521
v -1.360858 -1.631361 -15.751086
v -1.465305 -1.341678 -15.134067
v -1.244976 -0.107470 -12.988625
v -1.196183 0.283604 -13.260709
v -1.426423 0.457414 -13.937198
v -1.565940 0.247012 -14.564627
v -1.522484 -0.042672 -15.455215
v -1.418800 -0.821007 -16.051418
v -1.286907 -1.176252 -16.371078
v -1.165688 -1.068002 -16.671410
v -1.155777 -0.205810 -16.884022
v -0.952982 0.118179 -17.150158
v -0.859209 -0.107470 -17.560514
v -1.164925 0.461988 -16.605991
v -1.441671 -0.028951 -16.162928
v -1.324264 -0.364374 -16.574768
v -1.342561 0.221855 -16.432037
v -1.345610 0.544319 -15.917607
v -1.443958 0.556517 -14.903614
v -1.180936 0.851537 -15.327350
v -1.154252 0.832479 -14.540837
v -1.004062 0.699072 -13.761758
v -0.558067 0.437594 -13.170013
v -0.797456 -0.237065 -12.664506
v -0.000001 0.524499 -13.138791
v -0.308767 0.088448 -12.688292
v -0.000001 0.178402 -12.680859
v -0.000001 0.352213 -11.924081
v 0.308765 0.088448 -12.688292
v 0.558065 0.437594 -13.170013
v 0.625917 1.793011 -9.179461
v -0.000001 1.841037 -10.020987
v -0.000001 2.274801 -8.880615
v 0.855395 1.064227 -10.743567
v -0.000001 1.167141 -11.027545
v 0.524520 0.775305 -11.733772
v 0.481064 0.159345 -12.031131
v 0.797454 -0.237065 -12.664506
v 1.196182 0.283604 -13.260709
v 1.467591 -0.072403 -13.351402
v 1.562889 -0.501593 -13.556580
v 1.501898 -1.352350 -13.483727
v 1.498849 -1.504053 -14.131968
v 0.777632 -0.130340 -11.921107
v 1.027695 0.343065 -11.428979
v 0.951456 -0.851501 -11.702549
v 1.415749 -1.951539 -13.950580
v 1.362382 -1.722078 -13.089728
v 1.285381 -2.248084 -13.730535
v 1.119181 -2.134497 -12.908340
v 1.149676 -2.416558 -13.520896
v 0.903426 -1.672527 -12.386475
v 0.868356 -1.809745 -11.507779
v 0.951456 -1.021500 -12.502444
v 1.246499 -0.729529 -12.823591
v 1.244974 -0.107470 -12.988625
v 1.163399 -1.586383 -12.665990
v 1.461492 -0.837017 -13.129869
v 0.583987 -2.269429 -11.595501
v 0.473440 2.184085 -8.300766
v -0.481066 0.159345 -12.031131
v -0.524522 0.775304 -11.733772
v -0.855397 1.064226 -10.743567
v -0.625919 1.793011 -9.179461
v -0.473442 2.184085 -8.300766
v -0.887417 2.266416 -7.662931
v -1.491227 2.909819 -5.449097
v -1.653615 2.826725 -2.805579
v -1.982965 2.142156 -0.915865
v -1.078014 1.447677 -9.151212
v -1.957806 2.084219 -5.994750
v -2.115620 2.389150 -3.850794
v -1.329601 1.831889 -7.494925
v -2.222354 1.082522 -6.965625
v -1.433285 1.105392 -8.546087
v -1.621594 0.436069 -8.773566
v -1.333412 0.670866 -10.122087
v -1.324264 -0.410876 -10.614216
v -1.027696 0.343065 -11.428979
v -0.951457 -0.851501 -11.702549
v -0.777634 -0.130340 -11.921107
v -1.690209 -0.116618 -8.321582
v -2.345860 0.058717 -6.529996
v -1.225154 -1.408762 -10.080457
v -0.868357 -1.809746 -11.507779
v -1.487414 -0.824820 -9.506556
v -1.620831 -0.839304 -7.915687
v -2.233027 -0.605270 -6.088418
v -2.273433 0.936918 -4.591218
v -2.249800 1.832651 -5.486267
v -2.180423 1.524671 -2.007171
v -1.485890 -1.404950 -7.503845
v -0.718930 -2.209205 -12.555968
v 0.364420 -3.698792 -16.043985
v 0.668611 -3.551662 -15.919094
v 0.643453 -3.697267 -15.183130
v 0.680810 -3.517358 -14.056141
v 0.415500 -3.885562 -14.900640
v 0.345360 -3.699554 -13.907463
v -0.000000 -3.974754 -15.018098
v -0.000000 -3.744531 -13.908951
v -0.345361 -3.699554 -13.907463
v -0.574839 -3.197943 -13.161094
v -0.744851 -2.801533 -12.978217
v -0.000000 -3.755203 -16.082642
v 0.574838 -3.197943 -13.161094
v -0.903427 -1.672527 -12.386475
v -0.951457 -1.021500 -12.502444
v -4.172534 -6.963838 -4.116930
v -4.258684 -7.149084 -3.827006
v -4.289180 -6.993569 -3.694681
v -4.197693 -6.822807 -3.844847
v -3.629716 -6.801463 -4.264122
v -3.866818 -6.963076 -4.377119
v -3.718153 -6.744287 -4.735436
v -3.737212 -6.946304 -3.989066
v -3.772282 -6.764109 -3.743745
v -3.888165 -6.877695 -3.596552
v -4.026919 -6.696261 -3.656024
v -4.095533 -6.806036 -3.447873
v -4.230475 -6.998905 -3.330417
v -4.466815 -7.228366 -3.251617
v -4.495786 -7.428095 -3.339337
v -4.271645 -7.415136 -3.483556
v -4.439370 -7.655269 -3.132673
v -4.226664 -7.480695 -3.098477
v -4.362369 -7.697196 -2.777329
v -4.362369 -7.512713 -2.628650
v -4.507984 -7.690336 -2.326831
v -3.858432 -7.030160 -3.879043
v -4.013958 -7.021013 -3.404756
v -4.779393 -7.830604 -2.166257
v -4.615481 -7.873294 -2.234650
v -4.457666 -7.832891 -2.552824
v -4.575074 -7.837465 -2.832341
v -4.655125 -7.637734 -3.037518
v -4.648263 -7.455539 -2.884379
v -4.423359 -7.293925 -2.865050
v -4.199980 -7.280966 -3.013730
v -4.017008 -7.197872 -3.598039
v -4.005572 -7.056080 -4.133285
v -4.113069 -6.883794 -4.338462
v -4.097058 -7.194823 -3.868635
v -4.748135 -7.768093 -2.853156
v -4.775581 -7.650694 -2.575126
v -4.582698 -7.488319 -2.494839
v -4.145089 -6.690925 -4.084220
v -4.698580 -7.605718 -2.191533
v -4.818275 -7.917509 -2.551337
v -4.844196 -7.823743 -2.384816
v -5.008109 -8.069974 -2.143956
v -5.032505 -8.177462 -1.882280
v -5.183457 -8.287237 -2.019065
v -5.175833 -8.342887 -1.859978
v -5.174308 -8.378716 -2.109760
v -5.073673 -8.393963 -1.859978
v -5.063762 -8.417595 -2.139495
v -5.033267 -8.457998 -1.974461
v -4.900612 -8.303246 -2.044341
v -4.864018 -8.150781 -1.941752
v -5.040128 -8.217103 -2.252491
v -4.876978 -8.195758 -2.306016
v -4.646738 -7.989930 -2.383329
v -4.693244 -7.967060 -2.573639
v -2.992362 -5.214298 -5.810388
v -3.176860 -5.455956 -5.489240
v -2.946619 -5.446808 -5.599263
v -2.839885 -5.244791 -5.880267
v -2.836073 -5.407166 -6.040841
v -2.630991 -5.269948 -6.211822
v -2.865044 -5.370575 -6.339686
v -2.623368 -5.093088 -6.699490
v -3.086898 -5.174657 -6.020025
v -2.924510 -4.981026 -5.859452
v -2.673685 -5.106047 -5.780652
v -2.252849 -5.038200 -6.067603
v -2.206343 -4.772910 -6.579060
v -2.543318 -4.605961 -6.741120
v -2.579149 -4.408518 -6.130047
v -2.106471 -4.078430 -5.452070
v -2.645477 -4.654749 -5.594802
v -2.332137 -4.878874 -5.380704
v -1.707743 -4.554884 -5.376244
v -1.695545 -4.459594 -5.950146
v -2.925272 -4.795781 -6.335225
v -3.025145 -5.596986 -6.116667
v -3.037343 -5.273759 -6.363475
v -2.835311 -4.896408 -6.812486
v -3.252336 -5.420126 -5.868372
v -3.264534 -5.642725 -5.970961
v -3.260722 -6.010929 -5.587369
v -2.964154 -5.696851 -5.688471
v -3.230226 -6.113843 -5.159172
v -3.179909 -5.851603 -5.086319
v -3.407100 -6.218282 -4.637308
v -3.429971 -5.911065 -4.925745
v -3.666311 -6.251062 -4.457406
v -3.705955 -6.168731 -4.896009
v -3.982701 -6.487383 -4.418749
v -3.755510 -6.420299 -5.004546
v -4.000236 -6.730566 -4.597164
v -3.901125 -6.539222 -3.932568
v -3.618280 -6.555231 -4.090168
v -3.439883 -6.475187 -4.725029
v -3.493249 -6.384470 -5.145791
v -3.510784 -6.068104 -5.404493
v -3.467328 -5.804339 -5.340561
v 1.219053 -2.373105 -14.802511
v 1.126042 -2.314406 -15.648498
v 1.002536 -2.609426 -15.027018
v 1.142815 -2.504225 -14.213741
v 1.017784 -2.614001 -14.126022
v 0.959080 -2.472208 -15.774875
v 5.598957 -8.287236 14.032352
v 5.423608 -8.313918 13.965447
v 5.332885 -7.986117 12.966323
v 5.558550 -8.081408 13.892594
v 5.360331 -8.078360 14.308897
v 5.537203 -8.066161 14.347551
v 5.300102 -7.768092 13.471831
v 5.625641 -8.194995 14.946733
v 5.511282 -8.255980 15.003229
v 5.558551 -8.371092 15.006204
v 5.374816 -8.297909 14.435273
v 5.604294 -8.454948 14.751962
v 5.704166 -8.417594 14.583952
v 5.722464 -8.281899 14.714790
v 5.389301 -7.826791 13.117975
v 5.322973 -7.616389 12.707621
v 4.069612 -6.453078 9.930290
v 4.191594 -6.157295 10.312396
v 4.029968 -5.917162 9.673075
v 4.300615 -6.385231 10.578532
v 4.177108 -6.676440 10.322803
v 4.405824 -6.703121 11.026056
v 4.373041 -6.901326 10.749513
v 4.604044 -7.238275 11.594012
v 4.685619 -7.268768 11.002269
v 4.866304 -7.620201 11.739718
v 4.964652 -7.322131 11.194065
v 5.114079 -7.635447 11.767966
v 5.189556 -7.378542 12.010314
v 5.251309 -7.785625 12.242255
v 3.923996 -6.155771 9.188379
v 5.088921 -7.973158 13.446556
v 5.111030 -8.026521 12.982677
v 5.014970 -7.887777 12.358224
v 4.750422 -7.575223 12.347816
v 4.684095 -7.059891 11.953816
v 4.652074 -6.611642 11.052819
v 4.969989 -7.005003 11.244616
v 4.928820 -7.040832 12.010314
v 4.834285 -7.376256 12.725461
v 4.830472 -7.827554 12.942534
v 4.987524 -7.598093 13.232459
v 5.127802 -7.807733 13.511976
v 5.200992 -7.494417 13.141763
v 5.098832 -7.319843 12.713567
v 4.450805 -5.855414 8.779513
v 4.410398 -6.239626 8.568389
v 4.164147 -5.818060 7.836886
v 4.628440 -6.208371 9.458977
v 4.358556 -5.862275 9.696864
v 4.483587 -6.123753 10.246977
v 4.561350 -6.321958 10.498245
v 4.761858 -6.614692 10.504192
v 4.701629 -6.868546 10.230623
v 4.430220 -6.911236 10.254412
v 4.345595 -6.714557 9.653748
v 4.677233 -6.411912 10.000170
v 4.603281 -6.588010 9.536291
v 4.517132 -6.510252 9.082818
v 4.212941 -6.545320 9.117014
v 4.054364 -6.209896 8.437551
v 3.762371 -5.780706 8.355776
v 3.805827 -5.506268 8.665029
v 4.118404 -5.494071 8.797355
v 3.888927 -5.119769 8.006380
v 4.165673 -5.471963 7.985566
v 3.943819 -5.025240 7.228788
v 3.890451 -5.358377 7.093490
v 3.718915 -4.741654 6.243043
v 3.460466 -4.752327 6.191006
v 3.630478 -5.346942 7.075648
v 3.331623 -4.728695 6.735173
v 3.211166 -4.410804 6.066116
v 3.728063 -4.443585 6.338199
v 3.667835 -4.514481 7.010230
v 3.589310 -5.005419 7.798230
v 3.588547 -5.378197 7.744705
v 3.847758 -5.751737 7.694153
v -1.705457 1.920319 0.975336
v -1.360096 2.116237 1.733601
v -1.464543 1.477408 2.436854
v -1.706981 0.389568 2.839775
v -0.000001 -0.529800 11.904752
v -0.381193 -0.532086 12.942534
v -0.404065 -0.490158 11.717417
v -0.720455 -0.331594 12.726948
v -0.728841 -0.333881 11.437899
v -0.616770 -0.976522 10.941310
v -1.139766 -0.728004 10.514600
v -0.548918 -1.816607 4.885602
v -1.138242 -1.249436 4.802341
v -0.887417 -1.711406 3.406243
v -1.265560 -1.389704 2.781790
v -1.366195 -0.568679 4.198705
v -1.615495 -0.844640 2.576612
v -1.241926 0.506966 4.134772
v -0.664801 0.651046 22.243910
v -0.947646 -0.025139 12.465274
v -0.946121 -0.086887 11.142028
v -1.488939 -0.335406 10.059642
v -1.241164 -0.597646 5.386652
v -1.183985 -0.098321 5.309339
v -0.876744 0.647233 5.377730
v -0.259974 1.173239 5.290010
v 0.259973 1.173239 5.290010
v 0.876742 0.647233 5.377730
v -1.022359 0.211945 10.924955
v -1.611683 0.133425 9.741468
v -1.488939 0.606068 9.658209
v -0.000001 1.479694 10.199400
v -0.616771 1.309696 9.979354
v -1.139767 1.010101 9.757822
v -0.946121 0.520688 10.841695
v -1.026934 0.340017 12.252662
v -0.874457 0.923196 22.157679
v -0.981953 0.941492 22.871340
v -0.747138 0.627413 22.970953
v -0.561879 1.800634 33.839413
v -0.396441 0.417773 23.037859
v -0.351460 0.468849 22.301895
v -0.948408 1.244898 22.055090
v -0.000001 2.087270 21.790440
v -0.000001 1.390503 12.312133
v -0.351461 2.023234 21.809769
v -0.381193 1.279203 12.245228
v -0.000001 1.117589 11.232721
v -0.404065 1.003240 11.048359
v -0.728841 0.795125 10.896707
v -0.947646 0.711269 12.150073
v -0.875219 1.567361 21.953987
v -1.064291 1.311982 22.753883
v -0.741039 2.036194 33.824547
v -0.789070 2.033144 34.594704
v -0.596949 1.766330 34.612541
v -0.804317 2.303770 33.760609
v -0.720455 1.039070 12.164941
v -0.665563 1.840276 21.867754
v -0.982715 1.683236 22.636425
v -0.741802 2.563724 33.655052
v -0.856922 2.338075 34.523335
v -0.667850 2.799282 44.944271
v -0.789832 2.634620 34.408855
v -0.613721 2.563724 45.072132
v -0.462006 2.367805 45.268387
v -0.311054 1.577273 34.573887
v -0.295044 1.632922 33.800755
v -0.000001 0.344590 23.061647
v -0.000001 0.404814 22.321224
v 0.616769 1.309696 9.979354
v 0.404063 1.003240 11.048359
v 0.381192 1.279203 12.245228
v 0.351459 2.023234 21.809769
v -0.000001 2.281663 22.447601
v -0.397204 2.207717 22.471392
v -0.748663 1.997315 22.536810
v -0.563404 2.777176 33.528671
v -0.295806 2.911345 33.397835
v -0.000001 2.945650 33.287811
v -0.599236 2.878564 34.270580
v -0.311817 3.032555 34.130821
v -0.000001 3.073720 34.016338
v 0.295804 2.911345 33.397835
v 0.397202 2.207717 22.471392
v 0.665561 1.840276 21.867754
v 0.720453 1.039070 12.164941
v 0.728840 0.795125 10.896707
v 1.139765 1.010102 9.757822
v 1.488938 0.606068 9.658209
v 1.183984 -0.098321 5.309339
v 0.946119 0.520688 10.841695
v 1.022358 0.211945 10.924955
v 1.611682 0.133425 9.741468
v 1.241162 -0.597646 5.386652
v 1.488938 -0.335406 10.059642
v 0.946119 -0.086886 11.142028
v 1.026932 0.340017 12.252662
v 0.947644 0.711269 12.150073
v 0.875217 1.567362 21.953987
v 0.948406 1.244898 22.055090
v 0.947644 -0.025139 12.465274
v 0.874455 0.923196 22.157679
v 1.064289 1.311983 22.753883
v 0.982714 1.683236 22.636425
v 0.748661 1.997315 22.536810
v 0.563402 2.777176 33.528671
v 0.741800 2.563724 33.655052
v 0.804316 2.303770 33.760609
v 0.720453 -0.331594 12.726948
v 0.404063 -0.490158 11.717417
v 0.664799 0.651046 22.243910
v 0.981951 0.941492 22.871340
v 0.741037 2.036194 33.824547
v 0.856920 2.338075 34.523335
v 0.789830 2.634620 34.408855
v 0.599234 2.878564 34.270580
v 0.311815 3.032555 34.130821
v 0.464292 3.249817 45.063213
v 0.239388 3.387799 45.142014
v 0.527570 3.265826 48.707344
v 0.291992 3.471655 48.652332
v 0.650314 2.977667 48.612186
v 0.615244 3.041702 44.965084
v 0.667848 2.799282 44.944271
v 0.789068 2.033144 34.594704
v 0.561877 1.800634 33.839413
v 0.747137 0.627414 22.970953
v 0.396440 0.417773 23.037859
v 0.351459 0.468849 22.301895
v 0.381192 -0.532086 12.942534
v -0.000001 -0.593072 13.031741
v 0.596947 1.766330 34.612541
v 0.613719 2.563724 45.072132
v 0.683096 2.684933 48.488785
v 0.580937 2.652915 49.049305
v 0.286656 2.468433 49.169735
v 0.279794 2.667400 49.236641
v 0.548154 2.424218 49.000240
v 0.646502 2.428029 48.533390
v 0.462005 2.367805 45.268387
v 0.311052 1.577273 34.573887
v 0.295042 1.632922 33.800755
v -0.237865 2.235923 45.420040
v -0.000001 1.496466 34.493599
v -0.000001 1.559739 33.720467
v 0.237863 2.235923 45.420040
v 0.516896 2.200856 48.753433
v 0.439133 2.218390 49.174194
v 0.305716 2.252694 49.293137
v 0.308003 2.388389 50.247662
v 0.318676 2.193995 50.244686
v 0.257685 2.076596 49.456684
v 0.288943 2.020184 49.040379
v -0.000001 2.186372 45.475052
v 0.256923 2.028570 50.317539
v -0.000001 2.011036 49.566708
v -0.000001 1.949288 49.205421
v -0.288945 2.020184 49.040379
v -0.516898 2.200856 48.753433
v -0.646504 2.428029 48.533390
v -0.683098 2.684933 48.488785
v -0.615246 3.041702 44.965084
v -0.439135 2.218390 49.174194
v -0.548156 2.424218 49.000240
v -0.000001 3.434301 45.167286
v -0.239390 3.387799 45.142014
v -0.464294 3.249817 45.063213
v -0.650316 2.977667 48.612186
v -0.580939 2.652915 49.049305
v -0.286658 2.468433 49.169735
v -0.305717 2.252694 49.293137
v -0.257687 2.076596 49.456684
v -0.554255 2.904483 49.284218
v -0.527572 3.265826 48.707344
v -0.448284 3.148428 49.502773
v -0.000001 3.548650 48.618134
v -0.291995 3.471655 48.652332
v -0.259212 3.305467 49.722820
v -0.314866 3.104213 49.696060
v -0.292757 2.871703 49.471554
v -0.279796 2.667400 49.236641
v -0.000001 3.384750 49.687141
v 0.259210 3.305467 49.722820
v -0.000001 3.301656 50.564342
v -0.255400 3.215512 50.649097
v -0.319440 3.005873 50.717487
v -0.311054 2.767264 50.607460
v -0.252351 2.713902 51.392490
v -0.253113 2.517221 51.224483
v -0.000001 2.525607 51.411819
v -0.000001 2.345697 51.240837
v 0.253111 2.517221 51.224483
v 0.253873 2.342649 51.038635
v 0.303428 2.569821 50.388908
v -0.000001 3.188831 51.214077
v -0.203558 3.125558 51.154602
v -0.000001 2.972331 51.518867
v -0.252351 2.960133 51.396950
v -0.000001 2.727624 51.542656
v 0.203556 3.125558 51.154602
v 0.252349 2.960133 51.396950
v 0.252349 2.713902 51.392490
v 0.311052 2.767264 50.607460
v 0.292755 2.871703 49.471554
v 0.554253 2.904483 49.284218
v 0.255398 3.215512 50.649097
v 0.319438 3.005873 50.717487
v 0.314864 3.104213 49.696060
v 0.448282 3.148428 49.502773
v 4.693243 -7.967059 -2.573639
v 4.876978 -8.195758 -2.306016
v 4.646738 -7.989929 -2.383329
v 5.174308 -8.378716 -2.109760
v 5.063763 -8.417595 -2.139495
v 5.040129 -8.217103 -2.252491
v 4.900612 -8.303246 -2.044341
v 4.864017 -8.150781 -1.941752
v 4.615480 -7.873293 -2.234650
v 4.457666 -7.832890 -2.552824
v 4.575073 -7.837464 -2.832341
v 4.818274 -7.917508 -2.551337
v 5.008108 -8.069974 -2.143956
v 5.183457 -8.287237 -2.019065
v 4.844195 -7.823742 -2.384816
v 4.258684 -7.149083 -3.827006
v 4.097058 -7.194822 -3.868635
v 4.005571 -7.056079 -4.133285
v 4.271644 -7.415135 -3.483556
v 4.495785 -7.428094 -3.339337
v 4.439369 -7.655268 -3.132673
v 4.655124 -7.637733 -3.037518
v 4.748135 -7.768092 -2.853156
v 4.775580 -7.650693 -2.575126
v 4.779393 -7.830603 -2.166257
v 5.032505 -8.177462 -1.882280
v 5.175834 -8.342887 -1.859978
v 5.073674 -8.393963 -1.859978
v 4.172534 -6.963837 -4.116930
v 4.648263 -7.455538 -2.884379
v 4.466815 -7.228365 -3.251617
v 4.289179 -6.993568 -3.694681
v 4.197693 -6.822806 -3.844847
v 4.113068 -6.883793 -4.338462
v 3.866818 -6.963075 -4.377119
v 4.423359 -7.293924 -2.865050
v 4.230475 -6.998904 -3.330417
v 4.582697 -7.488318 -2.494839
v 4.698580 -7.605717 -2.191533
v 4.507984 -7.690335 -2.326831
v 4.362368 -7.512712 -2.628650
v 4.199980 -7.280965 -3.013730
v 4.013958 -7.021012 -3.404756
v 4.095533 -6.806035 -3.447873
v 4.017007 -7.197871 -3.598039
v 4.226664 -7.480694 -3.098477
v 4.362368 -7.697196 -2.777329
v 3.888165 -6.877694 -3.596552
v 4.026918 -6.696260 -3.656024
v 3.858432 -7.030159 -3.879043
v 5.033267 -8.457998 -1.974461
v 3.737212 -6.946303 -3.989066
v 3.772282 -6.764108 -3.743745
v 3.901124 -6.539221 -3.932568
v 4.145088 -6.690924 -4.084220
v 3.982700 -6.487382 -4.418749
v 4.000235 -6.730565 -4.597164
v 3.755509 -6.420298 -5.004546
v 3.718152 -6.744287 -4.735436
v 3.493249 -6.384469 -5.145791
v 3.439882 -6.475186 -4.725029
v 3.230226 -6.113842 -5.159172
v 3.407099 -6.218281 -4.637308
v 3.179909 -5.851602 -5.086319
v 3.429971 -5.911064 -4.925745
v 3.629716 -6.801462 -4.264122
v 3.618280 -6.555230 -4.090168
v 3.666310 -6.251061 -4.457406
v 3.705954 -6.168730 -4.896009
v 3.510784 -6.068103 -5.404493
v -0.000001 -1.046656 11.165815
v -0.000001 -2.012525 4.487142
v -0.303430 2.569821 50.388908
v -0.308005 2.388389 50.247662
v -0.253875 2.342649 51.038635
v -0.254638 2.159690 50.937534
v -0.318678 2.193995 50.244686
v -0.256925 2.028570 50.317539
v -0.000001 1.970633 50.371067
v 0.204318 2.049914 50.781414
v 0.254636 2.159690 50.937534
v -0.000001 2.157403 51.135277
v -0.204320 2.049914 50.781414
v -0.000001 2.004176 50.944965
v 4.152712 -7.350337 -11.280299
v 3.936957 -7.295449 -11.253538
v 3.793629 -6.964600 -11.289220
v 3.646488 -6.649758 -11.298141
v 4.023107 -7.064465 -11.313009
v -1.413463 2.814529 -3.861202
v -1.408889 2.674260 -3.880530
v -1.370007 2.880089 -5.609670
v -1.365433 2.739820 -5.628999
vn 0.9459 -0.3158 0.0742
vn 0.8913 -0.4507 0.0491
vn 0.8848 -0.4509 0.1175
vn 0.9367 0.0059 0.3501
vn 0.8315 -0.4970 -0.2482
vn 0.5584 -0.8273 0.0607
vn 0.2117 -0.9739 0.0821
vn 0.0487 -0.9791 0.1973
vn -0.0000 -0.9923 0.1235
vn -0.0000 -0.9989 0.0463
vn -0.0487 -0.9791 0.1973
vn 0.2145 -0.9766 -0.0120
vn 0.7691 -0.6161 0.1700
vn -0.4686 -0.3873 0.7940
vn 0.7410 -0.1760 0.6480
vn -0.6406 0.5874 0.4945
vn -0.5727 0.2836 0.7691
vn -0.7260 0.6823 0.0858
vn -0.8821 0.4699 -0.0331
vn -0.2678 0.6441 -0.7165
vn 0.9992 0.0290 0.0259
vn 0.7558 0.3276 0.5670
vn 0.9220 0.3861 -0.0280
vn 0.9171 0.3963 -0.0435
vn 0.7313 0.3880 0.5610
vn 0.9215 0.3842 -0.0560
vn 0.7507 0.3319 0.5712
vn -0.6098 -0.1871 0.7701
vn -0.6017 -0.2152 0.7692
vn -0.5615 -0.2760 0.7801
vn -0.4944 -0.3658 0.7885
vn -0.8785 -0.4763 0.0375
vn -0.9249 -0.3755 0.0591
vn -0.9501 -0.3067 0.0570
vn -0.5530 -0.3543 0.7541
vn 0.7311 0.1775 0.6587
vn 0.9313 0.3614 -0.0464
vn -0.0000 -0.9552 0.2959
vn -0.6025 -0.7694 0.2122
vn -0.0000 -0.7535 0.6575
vn 0.8680 -0.3642 0.3375
vn 0.6025 -0.7694 0.2122
vn -0.0000 -0.9996 0.0269
vn -0.5790 -0.8152 0.0155
vn -0.9736 -0.2254 0.0358
vn -0.8680 -0.3642 0.3375
vn -0.0000 -0.6115 0.7912
vn 0.9386 -0.2091 0.2744
vn 0.9993 0.0298 0.0241
vn 0.9736 -0.2254 0.0358
vn 0.5790 -0.8152 0.0155
vn -0.0000 -0.9986 0.0524
vn -0.7715 -0.6223 0.1326
vn -0.9481 0.1275 0.2913
vn -0.9993 0.0298 0.0241
vn -0.9019 0.0352 0.4304
vn -0.9585 -0.1669 0.2313
vn -0.8342 -0.2765 0.4772
vn -0.9981 -0.0575 0.0243
vn -0.8837 -0.3272 0.3346
vn -0.9993 -0.0327 0.0197
vn -0.9386 -0.2091 0.2744
vn -0.9020 -0.3297 0.2788
vn -0.9741 0.0044 0.2260
vn 0.4102 -0.8808 0.2366
vn 0.7485 -0.6183 0.2396
vn 0.4801 -0.7980 0.3641
vn -0.0000 -0.9420 0.3355
vn 0.4320 -0.8956 0.1058
vn -0.0000 -0.9940 0.1098
vn -0.0000 -0.9952 0.0975
vn -0.4320 -0.8956 0.1058
vn -0.3547 -0.9295 0.1014
vn -0.6644 -0.7405 0.1012
vn -0.4414 -0.8784 0.1832
vn -0.8221 -0.5564 0.1206
vn -0.8848 -0.4509 0.1175
vn -0.9445 -0.3024 0.1282
vn -0.9805 -0.1801 0.0788
vn -0.9774 0.0868 0.1928
vn -0.9927 0.0416 0.1136
vn -0.8623 0.4693 0.1903
vn -0.8797 0.4559 0.1352
vn -0.5149 0.8449 0.1452
vn -0.4801 -0.7980 0.3641
vn -0.4102 -0.8808 0.2366
vn -0.0000 -0.9925 0.1220
vn 0.3360 -0.9414 0.0302
vn 0.6389 -0.7687 0.0290
vn 0.6686 -0.7435 -0.0093
vn 0.2401 0.8596 0.4511
vn 0.8819 0.4713 0.0106
vn 0.1302 0.7917 0.5969
vn 0.8601 0.5093 -0.0270
vn 0.8526 -0.3196 -0.4134
vn 0.8215 -0.1961 -0.5355
vn -0.2411 -0.9089 -0.3403
vn -0.2942 -0.8268 -0.4794
vn -0.8519 -0.5229 0.0305
vn -0.8739 -0.4860 0.0110
vn -0.8388 0.2451 0.4862
vn -0.8301 0.2042 0.5189
vn 0.2305 0.8739 0.4279
vn 0.3084 0.8174 0.4865
vn 0.8253 0.5632 -0.0410
vn 0.8729 0.4875 -0.0201
vn 0.8218 -0.1460 -0.5508
vn 0.8148 -0.1946 -0.5460
vn -0.3103 -0.8126 -0.4933
vn -0.3690 -0.7789 -0.5072
vn 0.3754 0.8032 0.4625
vn -0.8135 0.1914 0.5491
vn -0.8345 0.2193 0.5056
vn -0.8814 -0.4724 0.0091
vn -0.8647 -0.5018 0.0215
vn -0.3307 -0.7915 -0.5139
vn 0.8072 -0.1020 -0.5814
vn 0.8004 0.5971 -0.0529
vn 0.2074 0.8877 0.4111
vn -0.8217 0.1726 0.5431
vn -0.7799 -0.6086 0.1461
vn -0.6942 -0.7154 0.0797
vn -0.0410 -0.9185 -0.3933
vn 0.8865 0.4547 -0.0861
vn -0.8233 -0.0143 0.5674
vn -0.7766 -0.6300 -0.0018
vn -0.2154 -0.8900 -0.4018
vn -0.2288 -0.8735 -0.4298
vn -0.8440 -0.5359 0.0228
vn -0.2473 -0.8551 -0.4556
vn -0.8405 -0.5410 0.0298
vn -0.1884 -0.8916 -0.4118
vn -0.7950 -0.5960 0.1126
vn -0.8126 0.0854 0.5766
vn -0.8038 -0.2657 0.5323
vn 0.4526 0.6367 0.6243
vn -0.7526 -0.1756 0.6346
vn 0.4650 0.6416 0.6100
vn 0.0583 -0.8347 0.5476
vn -0.7680 -0.6377 0.0587
vn -0.2186 -0.9716 0.0904
vn 0.0825 -0.9202 -0.3826
vn -0.8340 0.0033 0.5517
vn -0.8427 0.2199 0.4914
vn -0.8368 0.2129 0.5045
vn 0.8437 0.5330 -0.0631
vn 0.4545 0.7900 0.4115
vn 0.9194 0.3766 -0.1131
vn 0.2170 0.8818 0.4187
vn 0.1880 0.9034 0.3855
vn 0.3777 0.7640 0.5231
vn 0.9017 0.4313 -0.0304
vn 0.8272 0.5602 -0.0444
vn 0.9095 -0.1780 -0.3757
vn 0.7669 -0.3787 -0.5181
vn 0.8231 -0.1866 -0.5364
vn 0.8312 -0.1871 -0.5235
vn 0.8447 -0.2782 -0.4572
vn 0.9087 -0.1470 0.3906
vn 0.7988 -0.5711 -0.1892
vn 0.8989 0.4354 -0.0493
vn 0.8232 0.5662 -0.0406
vn 0.8906 0.4545 -0.0128
vn 0.8373 -0.2080 -0.5056
vn 0.7477 0.0303 -0.6634
vn -0.3166 -0.7843 -0.5336
vn -0.1733 -0.8686 -0.4642
vn -0.6990 -0.7148 -0.0198
vn 0.9834 0.1639 0.0774
vn 0.7703 0.6280 0.1109
vn 0.9741 0.0044 0.2260
vn 0.6199 0.7634 0.1812
vn 0.8899 0.2895 0.3525
vn 0.7940 0.6025 0.0812
vn 0.9221 -0.0726 0.3801
vn 0.9020 -0.3297 0.2788
vn 0.9981 -0.0575 0.0243
vn 0.9020 -0.1923 0.3866
vn 0.8048 0.3368 0.4887
vn 0.5816 0.7625 0.2834
vn -0.0000 0.9901 0.1405
vn 0.9650 0.2504 0.0785
vn 0.8342 -0.2765 0.4772
vn 0.9585 -0.1669 0.2313
vn 0.9993 -0.0327 0.0197
vn 0.8837 -0.3272 0.3346
vn -0.0000 -0.6307 0.7760
vn -0.0000 -0.1788 0.9839
vn -0.0000 0.6946 0.7194
vn -0.0000 0.9348 0.3553
vn -0.5816 0.7625 0.2834
vn -0.7703 0.6280 0.1109
vn -0.9834 0.1639 0.0774
vn -0.8048 0.3368 0.4887
vn -0.9020 -0.1923 0.3866
vn 0.9019 0.0352 0.4304
vn -0.6199 0.7634 0.1812
vn -0.0000 0.9907 0.1357
vn 0.4241 0.9022 0.0781
vn -0.0000 0.9996 0.0290
vn 0.3613 0.9321 -0.0273
vn -0.4241 0.9022 0.0781
vn -0.9221 -0.0726 0.3801
vn -0.8899 0.2895 0.3525
vn -0.7940 0.6025 0.0812
vn -0.3613 0.9321 -0.0273
vn -0.0000 0.9995 -0.0327
vn -0.0000 0.9950 -0.0999
vn 0.3983 0.9128 -0.0898
vn 0.2801 0.9535 -0.1109
vn 0.6641 0.7426 -0.0866
vn 0.4110 0.8978 -0.1585
vn 0.6852 0.7147 -0.1403
vn 0.6881 0.7104 -0.1479
vn -0.6978 0.7162 -0.0149
vn -0.9650 0.2504 0.0785
vn -0.4543 -0.8886 0.0635
vn -0.0000 -0.9988 0.0493
vn -0.8849 -0.3241 0.3345
vn -0.8901 -0.0660 0.4510
vn -0.9964 -0.0416 0.0734
vn -0.9172 0.3984 -0.0026
vn -0.6981 0.7134 -0.0612
vn -0.3983 0.9128 -0.0898
vn -0.9301 -0.3579 0.0821
vn -0.7385 -0.6731 0.0400
vn -0.9105 0.4103 -0.0506
vn -0.6641 0.7426 -0.0866
vn -0.9999 -0.0006 0.0104
vn -0.9132 -0.4073 0.0093
vn -0.6814 -0.7319 0.0054
vn -0.3788 -0.9255 0.0015
vn -0.0000 -0.9998 -0.0211
vn 0.4543 -0.8886 0.0635
vn 0.7715 -0.6223 0.1326
vn 0.9481 0.1275 0.2913
vn -0.0000 -1.0000 -0.0081
vn 0.3788 -0.9255 0.0015
vn 0.7385 -0.6731 0.0400
vn 0.8849 -0.3241 0.3345
vn 0.8901 -0.0660 0.4510
vn 0.9301 -0.3579 0.0821
vn 0.6814 -0.7319 0.0054
vn 0.4526 -0.8917 -0.0065
vn 0.3363 -0.9416 0.0163
vn -0.0000 -0.9999 0.0161
vn -0.0000 -0.9999 0.0160
vn -0.3363 -0.9416 0.0163
vn -0.4526 -0.8917 -0.0065
vn -0.3360 -0.9414 0.0302
vn -0.6686 -0.7436 -0.0093
vn -0.2913 -0.9566 0.0090
vn -0.0000 -0.9986 0.0521
vn -0.0000 -0.9999 0.0125
vn 0.2913 -0.9566 0.0090
vn 0.4065 -0.9136 0.0098
vn 0.6819 -0.7313 0.0134
vn 0.7188 -0.6952 0.0033
vn 0.9132 -0.4073 0.0093
vn 0.9964 -0.0416 0.0734
vn 0.9172 0.3984 -0.0026
vn 0.9999 -0.0006 0.0104
vn 0.9104 -0.4135 -0.0134
vn 0.6686 -0.7436 -0.0040
vn 0.8697 -0.4929 -0.0251
vn 0.9337 -0.3582 -0.0012
vn 0.9991 -0.0115 -0.0407
vn 0.9105 0.4103 -0.0507
vn 0.6981 0.7134 -0.0612
vn 0.6978 0.7162 -0.0149
vn 0.9341 0.3535 -0.0494
vn 0.9997 -0.0063 -0.0224
vn 0.9975 -0.0223 -0.0674
vn 0.9289 -0.3678 -0.0423
vn 0.8790 -0.4756 0.0336
vn 0.8815 0.4581 -0.1142
vn 0.9401 0.3231 -0.1081
vn 0.9969 -0.0250 -0.0743
vn 1.0000 0.0004 0.0004
vn 0.9389 -0.2608 0.2248
vn 0.7665 -0.5805 0.2748
vn 0.9557 -0.2084 0.2078
vn 0.8661 -0.4953 0.0671
vn 0.9994 -0.0300 -0.0146
vn 0.9820 -0.1034 0.1581
vn 0.9744 0.2204 0.0454
vn 0.8912 0.3651 0.2694
vn 0.7597 0.6494 0.0350
vn 0.5686 0.7391 0.3610
vn 0.8798 0.4720 -0.0555
vn 0.6590 0.7437 -0.1122
vn 0.7002 0.7062 0.1046
vn 0.8915 0.4245 0.1582
vn 0.9539 0.1242 0.2734
vn 0.9846 0.0728 0.1591
vn 0.9189 0.3832 0.0943
vn 0.6823 0.7108 0.1711
vn 0.5004 0.8573 0.1211
vn 0.4441 0.8941 0.0588
vn 0.3914 0.9095 -0.1403
vn 0.3168 0.9331 -0.1700
vn -0.0000 0.9858 -0.1678
vn -0.0000 0.9932 -0.1162
vn -0.2801 0.9535 -0.1109
vn -0.4110 0.8978 -0.1585
vn -0.6852 0.7147 -0.1403
vn -0.9991 -0.0116 -0.0407
vn -0.9341 0.3535 -0.0494
vn -0.8815 0.4581 -0.1142
vn -0.6881 0.7104 -0.1479
vn -0.3168 0.9331 -0.1700
vn -0.0000 0.9846 -0.1747
vn -0.0000 0.9916 -0.1296
vn -0.0000 0.9982 -0.0604
vn -0.0000 0.9876 0.1568
vn 0.3388 0.9357 0.0988
vn -0.4065 -0.9136 0.0098
vn -0.6819 -0.7313 0.0134
vn -0.7188 -0.6952 0.0033
vn -0.9104 -0.4135 -0.0133
vn -0.3913 0.9095 -0.1403
vn -0.6590 0.7437 -0.1122
vn -0.9337 -0.3582 -0.0012
vn -0.9997 -0.0063 -0.0224
vn -0.9975 -0.0223 -0.0674
vn -0.9401 0.3231 -0.1081
vn -0.8798 0.4720 -0.0555
vn -0.7002 0.7062 0.1046
vn -0.4441 0.8941 0.0588
vn -0.8697 -0.4929 -0.0251
vn -0.9289 -0.3678 -0.0423
vn -0.9969 -0.0250 -0.0743
vn -1.0000 0.0004 0.0004
vn -0.8915 0.4245 0.1582
vn -0.6823 0.7108 0.1711
vn -0.5004 0.8573 0.1211
vn -0.6686 -0.7436 -0.0040
vn -0.8790 -0.4756 0.0336
vn -0.9389 -0.2608 0.2248
vn -0.9539 0.1242 0.2734
vn -0.9189 0.3832 0.0943
vn -0.7597 0.6494 0.0350
vn -0.3388 0.9357 0.0988
vn -0.9846 0.0728 0.1591
vn -0.9744 0.2204 0.0454
vn -0.9994 -0.0300 -0.0146
vn -0.9557 -0.2084 0.2078
vn -0.0000 0.9154 0.4025
vn -0.5686 0.7391 0.3610
vn -0.8912 0.3651 0.2694
vn -0.9820 -0.1034 0.1581
vn -0.8661 -0.4953 0.0671
vn -0.7665 -0.5805 0.2748
vn -0.7485 -0.6183 0.2396
vn -0.6389 -0.7687 0.0290
vn -0.3655 0.8760 0.3148
vn -0.6177 0.7100 0.3382
vn -0.5026 0.8454 0.1809
vn -0.8012 0.4794 0.3580
vn 0.4342 0.8596 0.2694
vn -0.5712 0.6369 0.5178
vn -0.7496 0.5392 0.3839
vn 0.3777 0.8855 0.2705
vn 0.9150 0.3918 -0.0962
vn 0.9161 0.3884 -0.0995
vn 0.7374 -0.4284 -0.5222
vn 0.6373 -0.5444 -0.5454
vn -0.5154 -0.7854 -0.3427
vn -0.6454 -0.7052 -0.2935
vn -0.9489 -0.3092 0.0630
vn -0.9665 -0.2466 0.0716
vn -0.7189 0.5099 0.4723
vn -0.5790 0.6780 0.4529
vn 0.4913 0.8083 0.3244
vn 0.3504 0.8966 0.2709
vn 0.9326 0.3515 -0.0816
vn 0.9661 0.2394 -0.0969
vn 0.7055 -0.5747 -0.4147
vn 0.7783 -0.6055 -0.1660
vn -0.4824 -0.8120 -0.3285
vn 0.7267 -0.5072 -0.4633
vn -0.9218 -0.3877 0.0038
vn -0.8349 0.3924 0.3860
vn 0.4783 0.8163 0.3239
vn 0.9551 0.2903 -0.0589
vn 0.8370 -0.3109 -0.4503
vn -0.3958 -0.8073 -0.4378
vn -0.1889 -0.9703 -0.1510
vn -0.8059 -0.5918 0.0172
vn -0.7456 -0.6135 0.2602
vn -0.8690 0.2667 0.4168
vn -0.6592 0.6543 0.3707
vn -0.9470 -0.3169 0.0528
vn -0.4468 -0.8564 -0.2586
vn -0.9478 -0.2939 0.1236
vn -0.2506 -0.9343 -0.2535
vn 0.6212 -0.7009 -0.3503
vn 0.9724 0.2209 -0.0752
vn 0.8544 -0.4550 -0.2508
vn 0.9689 0.2465 -0.0239
vn 0.7548 -0.5338 -0.3813
vn 0.9217 0.3880 -0.0050
vn 0.6190 0.7265 0.2983
vn 0.5701 0.7476 0.3409
vn -0.4560 -0.8627 -0.2186
vn -0.9097 -0.4045 0.0945
vn -0.8486 -0.5261 0.0564
vn -0.4196 -0.8635 -0.2798
vn 0.7233 -0.5190 -0.4556
vn 0.9248 0.3719 -0.0799
vn 0.3050 0.8778 0.3693
vn -0.6146 0.5506 0.5649
vn -0.7167 0.5773 0.3913
vn -0.5739 0.5883 0.5697
vn -0.9007 -0.4130 0.1347
vn 0.4141 0.8725 0.2593
vn 0.4106 0.8736 0.2611
vn 0.9485 0.2945 -0.1167
vn 0.9490 0.3145 -0.0235
vn 0.4914 0.8036 0.3358
vn 0.4764 0.8263 0.3005
vn -0.6263 0.6914 0.3601
vn -0.9050 -0.3517 0.2395
vn -0.6427 0.5578 0.5252
vn -0.3707 -0.9219 -0.1131
vn -0.2565 -0.9321 -0.2556
vn -0.9477 -0.3172 0.0340
vn -0.7762 0.4959 0.3894
vn -0.8986 0.1967 0.3922
vn -0.9270 -0.3688 0.0686
vn -0.4713 -0.8347 -0.2849
vn 0.5768 -0.6814 -0.4506
vn 0.8506 -0.4362 -0.2935
vn 0.7373 -0.6027 -0.3050
vn -0.2248 -0.9589 -0.1730
vn -0.8652 -0.4790 0.1480
vn -0.8042 0.2716 0.5286
vn 0.9236 0.3710 -0.0969
vn 0.4706 0.8716 0.1374
vn 0.9583 0.2773 -0.0698
vn 0.9892 0.0862 0.1188
vn 0.6586 -0.7463 -0.0964
vn 0.0768 -0.9858 0.1490
vn 0.0663 -0.7232 0.6874
vn 0.4115 0.7857 0.4620
vn 0.8667 -0.4055 -0.2906
vn 0.9502 -0.2905 -0.1124
vn 0.9572 -0.2200 -0.1883
vn 0.8631 -0.3485 -0.3654
vn 0.8357 -0.5006 -0.2257
vn 0.8936 -0.3195 -0.3152
vn 0.8429 -0.4852 -0.2326
vn 0.9509 -0.2864 -0.1173
vn 0.7991 -0.5954 -0.0834
vn 0.9142 -0.4052 -0.0049
vn 0.7284 -0.6831 0.0525
vn 0.8157 -0.5335 0.2237
vn 0.7582 -0.6319 0.1608
vn 0.7647 -0.6442 0.0182
vn 0.8909 -0.4407 0.1096
vn 0.8690 -0.4915 -0.0581
vn 0.9591 -0.2811 0.0333
vn 0.9899 -0.1398 -0.0212
vn 0.9908 -0.1108 -0.0777
vn 0.9991 -0.0381 -0.0170
vn 0.3689 -0.7789 -0.5072
vn 0.8814 -0.4724 0.0091
vn 0.8333 -0.5500 0.0547
vn 0.8345 0.2193 0.5055
vn 0.8135 0.1914 0.5491
vn -0.3754 0.8032 0.4625
vn -0.3084 0.8174 0.4865
vn -0.8729 0.4875 -0.0201
vn -0.8253 0.5632 -0.0410
vn -0.8218 -0.1460 -0.5508
vn -0.8072 -0.1020 -0.5814
vn 0.3307 -0.7915 -0.5139
vn 0.2942 -0.8268 -0.4794
vn 0.8739 -0.4860 0.0110
vn 0.8519 -0.5229 0.0305
vn 0.8387 0.2452 0.4862
vn 0.8217 0.1726 0.5431
vn -0.2073 0.8877 0.4112
vn -0.2401 0.8596 0.4511
vn -0.8601 0.5093 -0.0270
vn -0.1199 0.6774 0.7258
vn -0.8387 0.5303 0.1239
vn -0.8865 0.4547 -0.0861
vn -0.8148 -0.1946 -0.5460
vn 0.3103 -0.8127 -0.4933
vn 0.8647 -0.5018 0.0215
vn 0.8301 0.2042 0.5189
vn -0.2305 0.8739 0.4279
vn -0.8005 0.5970 -0.0530
vn -0.8215 -0.1961 -0.5355
vn -0.8526 -0.3196 -0.4134
vn 0.2411 -0.9089 -0.3403
vn -0.8219 -0.1178 -0.5574
vn -0.8443 0.5331 -0.0541
vn -0.7044 0.1709 -0.6890
vn -0.7161 0.1293 -0.6859
vn 0.6066 -0.5471 -0.5768
vn 0.7812 -0.5116 -0.3577
vn 0.8993 -0.4372 0.0144
vn 0.7269 -0.6632 0.1782
vn 0.5763 -0.8171 -0.0151
vn -0.0132 -0.7963 0.6048
vn 0.0388 -0.7653 0.6424
vn -0.8063 0.3599 0.4694
vn -0.7072 0.2922 0.6438
vn -0.5945 0.7997 -0.0841
vn -0.2197 0.6816 -0.6980
vn 0.3624 -0.7035 -0.6113
vn 0.3576 -0.8390 -0.4102
vn 0.7204 -0.2897 -0.6302
vn 0.4021 -0.5293 0.7470
vn 0.5533 -0.8300 0.0698
vn 0.6586 -0.2629 0.7050
vn 0.1733 -0.8686 -0.4642
vn 0.3166 -0.7843 -0.5336
vn 0.6990 -0.7148 -0.0198
vn -0.7988 -0.5711 -0.1892
vn -0.0825 -0.9202 -0.3826
vn -0.7477 0.0303 -0.6634
vn -0.8989 0.4354 -0.0493
vn -0.8233 0.5662 -0.0406
vn -0.8373 -0.2080 -0.5056
vn 0.1884 -0.8916 -0.4118
vn 0.7950 -0.5960 0.1126
vn 0.8038 -0.2657 0.5323
vn 0.7526 -0.1756 0.6346
vn 0.7680 -0.6377 0.0587
vn -0.8906 0.4545 -0.0128
vn -0.0583 -0.8347 0.5476
vn -0.9087 -0.1471 0.3906
vn -0.4650 0.6416 0.6100
vn -0.4526 0.6367 0.6243
vn 0.2186 -0.9716 0.0904
vn -0.9017 0.4313 -0.0304
vn -0.8447 -0.2782 -0.4572
vn -0.3777 0.7640 0.5231
vn 0.8126 0.0854 0.5766
vn -0.1880 0.9034 0.3855
vn 0.8427 0.2199 0.4914
vn -0.8819 0.4713 0.0106
vn -0.9095 -0.1780 -0.3757
vn 0.0406 -0.9186 -0.3932
vn -0.7669 -0.3787 -0.5181
vn 0.2154 -0.8900 -0.4018
vn 0.2288 -0.8735 -0.4298
vn 0.7766 -0.6300 -0.0018
vn 0.8440 -0.5359 0.0228
vn 0.8368 0.2129 0.5045
vn -0.2170 0.8818 0.4187
vn -0.8272 0.5602 -0.0444
vn -0.8312 -0.1871 -0.5235
vn 0.6942 -0.7154 0.0797
vn 0.8340 0.0033 0.5517
vn -0.4545 0.7900 0.4115
vn -0.8437 0.5330 -0.0631
vn -0.8231 -0.1866 -0.5364
vn 0.2473 -0.8551 -0.4556
vn 0.8405 -0.5410 0.0298
vn -0.1302 0.7917 0.5969
vn 0.8233 -0.0143 0.5674
vn 0.7799 -0.6086 0.1461
vn -0.9194 0.3766 -0.1131
vn -0.7469 -0.5687 0.3445
vn -0.9365 -0.2021 0.2864
vn -0.9388 -0.3392 -0.0594
vn -0.9889 -0.0001 -0.1489
vn -0.9182 0.1030 0.3826
vn -0.7565 0.5621 0.3343
vn -0.6654 0.3528 0.6579
vn -0.5398 0.6332 0.5547
vn -0.7736 0.1049 0.6249
vn -0.8063 -0.1045 0.5822
vn -0.7736 -0.4758 0.4186
vn -0.8157 -0.5335 0.2237
vn -0.8079 -0.4123 0.4211
vn -0.9261 -0.3533 0.1327
vn -0.5776 -0.6678 0.4696
vn -0.7923 -0.5898 0.1563
vn -0.2791 -0.9021 0.3292
vn -0.4465 -0.8943 0.0299
vn -0.0000 -1.0000 0.0067
vn -0.3424 -0.8887 -0.3049
vn -0.0000 -0.9408 -0.3391
vn -0.0000 -0.8042 -0.5944
vn 0.7923 -0.5898 0.1563
vn 0.9261 -0.3533 0.1327
vn 0.9663 -0.2568 -0.0178
vn 0.5776 -0.6678 0.4696
vn 0.8079 -0.4123 0.4211
vn 0.3947 -0.5578 0.7302
vn -0.0000 -0.7426 0.6698
vn 0.2791 -0.9021 0.3292
vn -0.0000 -0.9330 0.3599
vn 0.7598 -0.6483 -0.0488
vn 0.8210 -0.5467 -0.1647
vn 0.3424 -0.8887 -0.3049
vn 0.4465 -0.8943 0.0299
vn -0.3947 -0.5577 0.7302
vn 0.9662 -0.2252 -0.1257
vn 0.7879 -0.5091 -0.3464
vn 0.3404 -0.6819 -0.6474
vn -0.0000 -0.5015 -0.8651
vn -0.5673 0.8199 0.0768
vn -0.9004 0.4350 -0.0120
vn -0.6212 0.7635 -0.1766
vn -0.9959 0.0631 0.0645
vn -0.9917 -0.1080 0.0694
vn -0.9995 -0.0000 0.0321
vn -0.9825 -0.1778 0.0554
vn -0.9613 -0.2589 -0.0937
vn -0.9646 -0.2585 -0.0526
vn -0.9731 -0.1343 -0.1872
vn -0.9834 -0.1166 -0.1387
vn -0.9576 -0.2338 -0.1682
vn -0.8281 -0.4468 -0.3386
vn -0.5252 -0.8457 -0.0947
vn -0.2805 -0.8987 0.3370
vn -0.9390 -0.2947 -0.1772
vn -0.9741 -0.1817 -0.1348
vn -0.9497 0.2995 -0.0918
vn -0.7771 0.5735 -0.2592
vn -0.9311 0.2541 -0.2618
vn -0.9789 -0.1228 -0.1631
vn -0.9713 -0.0953 -0.2179
vn -0.9746 -0.0377 -0.2206
vn -0.9629 0.1295 -0.2368
vn -0.7389 0.5865 -0.3316
vn -0.5410 0.7616 -0.3567
vn -0.7410 0.6199 -0.2581
vn -0.8476 0.4598 -0.2649
vn -0.9073 0.3529 -0.2285
vn -0.5877 0.7278 -0.3535
vn -0.8481 0.2783 -0.4509
vn -0.3164 0.6939 -0.6469
vn -0.5550 0.7060 -0.4399
vn -0.8747 0.3869 -0.2918
vn -0.4330 0.8453 -0.3131
vn -0.5000 0.8100 -0.3065
vn -0.2194 0.9740 0.0566
vn -0.2671 0.9429 -0.1992
vn -0.0000 0.9417 -0.3363
vn -0.0000 0.9424 -0.3344
vn -0.0000 0.9071 -0.4210
vn -0.0000 0.8556 -0.5177
vn -0.0000 0.8842 -0.4670
vn -0.3684 0.9159 0.1596
vn -0.2358 0.7615 0.6038
vn 0.5000 0.8100 -0.3065
vn 0.4330 0.8453 -0.3131
vn 0.5410 0.7616 -0.3567
vn 0.7410 0.6200 -0.2581
vn 0.5877 0.7278 -0.3535
vn 0.9073 0.3529 -0.2285
vn 0.8481 0.2783 -0.4509
vn 0.9746 -0.0377 -0.2206
vn 0.9889 -0.0001 -0.1489
vn 0.9576 -0.2338 -0.1682
vn 0.9388 -0.3392 -0.0594
vn 0.8281 -0.4468 -0.3386
vn 0.5252 -0.8457 -0.0947
vn -0.0000 -0.9263 -0.3767
vn -0.0000 -0.9955 -0.0951
vn 0.2805 -0.8987 0.3370
vn -0.0000 -0.9378 0.3472
vn 0.7469 -0.5687 0.3445
vn 0.9337 -0.0018 0.3580
vn 0.9877 -0.1174 0.1029
vn 0.9264 -0.2139 0.3098
vn 0.9895 0.0096 0.1443
vn 0.8884 0.2545 0.3821
vn 0.7736 0.1049 0.6249
vn 0.8063 -0.1045 0.5822
vn 0.7736 -0.4758 0.4186
vn 0.9365 -0.2021 0.2864
vn 0.9182 0.1030 0.3826
vn 0.5398 0.6332 0.5547
vn 0.6654 0.3529 0.6578
vn 0.7565 0.5621 0.3343
vn 0.8747 0.3869 -0.2918
vn 0.5550 0.7060 -0.4399
vn 0.3164 0.6939 -0.6469
vn 0.9803 0.1625 0.1126
vn 0.8034 0.5563 0.2123
vn 0.3544 0.8627 0.3609
vn 0.2358 0.7615 0.6038
vn 0.3684 0.9159 0.1596
vn -0.0000 0.9207 0.3904
vn -0.0000 0.8053 0.5929
vn -0.0000 0.9890 0.1482
vn -0.3544 0.8627 0.3609
vn -0.1866 0.9706 0.1517
vn -0.4934 0.8622 0.1144
vn -0.2270 0.9730 -0.0427
vn -0.5717 0.8175 -0.0699
vn -0.4184 0.8737 -0.2482
vn -0.8034 0.5563 0.2123
vn -0.8729 0.4874 -0.0209
vn -0.8694 0.4630 -0.1724
vn -0.7659 0.4969 -0.4080
vn -0.5413 0.7000 -0.4659
vn -0.8392 0.2755 -0.4688
vn -0.4522 0.7043 -0.5473
vn -0.9201 0.2138 -0.3281
vn -0.8100 0.3479 -0.4721
vn -0.9680 -0.0580 -0.2440
vn -0.8142 0.0766 -0.5755
vn -0.8677 -0.1842 -0.4618
vn -0.4321 -0.0514 -0.9004
vn -0.9314 -0.0518 -0.3603
vn -0.9185 0.2069 -0.3370
vn -0.9807 0.0771 -0.1796
vn -0.9776 0.2103 -0.0064
vn -0.9930 0.0719 -0.0940
vn -0.8488 0.0109 -0.5287
vn -0.8223 -0.2218 -0.5241
vn -0.9243 -0.1928 -0.3293
vn -0.9809 -0.0911 -0.1719
vn -0.9396 -0.0681 -0.3354
vn -0.8347 -0.2395 -0.4959
vn -0.8631 -0.3485 -0.3654
vn -0.9572 -0.2200 -0.1883
vn -0.9908 -0.1108 -0.0777
vn -0.9991 -0.0381 -0.0170
vn -0.9803 0.1625 0.1126
vn -0.8884 0.2545 0.3821
vn -0.9899 -0.1398 -0.0212
vn -0.9502 -0.2905 -0.1124
vn -0.8357 -0.5006 -0.2257
vn -0.8429 -0.4852 -0.2326
vn -0.8936 -0.3195 -0.3152
vn -0.9540 -0.1443 -0.2628
vn -0.9337 -0.0018 0.3580
vn -0.9895 0.0095 0.1443
vn -0.9877 -0.1174 0.1029
vn -0.9591 -0.2811 0.0333
vn -0.8690 -0.4915 -0.0582
vn -0.7991 -0.5954 -0.0834
vn -0.9509 -0.2864 -0.1173
vn -0.9682 -0.1600 -0.1923
vn -0.7598 -0.6483 -0.0488
vn -0.8210 -0.5467 -0.1647
vn -0.9663 -0.2568 -0.0177
vn -0.9142 -0.4052 -0.0049
vn -0.7284 -0.6831 0.0525
vn -0.7582 -0.6319 0.1608
vn -0.7647 -0.6442 0.0182
vn -0.8909 -0.4407 0.1096
vn -0.9264 -0.2139 0.3098
vn -0.3404 -0.6819 -0.6474
vn -0.7879 -0.5091 -0.3464
vn -0.9662 -0.2252 -0.1257
vn -0.8167 -0.3443 -0.4631
vn -0.3983 -0.3883 -0.8310
vn -0.0000 0.0228 -0.9997
vn 0.3983 -0.3883 -0.8310
vn 0.8167 -0.3443 -0.4632
vn 0.9682 -0.1600 -0.1923
vn 0.9540 -0.1443 -0.2628
vn 0.8347 -0.2395 -0.4959
vn 0.8223 -0.2218 -0.5241
vn 0.9244 -0.1927 -0.3293
vn 0.9809 -0.0911 -0.1719
vn 0.9314 -0.0518 -0.3603
vn 0.8488 0.0109 -0.5287
vn 0.9396 -0.0681 -0.3354
vn 0.9680 -0.0580 -0.2440
vn 0.8677 -0.1842 -0.4618
vn 0.4320 -0.0514 -0.9004
vn 0.9807 0.0771 -0.1796
vn 0.9185 0.2069 -0.3370
vn 0.8143 0.0765 -0.5754
vn 0.2789 0.5290 -0.8015
vn 0.8100 0.3479 -0.4721
vn 0.9201 0.2138 -0.3281
vn 0.8392 0.2755 -0.4688
vn 0.7659 0.4969 -0.4080
vn 0.8694 0.4630 -0.1724
vn 0.9930 0.0719 -0.0940
vn -0.2789 0.5290 -0.8015
vn -0.0000 0.7140 -0.7001
vn 0.4522 0.7042 -0.5474
vn 0.5413 0.7000 -0.4659
vn 0.4184 0.8737 -0.2482
vn 0.2124 0.8819 -0.4210
vn -0.0000 0.9717 -0.2363
vn -0.0000 0.8584 -0.5130
vn -0.2124 0.8819 -0.4210
vn 0.9776 0.2104 -0.0064
vn 0.8729 0.4874 -0.0209
vn 0.4934 0.8622 0.1144
vn 0.1866 0.9706 0.1517
vn -0.0000 0.9881 0.1537
vn -0.0000 1.0000 -0.0014
vn 0.2270 0.9730 -0.0427
vn 0.5717 0.8175 -0.0699
vn -0.9236 0.3710 -0.0969
vn -0.4706 0.8716 0.1374
vn -0.9892 0.0862 0.1188
vn -0.4115 0.7857 0.4620
vn -0.0662 -0.7233 0.6874
vn -0.0768 -0.9858 0.1490
vn 0.8652 -0.4790 0.1480
vn 0.8042 0.2716 0.5286
vn 0.6263 0.6914 0.3601
vn -0.4764 0.8263 0.3006
vn -0.9583 0.2773 -0.0698
vn 0.2248 -0.9589 -0.1730
vn -0.6586 -0.7463 -0.0964
vn -0.8667 -0.4055 -0.2906
vn -0.7373 -0.6027 -0.3050
vn -0.9490 0.3145 -0.0235
vn -0.4914 0.8036 0.3358
vn 0.5739 0.5883 0.5697
vn -0.4141 0.8725 0.2593
vn 0.7167 0.5773 0.3913
vn -0.4106 0.8736 0.2611
vn 0.7762 0.4959 0.3894
vn -0.3050 0.8778 0.3693
vn 0.8986 0.1967 0.3922
vn 0.6146 0.5502 0.5653
vn 0.3707 -0.9219 -0.1131
vn 0.9050 -0.3517 0.2395
vn -0.9217 0.3880 -0.0050
vn -0.9248 0.3719 -0.0799
vn -0.9485 0.2945 -0.1167
vn -0.8506 -0.4362 -0.2935
vn 0.2565 -0.9321 -0.2556
vn 0.9007 -0.4130 0.1347
vn 0.6427 0.5578 0.5252
vn 0.9477 -0.3172 0.0340
vn 0.2506 -0.9343 -0.2535
vn 0.4560 -0.8627 -0.2186
vn 0.9097 -0.4045 0.0945
vn 0.8486 -0.5261 0.0564
vn 0.9270 -0.3688 0.0686
vn 0.4713 -0.8347 -0.2849
vn -0.5768 -0.6814 -0.4507
vn -0.7233 -0.5190 -0.4556
vn -0.7548 -0.5338 -0.3813
vn -0.9689 0.2465 -0.0239
vn -0.8544 -0.4550 -0.2508
vn -0.9724 0.2209 -0.0752
vn 0.4196 -0.8635 -0.2798
vn -0.6190 0.7265 0.2983
vn -0.5701 0.7476 0.3409
vn 0.5712 0.6369 0.5177
vn 0.9478 -0.2939 0.1236
vn -0.6212 -0.7009 -0.3503
vn 0.9218 -0.3877 0.0038
vn 0.8349 0.3924 0.3860
vn 0.9489 -0.3092 0.0630
vn 0.5154 -0.7854 -0.3427
vn 0.6454 -0.7052 -0.2935
vn -0.6373 -0.5444 -0.5454
vn 0.4468 -0.8564 -0.2586
vn -0.7267 -0.5072 -0.4633
vn -0.9150 0.3918 -0.0962
vn -0.4342 0.8596 0.2693
vn -0.3777 0.8855 0.2705
vn 0.7496 0.5392 0.3839
vn 0.9470 -0.3170 0.0529
vn 0.4824 -0.8120 -0.3285
vn -0.7374 -0.4284 -0.5222
vn -0.4783 0.8163 0.3239
vn -0.9161 0.3884 -0.0995
vn -0.9551 0.2903 -0.0589
vn -0.4913 0.8083 0.3244
vn 0.7189 0.5099 0.4723
vn 0.5790 0.6780 0.4529
vn 0.9665 -0.2466 0.0716
vn 0.8690 0.2667 0.4168
vn 0.8059 -0.5918 0.0172
vn 0.7456 -0.6135 0.2602
vn 0.1889 -0.9703 -0.1510
vn 0.0114 -0.9996 0.0253
vn -0.7783 -0.6055 -0.1660
vn -0.8227 -0.5402 -0.1772
vn -0.8587 0.5076 -0.0710
vn -0.8556 0.5007 -0.1309
vn -0.0999 0.9924 0.0715
vn -0.1341 0.9777 0.1617
vn 0.0671 -0.9963 -0.0537
vn 0.8328 -0.5136 0.2065
vn 0.6592 0.6543 0.3707
vn -0.3504 0.8966 0.2709
vn -0.9326 0.3515 -0.0816
vn -0.8370 -0.3109 -0.4503
vn 0.3958 -0.8073 -0.4378
vn -0.9661 0.2394 -0.0969
vn -0.7058 -0.5744 -0.4147
vn -0.2339 0.9591 0.1597
vn -0.7068 -0.6402 -0.3010
vn 0.1571 -0.9733 -0.1674
vn 0.2634 -0.9200 -0.2903
vn 0.8114 -0.5797 0.0745
vn 0.8201 0.5210 0.2365
vn 0.3354 -0.9306 0.1466
vn 0.8999 -0.4171 0.1275
vn 0.7874 0.3469 0.5095
vn 0.9066 0.3084 0.2881
vn -0.2960 0.8995 0.3215
vn -0.0000 -0.9926 0.1214
vn 0.0676 -0.9839 0.1653
vn -0.3354 -0.9306 0.1466
vn -0.0000 -0.9909 0.1343
vn -0.0000 -0.9928 0.1196
vn -0.0676 -0.9839 0.1653
vn 0.2231 -0.8088 0.5440
vn -0.9367 0.0058 0.3501
vn -0.7657 0.6390 -0.0735
vn -0.8786 0.4499 -0.1602
vn -0.9459 -0.3159 0.0742
vn -0.9312 -0.3622 0.0418
vn -0.8913 -0.4507 0.0491
vn -0.8315 -0.4970 -0.2482
vn -0.8624 -0.2204 -0.4558
vn -0.0258 -0.9914 -0.1282
vn -0.2117 -0.9739 0.0821
vn -0.5584 -0.8273 0.0607
vn -0.6956 -0.6793 0.2340
vn -0.9829 -0.1200 0.1400
vn -0.9109 -0.3707 -0.1811
vn -0.0114 -0.9996 0.0253
vn -0.8328 -0.5136 0.2065
vn -0.8201 0.5210 0.2365
vn 0.0999 0.9924 0.0715
vn 0.1341 0.9777 0.1617
vn 0.8556 0.5007 -0.1309
vn 0.8786 0.4499 -0.1602
vn 0.7068 -0.6402 -0.3010
vn 0.8624 -0.2204 -0.4558
vn -0.2634 -0.9200 -0.2903
vn 0.0257 -0.9914 -0.1282
vn 0.7657 0.6390 -0.0735
vn 0.2960 0.8995 0.3215
vn -0.7874 0.3469 0.5095
vn -0.9066 0.3084 0.2881
vn -0.8114 -0.5797 0.0745
vn -0.0671 -0.9963 -0.0537
vn 0.8227 -0.5402 -0.1772
vn 0.8587 0.5076 -0.0710
vn 0.2339 0.9591 0.1597
vn -0.8999 -0.4171 0.1275
vn -0.2231 -0.8088 0.5440
vn 0.4414 -0.8784 0.1832
vn -0.1571 -0.9733 -0.1674
vn 0.3547 -0.9295 0.1014
vn 0.6644 -0.7405 0.1012
vn 0.8221 -0.5564 0.1206
vn 0.9927 0.0416 0.1136
vn 0.8623 0.4693 0.1903
vn 0.8797 0.4559 0.1352
vn 0.9805 -0.1801 0.0788
vn 0.9445 -0.3024 0.1282
vn 0.9774 0.0868 0.1928
vn 0.8012 0.4794 0.3580
vn 0.6177 0.7100 0.3382
vn 0.5026 0.8454 0.1809
vn 0.5149 0.8449 0.1452
vn 0.5673 0.8199 0.0768
vn 0.9004 0.4350 -0.0120
vn 0.9959 0.0631 0.0645
vn 0.9917 -0.1079 0.0694
vn 0.7771 0.5735 -0.2592
vn 0.6212 0.7635 -0.1766
vn 0.2194 0.9740 0.0566
vn 0.2373 0.9616 0.1379
vn 0.3655 0.8760 0.3148
vn -0.0000 0.9387 0.3448
vn -0.0000 0.9876 0.1567
vn -0.0000 0.9970 0.0776
vn -0.2373 0.9616 0.1379
vn 0.2671 0.9429 -0.1992
vn -0.0000 0.9985 -0.0545
vn 0.9741 -0.1817 -0.1348
vn 0.9390 -0.2947 -0.1772
vn 0.9713 -0.0953 -0.2179
vn 0.9629 0.1295 -0.2368
vn 0.8476 0.4598 -0.2649
vn 0.7389 0.5865 -0.3316
vn 0.9311 0.2541 -0.2618
vn 0.9789 -0.1228 -0.1631
vn 0.6038 -0.4432 -0.6626
vn 0.2924 -0.8648 -0.4082
vn -0.0018 -0.8679 -0.4967
vn -0.0000 -0.9613 -0.2755
vn -0.2924 -0.8648 -0.4082
vn -0.0000 -0.9965 -0.0834
vn -0.2659 -0.9431 -0.1995
vn 0.3695 -0.4008 -0.8383
vn 0.9451 0.1057 -0.3091
vn 0.9834 -0.1166 -0.1387
vn 0.9731 -0.1343 -0.1872
vn 0.9613 -0.2589 -0.0937
vn 0.9995 0.0001 0.0321
vn 0.9497 0.2995 -0.0918
vn 0.9646 -0.2585 -0.0526
vn 0.9312 -0.3622 0.0418
vn 0.9825 -0.1779 0.0553
vn 0.6956 -0.6793 0.2340
vn -0.3624 -0.7035 -0.6113
vn 0.7044 0.1709 -0.6890
vn 0.2197 0.6816 -0.6980
vn -0.7204 -0.2897 -0.6302
vn 0.2678 0.6441 -0.7165
vn -0.7812 -0.5116 -0.3577
vn -0.5763 -0.8171 -0.0151
vn -0.5533 -0.8300 0.0698
vn -0.3576 -0.8390 -0.4102
vn 0.8219 -0.1178 -0.5574
vn 0.8443 0.5331 -0.0541
vn 0.5945 0.7997 -0.0841
vn 0.8387 0.5303 0.1239
vn 0.9829 -0.1200 0.1400
vn 0.4686 -0.3873 0.7940
vn -0.7691 -0.6161 0.1700
vn -0.2145 -0.9766 -0.0120
vn -0.6066 -0.5472 -0.5768
vn 0.9109 -0.3707 -0.1811
vn 0.7161 0.1293 -0.6859
vn 0.8821 0.4699 -0.0331
vn 0.7260 0.6823 0.0858
vn 0.8063 0.3599 0.4694
vn 0.7072 0.2922 0.6438
vn 0.1199 0.6774 0.7258
vn 0.5727 0.2836 0.7691
vn 0.6406 0.5875 0.4945
vn -0.7410 -0.1760 0.6480
vn -0.8993 -0.4372 0.0144
vn -0.8333 -0.5500 0.0547
vn -0.6586 -0.2629 0.7050
vn -0.0388 -0.7653 0.6424
vn 0.0132 -0.7963 0.6048
vn -0.4021 -0.5293 0.7470
vn -0.7269 -0.6632 0.1782
vn -0.8676 -0.4314 0.2474
vn -0.1498 -0.9413 0.3026
vn -0.9371 -0.3258 -0.1252
vn 0.1608 -0.9851 -0.0609
vn 0.7844 -0.6202 -0.0135
vn 0.3888 -0.6864 0.6146
vn 0.7963 -0.6035 0.0407
vn -0.8534 0.1482 0.4997
vn 0.7405 -0.3553 -0.5705
vn 0.7019 -0.4345 -0.5644
vn 0.9501 -0.3067 0.0570
vn 0.8723 -0.4857 0.0565
vn 0.5530 -0.3543 0.7541
vn 0.1655 -0.5038 0.8478
vn -0.8832 0.1948 0.4266
vn -0.8897 0.4419 -0.1144
vn -0.7216 -0.1992 -0.6631
vn 0.6113 -0.5448 -0.5740
vn 0.8334 -0.2990 -0.4647
vn 0.5056 -0.2947 -0.8109
vn -0.7311 0.1775 0.6587
vn -0.1667 0.3844 -0.9080
vn -0.7926 0.3788 -0.4779
vn -0.9192 0.3928 -0.0285
vn -0.9313 0.3614 -0.0464
vn -0.7507 0.3319 0.5712
vn 0.6098 -0.1871 0.7701
vn 0.9249 -0.3755 0.0591
vn 0.7194 -0.3478 -0.6013
vn -0.6160 0.2431 -0.7493
vn -0.7433 0.2411 -0.6240
vn -0.9171 0.3964 -0.0435
vn -0.5663 0.1148 -0.8162
vn -0.6286 0.1612 -0.7608
vn -0.9216 0.3842 -0.0560
vn -0.7313 0.3879 0.5610
vn 0.6017 -0.2152 0.7692
vn 0.8785 -0.4763 0.0375
vn 0.5215 -0.3905 -0.7587
vn -0.7335 0.0520 -0.6777
vn -0.9426 0.3318 -0.0381
vn -0.9509 0.3028 -0.0645
vn -0.8266 0.1094 0.5520
vn -0.8126 0.1644 0.5592
vn -0.9220 0.3861 -0.0279
vn -0.7558 0.3276 0.5670
vn 0.4944 -0.3658 0.7885
vn 0.5487 -0.3314 0.7676
vn 0.5615 -0.2760 0.7801
vn -0.5990 0.2185 -0.7703
vn 0.7566 -0.3444 -0.5558
vn -0.5428 0.3974 -0.7399
vn 0.7547 -0.4345 -0.4915
vn 0.9355 -0.3475 0.0647
vn 0.9078 -0.4126 0.0746
vn 0.8295 -0.5554 0.0580
vn -0.5254 -0.0884 -0.8463
vn 0.5789 -0.5657 -0.5873
vn -0.8696 0.4909 -0.0533
vn -0.7087 0.4324 0.5575
vn -0.6187 0.5816 0.5282
vn -0.2654 -0.9589 0.1000
vn -0.0219 -0.9374 0.3477
vn 0.6049 -0.7956 0.0342
vn 0.6084 -0.7792 -0.1506
vn -0.1928 -0.9670 0.1665
vn 0.5625 -0.8260 -0.0356
vn 0.8243 -0.0478 -0.5642
vn 0.6563 -0.4946 -0.5698
vn -0.5931 0.3649 -0.7177
vn -0.5860 0.3437 -0.7338
vn -0.9460 0.3241 -0.0043
vn -0.8758 0.4787 -0.0627
vn -0.7524 0.4476 0.4832
vn -0.8110 0.5825 -0.0547
vn -0.6049 0.6150 0.5058
vn -0.7979 0.6005 -0.0523
vn 0.6491 -0.1291 0.7496
vn 0.9286 -0.3672 0.0535
vn 0.7605 -0.3143 -0.5681
vn -0.5340 0.4369 -0.7238
vn 0.2339 -0.8133 0.5328
vn 0.7764 -0.6253 0.0781
vn 0.7715 -0.4661 -0.4330
vn 0.7603 -0.3328 -0.5579
vn 0.9191 -0.3909 0.0505
vn 0.6710 -0.0287 0.7409
vn 0.5638 -0.3565 0.7450
vn 0.8906 -0.4501 0.0652
vn 0.6467 -0.0657 0.7599
vn -0.6686 -0.1333 0.7316
vn -0.8725 -0.3320 0.3584
vn -0.9607 -0.1507 0.2331
vn -0.8255 -0.3354 0.4539
vn 0.2524 -0.6226 0.7407
vn -0.8164 0.5753 -0.0512
vn -0.1913 0.8228 -0.5352
vn 0.1476 0.9634 -0.2238
vn -0.5483 0.8345 0.0541
vn -0.7781 0.6115 0.1436
vn -0.8368 0.2884 0.4655
vn -0.9698 -0.0668 0.2347
vn 0.3111 -0.9267 0.2107
vn -0.7774 0.6027 -0.1799
vn -0.9451 0.1057 -0.3091
vn 0.1314 0.9547 -0.2671
vn 0.8928 0.3267 -0.3101
vn 0.9477 -0.1450 -0.2844
vn -0.6038 -0.4432 -0.6626
vn -0.3695 -0.4008 -0.8383
vn -0.1902 0.7103 -0.6777
vn 0.8565 -0.1650 -0.4891
vn 0.8732 -0.4867 0.0245
vn 0.0018 -0.8679 -0.4967
vn 0.2659 -0.9431 -0.1995
vn 0.0965 -0.9944 0.0435
vn -0.0000 -0.9986 0.0531
vn -0.0965 -0.9944 0.0434
vn -0.3111 -0.9267 0.2107
vn 0.9698 -0.0668 0.2347
vn -0.2524 -0.6226 0.7407
vn 0.8368 0.2884 0.4655
vn 0.7774 0.6027 -0.1799
vn -0.8565 -0.1650 -0.4891
vn -0.8732 -0.4867 0.0245
vn -0.6049 -0.7956 0.0342
vn -0.9477 -0.1450 -0.2844
vn -0.6084 -0.7792 -0.1506
vn -0.7764 -0.6253 0.0781
vn -0.7715 -0.4662 -0.4330
vn -0.6563 -0.4946 -0.5698
vn -0.5625 -0.8260 -0.0356
vn -0.8243 -0.0478 -0.5642
vn -0.8928 0.3267 -0.3101
vn -0.1314 0.9547 -0.2671
vn 0.1902 0.7103 -0.6777
vn 0.7781 0.6115 0.1436
vn 0.8255 -0.3354 0.4539
vn 0.0220 -0.9374 0.3477
vn 0.2654 -0.9589 0.1000
vn 0.1928 -0.9670 0.1665
vn -0.2339 -0.8133 0.5328
vn -0.5638 -0.3565 0.7450
vn 0.6686 -0.1333 0.7316
vn 0.7524 0.4476 0.4832
vn 0.8725 -0.3320 0.3584
vn 0.9607 -0.1507 0.2331
vn 0.8164 0.5753 -0.0512
vn 0.9460 0.3241 -0.0043
vn 0.5483 0.8345 0.0541
vn -0.1476 0.9634 -0.2238
vn 0.5931 0.3649 -0.7177
vn 0.5860 0.3437 -0.7338
vn 0.1913 0.8228 -0.5352
vn -0.7603 -0.3328 -0.5579
vn 0.5339 0.4369 -0.7239
vn -0.7605 -0.3143 -0.5682
vn 0.5428 0.3974 -0.7399
vn -0.7566 -0.3444 -0.5558
vn 0.5990 0.2185 -0.7703
vn -0.7548 -0.4345 -0.4915
vn 0.5254 -0.0884 -0.8463
vn -0.5789 -0.5657 -0.5873
vn -0.8295 -0.5555 0.0580
vn 0.7433 0.2411 -0.6240
vn 0.9426 0.3318 -0.0381
vn 0.8267 0.1093 0.5520
vn -0.5487 -0.3314 0.7676
vn -0.9078 -0.4127 0.0746
vn -0.9355 -0.3475 0.0647
vn -0.9286 -0.3672 0.0535
vn -0.9191 -0.3909 0.0505
vn -0.8906 -0.4501 0.0652
vn -0.6491 -0.1291 0.7496
vn -0.6710 -0.0287 0.7409
vn -0.6467 -0.0657 0.7599
vn 0.6049 0.6150 0.5058
vn 0.6186 0.5816 0.5283
vn 0.7087 0.4324 0.5575
vn 0.8126 0.1644 0.5592
vn 0.9509 0.3028 -0.0645
vn 0.7335 0.0519 -0.6777
vn 0.8696 0.4909 -0.0533
vn 0.7979 0.6005 -0.0523
vn 0.8110 0.5825 -0.0547
vn 0.8758 0.4787 -0.0627
vn -0.5215 -0.3905 -0.7587
vn -0.7194 -0.3478 -0.6013
vn -0.7405 -0.3553 -0.5705
vn 0.9371 -0.3258 -0.1252
vn 0.1498 -0.9413 0.3026
vn 0.8676 -0.4314 0.2474
vn 0.8534 0.1482 0.4997
vn -0.3888 -0.6864 0.6146
vn -0.1608 -0.9851 -0.0609
vn -0.7844 -0.6202 -0.0135
vn -0.6113 -0.5448 -0.5740
vn -0.8334 -0.2990 -0.4647
vn 0.1667 0.3844 -0.9080
vn -0.5056 -0.2947 -0.8109
vn 0.7926 0.3788 -0.4779
vn 0.5663 0.1148 -0.8162
vn 0.6286 0.1612 -0.7608
vn 0.6160 0.2431 -0.7493
vn -0.7019 -0.4345 -0.5644
vn -0.7963 -0.6035 0.0407
vn -0.1655 -0.5038 0.8478
vn 0.8832 0.1948 0.4266
vn 0.8897 0.4419 -0.1144
vn 0.7216 -0.1992 -0.6631
vn -0.8723 -0.4857 0.0565
vn 0.9192 0.3928 -0.0285
vn -0.9992 0.0290 0.0259
vt 0.228850 0.591555
vt 0.224811 0.520762
vt 0.264901 0.570032
vt 0.248725 0.506920
vt 0.226724 0.481016
vt 0.208464 0.480889
vt 0.209166 0.466159
vt 0.189163 0.444635
vt 0.195264 0.446159
vt 0.174921 0.439746
vt 0.169565 0.433016
vt 0.180937 0.426222
vt 0.188143 0.441079
vt 0.189397 0.389460
vt 0.189695 0.399555
vt 0.191778 0.349968
vt 0.185146 0.364762
vt 0.181532 0.405714
vt 0.175835 0.355809
vt 0.207614 0.927174
vt 0.182893 0.944317
vt 0.182616 0.932635
vt 0.207890 0.938857
vt 0.100735 0.153587
vt 0.096293 0.157333
vt 0.096612 0.130286
vt 0.101352 0.116063
vt 0.096909 0.102794
vt 0.101820 0.092254
vt 0.102202 0.096825
vt 0.101692 0.124381
vt 0.101564 0.150603
vt 0.101628 0.165460
vt 0.097377 0.145206
vt 0.097845 0.109079
vt 0.098248 0.084254
vt 0.102011 0.074857
vt 0.102075 0.076952
vt 0.097356 0.081143
vt 0.991455 0.871365
vt 0.989117 0.875175
vt 0.994176 0.884127
vt 0.991349 0.884317
vt 0.983250 0.868571
vt 0.982484 0.873397
vt 0.981443 0.887175
vt 0.995685 0.899809
vt 0.992794 0.899556
vt 0.981485 0.903365
vt 0.971750 0.871937
vt 0.970177 0.877397
vt 0.967839 0.892063
vt 0.966074 0.910032
vt 0.967031 0.926603
vt 0.964352 0.925397
vt 0.986630 0.934921
vt 0.995451 0.914095
vt 0.983505 0.918476
vt 0.970389 0.943619
vt 0.973599 0.962984
vt 0.430618 0.663619
vt 0.426622 0.676635
vt 0.419522 0.623111
vt 0.422732 0.617270
vt 0.332944 0.553143
vt 0.327247 0.536825
vt 0.310900 0.529524
vt 0.308286 0.535111
vt 0.311793 0.561905
vt 0.268855 0.523365
vt 0.302865 0.588698
vt 0.299932 0.634095
vt 0.273722 0.664381
vt 0.303694 0.736889
vt 0.269450 0.783365
vt 0.277038 0.864381
vt 0.250000 0.882857
vt 0.248958 0.923428
vt 0.433296 0.660317
vt 0.448134 0.660127
vt 0.445051 0.676825
vt 0.581116 0.758667
vt 0.210824 0.146730
vt 0.208124 0.136190
vt 0.213800 0.137587
vt 0.204702 0.147175
vt 0.201067 0.131111
vt 0.197368 0.143873
vt 0.200514 0.124508
vt 0.195392 0.142730
vt 0.202130 0.137968
vt 0.195540 0.165143
vt 0.204617 0.158476
vt 0.196795 0.186540
vt 0.199367 0.183809
vt 0.192671 0.212127
vt 0.193096 0.190667
vt 0.186740 0.221016
vt 0.185826 0.199048
vt 0.177727 0.234476
vt 0.183211 0.203809
vt 0.175644 0.238286
vt 0.184614 0.250032
vt 0.190375 0.217079
vt 0.183041 0.250794
vt 0.181766 0.229968
vt 0.189333 0.195238
vt 0.189525 0.172698
vt 0.191544 0.169714
vt 0.199919 0.164127
vt 0.206870 0.159809
vt 0.209570 0.141079
vt 0.206062 0.125905
vt 0.207635 0.118921
vt 0.204001 0.116762
vt 0.179194 0.253016
vt 0.211674 0.131619
vt 0.211653 0.104952
vt 0.207784 0.105206
vt 0.213290 0.086857
vt 0.218795 0.081397
vt 0.218306 0.066857
vt 0.223387 0.063365
vt 0.222600 0.051683
vt 0.226596 0.052063
vt 0.229827 0.063936
vt 0.231145 0.048698
vt 0.232123 0.052254
vt 0.235333 0.025587
vt 0.236183 0.023365
vt 0.236502 0.005333
vt 0.233866 0.012889
vt 0.234865 0.000000
vt 0.232506 0.003365
vt 0.214416 0.119682
vt 0.225512 0.078730
vt 0.220007 0.098032
vt 0.216606 0.102413
vt 0.215479 0.121524
vt 0.210271 0.121968
vt 0.222132 0.096952
vt 0.227425 0.080762
vt 0.231762 0.070984
vt 0.226278 0.067238
vt 0.221856 0.083492
vt 0.204234 0.124444
vt 0.208379 0.109016
vt 0.215352 0.085778
vt 0.219667 0.068317
vt 0.222303 0.057460
vt 0.236502 0.009587
vt 0.232931 0.006603
vt 0.234228 0.014222
vt 0.232442 0.032317
vt 0.228998 0.052825
vt 0.226618 0.045016
vt 0.230890 0.020063
vt 0.230125 0.021841
vt 0.226299 0.040889
vt 0.229020 0.038984
vt 0.988203 0.954794
vt 0.987225 0.972254
vt 0.973982 0.979746
vt 0.970836 0.966667
vt 0.959463 0.976444
vt 0.967711 0.946349
vt 0.997853 0.930476
vt 0.997917 0.950984
vt 0.994452 0.964762
vt 0.986013 0.979429
vt 0.958103 0.952444
vt 0.998129 0.914794
vt 1.000000 0.931619
vt 0.999660 0.952000
vt 0.995302 0.970032
vt 0.973472 0.986349
vt 0.958677 0.993587
vt 0.958188 1.000000
vt 0.908490 0.986603
vt 0.908851 0.990476
vt 0.749426 0.960444
vt 0.751063 0.957016
vt 0.740583 0.946921
vt 0.742454 0.935746
vt 0.584368 0.888318
vt 0.585303 0.870794
vt 0.575738 0.857714
vt 0.907363 0.975111
vt 0.964225 0.872698
vt 0.966584 0.866794
vt 0.966138 0.889206
vt 0.963651 0.906349
vt 0.956339 0.928063
vt 0.905960 0.957778
vt 0.753061 0.944190
vt 0.956976 0.906667
vt 0.960122 0.887746
vt 0.755038 0.923873
vt 0.905663 0.937587
vt 0.907491 0.917968
vt 0.910297 0.901651
vt 0.912465 0.890667
vt 0.913251 0.886540
vt 0.756249 0.829079
vt 0.757397 0.835810
vt 0.746344 0.840444
vt 0.745196 0.834349
vt 0.592807 0.733143
vt 0.581945 0.743492
vt 0.449409 0.655047
vt 0.582221 0.738159
vt 0.592467 0.739238
vt 0.746897 0.854413
vt 0.757950 0.851556
vt 0.757695 0.873778
vt 0.591510 0.756698
vt 0.590086 0.782857
vt 0.746684 0.874032
vt 0.756675 0.899175
vt 0.744261 0.917968
vt 0.745770 0.896317
vt 0.588407 0.813714
vt 0.579883 0.781333
vt 0.441310 0.702349
vt 0.586727 0.844635
vt 0.576971 0.834984
vt 0.578416 0.808127
vt 0.438271 0.732762
vt 0.422392 0.697206
vt 0.413421 0.643809
vt 0.406917 0.676508
vt 0.331753 0.600381
vt 0.340107 0.654667
vt 0.323123 0.657079
vt 0.339002 0.696254
vt 0.322209 0.746666
vt 0.339980 0.758349
vt 0.310348 0.821333
vt 0.436804 0.763682
vt 0.437016 0.790984
vt 0.418884 0.770666
vt 0.418098 0.747809
vt 0.419288 0.722095
vt 0.402368 0.715555
vt 0.401178 0.754920
vt 0.402602 0.788571
vt 0.405769 0.813524
vt 0.421053 0.788000
vt 0.438164 0.810984
vt 0.574908 0.872952
vt 0.584028 0.894476
vt 0.739010 0.949778
vt 0.574632 0.878286
vt 0.439121 0.820254
vt 0.423688 0.797524
vt 0.408915 0.827682
vt 0.338725 0.802158
vt 0.317129 0.843047
vt 0.289729 0.901841
vt 0.287879 0.880698
vt 0.273361 0.910857
vt 0.297934 0.827492
vt 0.401730 0.216190
vt 0.410531 0.191619
vt 0.401390 0.211619
vt 0.388870 0.246857
vt 0.388615 0.216762
vt 0.377264 0.248698
vt 0.375138 0.219873
vt 0.364510 0.258159
vt 0.373098 0.225397
vt 0.364255 0.259111
vt 0.373820 0.256508
vt 0.359387 0.310603
vt 0.374585 0.287556
vt 0.361045 0.334794
vt 0.363319 0.328444
vt 0.350480 0.361460
vt 0.353711 0.334349
vt 0.345485 0.352889
vt 0.345570 0.336444
vt 0.336557 0.346286
vt 0.383726 0.187238
vt 0.385596 0.184762
vt 0.382557 0.222984
vt 0.386978 0.245841
vt 0.377561 0.278032
vt 0.366444 0.285905
vt 0.352351 0.309524
vt 0.351607 0.308635
vt 0.344614 0.335809
vt 0.349821 0.337079
vt 0.345124 0.348317
vt 0.352266 0.350794
vt 0.341638 0.376762
vt 0.394460 0.191746
vt 0.393440 0.159302
vt 0.405068 0.166984
vt 0.401114 0.145206
vt 0.392951 0.162222
vt 0.398329 0.187365
vt 0.399435 0.155746
vt 0.406067 0.170413
vt 0.409361 0.132381
vt 0.413273 0.153524
vt 0.413188 0.177905
vt 0.409595 0.194413
vt 0.409702 0.128825
vt 0.410679 0.148381
vt 0.416780 0.129651
vt 0.420394 0.099048
vt 0.423136 0.094603
vt 0.423858 0.121016
vt 0.421116 0.153778
vt 0.414335 0.172635
vt 0.445030 0.090095
vt 0.452279 0.071619
vt 0.448134 0.052508
vt 0.444860 0.094794
vt 0.434806 0.118032
vt 0.434806 0.089905
vt 0.444775 0.070095
vt 0.450982 0.080254
vt 0.455701 0.057460
vt 0.467669 0.031619
vt 0.455340 0.040381
vt 0.456275 0.054159
vt 0.448708 0.035937
vt 0.439780 0.047492
vt 0.439631 0.073524
vt 0.433998 0.116444
vt 0.420734 0.146159
vt 0.428854 0.101587
vt 0.430937 0.069778
vt 0.431341 0.068508
vt 0.438122 0.056000
vt 0.448474 0.039302
vt 0.462758 0.012000
vt 0.469475 0.013333
vt 0.477595 0.016825
vt 0.461717 0.031365
vt 0.468221 0.032635
vt 0.450642 0.052571
vt 0.473472 0.014667
vt 0.471601 0.003365
vt 0.474003 0.000254
vt 0.477638 0.007238
vt 0.476788 0.021905
vt 0.463715 0.014222
vt 0.046616 0.539619
vt 0.037901 0.568571
vt 0.032161 0.552571
vt 0.039367 0.511682
vt 0.028675 0.530984
vt 0.037561 0.498539
vt 0.036583 0.479809
vt 0.048253 0.487111
vt 0.054396 0.469460
vt 0.061134 0.486730
vt 0.071508 0.489651
vt 0.069786 0.503174
vt 0.059880 0.495873
vt 0.066789 0.517206
vt 0.051462 0.506793
vt 0.063643 0.541905
vt 0.061049 0.579174
vt 0.046722 0.592698
vt 0.058796 0.671873
vt 0.176728 0.254095
vt 0.180023 0.270159
vt 0.177026 0.273460
vt 0.172115 0.265206
vt 0.172519 0.305016
vt 0.165696 0.296635
vt 0.174602 0.389460
vt 0.175134 0.385968
vt 0.178025 0.333016
vt 0.182340 0.376000
vt 0.186230 0.325079
vt 0.176346 0.284825
vt 0.186166 0.298095
vt 0.180448 0.279175
vt 0.183105 0.316762
vt 0.179321 0.289587
vt 0.175453 0.337270
vt 0.166716 0.320825
vt 0.167311 0.280254
vt 0.172456 0.257143
vt 0.169033 0.306921
vt 0.192522 0.331746
vt 0.174284 0.265524
vt 0.179024 0.267619
vt 0.083581 0.520444
vt 0.086005 0.565143
vt 0.098567 0.553714
vt 0.095783 0.633524
vt 0.084347 0.619365
vt 0.082029 0.684698
vt 0.077396 0.695492
vt 0.073506 0.728063
vt 0.079755 0.643682
vt 0.082008 0.572317
vt 0.078543 0.526666
vt 0.077544 0.471111
vt 0.067575 0.451555
vt 0.074930 0.438095
vt 0.062133 0.411492
vt 0.064259 0.396317
vt 0.050059 0.380825
vt 0.048380 0.373397
vt 0.033713 0.396381
vt 0.033160 0.391682
vt 0.016942 0.445968
vt 0.046510 0.433206
vt 0.081243 0.473651
vt 0.078586 0.447047
vt 0.064238 0.392571
vt 0.046021 0.396508
vt 0.035499 0.408635
vt 0.031226 0.442222
vt 0.024509 0.436381
vt 0.015794 0.457079
vt 0.006101 0.529524
vt 0.222983 0.939873
vt 0.208039 0.903428
vt 0.185188 0.946793
vt 0.234398 0.831428
vt 0.241816 0.716254
vt 0.197453 0.782476
vt 0.205318 0.651619
vt 0.176048 0.654032
vt 0.183615 0.576317
vt 0.155812 0.587428
vt 0.150986 0.521206
vt 0.118974 0.587111
vt 0.119845 0.501905
vt 0.097313 0.515428
vt 0.086132 0.508635
vt 0.149923 0.634540
vt 0.127179 0.635746
vt 0.184657 0.857079
vt 0.177387 0.878031
vt 0.163506 0.794603
vt 0.169735 0.709333
vt 0.144120 0.694730
vt 0.111343 0.670222
vt 0.137658 0.740762
vt 0.155939 0.857016
vt 0.153537 0.893206
vt 0.132259 0.825016
vt 0.140911 0.796508
vt 0.118379 0.760317
vt 0.109493 0.793079
vt 0.099694 0.733016
vt 0.095336 0.769016
vt 0.091085 0.717714
vt 0.092658 0.693587
vt 0.144418 0.886349
vt 0.131855 0.853778
vt 0.214416 0.970095
vt 0.176898 0.965651
vt 0.159383 0.940571
vt 0.136128 0.893905
vt 0.119824 0.857778
vt 0.105433 0.801651
vt 0.092615 0.733778
vt 0.081689 0.711809
vt 0.074802 0.740889
vt 0.109238 0.475365
vt 0.097653 0.506032
vt 0.086727 0.503365
vt 0.075376 0.634730
vt 0.070317 0.591809
vt 0.075950 0.561016
vt 0.069275 0.662666
vt 0.072209 0.698413
vt 0.064216 0.707428
vt 0.063834 0.742540
vt 0.066342 0.762666
vt 0.067490 0.777079
vt 0.075249 0.748127
vt 0.081796 0.719301
vt 0.056373 0.788381
vt 0.055204 0.773778
vt 0.044278 0.791111
vt 0.043959 0.775365
vt 0.032416 0.772762
vt 0.050017 0.750793
vt 0.035520 0.749778
vt 0.025678 0.742920
vt 0.021597 0.749524
vt 0.017898 0.714285
vt 0.012095 0.719809
vt 0.012031 0.695492
vt 0.006611 0.687936
vt 0.010522 0.645524
vt 0.003316 0.661016
vt 0.006143 0.595682
vt 0.000744 0.641270
vt 0.026124 0.674095
vt 0.028165 0.722920
vt 0.032013 0.702032
vt 0.054863 0.725016
vt 0.042131 0.700889
vt 0.021703 0.687301
vt 0.024743 0.615492
vt 0.029037 0.606476
vt 0.033607 0.636063
vt 0.017090 0.664762
vt 0.022851 0.605079
vt 0.019662 0.595555
vt 0.020747 0.514666
vt 0.013753 0.494984
vt 0.005909 0.542984
vt 0.000000 0.639047
vt 0.002912 0.683873
vt 0.004336 0.697206
vt 0.021724 0.762540
vt 0.031885 0.789016
vt 0.018493 0.756635
vt 0.056628 0.793397
vt 0.044278 0.797968
vt 0.337578 0.333905
vt 0.320105 0.347809
vt 0.332859 0.374730
vt 0.304396 0.386286
vt 0.321614 0.399746
vt 0.276294 0.425714
vt 0.314642 0.334476
vt 0.331392 0.350095
vt 0.337833 0.391492
vt 0.271108 0.374032
vt 0.271618 0.361460
vt 0.243134 0.418540
vt 0.281417 0.374794
vt 0.316215 0.388063
vt 0.235694 0.476317
vt 0.253188 0.421460
vt 0.257185 0.452508
vt 0.274403 0.410730
vt 0.259395 0.458095
vt 0.217562 0.463555
vt 0.242369 0.485524
vt 0.241391 0.482921
vt 0.275019 0.508635
vt 0.248023 0.497968
vt 0.250255 0.452698
vt 0.262669 0.412254
vt 0.191119 0.516508
vt 0.242688 0.423936
vt 0.223897 0.475492
vt 0.197794 0.483175
vt 0.183764 0.462413
vt 0.169225 0.449016
vt 0.255973 0.941778
vt 0.299889 0.907428
vt 0.264688 0.947619
vt 0.222366 0.967111
vt 0.189291 0.974349
vt 0.128093 0.458794
vt 0.125414 0.453016
vt 0.130048 0.445968
vt 0.121843 0.444889
vt 0.137658 0.428127
vt 0.138126 0.428889
vt 0.133960 0.422540
vt 0.136574 0.460444
vt 0.096272 0.015365
vt 0.096442 0.013079
vt 0.094210 0.017333
vt 0.093976 0.012063
vt 0.095549 0.024063
vt 0.098652 0.029714
vt 0.098015 0.052000
vt 0.097908 0.027936
vt 0.093338 0.095873
vt 0.094231 0.074159
vt 0.098631 0.067048
vt 0.101564 0.060127
vt 0.100055 0.058603
vt 0.095251 0.038984
vt 0.091701 0.019175
vt 0.091871 0.017397
vt 0.093806 0.033016
vt 0.093848 0.057714
vt 0.092637 0.035238
vt 0.094571 0.061778
vt 0.097228 0.063873
vt 0.093147 0.123365
vt 0.092658 0.114984
vt 0.092679 0.150984
vt 0.093062 0.076317
vt 0.092807 0.091365
vt 0.092318 0.153079
vt 0.091786 0.173397
vt 0.096080 0.173206
vt 0.095719 0.190984
vt 0.101118 0.177270
vt 0.102117 0.187873
vt 0.102245 0.182476
vt 0.090022 0.201714
vt 0.090639 0.207555
vt 0.090213 0.228571
vt 0.091595 0.182222
vt 0.097037 0.193905
vt 0.097356 0.176698
vt 0.097356 0.166222
vt 0.090107 0.184508
vt 0.092084 0.167428
vt 0.095315 0.215936
vt 0.101713 0.202794
vt 0.100480 0.229016
vt 0.118336 0.303619
vt 0.142229 0.313460
vt 0.135979 0.318857
vt 0.106624 0.310413
vt 0.102840 0.306349
vt 0.096080 0.303555
vt 0.092913 0.321524
vt 0.091383 0.295682
vt 0.091000 0.307873
vt 0.091255 0.278730
vt 0.095145 0.300127
vt 0.094146 0.280190
vt 0.097143 0.277143
vt 0.094273 0.261968
vt 0.098780 0.251809
vt 0.094805 0.241270
vt 0.102202 0.208317
vt 0.096293 0.222349
vt 0.090936 0.235809
vt 0.090724 0.251809
vt 0.098440 0.298667
vt 0.094826 0.289714
vt 0.091871 0.278413
vt 0.091255 0.258603
vt 0.095485 0.247682
vt 0.100395 0.236000
vt 0.097611 0.281079
vt 0.094996 0.270730
vt 0.098737 0.258857
vt 0.098100 0.296762
vt 0.100820 0.313524
vt 0.113298 0.324698
vt 0.141548 0.331111
vt 0.150115 0.362730
vt 0.097908 0.331873
vt 0.091914 0.334539
vt 0.100395 0.348190
vt 0.111832 0.349016
vt 0.137510 0.352000
vt 0.149796 0.372444
vt 0.149647 0.438032
vt 0.151837 0.420571
vt 0.141612 0.387809
vt 0.129538 0.357905
vt 0.105348 0.335301
vt 0.130325 0.336571
vt 0.137127 0.375936
vt 0.138445 0.377714
vt 0.144716 0.358984
vt 0.157703 0.436762
vt 0.157151 0.435301
s 1
usemtl Dragonfly
f 305/1/1 353/3/3 304/2/2
f 353/3/3 355/4/4 304/2/2
f 355/4/4 410/5/5 304/2/2
f 410/5/5 303/6/6 304/2/2
f 410/5/5 413/7/7 303/6/6
f 413/7/7 121/8/8 303/6/6
f 413/7/7 418/9/9 121/8/8
f 418/9/9 122/10/10 121/8/8
f 122/10/10 418/9/9 423/8/11
f 127/11/12 122/10/10 423/8/11
f 127/11/12 423/8/11 168/12/13
f 168/12/13 423/8/11 426/13/14
f 166/14/15 168/12/13 426/13/14
f 166/14/15 426/13/14 429/15/16
f 178/16/17 166/14/15 429/15/16
f 429/15/16 845/17/18 178/16/17
f 845/17/18 429/15/16 428/18/19
f 428/18/19 430/19/20 845/17/18
f 1257/20/21 1259/22/21 1258/21/21
f 1258/21/21 1256/23/21 1257/20/21
f 79/24/22 37/26/24 80/25/23
f 79/24/22 1255/27/25 37/26/24
f 1255/27/25 38/28/26 37/26/24
f 1255/27/25 1251/29/27 38/28/26
f 1252/30/28 1251/29/27 1255/27/25
f 1255/27/25 1253/31/29 1252/30/28
f 1253/31/29 1255/27/25 79/24/22
f 79/24/22 1254/32/30 1253/31/29
f 78/33/31 1254/32/30 79/24/22
f 40/34/32 1254/32/30 78/33/31
f 40/34/32 1253/31/29 1254/32/30
f 40/34/32 24/35/33 1253/31/29
f 24/35/33 1252/30/28 1253/31/29
f 24/35/33 22/36/34 1252/30/28
f 22/36/34 18/37/35 1252/30/28
f 1251/29/27 1252/30/28 18/37/35
f 18/37/35 16/38/36 1251/29/27
f 1251/29/27 16/38/36 15/39/37
f 1251/29/27 15/39/37 38/28/26
f 1250/40/38 1248/42/40 1249/41/39
f 1247/43/41 1248/42/40 1246/41/42
f 1248/42/40 1250/40/38 1246/41/42
f 1250/40/38 1245/44/43 1246/41/42
f 1245/44/43 1250/40/38 1249/41/39
f 1244/45/44 1245/44/43 1249/41/39
f 1243/46/45 1244/45/44 1249/41/39
f 1242/43/46 1243/46/45 1249/41/39
f 1248/42/40 1242/43/46 1249/41/39
f 1242/43/46 1248/42/40 1148/47/47
f 1248/42/40 1247/43/41 1148/47/47
f 1150/48/48 1148/47/47 1247/43/41
f 1150/48/48 1247/43/41 1107/49/49
f 1108/46/50 1107/49/49 1247/43/41
f 1108/46/50 1247/43/41 1246/41/42
f 1112/45/51 1108/46/50 1246/41/42
f 1245/44/43 1112/45/51 1246/41/42
f 1245/44/43 1113/50/52 1112/45/51
f 1113/50/52 1245/44/43 1244/45/44
f 1244/45/44 1129/51/53 1113/50/52
f 1244/45/44 1243/46/45 1129/51/53
f 1243/46/45 1128/52/54 1129/51/53
f 1128/52/54 1243/46/45 1240/49/55
f 1240/49/55 1127/53/56 1128/52/54
f 1138/54/57 1127/53/56 1240/49/55
f 1127/53/56 1138/54/57 1126/55/58
f 1240/49/55 1243/46/45 1242/43/46
f 1144/56/59 1239/58/61 1146/57/60
f 1146/57/60 1239/58/61 1241/48/62
f 1146/57/60 1241/48/62 1148/47/47
f 1148/47/47 1241/48/62 1242/43/46
f 1242/43/46 1241/48/62 1240/49/55
f 1239/58/61 1240/49/55 1241/48/62
f 1240/49/55 1239/58/61 1138/54/57
f 1138/54/57 1239/58/61 1137/59/63
f 1239/58/61 1144/56/59 1137/59/63
f 1136/60/64 1137/59/63 1144/56/59
f 1067/61/65 379/63/67 380/62/66
f 1237/64/68 379/63/67 1067/61/65
f 379/63/67 1237/64/68 377/65/69
f 1238/66/70 377/65/69 1237/64/68
f 374/67/71 377/65/69 1238/66/70
f 968/65/72 374/67/71 1238/66/70
f 374/67/71 968/65/72 373/68/73
f 970/69/74 373/68/73 968/65/72
f 371/70/75 373/68/73 970/69/74
f 971/71/76 371/70/75 970/69/74
f 447/3/77 371/70/75 971/71/76
f 973/72/78 447/3/77 971/71/76
f 973/72/78 449/73/79 447/3/77
f 973/72/78 960/74/80 449/73/79
f 449/73/79 960/74/80 452/75/81
f 452/75/81 960/74/80 957/76/82
f 734/77/83 452/75/81 957/76/82
f 734/77/83 957/76/82 333/78/84
f 968/65/72 1238/66/70 1237/64/68
f 1237/64/68 966/63/85 968/65/72
f 966/63/85 1237/64/68 963/61/86
f 1237/64/68 961/79/87 963/61/86
f 961/79/87 1237/64/68 1067/61/65
f 961/79/87 1067/61/65 1087/80/88
f 1087/80/88 1067/61/65 1066/81/89
f 1066/81/89 1068/82/90 1087/80/88
f 1215/83/91 1210/85/93 1199/84/92
f 1199/84/92 1221/86/94 1215/83/91
f 1200/87/95 1221/86/94 1199/84/92
f 1223/88/96 1221/86/94 1200/87/95
f 1223/88/96 1200/87/95 1201/89/97
f 1201/89/97 1225/90/98 1223/88/96
f 1232/91/99 1225/90/98 1201/89/97
f 1227/92/100 1225/90/98 1232/91/99
f 1227/92/100 1232/91/99 1233/93/101
f 1233/93/101 1229/94/102 1227/92/100
f 1234/95/103 1229/94/102 1233/93/101
f 1231/96/104 1229/94/102 1234/95/103
f 1231/96/104 1234/95/103 1235/97/105
f 1235/97/105 267/98/106 1231/96/104
f 1236/99/107 267/98/106 1235/97/105
f 268/100/108 267/98/106 1236/99/107
f 268/100/108 1236/99/107 289/101/109
f 289/101/109 270/102/110 268/100/108
f 295/103/111 287/105/113 1230/104/112
f 1230/104/112 287/105/113 288/106/114
f 288/106/114 1228/107/115 1230/104/112
f 288/106/114 289/101/109 1228/107/115
f 1228/107/115 289/101/109 1226/108/116
f 1226/108/116 289/101/109 1236/99/107
f 1236/99/107 1224/109/117 1226/108/116
f 1236/99/107 1235/97/105 1224/109/117
f 1224/109/117 1235/97/105 1222/110/118
f 1222/110/118 1235/97/105 1234/95/103
f 1234/95/103 1220/111/119 1222/110/118
f 1234/95/103 1233/93/101 1220/111/119
f 1220/111/119 1233/93/101 1219/112/120
f 1219/112/120 1233/93/101 1232/91/99
f 1232/91/99 1218/113/121 1219/112/120
f 1232/91/99 1201/89/97 1218/113/121
f 1216/114/122 1218/113/121 1201/89/97
f 1201/89/97 1184/115/123 1216/114/122
f 267/98/106 266/116/124 295/103/111
f 295/103/111 1231/96/104 267/98/106
f 295/103/111 1230/104/112 1231/96/104
f 1231/96/104 1230/104/112 1229/94/102
f 1229/94/102 1230/104/112 1228/107/115
f 1228/107/115 1227/92/100 1229/94/102
f 1228/107/115 1226/108/116 1227/92/100
f 1227/92/100 1226/108/116 1225/90/98
f 1225/90/98 1226/108/116 1224/109/117
f 1224/109/117 1223/88/96 1225/90/98
f 1224/109/117 1222/110/118 1223/88/96
f 1223/88/96 1222/110/118 1221/86/94
f 1221/86/94 1222/110/118 1220/111/119
f 1220/111/119 1215/83/91 1221/86/94
f 1220/111/119 1219/112/120 1215/83/91
f 1215/83/91 1219/112/120 1214/117/125
f 1214/117/125 1219/112/120 1218/113/121
f 1218/113/121 1216/114/122 1214/117/125
f 1211/118/126 1216/114/122 1184/115/123
f 1184/115/123 1183/119/127 1211/118/126
f 1211/118/126 1183/119/127 1185/120/128
f 1211/118/126 1185/120/128 1212/121/129
f 1212/121/129 1185/120/128 1187/122/130
f 1212/121/129 1187/122/130 1213/123/131
f 1213/123/131 1187/122/130 1177/124/132
f 1213/123/131 1177/124/132 1176/125/133
f 1213/123/131 1176/125/133 1206/126/134
f 1175/127/135 1206/126/134 1176/125/133
f 1206/126/134 1175/127/135 1191/128/136
f 1191/128/136 1175/127/135 1174/129/137
f 1191/128/136 1174/129/137 1192/130/138
f 1192/130/138 1174/129/137 1194/131/139
f 1194/131/139 1174/129/137 1173/132/140
f 1173/132/140 1217/133/141 1194/131/139
f 1173/132/140 1171/134/142 1217/133/141
f 1171/134/142 1194/131/139 1217/133/141
f 1216/114/122 1211/118/126 1209/135/143
f 1209/135/143 1214/117/125 1216/114/122
f 1210/85/93 1214/117/125 1209/135/143
f 1215/83/91 1214/117/125 1210/85/93
f 1206/126/134 1207/136/144 1213/123/131
f 1212/121/129 1213/123/131 1207/136/144
f 1207/136/144 1208/137/145 1212/121/129
f 1211/118/126 1212/121/129 1208/137/145
f 1208/137/145 1209/135/143 1211/118/126
f 1197/138/146 1198/140/148 1203/139/147
f 1199/84/92 1203/139/147 1198/140/148
f 1199/84/92 1210/85/93 1203/139/147
f 1210/85/93 1209/135/143 1203/139/147
f 1203/139/147 1209/135/143 1208/137/145
f 1203/139/147 1208/137/145 1202/141/149
f 1202/141/149 1208/137/145 1207/136/144
f 1202/141/149 1207/136/144 1204/142/150
f 1204/142/150 1207/136/144 1206/126/134
f 1204/142/150 1206/126/134 1205/143/151
f 1191/128/136 1205/143/151 1206/126/134
f 1190/144/152 1205/143/151 1191/128/136
f 1204/142/150 1205/143/151 1190/144/152
f 1190/144/152 1196/145/153 1204/142/150
f 1202/141/149 1204/142/150 1196/145/153
f 1196/145/153 1197/138/146 1202/141/149
f 1203/139/147 1202/141/149 1197/138/146
f 1184/115/123 1201/89/97 1200/87/95
f 1200/87/95 1195/146/154 1184/115/123
f 1200/87/95 1199/84/92 1195/146/154
f 1195/146/154 1199/84/92 1198/140/148
f 1195/146/154 1198/140/148 1182/147/155
f 1182/147/155 1198/140/148 1197/138/146
f 1182/147/155 1197/138/146 1186/148/156
f 1186/148/156 1197/138/146 1196/145/153
f 1186/148/156 1196/145/153 1188/149/157
f 1188/149/157 1196/145/153 1190/144/152
f 1188/149/157 1190/144/152 1189/150/158
f 1184/115/123 1195/146/154 1182/147/155
f 1192/130/138 1194/131/139 1193/151/159
f 1171/134/142 1170/152/160 1194/131/139
f 1170/152/160 1193/151/159 1194/131/139
f 1170/152/160 1180/153/161 1193/151/159
f 1192/130/138 1193/151/159 1180/153/161
f 1180/153/161 1179/154/162 1192/130/138
f 1191/128/136 1192/130/138 1179/154/162
f 1179/154/162 1181/155/163 1191/128/136
f 1190/144/152 1191/128/136 1181/155/163
f 1190/144/152 1181/155/163 1178/156/164
f 1178/156/164 1189/150/158 1190/144/152
f 1177/124/132 1189/150/158 1178/156/164
f 1188/149/157 1189/150/158 1177/124/132
f 1177/124/132 1187/122/130 1188/149/157
f 1186/148/156 1188/149/157 1187/122/130
f 1187/122/130 1185/120/128 1186/148/156
f 1182/147/155 1186/148/156 1185/120/128
f 1185/120/128 1183/119/127 1182/147/155
f 1184/115/123 1182/147/155 1183/119/127
f 1178/156/164 1181/155/163 1179/154/162
f 1172/157/165 1180/153/161 1170/152/160
f 1172/157/165 1179/154/162 1180/153/161
f 1178/156/164 1179/154/162 1172/157/165
f 1178/156/164 1172/157/165 1168/158/166
f 1168/158/166 1167/159/167 1178/156/164
f 1177/124/132 1178/156/164 1167/159/167
f 1177/124/132 1167/159/167 1169/160/168
f 1169/160/168 1176/125/133 1177/124/132
f 1176/125/133 1169/160/168 1175/127/135
f 1174/129/137 1175/127/135 1169/160/168
f 1169/160/168 1173/132/140 1174/129/137
f 1169/160/168 1168/158/166 1173/132/140
f 1173/132/140 1168/158/166 1171/134/142
f 1171/134/142 1168/158/166 1172/157/165
f 1172/157/165 1170/152/160 1171/134/142
f 1169/160/168 1167/159/167 1168/158/166
f 1164/161/169 1165/60/171 1163/162/170
f 1140/163/172 1163/162/170 1165/60/171
f 1166/164/173 1140/163/172 1165/60/171
f 1166/164/173 1077/165/174 1140/163/172
f 1166/164/173 1162/166/175 1077/165/174
f 1166/164/173 1165/60/171 1162/166/175
f 1161/59/176 1162/166/175 1165/60/171
f 1161/59/176 1165/60/171 1160/56/177
f 1164/161/169 1160/56/177 1165/60/171
f 1160/56/177 1164/161/169 1159/167/178
f 1164/161/169 1158/168/179 1159/167/178
f 1158/168/179 1164/161/169 1157/169/180
f 1164/161/169 1163/162/170 1157/169/180
f 1163/162/170 1141/170/181 1157/169/180
f 1141/170/181 1163/162/170 1140/163/172
f 1079/171/182 1077/165/174 1162/166/175
f 1162/166/175 1092/55/183 1079/171/182
f 1162/166/175 1161/59/176 1092/55/183
f 1094/54/184 1092/55/183 1161/59/176
f 1151/58/185 1094/54/184 1161/59/176
f 1160/56/177 1151/58/185 1161/59/176
f 1151/58/185 1160/56/177 1149/57/186
f 1159/167/178 1149/57/186 1160/56/177
f 1147/172/187 1149/57/186 1159/167/178
f 1156/173/188 1147/172/187 1159/167/178
f 1159/167/178 1158/168/179 1156/173/188
f 1154/174/189 1156/173/188 1158/168/179
f 1154/174/189 1158/168/179 1157/169/180
f 1152/175/190 1154/174/189 1157/169/180
f 1141/170/181 1152/175/190 1157/169/180
f 1152/175/190 1141/170/181 1153/169/191
f 1141/170/181 1142/162/192 1153/169/191
f 1142/162/192 1143/161/193 1153/169/191
f 1156/173/188 1154/174/189 1155/168/194
f 1147/172/187 1156/173/188 1145/167/195
f 1155/168/194 1145/167/195 1156/173/188
f 1155/168/194 1143/161/193 1145/167/195
f 1143/161/193 1155/168/194 1153/169/191
f 1155/168/194 1154/174/189 1153/169/191
f 1154/174/189 1152/175/190 1153/169/191
f 1093/53/196 1094/54/184 1107/49/49
f 1151/58/185 1107/49/49 1094/54/184
f 1107/49/49 1151/58/185 1150/48/48
f 1151/58/185 1149/57/186 1150/48/48
f 1150/48/48 1149/57/186 1148/47/47
f 1147/172/187 1148/47/47 1149/57/186
f 1148/47/47 1147/172/187 1146/57/60
f 1146/57/60 1147/172/187 1145/167/195
f 1146/57/60 1145/167/195 1144/56/59
f 1143/161/193 1144/56/59 1145/167/195
f 1144/56/59 1143/161/193 1136/60/64
f 1136/60/64 1143/161/193 1142/162/192
f 1142/162/192 1135/163/197 1136/60/64
f 1142/162/192 1141/170/181 1135/163/197
f 1141/170/181 1139/176/198 1135/163/197
f 1139/176/198 1141/170/181 1140/163/172
f 1140/163/172 1078/177/199 1139/176/198
f 1077/165/174 1078/177/199 1140/163/172
f 1078/177/199 1076/179/201 1133/178/200
f 1078/177/199 1133/178/200 1139/176/198
f 1133/178/200 1134/177/202 1139/176/198
f 1134/177/202 1135/163/197 1139/176/198
f 1126/55/58 1138/54/57 1137/59/63
f 1137/59/63 1130/166/203 1126/55/58
f 1130/166/203 1137/59/63 1136/60/64
f 1136/60/64 1132/164/204 1130/166/203
f 1135/163/197 1132/164/204 1136/60/64
f 1131/165/205 1132/164/204 1135/163/197
f 1134/177/202 1131/165/205 1135/163/197
f 1131/165/205 1134/177/202 1123/179/206
f 1123/179/206 1134/177/202 1133/178/200
f 1122/180/207 1123/179/206 1133/178/200
f 1076/179/201 1122/180/207 1133/178/200
f 1122/180/207 1076/179/201 1039/181/208
f 1074/182/209 1039/181/208 1076/179/201
f 1074/182/209 1040/183/210 1039/181/208
f 1063/184/211 1040/183/210 1074/182/209
f 1040/183/210 1063/184/211 1041/185/212
f 1062/186/213 1041/185/212 1063/184/211
f 1062/186/213 1042/187/214 1041/185/212
f 1130/166/203 1132/164/204 1131/165/205
f 1123/179/206 1124/188/215 1131/165/205
f 1125/171/216 1131/165/205 1124/188/215
f 1131/165/205 1125/171/216 1130/166/203
f 1126/55/58 1130/166/203 1125/171/216
f 1115/189/217 1114/190/218 1113/50/52
f 1113/50/52 1129/51/53 1115/189/217
f 1115/189/217 1129/51/53 1120/191/219
f 1128/52/54 1120/191/219 1129/51/53
f 1121/192/220 1120/191/219 1128/52/54
f 1128/52/54 1127/53/56 1121/192/220
f 1126/55/58 1121/192/220 1127/53/56
f 1121/192/220 1126/55/58 1118/193/221
f 1125/171/216 1118/193/221 1126/55/58
f 1118/193/221 1125/171/216 1119/194/222
f 1124/188/215 1119/194/222 1125/171/216
f 1119/194/222 1124/188/215 1037/195/223
f 1038/182/224 1037/195/223 1124/188/215
f 1038/182/224 1124/188/215 1123/179/206
f 1039/181/208 1038/182/224 1123/179/206
f 1123/179/206 1122/180/207 1039/181/208
f 1118/193/221 1117/196/225 1121/192/220
f 1120/191/219 1121/192/220 1117/196/225
f 1117/196/225 1116/197/226 1120/191/219
f 1116/197/226 1115/189/217 1120/191/219
f 1020/198/227 1037/195/223 1034/184/228
f 1037/195/223 1020/198/227 1119/194/222
f 1019/199/229 1119/194/222 1020/198/227
f 1119/194/222 1019/199/229 1118/193/221
f 1019/199/229 1021/200/230 1118/193/221
f 1021/200/230 1117/196/225 1118/193/221
f 1021/200/230 1022/201/231 1117/196/225
f 1022/201/231 1116/197/226 1117/196/225
f 1022/201/231 1100/202/232 1116/197/226
f 1100/202/232 1115/189/217 1116/197/226
f 1100/202/232 1111/203/233 1115/189/217
f 1111/203/233 1114/190/218 1115/189/217
f 1114/190/218 1111/203/233 1110/189/234
f 1114/190/218 1110/189/234 1113/50/52
f 1109/51/235 1113/50/52 1110/189/234
f 1109/51/235 1112/45/51 1113/50/52
f 1108/46/50 1112/45/51 1109/51/235
f 1106/52/236 1108/46/50 1109/51/235
f 1101/204/237 1111/203/233 1100/202/232
f 1111/203/233 1101/204/237 1103/202/238
f 1111/203/233 1103/202/238 1110/189/234
f 1110/189/234 1103/202/238 1104/197/239
f 1110/189/234 1104/197/239 1105/191/240
f 1109/51/235 1110/189/234 1105/191/240
f 1105/191/240 1106/52/236 1109/51/235
f 1108/46/50 1106/52/236 1107/49/49
f 1093/53/196 1107/49/49 1106/52/236
f 1093/53/196 1106/52/236 1095/192/241
f 1105/191/240 1095/192/241 1106/52/236
f 1095/192/241 1105/191/240 1096/196/242
f 1104/197/239 1096/196/242 1105/191/240
f 1104/197/239 1097/201/243 1096/196/242
f 1103/202/238 1097/201/243 1104/197/239
f 1103/202/238 1098/205/244 1097/201/243
f 1101/204/237 1098/205/244 1103/202/238
f 1098/205/244 1101/204/237 1099/206/245
f 1102/207/246 1099/206/245 1101/204/237
f 1102/207/246 1025/208/247 1099/206/245
f 1025/208/247 1102/207/246 1024/206/248
f 1024/206/248 1102/207/246 1101/204/237
f 1101/204/237 1023/205/249 1024/206/248
f 1023/205/249 1101/204/237 1100/202/232
f 1023/205/249 1100/202/232 1022/201/231
f 962/80/250 998/209/252 975/82/251
f 962/80/250 1088/210/253 998/209/252
f 1088/210/253 1026/211/254 998/209/252
f 1026/211/254 1088/210/253 1086/209/255
f 1026/211/254 1086/209/255 1025/208/247
f 1085/212/256 1025/208/247 1086/209/255
f 1025/208/247 1085/212/256 1099/206/245
f 1099/206/245 1085/212/256 1083/213/257
f 1099/206/245 1083/213/257 1098/205/244
f 1089/214/258 1098/205/244 1083/213/257
f 1098/205/244 1089/214/258 1097/201/243
f 1097/201/243 1089/214/258 1090/200/259
f 1097/201/243 1090/200/259 1096/196/242
f 1096/196/242 1090/200/259 1091/193/260
f 1096/196/242 1091/193/260 1095/192/241
f 1092/55/183 1095/192/241 1091/193/260
f 1095/192/241 1092/55/183 1093/53/196
f 1094/54/184 1093/53/196 1092/55/183
f 1091/193/260 1079/171/182 1092/55/183
f 1079/171/182 1091/193/260 1080/194/261
f 1081/199/262 1080/194/261 1091/193/260
f 1090/200/259 1081/199/262 1091/193/260
f 1090/200/259 1082/215/263 1081/199/262
f 1089/214/258 1082/215/263 1090/200/259
f 1089/214/258 1083/213/257 1082/215/263
f 1085/212/256 1084/216/264 1083/213/257
f 961/79/87 1088/210/253 962/80/250
f 1088/210/253 961/79/87 1087/80/88
f 1088/210/253 1087/80/88 1086/209/255
f 1086/209/255 1087/80/88 1068/82/90
f 1086/209/255 1068/82/90 1085/212/256
f 1084/216/264 1085/212/256 1068/82/90
f 1084/216/264 1068/82/90 1069/217/265
f 1084/216/264 1069/217/265 1083/213/257
f 1070/218/266 1083/213/257 1069/217/265
f 1083/213/257 1070/218/266 1082/215/263
f 1082/215/263 1070/218/266 1071/219/267
f 1082/215/263 1071/219/267 1081/199/262
f 1071/219/267 1072/198/268 1081/199/262
f 1080/194/261 1081/199/262 1072/198/268
f 1072/198/268 1073/195/269 1080/194/261
f 1075/188/270 1080/194/261 1073/195/269
f 1080/194/261 1075/188/270 1079/171/182
f 1077/165/174 1079/171/182 1075/188/270
f 1078/177/199 1077/165/174 1076/179/201
f 1075/188/270 1076/179/201 1077/165/174
f 1075/188/270 1074/182/209 1076/179/201
f 1073/195/269 1074/182/209 1075/188/270
f 1073/195/269 1063/184/211 1074/182/209
f 1073/195/269 1072/198/268 1063/184/211
f 1064/220/271 1063/184/211 1072/198/268
f 1072/198/268 1071/219/267 1064/220/271
f 1065/221/272 1064/220/271 1071/219/267
f 1070/218/266 1065/221/272 1071/219/267
f 1065/221/272 1070/218/266 1060/222/273
f 1069/217/265 1060/222/273 1070/218/266
f 1069/217/265 1059/223/274 1060/222/273
f 1068/82/90 1059/223/274 1069/217/265
f 1059/223/274 1068/82/90 1058/224/275
f 1066/81/89 1058/224/275 1068/82/90
f 1066/81/89 380/62/66 1058/224/275
f 1067/61/65 380/62/66 1066/81/89
f 1065/221/272 1060/222/273 1064/220/271
f 1060/222/273 1061/225/276 1064/220/271
f 1064/220/271 1061/225/276 1063/184/211
f 1061/225/276 1062/186/213 1063/184/211
f 1062/186/213 1061/225/276 1042/187/214
f 1056/226/277 1042/187/214 1061/225/276
f 1061/225/276 1060/222/273 1056/226/277
f 1057/227/278 1056/226/277 1060/222/273
f 1059/223/274 1057/227/278 1060/222/273
f 1057/227/278 1059/223/274 1054/228/279
f 1058/224/275 1054/228/279 1059/223/274
f 1058/224/275 1053/229/280 1054/228/279
f 380/62/66 1053/229/280 1058/224/275
f 380/62/66 378/230/281 1053/229/280
f 378/230/281 1052/231/282 1053/229/280
f 1052/231/282 378/230/281 366/232/283
f 366/232/283 1051/233/284 1052/231/282
f 358/234/285 1051/233/284 366/232/283
f 1047/235/286 1051/233/284 358/234/285
f 360/236/287 1047/235/286 358/234/285
f 1047/235/286 360/236/287 984/237/288
f 360/236/287 352/238/289 984/237/288
f 1057/227/278 1054/228/279 1056/226/277
f 1054/228/279 1055/239/290 1056/226/277
f 1056/226/277 1055/239/290 1042/187/214
f 1055/239/290 1043/240/291 1042/187/214
f 1043/240/291 1055/239/290 1044/241/292
f 1048/242/293 1044/241/292 1055/239/290
f 1055/239/290 1054/228/279 1048/242/293
f 1049/243/294 1048/242/293 1054/228/279
f 1053/229/280 1049/243/294 1054/228/279
f 1053/229/280 1052/231/282 1049/243/294
f 1052/231/282 1050/244/295 1049/243/294
f 1050/244/295 1052/231/282 1051/233/284
f 1050/244/295 1051/233/284 1046/245/296
f 1051/233/284 1047/235/286 1046/245/296
f 1050/244/295 1046/245/296 1049/243/294
f 1048/242/293 1049/243/294 1046/245/296
f 1046/245/296 1045/246/297 1048/242/293
f 1044/241/292 1048/242/293 1045/246/297
f 1047/235/286 984/237/288 1046/245/296
f 1045/246/297 1046/245/296 984/237/288
f 1045/246/297 984/237/288 1027/247/298
f 1045/246/297 1027/247/298 1044/241/292
f 1028/248/299 1044/241/292 1027/247/298
f 1044/241/292 1028/248/299 1043/240/291
f 1029/249/300 1043/240/291 1028/248/299
f 1043/240/291 1029/249/300 1042/187/214
f 1030/250/301 1042/187/214 1029/249/300
f 1042/187/214 1030/250/301 1041/185/212
f 1041/185/212 1030/250/301 1031/251/302
f 1041/185/212 1031/251/302 1040/183/210
f 1036/252/303 1040/183/210 1031/251/302
f 1040/183/210 1036/252/303 1039/181/208
f 1036/252/303 1035/183/304 1039/181/208
f 1035/183/304 1038/182/224 1039/181/208
f 1035/183/304 1034/184/228 1038/182/224
f 1034/184/228 1037/195/223 1038/182/224
f 1035/183/304 1036/252/303 1031/251/302
f 1031/251/302 1032/185/305 1035/183/304
f 1034/184/228 1035/183/304 1032/185/305
f 1032/185/305 1033/186/306 1034/184/228
f 1018/219/307 1020/198/227 1017/220/308
f 1034/184/228 1017/220/308 1020/198/227
f 1016/225/309 1017/220/308 1034/184/228
f 1033/186/306 1016/225/309 1034/184/228
f 1016/225/309 1033/186/306 1015/187/310
f 1015/187/310 1033/186/306 1032/185/305
f 1002/250/311 1015/187/310 1032/185/305
f 1002/250/311 1032/185/305 1031/251/302
f 1000/253/312 1002/250/311 1031/251/302
f 1030/250/301 1000/253/312 1031/251/302
f 1000/253/312 1030/250/301 1001/254/313
f 1029/249/300 1001/254/313 1030/250/301
f 1001/254/313 1029/249/300 1004/255/314
f 1028/248/299 1004/255/314 1029/249/300
f 1004/255/314 1028/248/299 988/256/315
f 1027/247/298 988/256/315 1028/248/299
f 988/256/315 1027/247/298 983/257/316
f 984/237/288 983/257/316 1027/247/298
f 998/209/252 1026/211/254 1025/208/247
f 1025/208/247 997/212/317 998/209/252
f 997/212/317 1025/208/247 1024/206/248
f 997/212/317 1024/206/248 996/213/318
f 996/213/318 1024/206/248 1023/205/249
f 1023/205/249 1012/214/319 996/213/318
f 1012/214/319 1023/205/249 1022/201/231
f 1012/214/319 1022/201/231 1021/200/230
f 1011/215/320 1012/214/319 1021/200/230
f 1011/215/320 1021/200/230 1019/199/229
f 1018/219/307 1011/215/320 1019/199/229
f 1020/198/227 1018/219/307 1019/199/229
f 1003/249/321 1014/240/322 1015/187/310
f 1015/187/310 1002/250/311 1003/249/321
f 1010/218/323 1011/215/320 1018/219/307
f 1013/221/324 1010/218/323 1018/219/307
f 1017/220/308 1013/221/324 1018/219/307
f 1009/222/325 1013/221/324 1017/220/308
f 1016/225/309 1009/222/325 1017/220/308
f 1009/222/325 1016/225/309 1008/226/326
f 1015/187/310 1008/226/326 1016/225/309
f 1007/239/327 1008/226/326 1015/187/310
f 1014/240/322 1007/239/327 1015/187/310
f 1007/239/327 1014/240/322 1006/241/328
f 1005/248/329 1006/241/328 1014/240/322
f 1014/240/322 1003/249/321 1005/248/329
f 1010/218/323 1013/221/324 1009/222/325
f 996/213/318 1012/214/319 1011/215/320
f 1010/218/323 996/213/318 1011/215/320
f 996/213/318 1010/218/323 994/217/330
f 1009/222/325 994/217/330 1010/218/323
f 993/223/331 994/217/330 1009/222/325
f 999/227/332 993/223/331 1009/222/325
f 1008/226/326 999/227/332 1009/222/325
f 992/228/333 999/227/332 1008/226/326
f 1007/239/327 992/228/333 1008/226/326
f 992/228/333 1007/239/327 991/242/334
f 1006/241/328 991/242/334 1007/239/327
f 991/242/334 1006/241/328 990/246/335
f 989/247/336 990/246/335 1006/241/328
f 1006/241/328 1005/248/329 989/247/336
f 988/256/315 989/247/336 1005/248/329
f 1005/248/329 1004/255/314 988/256/315
f 1004/255/314 1005/248/329 1003/249/321
f 1003/249/321 1001/254/313 1004/255/314
f 1001/254/313 1003/249/321 1002/250/311
f 1002/250/311 1000/253/312 1001/254/313
f 993/223/331 999/227/332 992/228/333
f 975/82/251 998/209/252 997/212/317
f 997/212/317 995/216/337 975/82/251
f 995/216/337 997/212/317 996/213/318
f 994/217/330 995/216/337 996/213/318
f 975/82/251 995/216/337 994/217/330
f 993/223/331 975/82/251 994/217/330
f 975/82/251 993/223/331 976/224/338
f 992/228/333 976/224/338 993/223/331
f 977/229/339 976/224/338 992/228/333
f 985/243/340 977/229/339 992/228/333
f 991/242/334 985/243/340 992/228/333
f 985/243/340 991/242/334 987/245/341
f 990/246/335 987/245/341 991/242/334
f 987/245/341 990/246/335 981/237/342
f 981/237/342 990/246/335 989/247/336
f 982/257/343 981/237/342 989/247/336
f 989/247/336 988/256/315 982/257/343
f 988/256/315 983/257/316 982/257/343
f 987/245/341 986/244/344 985/243/340
f 981/237/342 980/235/345 987/245/341
f 980/235/345 979/233/346 987/245/341
f 979/233/346 986/244/344 987/245/341
f 978/231/347 986/244/344 979/233/346
f 986/244/344 978/231/347 985/243/340
f 978/231/347 977/229/339 985/243/340
f 983/257/316 984/237/288 352/238/289
f 350/258/348 983/257/316 352/238/289
f 350/258/348 982/257/343 983/257/316
f 982/257/343 350/258/348 351/238/349
f 981/237/342 982/257/343 351/238/349
f 351/238/349 974/236/350 981/237/342
f 974/236/350 980/235/345 981/237/342
f 980/235/345 974/236/350 972/234/351
f 979/233/346 980/235/345 972/234/351
f 979/233/346 972/234/351 969/232/352
f 979/233/346 969/232/352 978/231/347
f 967/230/353 978/231/347 969/232/352
f 978/231/347 967/230/353 977/229/339
f 967/230/353 965/62/354 977/229/339
f 977/229/339 965/62/354 976/224/338
f 965/62/354 964/81/355 976/224/338
f 976/224/338 964/81/355 975/82/251
f 975/82/251 964/81/355 962/80/250
f 330/259/356 332/261/358 958/260/357
f 958/260/357 351/238/349 330/259/356
f 959/262/359 351/238/349 958/260/357
f 974/236/350 351/238/349 959/262/359
f 960/74/80 974/236/350 959/262/359
f 972/234/351 974/236/350 960/74/80
f 972/234/351 960/74/80 973/72/78
f 972/234/351 973/72/78 971/71/76
f 969/232/352 972/234/351 971/71/76
f 970/69/74 969/232/352 971/71/76
f 968/65/72 969/232/352 970/69/74
f 969/232/352 968/65/72 967/230/353
f 968/65/72 966/63/85 967/230/353
f 967/230/353 966/63/85 965/62/354
f 966/63/85 963/61/86 965/62/354
f 965/62/354 963/61/86 964/81/355
f 963/61/86 962/80/250 964/81/355
f 963/61/86 961/79/87 962/80/250
f 957/76/82 960/74/80 959/262/359
f 959/262/359 958/260/357 957/76/82
f 958/260/357 332/261/358 957/76/82
f 957/76/82 332/261/358 333/78/84
f 928/263/360 897/265/362 896/264/361
f 942/266/363 897/265/362 928/263/360
f 942/266/363 928/263/360 924/267/364
f 924/267/364 944/268/365 942/266/363
f 926/269/366 944/268/365 924/267/364
f 946/270/367 944/268/365 926/269/366
f 946/270/367 926/269/366 956/271/368
f 956/271/368 949/272/369 946/270/367
f 955/273/370 949/272/369 956/271/368
f 950/274/371 949/272/369 955/273/370
f 950/274/371 955/273/370 954/275/372
f 954/275/372 389/276/373 950/274/371
f 953/277/374 389/276/373 954/275/372
f 390/278/375 389/276/373 953/277/374
f 390/278/375 953/277/374 952/279/376
f 952/279/376 402/280/377 390/278/375
f 417/281/378 402/280/377 952/279/376
f 403/282/379 402/280/377 417/281/378
f 926/269/366 925/284/381 939/283/380
f 939/283/380 956/271/368 926/269/366
f 940/285/382 956/271/368 939/283/380
f 955/273/370 956/271/368 940/285/382
f 955/273/370 940/285/382 941/286/383
f 941/286/383 954/275/372 955/273/370
f 943/287/384 954/275/372 941/286/383
f 953/277/374 954/275/372 943/287/384
f 953/277/374 943/287/384 945/288/385
f 945/288/385 952/279/376 953/277/374
f 947/289/386 952/279/376 945/288/385
f 417/281/378 952/279/376 947/289/386
f 417/281/378 947/289/386 948/290/387
f 948/290/387 416/291/388 417/281/378
f 951/292/389 416/291/388 948/290/387
f 415/293/390 416/291/388 951/292/389
f 388/294/391 415/293/390 951/292/389
f 415/293/390 388/294/391 391/295/392
f 388/294/391 950/274/371 389/276/373
f 388/294/391 951/292/389 950/274/371
f 951/292/389 948/290/387 950/274/371
f 950/274/371 948/290/387 949/272/369
f 948/290/387 946/270/367 949/272/369
f 948/290/387 947/289/386 946/270/367
f 947/289/386 945/288/385 946/270/367
f 946/270/367 945/288/385 944/268/365
f 944/268/365 945/288/385 943/287/384
f 943/287/384 942/266/363 944/268/365
f 943/287/384 941/286/383 942/266/363
f 942/266/363 941/286/383 897/265/362
f 941/286/383 909/296/393 897/265/362
f 941/286/383 940/285/382 909/296/393
f 940/285/382 939/283/380 909/296/393
f 909/296/393 939/283/380 938/297/394
f 909/296/393 938/297/394 895/298/395
f 895/298/395 938/297/394 934/299/396
f 925/284/381 927/301/398 937/300/397
f 936/302/399 937/300/397 927/301/398
f 927/301/398 935/303/400 936/302/399
f 938/297/394 939/283/380 925/284/381
f 925/284/381 937/300/397 938/297/394
f 934/299/396 938/297/394 937/300/397
f 937/300/397 936/302/399 934/299/396
f 934/299/396 936/302/399 932/304/401
f 932/304/401 936/302/399 935/303/400
f 935/303/400 931/305/402 932/304/401
f 931/305/402 935/303/400 930/306/403
f 929/307/404 930/306/403 935/303/400
f 935/303/400 927/301/398 929/307/404
f 934/299/396 932/304/401 933/308/405
f 895/298/395 934/299/396 899/309/406
f 899/309/406 934/299/396 933/308/405
f 899/309/406 933/308/405 901/310/407
f 901/310/407 933/308/405 903/311/408
f 903/311/408 933/308/405 932/304/401
f 932/304/401 905/312/409 903/311/408
f 932/304/401 916/313/410 905/312/409
f 932/304/401 931/305/402 916/313/410
f 916/313/410 931/305/402 915/314/411
f 930/306/403 915/314/411 931/305/402
f 915/314/411 930/306/403 898/315/412
f 929/307/404 898/315/412 930/306/403
f 929/307/404 896/264/361 898/315/412
f 928/263/360 896/264/361 929/307/404
f 928/263/360 929/307/404 927/301/398
f 927/301/398 924/267/364 928/263/360
f 925/284/381 924/267/364 927/301/398
f 926/269/366 924/267/364 925/284/381
f 918/316/413 919/318/415 920/317/414
f 923/319/416 918/316/413 920/317/414
f 917/320/417 918/316/413 923/319/416
f 917/320/417 923/319/416 907/321/418
f 894/322/419 907/321/418 923/319/416
f 923/319/416 922/323/420 894/322/419
f 894/322/419 922/323/420 885/324/421
f 923/319/416 920/317/414 922/323/420
f 885/324/421 922/323/420 920/317/414
f 883/325/422 921/327/424 910/326/423
f 885/324/421 921/327/424 883/325/422
f 920/317/414 921/327/424 885/324/421
f 920/317/414 910/326/423 921/327/424
f 920/317/414 919/318/415 910/326/423
f 919/318/415 911/328/425 910/326/423
f 919/318/415 912/329/426 911/328/425
f 913/330/427 912/329/426 919/318/415
f 918/316/413 913/330/427 919/318/415
f 914/331/428 913/330/427 918/316/413
f 917/320/417 914/331/428 918/316/413
f 915/314/411 914/331/428 917/320/417
f 915/314/411 917/320/417 916/313/410
f 907/321/418 916/313/410 917/320/417
f 905/312/409 916/313/410 907/321/418
f 898/315/412 900/332/429 915/314/411
f 915/314/411 900/332/429 914/331/428
f 900/332/429 902/333/430 914/331/428
f 914/331/428 902/333/430 913/330/427
f 902/333/430 904/334/431 913/330/427
f 913/330/427 904/334/431 912/329/426
f 912/329/426 904/334/431 906/335/432
f 906/335/432 908/336/433 912/329/426
f 912/329/426 908/336/433 881/337/434
f 912/329/426 881/337/434 911/328/425
f 880/338/435 911/328/425 881/337/434
f 910/326/423 911/328/425 880/338/435
f 910/326/423 880/338/435 889/339/436
f 910/326/423 889/339/436 883/325/422
f 887/340/437 883/325/422 889/339/436
f 897/265/362 909/296/393 895/298/395
f 885/324/421 884/342/439 882/341/438
f 882/341/438 893/343/440 885/324/421
f 881/337/434 893/343/440 882/341/438
f 894/322/419 893/343/440 881/337/434
f 881/337/434 908/336/433 894/322/419
f 907/321/418 894/322/419 908/336/433
f 908/336/433 906/335/432 907/321/418
f 905/312/409 907/321/418 906/335/432
f 905/312/409 906/335/432 904/334/431
f 904/334/431 903/311/408 905/312/409
f 902/333/430 903/311/408 904/334/431
f 901/310/407 903/311/408 902/333/430
f 900/332/429 901/310/407 902/333/430
f 899/309/406 901/310/407 900/332/429
f 900/332/429 898/315/412 899/309/406
f 895/298/395 899/309/406 898/315/412
f 898/315/412 896/264/361 895/298/395
f 897/265/362 895/298/395 896/264/361
f 894/322/419 885/324/421 893/343/440
f 892/344/441 890/346/443 891/345/442
f 892/344/441 888/347/444 890/346/443
f 892/344/441 886/348/445 888/347/444
f 884/342/439 886/348/445 892/344/441
f 892/344/441 882/341/438 884/342/439
f 879/349/446 882/341/438 892/344/441
f 879/349/446 892/344/441 891/345/442
f 880/338/435 879/349/446 891/345/442
f 880/338/435 891/345/442 890/346/443
f 889/339/436 880/338/435 890/346/443
f 889/339/436 890/346/443 888/347/444
f 889/339/436 888/347/444 887/340/437
f 886/348/445 887/340/437 888/347/444
f 883/325/422 887/340/437 886/348/445
f 886/348/445 884/342/439 883/325/422
f 885/324/421 883/325/422 884/342/439
f 881/337/434 882/341/438 879/349/446
f 881/337/434 879/349/446 880/338/435
f 590/350/447 608/352/449 589/351/448
f 590/350/447 874/353/450 608/352/449
f 874/353/450 609/354/451 608/352/449
f 874/353/450 878/355/452 609/354/451
f 878/355/452 610/356/453 609/354/451
f 610/356/453 878/355/452 875/357/454
f 610/356/453 875/357/454 615/358/455
f 615/358/455 875/357/454 877/359/456
f 613/360/457 615/358/455 877/359/456
f 716/361/458 613/360/457 877/359/456
f 877/359/456 876/362/459 716/361/458
f 716/361/458 876/362/459 714/363/460
f 714/363/460 876/362/459 873/364/461
f 712/365/462 714/363/460 873/364/461
f 712/365/462 873/364/461 590/350/447
f 708/366/463 712/365/462 590/350/447
f 590/350/447 574/367/464 708/366/463
f 574/367/464 573/368/465 708/366/463
f 874/353/450 875/357/454 878/355/452
f 876/362/459 877/359/456 875/357/454
f 876/362/459 875/357/454 873/364/461
f 874/353/450 873/364/461 875/357/454
f 590/350/447 873/364/461 874/353/450
f 851/102/466 834/369/468 857/106/467
f 857/106/467 834/369/468 832/105/469
f 832/105/469 859/104/470 857/106/467
f 832/105/469 831/103/471 859/104/470
f 859/104/470 831/103/471 861/96/472
f 861/96/472 831/103/471 872/98/473
f 872/98/473 863/97/474 861/96/472
f 872/98/473 871/99/475 863/97/474
f 863/97/474 871/99/475 865/109/476
f 865/109/476 871/99/475 870/108/477
f 870/108/477 780/90/478 865/109/476
f 870/108/477 869/92/479 780/90/478
f 780/90/478 869/92/479 778/91/480
f 778/91/480 869/92/479 868/93/481
f 868/93/481 782/112/482 778/91/480
f 868/93/481 867/111/483 782/112/482
f 782/112/482 867/111/483 784/83/484
f 784/83/484 867/111/483 812/86/485
f 830/370/486 838/371/487 831/103/471
f 831/103/471 838/371/487 854/116/488
f 854/116/488 872/98/473 831/103/471
f 854/116/488 855/100/489 872/98/473
f 872/98/473 855/100/489 871/99/475
f 871/99/475 855/100/489 856/101/490
f 856/101/490 870/108/477 871/99/475
f 856/101/490 858/107/491 870/108/477
f 870/108/477 858/107/491 869/92/479
f 869/92/479 858/107/491 860/94/492
f 860/94/492 868/93/481 869/92/479
f 860/94/492 862/95/493 868/93/481
f 868/93/481 862/95/493 867/111/483
f 867/111/483 862/95/493 864/110/494
f 864/110/494 812/86/485 867/111/483
f 864/110/494 866/88/495 812/86/485
f 812/86/485 866/88/495 807/87/496
f 807/87/496 866/88/495 779/89/497
f 780/90/478 779/89/497 866/88/495
f 866/88/495 865/109/476 780/90/478
f 864/110/494 865/109/476 866/88/495
f 863/97/474 865/109/476 864/110/494
f 863/97/474 864/110/494 862/95/493
f 862/95/493 861/96/472 863/97/474
f 860/94/492 861/96/472 862/95/493
f 859/104/470 861/96/472 860/94/492
f 859/104/470 860/94/492 858/107/491
f 858/107/491 857/106/467 859/104/470
f 856/101/490 857/106/467 858/107/491
f 851/102/466 857/106/467 856/101/490
f 851/102/466 856/101/490 855/100/489
f 855/100/489 852/372/498 851/102/466
f 854/116/488 852/372/498 855/100/489
f 838/371/487 852/372/498 854/116/488
f 850/373/499 852/372/498 838/371/487
f 852/372/498 850/373/499 853/374/500
f 165/375/501 164/376/502 430/19/20
f 430/19/20 164/376/502 849/377/503
f 164/376/502 167/378/504 849/377/503
f 849/377/503 167/378/504 848/379/505
f 848/379/505 841/380/506 849/377/503
f 848/379/505 847/381/507 841/380/506
f 840/382/508 841/380/506 847/381/507
f 847/381/507 846/383/509 840/382/508
f 840/382/508 846/383/509 839/384/510
f 846/383/509 850/373/499 839/384/510
f 850/373/499 846/383/509 844/385/511
f 844/385/511 843/386/512 850/373/499
f 850/373/499 843/386/512 853/374/500
f 843/386/512 837/387/513 853/374/500
f 853/374/500 837/387/513 852/372/498
f 852/372/498 837/387/513 836/388/514
f 836/388/514 851/102/466 852/372/498
f 836/388/514 834/369/468 851/102/466
f 838/371/487 839/384/510 850/373/499
f 842/389/515 849/377/503 841/380/506
f 842/389/515 430/19/20 849/377/503
f 167/378/504 166/14/15 848/379/505
f 848/379/505 166/14/15 179/390/516
f 847/381/507 848/379/505 179/390/516
f 179/390/516 178/16/17 847/381/507
f 847/381/507 178/16/17 846/383/509
f 178/16/17 845/17/18 846/383/509
f 846/383/509 845/17/18 844/385/511
f 845/17/18 430/19/20 844/385/511
f 844/385/511 430/19/20 843/386/512
f 430/19/20 842/389/515 843/386/512
f 837/387/513 843/386/512 842/389/515
f 842/389/515 841/380/506 837/387/513
f 837/387/513 841/380/506 835/391/517
f 841/380/506 840/382/508 835/391/517
f 833/392/518 835/391/517 840/382/508
f 840/382/508 839/384/510 833/392/518
f 833/392/518 839/384/510 830/370/486
f 839/384/510 838/371/487 830/370/486
f 837/387/513 835/391/517 836/388/514
f 836/388/514 835/391/517 834/369/468
f 835/391/517 833/392/518 834/369/468
f 833/392/518 832/105/469 834/369/468
f 833/392/518 830/370/486 832/105/469
f 832/105/469 830/370/486 831/103/471
f 829/159/519 828/160/521 827/158/520
f 820/152/522 826/157/524 822/134/523
f 818/153/525 826/157/524 820/152/522
f 816/154/526 826/157/524 818/153/525
f 816/154/526 814/156/527 826/157/524
f 826/157/524 814/156/527 827/158/520
f 829/159/519 827/158/520 814/156/527
f 814/156/527 800/124/528 829/159/519
f 829/159/519 800/124/528 828/160/521
f 799/125/529 828/160/521 800/124/528
f 828/160/521 799/125/529 798/127/530
f 798/127/530 825/129/531 828/160/521
f 824/132/532 828/160/521 825/129/531
f 827/158/520 828/160/521 824/132/532
f 827/158/520 824/132/532 822/134/523
f 827/158/520 822/134/523 826/157/524
f 815/155/533 814/156/527 816/154/526
f 821/131/534 817/130/536 819/151/535
f 798/127/530 797/128/537 825/129/531
f 825/129/531 797/128/537 817/130/536
f 825/129/531 817/130/536 821/131/534
f 825/129/531 821/131/534 824/132/532
f 823/133/538 824/132/532 821/131/534
f 822/134/523 824/132/532 823/133/538
f 821/131/534 822/134/523 823/133/538
f 820/152/522 822/134/523 821/131/534
f 819/151/535 820/152/522 821/131/534
f 818/153/525 820/152/522 819/151/535
f 819/151/535 817/130/536 818/153/525
f 816/154/526 818/153/525 817/130/536
f 817/130/536 797/128/537 816/154/526
f 815/155/533 816/154/526 797/128/537
f 797/128/537 810/144/539 815/155/533
f 815/155/533 810/144/539 814/156/527
f 809/150/540 814/156/527 810/144/539
f 809/150/540 800/124/528 814/156/527
f 813/143/541 797/128/537 794/126/542
f 813/143/541 810/144/539 797/128/537
f 813/143/541 811/142/543 810/144/539
f 794/126/542 811/142/543 813/143/541
f 793/136/544 811/142/543 794/126/542
f 812/86/485 777/84/545 784/83/484
f 812/86/485 807/87/496 777/84/545
f 777/84/545 807/87/496 774/146/546
f 774/146/546 807/87/496 806/115/547
f 774/146/546 806/115/547 775/147/548
f 775/147/548 806/115/547 808/119/549
f 808/119/549 789/120/550 775/147/548
f 808/119/549 805/118/551 789/120/550
f 789/120/550 805/118/551 791/121/552
f 791/121/552 805/118/551 804/137/553
f 804/137/553 793/136/544 791/121/552
f 804/137/553 803/141/554 793/136/544
f 793/136/544 803/141/554 811/142/543
f 811/142/543 803/141/554 802/145/555
f 802/145/555 810/144/539 811/142/543
f 802/145/555 801/149/556 810/144/539
f 810/144/539 801/149/556 809/150/540
f 809/150/540 801/149/556 800/124/528
f 808/119/549 806/115/547 805/118/551
f 779/89/497 806/115/547 807/87/496
f 806/115/547 779/89/497 795/114/557
f 795/114/557 805/118/551 806/115/547
f 805/118/551 795/114/557 796/135/558
f 796/135/558 804/137/553 805/118/551
f 796/135/558 786/139/559 804/137/553
f 804/137/553 786/139/559 803/141/554
f 803/141/554 786/139/559 787/138/560
f 787/138/560 802/145/555 803/141/554
f 787/138/560 788/148/561 802/145/555
f 802/145/555 788/148/561 801/149/556
f 801/149/556 788/148/561 790/122/562
f 790/122/562 800/124/528 801/149/556
f 790/122/562 792/123/563 800/124/528
f 800/124/528 792/123/563 799/125/529
f 799/125/529 792/123/563 794/126/542
f 794/126/542 798/127/530 799/125/529
f 798/127/530 794/126/542 797/128/537
f 796/135/558 785/85/564 786/139/559
f 783/117/565 785/85/564 796/135/558
f 783/117/565 796/135/558 795/114/557
f 795/114/557 781/113/566 783/117/565
f 781/113/566 795/114/557 779/89/497
f 793/136/544 794/126/542 792/123/563
f 792/123/563 791/121/552 793/136/544
f 790/122/562 791/121/552 792/123/563
f 789/120/550 791/121/552 790/122/562
f 789/120/550 790/122/562 788/148/561
f 788/148/561 775/147/548 789/120/550
f 787/138/560 775/147/548 788/148/561
f 776/140/567 775/147/548 787/138/560
f 776/140/567 787/138/560 786/139/559
f 786/139/559 777/84/545 776/140/567
f 785/85/564 777/84/545 786/139/559
f 785/85/564 784/83/484 777/84/545
f 783/117/565 784/83/484 785/85/564
f 782/112/482 784/83/484 783/117/565
f 782/112/482 783/117/565 781/113/566
f 781/113/566 778/91/480 782/112/482
f 779/89/497 778/91/480 781/113/566
f 780/90/478 778/91/480 779/89/497
f 777/84/545 774/146/546 776/140/567
f 776/140/567 774/146/546 775/147/548
f 758/393/568 750/395/570 772/394/569
f 750/395/570 745/396/571 772/394/569
f 772/394/569 745/396/571 773/397/572
f 773/397/572 745/396/571 689/398/573
f 689/398/573 669/400/575 668/399/574
f 630/401/576 689/398/573 668/399/574
f 773/397/572 689/398/573 630/401/576
f 633/402/577 773/397/572 630/401/576
f 772/394/569 773/397/572 633/402/577
f 633/402/577 634/403/578 772/394/569
f 758/393/568 772/394/569 634/403/578
f 649/360/579 758/393/568 634/403/578
f 758/393/568 649/360/579 769/404/580
f 650/405/581 769/404/580 649/360/579
f 650/405/581 768/406/582 769/404/580
f 651/407/583 768/406/582 650/405/581
f 767/408/584 768/406/582 651/407/583
f 767/408/584 651/407/583 653/409/585
f 653/409/585 765/410/586 767/408/584
f 643/411/587 765/410/586 653/409/585
f 770/412/588 765/410/586 643/411/587
f 770/412/588 643/411/587 644/413/589
f 762/407/590 616/414/592 614/405/591
f 771/406/593 762/407/590 614/405/591
f 771/406/593 614/405/591 612/404/594
f 771/406/593 612/404/594 145/415/595
f 771/406/593 145/415/595 143/416/596
f 143/416/596 764/408/597 771/406/593
f 143/416/596 766/417/598 764/408/597
f 771/406/593 764/408/597 762/407/590
f 761/418/599 759/411/601 760/419/600
f 761/418/599 763/409/602 759/411/601
f 765/410/586 759/411/601 763/409/602
f 765/410/586 770/412/588 759/411/601
f 759/411/601 770/412/588 644/413/589
f 147/415/603 758/393/568 769/404/580
f 769/404/580 768/406/582 147/415/603
f 147/415/603 768/406/582 143/416/596
f 767/408/584 143/416/596 768/406/582
f 766/417/598 143/416/596 767/408/584
f 766/417/598 767/408/584 765/410/586
f 764/408/597 766/417/598 765/410/586
f 765/410/586 763/409/602 764/408/597
f 762/407/590 764/408/597 763/409/602
f 762/407/590 763/409/602 761/418/599
f 762/407/590 761/418/599 616/414/592
f 616/414/592 761/418/599 760/419/600
f 760/419/600 617/420/604 616/414/592
f 618/421/605 617/420/604 760/419/600
f 618/421/605 760/419/600 759/411/601
f 618/421/605 759/411/601 619/422/606
f 644/413/589 619/422/606 759/411/601
f 619/422/606 644/413/589 620/423/607
f 733/424/608 732/426/610 737/425/609
f 733/424/608 737/425/609 734/77/83
f 737/425/609 756/427/611 734/77/83
f 734/77/83 756/427/611 452/75/81
f 451/428/612 452/75/81 756/427/611
f 756/427/611 754/429/613 451/428/612
f 451/428/612 754/429/613 450/430/614
f 450/430/614 754/429/613 753/431/615
f 160/432/616 450/430/614 753/431/615
f 757/433/617 160/432/616 753/431/615
f 757/433/617 156/434/618 160/432/616
f 156/434/618 757/433/617 749/435/619
f 156/434/618 749/435/619 137/436/620
f 137/436/620 749/435/619 750/395/570
f 139/437/621 137/436/620 750/395/570
f 139/437/621 750/395/570 758/393/568
f 141/438/622 139/437/621 758/393/568
f 141/438/622 758/393/568 147/415/603
f 752/439/623 757/433/617 753/431/615
f 757/433/617 752/439/623 749/435/619
f 749/435/619 752/439/623 751/440/624
f 754/429/613 756/427/611 737/425/609
f 755/441/625 754/429/613 737/425/609
f 737/425/609 736/442/626 755/441/625
f 739/443/627 755/441/625 736/442/626
f 754/429/613 755/441/625 739/443/627
f 754/429/613 739/443/627 748/444/628
f 753/431/615 754/429/613 748/444/628
f 753/431/615 748/444/628 752/439/623
f 748/444/628 747/445/629 752/439/623
f 747/445/629 751/440/624 752/439/623
f 751/440/624 747/445/629 743/446/630
f 751/440/624 743/446/630 749/435/619
f 749/435/619 743/446/630 745/396/571
f 750/395/570 749/435/619 745/396/571
f 739/443/627 747/445/629 748/444/628
f 741/447/631 747/445/629 739/443/627
f 747/445/629 741/447/631 743/446/630
f 738/448/632 732/426/610 731/449/633
f 731/449/633 735/450/634 738/448/632
f 735/450/634 740/451/635 738/448/632
f 740/451/635 735/450/634 742/452/636
f 742/452/636 735/450/634 728/453/637
f 742/452/636 728/453/637 744/454/638
f 727/455/639 744/454/638 728/453/637
f 726/456/640 744/454/638 727/455/639
f 746/457/641 744/454/638 726/456/640
f 746/457/641 726/456/640 689/398/573
f 746/457/641 689/398/573 745/396/571
f 744/454/638 746/457/641 745/396/571
f 743/446/630 744/454/638 745/396/571
f 742/452/636 744/454/638 743/446/630
f 741/447/631 742/452/636 743/446/630
f 742/452/636 741/447/631 740/451/635
f 741/447/631 739/443/627 740/451/635
f 740/451/635 739/443/627 738/448/632
f 738/448/632 739/443/627 736/442/626
f 736/442/626 732/426/610 738/448/632
f 732/426/610 736/442/626 737/425/609
f 730/458/642 729/459/643 731/449/633
f 729/459/643 735/450/634 731/449/633
f 735/450/634 729/459/643 728/453/637
f 333/78/84 733/424/608 734/77/83
f 733/424/608 333/78/84 334/460/644
f 732/426/610 733/424/608 334/460/644
f 345/461/645 732/426/610 334/460/644
f 732/426/610 345/461/645 731/449/633
f 345/461/645 346/462/646 731/449/633
f 346/462/646 730/458/642 731/449/633
f 346/462/646 698/463/647 730/458/642
f 730/458/642 698/463/647 729/459/643
f 729/459/643 698/463/647 697/464/648
f 729/459/643 697/464/648 728/453/637
f 697/464/648 700/465/649 728/453/637
f 700/465/649 727/455/639 728/453/637
f 700/465/649 693/466/650 727/455/639
f 693/466/650 726/456/640 727/455/639
f 726/456/640 693/466/650 691/467/651
f 689/398/573 726/456/640 691/467/651
f 688/468/652 689/398/573 691/467/651
f 698/463/647 725/458/654 696/459/653
f 698/463/647 346/462/646 725/458/654
f 725/458/654 346/462/646 339/449/655
f 696/459/653 725/458/654 339/449/655
f 340/450/656 696/459/653 339/449/655
f 696/459/653 340/450/656 699/453/657
f 340/450/656 341/452/658 699/453/657
f 699/453/657 341/452/658 710/454/659
f 710/454/659 341/452/658 342/446/660
f 710/454/659 342/446/660 711/396/661
f 342/446/660 319/435/662 711/396/661
f 319/435/662 718/395/663 711/396/661
f 319/435/662 320/436/664 718/395/663
f 320/436/664 724/437/665 718/395/663
f 724/437/665 320/436/664 138/469/666
f 138/469/666 140/470/667 724/437/665
f 144/438/668 724/437/665 140/470/667
f 140/470/667 142/471/669 144/438/668
f 718/395/663 724/437/665 611/393/670
f 724/437/665 144/438/668 611/393/670
f 723/472/671 713/474/673 707/473/672
f 707/473/672 706/475/674 723/472/671
f 706/475/674 705/476/675 723/472/671
f 720/401/676 723/472/671 705/476/675
f 720/401/676 713/474/673 723/472/671
f 720/401/676 722/402/677 713/474/673
f 722/402/677 715/403/678 713/474/673
f 715/403/678 722/402/677 717/394/679
f 719/397/680 717/394/679 722/402/677
f 719/397/680 722/402/677 720/401/676
f 704/400/681 703/398/683 721/399/682
f 721/399/682 705/476/675 704/400/681
f 705/476/675 721/399/682 720/401/676
f 703/398/683 720/401/676 721/399/682
f 703/398/683 719/397/680 720/401/676
f 711/396/661 719/397/680 703/398/683
f 711/396/661 717/394/679 719/397/680
f 711/396/661 718/395/663 717/394/679
f 718/395/663 611/393/670 717/394/679
f 717/394/679 611/393/670 715/403/678
f 611/393/670 613/360/457 715/403/678
f 715/403/678 613/360/457 716/361/458
f 715/403/678 716/361/458 714/363/460
f 715/403/678 714/363/460 713/474/673
f 713/474/673 714/363/460 712/365/462
f 712/365/462 707/473/672 713/474/673
f 707/473/672 712/365/462 708/366/463
f 703/398/683 709/457/684 711/396/661
f 709/457/684 710/454/659 711/396/661
f 710/454/659 709/457/684 702/456/685
f 710/454/659 702/456/685 701/455/686
f 710/454/659 701/455/686 699/453/657
f 702/456/685 709/457/684 703/398/683
f 707/473/672 708/366/463 573/368/465
f 573/368/465 706/475/674 707/473/672
f 575/477/687 706/475/674 573/368/465
f 705/476/675 706/475/674 575/477/687
f 575/477/687 571/478/688 705/476/675
f 704/400/681 705/476/675 571/478/688
f 571/478/688 570/479/689 704/400/681
f 570/479/689 695/468/690 704/400/681
f 703/398/683 704/400/681 695/468/690
f 703/398/683 695/468/690 694/467/691
f 702/456/685 703/398/683 694/467/691
f 693/466/650 702/456/685 694/467/691
f 702/456/685 693/466/650 701/455/686
f 693/466/650 700/465/649 701/455/686
f 701/455/686 700/465/649 699/453/657
f 700/465/649 697/464/648 699/453/657
f 697/464/648 696/459/653 699/453/657
f 698/463/647 696/459/653 697/464/648
f 570/479/689 569/480/692 695/468/690
f 690/481/693 695/468/690 569/480/692
f 694/467/691 695/468/690 690/481/693
f 690/481/693 692/482/694 694/467/691
f 693/466/650 694/467/691 692/482/694
f 691/467/651 693/466/650 692/482/694
f 692/482/694 690/481/693 691/467/651
f 688/468/652 691/467/651 690/481/693
f 688/468/652 690/481/693 569/480/692
f 569/480/692 687/479/695 688/468/652
f 568/483/696 687/479/695 569/480/692
f 686/484/697 687/479/695 568/483/696
f 568/483/696 567/485/698 686/484/697
f 685/486/699 686/484/697 567/485/698
f 685/486/699 567/485/698 566/487/700
f 669/400/575 689/398/573 688/468/652
f 688/468/652 687/479/695 669/400/575
f 687/479/695 670/478/701 669/400/575
f 686/484/697 670/478/701 687/479/695
f 684/488/702 670/478/701 686/484/697
f 685/486/699 684/488/702 686/484/697
f 684/488/702 685/486/699 683/489/703
f 566/487/700 683/489/703 685/486/699
f 566/487/700 679/490/704 683/489/703
f 565/491/705 679/490/704 566/487/700
f 565/491/705 677/492/706 679/490/704
f 565/491/705 563/493/707 677/492/706
f 678/494/708 677/492/706 563/493/707
f 678/494/708 563/493/707 588/495/709
f 678/494/708 588/495/709 624/496/710
f 587/497/711 624/496/710 588/495/709
f 624/496/710 587/497/711 622/498/712
f 622/498/712 587/497/711 586/499/713
f 681/500/714 680/502/716 682/501/715
f 684/488/702 671/503/717 670/478/701
f 671/503/717 684/488/702 672/504/718
f 683/489/703 672/504/718 684/488/702
f 683/489/703 680/502/716 672/504/718
f 682/501/715 680/502/716 683/489/703
f 683/489/703 679/490/704 682/501/715
f 679/490/704 676/505/719 682/501/715
f 681/500/714 682/501/715 676/505/719
f 676/505/719 675/506/720 681/500/714
f 674/507/721 681/500/714 675/506/720
f 674/507/721 673/508/722 681/500/714
f 673/508/722 680/502/716 681/500/714
f 673/508/722 672/504/718 680/502/716
f 676/505/719 679/490/704 677/492/706
f 624/496/710 655/509/723 678/494/708
f 678/494/708 655/509/723 677/492/706
f 677/492/706 655/509/723 676/505/719
f 664/510/724 676/505/719 655/509/723
f 675/506/720 676/505/719 664/510/724
f 675/506/720 664/510/724 665/352/725
f 674/507/721 675/506/720 665/352/725
f 665/352/725 666/351/726 674/507/721
f 673/508/722 674/507/721 666/351/726
f 673/508/722 666/351/726 667/367/727
f 667/367/727 672/504/718 673/508/722
f 667/367/727 661/368/728 672/504/718
f 671/503/717 672/504/718 661/368/728
f 661/368/728 662/477/729 671/503/717
f 662/477/729 670/478/701 671/503/717
f 670/478/701 662/477/729 663/476/730
f 663/476/730 669/400/575 670/478/701
f 663/476/730 668/399/574 669/400/575
f 668/399/574 663/476/730 630/401/576
f 661/368/728 667/367/727 660/366/731
f 667/367/727 659/350/732 660/366/731
f 666/351/726 659/350/732 667/367/727
f 665/352/725 659/350/732 666/351/726
f 658/353/733 659/350/732 665/352/725
f 657/355/734 658/353/733 656/354/735
f 656/354/735 658/353/733 665/352/725
f 656/354/735 665/352/725 664/510/724
f 664/510/724 654/511/736 656/354/735
f 664/510/724 655/509/723 654/511/736
f 631/472/737 630/401/576 663/476/730
f 663/476/730 646/475/738 631/472/737
f 646/475/738 663/476/730 662/477/729
f 646/475/738 662/477/729 661/368/728
f 646/475/738 661/368/728 645/473/739
f 660/366/731 645/473/739 661/368/728
f 647/365/740 645/473/739 660/366/731
f 647/365/740 660/366/731 659/350/732
f 648/364/741 647/365/740 659/350/732
f 648/364/741 659/350/732 658/353/733
f 648/364/741 658/353/733 639/357/742
f 639/357/742 658/353/733 657/355/734
f 657/355/734 629/356/743 639/357/742
f 629/356/743 657/355/734 656/354/735
f 629/356/743 656/354/735 623/512/744
f 656/354/735 654/511/736 623/512/744
f 624/496/710 623/512/744 654/511/736
f 655/509/723 624/496/710 654/511/736
f 652/418/745 641/414/747 642/419/746
f 643/411/587 652/418/745 642/419/746
f 653/409/585 652/418/745 643/411/587
f 653/409/585 651/407/583 652/418/745
f 652/418/745 651/407/583 641/414/747
f 641/414/747 651/407/583 650/405/581
f 641/414/747 650/405/581 640/358/748
f 649/360/579 640/358/748 650/405/581
f 640/358/748 649/360/579 638/359/749
f 649/360/579 636/361/750 638/359/749
f 649/360/579 634/403/578 636/361/750
f 639/357/742 637/362/751 648/364/741
f 637/362/751 635/363/752 648/364/741
f 635/363/752 647/365/740 648/364/741
f 635/363/752 632/474/753 647/365/740
f 645/473/739 647/365/740 632/474/753
f 632/474/753 631/472/737 645/473/739
f 646/475/738 645/473/739 631/472/737
f 644/413/589 626/422/754 620/423/607
f 626/422/754 644/413/589 643/411/587
f 643/411/587 627/421/755 626/422/754
f 642/419/746 627/421/755 643/411/587
f 628/420/756 627/421/755 642/419/746
f 628/420/756 642/419/746 641/414/747
f 641/414/747 629/356/743 628/420/756
f 629/356/743 641/414/747 640/358/748
f 639/357/742 629/356/743 640/358/748
f 639/357/742 640/358/748 638/359/749
f 638/359/749 637/362/751 639/357/742
f 637/362/751 638/359/749 636/361/750
f 637/362/751 636/361/750 635/363/752
f 636/361/750 634/403/578 635/363/752
f 635/363/752 634/403/578 632/474/753
f 634/403/578 633/402/577 632/474/753
f 633/402/577 630/401/576 632/474/753
f 632/474/753 630/401/576 631/472/737
f 628/420/756 629/356/743 623/512/744
f 628/420/756 623/512/744 627/421/755
f 625/513/757 627/421/755 623/512/744
f 625/513/757 626/422/754 627/421/755
f 626/422/754 625/513/757 621/514/758
f 621/514/758 620/423/607 626/422/754
f 622/498/712 621/514/758 625/513/757
f 622/498/712 625/513/757 623/512/744
f 624/496/710 622/498/712 623/512/744
f 621/514/758 622/498/712 586/499/713
f 586/499/713 584/515/759 621/514/758
f 620/423/607 621/514/758 584/515/759
f 599/514/760 620/423/607 584/515/759
f 620/423/607 599/514/760 619/422/606
f 602/513/761 619/422/606 599/514/760
f 619/422/606 602/513/761 618/421/605
f 618/421/605 602/513/761 603/512/762
f 603/512/762 617/420/604 618/421/605
f 610/356/453 617/420/604 603/512/762
f 610/356/453 616/414/592 617/420/604
f 616/414/592 610/356/453 615/358/455
f 614/405/591 616/414/592 615/358/455
f 615/358/455 613/360/457 614/405/591
f 612/404/594 614/405/591 613/360/457
f 613/360/457 611/393/670 612/404/594
f 611/393/670 145/415/595 612/404/594
f 611/393/670 144/438/668 145/415/595
f 609/354/451 610/356/453 603/512/762
f 604/511/763 609/354/451 603/512/762
f 604/511/763 605/510/764 609/354/451
f 608/352/449 609/354/451 605/510/764
f 605/510/764 606/506/765 608/352/449
f 606/506/765 607/507/766 608/352/449
f 589/351/448 608/352/449 607/507/766
f 607/507/766 591/508/767 589/351/448
f 591/508/767 607/507/766 601/500/768
f 601/500/768 607/507/766 606/506/765
f 606/506/765 594/505/769 601/500/768
f 594/505/769 606/506/765 605/510/764
f 594/505/769 605/510/764 595/509/770
f 595/509/770 605/510/764 604/511/763
f 596/496/771 595/509/770 604/511/763
f 603/512/762 596/496/771 604/511/763
f 600/498/772 596/496/771 603/512/762
f 602/513/761 600/498/772 603/512/762
f 599/514/760 600/498/772 602/513/761
f 600/498/772 599/514/760 598/499/773
f 592/502/774 591/508/767 601/500/768
f 592/502/774 601/500/768 593/501/775
f 593/501/775 601/500/768 594/505/769
f 597/497/776 600/498/772 598/499/773
f 597/497/776 596/496/771 600/498/772
f 584/515/759 598/499/773 599/514/760
f 584/515/759 583/516/777 598/499/773
f 597/497/776 598/499/773 583/516/777
f 597/497/776 583/516/777 582/495/778
f 596/496/771 597/497/776 582/495/778
f 582/495/778 581/494/779 596/496/771
f 595/509/770 596/496/771 581/494/779
f 595/509/770 581/494/779 580/492/780
f 595/509/770 580/492/780 594/505/769
f 553/490/781 594/505/769 580/492/780
f 594/505/769 553/490/781 593/501/775
f 553/490/781 552/489/782 593/501/775
f 592/502/774 593/501/775 552/489/782
f 592/502/774 552/489/782 561/504/783
f 561/504/783 591/508/767 592/502/774
f 561/504/783 574/367/464 591/508/767
f 589/351/448 591/508/767 574/367/464
f 590/350/447 589/351/448 574/367/464
f 585/516/784 563/493/707 576/517/785
f 588/495/709 563/493/707 585/516/784
f 585/516/784 587/497/711 588/495/709
f 586/499/713 587/497/711 585/516/784
f 585/516/784 584/515/759 586/499/713
f 576/517/785 584/515/759 585/516/784
f 584/515/759 576/517/785 583/516/777
f 577/493/786 583/516/777 576/517/785
f 577/493/786 582/495/778 583/516/777
f 577/493/786 581/494/779 582/495/778
f 580/492/780 581/494/779 577/493/786
f 577/493/786 579/491/787 580/492/780
f 580/492/780 579/491/787 553/490/781
f 553/490/781 579/491/787 550/487/788
f 550/487/788 579/491/787 578/518/789
f 578/518/789 558/519/790 550/487/788
f 578/518/789 562/520/791 558/519/790
f 562/520/791 564/518/792 558/519/790
f 579/491/787 577/493/786 578/518/789
f 562/520/791 578/518/789 577/493/786
f 576/517/785 562/520/791 577/493/786
f 562/520/791 576/517/785 563/493/707
f 571/478/688 575/477/687 572/503/793
f 575/477/687 573/368/465 572/503/793
f 573/368/465 574/367/464 561/504/783
f 561/504/783 572/503/793 573/368/465
f 560/488/794 572/503/793 561/504/783
f 572/503/793 560/488/794 571/478/688
f 571/478/688 560/488/794 559/484/795
f 571/478/688 559/484/795 570/479/689
f 570/479/689 559/484/795 555/483/796
f 570/479/689 555/483/796 569/480/692
f 569/480/692 555/483/796 554/521/797
f 568/483/696 569/480/692 554/521/797
f 554/521/797 556/522/798 568/483/696
f 568/483/696 556/522/798 567/485/698
f 567/485/698 556/522/798 558/519/790
f 558/519/790 566/487/700 567/485/698
f 558/519/790 564/518/792 566/487/700
f 565/491/705 566/487/700 564/518/792
f 563/493/707 565/491/705 564/518/792
f 564/518/792 562/520/791 563/493/707
f 557/485/799 555/483/796 559/484/795
f 561/504/783 552/489/782 560/488/794
f 551/486/800 560/488/794 552/489/782
f 560/488/794 551/486/800 559/484/795
f 559/484/795 551/486/800 557/485/799
f 557/485/799 551/486/800 550/487/788
f 550/487/788 558/519/790 557/485/799
f 556/522/798 557/485/799 558/519/790
f 556/522/798 555/483/796 557/485/799
f 556/522/798 554/521/797 555/483/796
f 553/490/781 550/487/788 552/489/782
f 552/489/782 550/487/788 551/486/800
f 544/341/801 545/344/803 547/342/802
f 548/348/804 547/342/802 545/344/803
f 548/348/804 545/344/803 549/347/805
f 549/347/805 545/344/803 546/346/806
f 546/346/806 529/339/807 549/347/805
f 549/347/805 529/339/807 541/340/808
f 541/340/808 548/348/804 549/347/805
f 541/340/808 531/325/809 548/348/804
f 547/342/802 548/348/804 531/325/809
f 531/325/809 533/324/810 547/342/802
f 547/342/802 533/324/810 544/341/801
f 543/343/811 544/341/801 533/324/810
f 530/338/812 529/339/807 546/346/806
f 539/345/813 530/338/812 546/346/806
f 546/346/806 545/344/803 539/345/813
f 545/344/803 540/349/814 539/345/813
f 544/341/801 540/349/814 545/344/803
f 544/341/801 535/337/815 540/349/814
f 543/343/811 535/337/815 544/341/801
f 543/343/811 536/322/816 535/337/815
f 533/324/810 536/322/816 543/343/811
f 542/323/817 536/322/816 533/324/810
f 542/323/817 533/324/810 527/317/818
f 527/317/818 537/319/819 542/323/817
f 525/316/820 537/319/819 527/317/818
f 525/316/820 538/320/821 537/319/819
f 524/331/822 538/320/821 525/316/820
f 524/331/822 489/314/823 538/320/821
f 509/332/824 489/314/823 524/331/822
f 509/332/824 508/315/825 489/314/823
f 542/323/817 537/319/819 536/322/816
f 531/325/809 541/340/808 529/339/807
f 534/328/826 528/326/827 530/338/812
f 534/328/826 530/338/812 535/337/815
f 540/349/814 535/337/815 530/338/812
f 540/349/814 530/338/812 539/345/813
f 488/305/828 519/313/829 489/314/823
f 538/320/821 489/314/823 519/313/829
f 519/313/829 520/321/830 538/320/821
f 537/319/819 538/320/821 520/321/830
f 520/321/830 536/322/816 537/319/819
f 536/322/816 520/321/830 521/336/831
f 521/336/831 535/337/815 536/322/816
f 521/336/831 522/329/832 535/337/815
f 535/337/815 522/329/832 534/328/826
f 522/329/832 526/318/833 534/328/826
f 534/328/826 526/318/833 528/326/827
f 526/318/833 527/317/818 528/326/827
f 528/326/827 527/317/818 532/327/834
f 532/327/834 527/317/818 533/324/810
f 532/327/834 533/324/810 531/325/809
f 532/327/834 531/325/809 528/326/827
f 529/339/807 528/326/827 531/325/809
f 530/338/812 528/326/827 529/339/807
f 526/318/833 525/316/820 527/317/818
f 522/329/832 523/330/835 526/318/833
f 523/330/835 525/316/820 526/318/833
f 523/330/835 524/331/822 525/316/820
f 506/299/836 507/309/838 510/308/837
f 510/308/837 507/309/838 515/310/839
f 515/310/839 507/309/838 509/332/824
f 515/310/839 509/332/824 516/333/840
f 516/333/840 509/332/824 524/331/822
f 516/333/840 524/331/822 523/330/835
f 517/334/841 516/333/840 523/330/835
f 517/334/841 523/330/835 522/329/832
f 517/334/841 522/329/832 518/335/842
f 521/336/831 518/335/842 522/329/832
f 518/335/842 521/336/831 520/321/830
f 520/321/830 514/312/843 518/335/842
f 519/313/829 514/312/843 520/321/830
f 519/313/829 511/304/844 514/312/843
f 488/305/828 511/304/844 519/313/829
f 488/305/828 490/303/845 511/304/844
f 512/302/846 511/304/844 490/303/845
f 490/303/845 492/301/847 512/302/846
f 518/335/842 514/312/843 517/334/841
f 513/311/848 517/334/841 514/312/843
f 513/311/848 516/333/840 517/334/841
f 513/311/848 515/310/839 516/333/840
f 510/308/837 515/310/839 513/311/848
f 510/308/837 513/311/848 511/304/844
f 514/312/843 511/304/844 513/311/848
f 487/306/849 489/314/823 508/315/825
f 508/315/825 491/307/850 487/306/849
f 494/264/851 491/307/850 508/315/825
f 494/264/851 508/315/825 496/298/852
f 505/300/853 512/302/846 492/301/847
f 512/302/846 505/300/853 506/299/836
f 512/302/846 506/299/836 511/304/844
f 511/304/844 506/299/836 510/308/837
f 504/285/854 477/273/856 475/286/855
f 503/271/857 477/273/856 504/285/854
f 478/272/858 477/273/856 503/271/857
f 478/272/858 503/271/857 479/270/859
f 508/315/825 509/332/824 507/309/838
f 507/309/838 496/298/852 508/315/825
f 506/299/836 496/298/852 507/309/838
f 498/297/860 496/298/852 506/299/836
f 498/297/860 506/299/836 505/300/853
f 505/300/853 500/284/861 498/297/860
f 492/301/847 500/284/861 505/300/853
f 501/267/862 500/284/861 492/301/847
f 501/267/862 492/301/847 493/263/863
f 493/263/863 502/266/864 501/267/862
f 495/265/865 502/266/864 493/263/863
f 475/286/855 502/266/864 495/265/865
f 497/296/866 475/286/855 495/265/865
f 504/285/854 475/286/855 497/296/866
f 499/283/867 504/285/854 497/296/866
f 503/271/857 504/285/854 499/283/867
f 503/271/857 499/283/867 486/269/868
f 486/269/868 479/270/859 503/271/857
f 475/286/855 474/287/869 502/266/864
f 502/266/864 474/287/869 485/268/870
f 485/268/870 501/267/862 502/266/864
f 485/268/870 486/269/868 501/267/862
f 501/267/862 486/269/868 500/284/861
f 500/284/861 486/269/868 499/283/867
f 499/283/867 498/297/860 500/284/861
f 499/283/867 497/296/866 498/297/860
f 498/297/860 497/296/866 496/298/852
f 497/296/866 495/265/865 496/298/852
f 496/298/852 495/265/865 494/264/851
f 495/265/865 493/263/863 494/264/851
f 494/264/851 493/263/863 491/307/850
f 491/307/850 493/263/863 492/301/847
f 492/301/847 490/303/845 491/307/850
f 487/306/849 491/307/850 490/303/845
f 490/303/845 488/305/828 487/306/849
f 489/314/823 487/306/849 488/305/828
f 485/268/870 479/270/859 486/269/868
f 480/288/871 479/270/859 485/268/870
f 480/288/871 485/268/870 474/287/869
f 474/287/869 481/277/872 480/288/871
f 476/275/873 481/277/872 474/287/869
f 482/276/874 481/277/872 476/275/873
f 482/276/874 476/275/873 461/274/875
f 461/274/875 483/294/876 482/276/874
f 460/292/877 483/294/876 461/274/875
f 484/293/878 483/294/876 460/292/877
f 463/291/879 484/293/878 460/292/877
f 455/523/880 484/293/878 463/291/879
f 463/291/879 473/282/881 455/523/880
f 453/524/882 455/523/880 473/282/881
f 469/525/883 453/524/882 473/282/881
f 456/526/884 453/524/882 469/525/883
f 469/525/883 440/527/885 456/526/884
f 439/528/886 456/526/884 440/527/885
f 454/529/887 472/530/888 455/523/880
f 455/523/880 472/530/888 484/293/878
f 472/530/888 471/295/889 484/293/878
f 483/294/876 484/293/878 471/295/889
f 471/295/889 468/278/890 483/294/876
f 483/294/876 468/278/890 482/276/874
f 482/276/874 468/278/890 481/277/872
f 481/277/872 468/278/890 466/279/891
f 466/279/891 480/288/871 481/277/872
f 466/279/891 465/289/892 480/288/871
f 480/288/871 465/289/892 479/270/859
f 465/289/892 462/290/893 479/270/859
f 479/270/859 462/290/893 478/272/858
f 462/290/893 461/274/875 478/272/858
f 478/272/858 461/274/875 477/273/856
f 477/273/856 461/274/875 476/275/873
f 476/275/873 475/286/855 477/273/856
f 476/275/873 474/287/869 475/286/855
f 469/525/883 473/282/881 467/280/894
f 467/280/894 473/282/881 464/281/895
f 473/282/881 463/291/879 464/281/895
f 468/278/890 471/295/889 470/531/896
f 442/532/897 434/534/899 459/533/898
f 434/534/899 436/535/900 459/533/898
f 459/533/898 436/535/900 454/529/887
f 454/529/887 436/535/900 472/530/888
f 472/530/888 436/535/900 438/536/901
f 471/295/889 472/530/888 438/536/901
f 438/536/901 440/527/885 471/295/889
f 471/295/889 440/527/885 470/531/896
f 440/527/885 469/525/883 470/531/896
f 470/531/896 469/525/883 468/278/890
f 468/278/890 469/525/883 467/280/894
f 467/280/894 466/279/891 468/278/890
f 467/280/894 464/281/895 466/279/891
f 466/279/891 464/281/895 465/289/892
f 465/289/892 464/281/895 462/290/893
f 463/291/879 462/290/893 464/281/895
f 463/291/879 460/292/877 462/290/893
f 462/290/893 460/292/877 461/274/875
f 454/529/887 442/532/897 459/533/898
f 421/537/902 458/539/904 435/538/903
f 437/540/905 435/538/903 458/539/904
f 458/539/904 439/528/886 437/540/905
f 439/528/886 458/539/904 457/541/906
f 414/542/907 382/537/909 381/543/908
f 419/544/910 414/542/907 381/543/908
f 372/545/911 419/544/910 381/543/908
f 419/544/910 372/545/911 420/543/912
f 420/543/912 372/545/911 371/70/75
f 420/543/912 371/70/75 421/537/902
f 421/537/902 371/70/75 446/546/913
f 458/539/904 421/537/902 446/546/913
f 446/546/913 445/4/914 458/539/904
f 458/539/904 445/4/914 457/541/906
f 445/4/914 444/547/915 457/541/906
f 457/541/906 444/547/915 439/528/886
f 439/528/886 444/547/915 443/548/916
f 456/526/884 439/528/886 443/548/916
f 443/548/916 442/532/897 456/526/884
f 456/526/884 442/532/897 453/524/882
f 442/532/897 454/529/887 453/524/882
f 455/523/880 453/524/882 454/529/887
f 452/75/81 451/428/612 449/73/79
f 449/73/79 451/428/612 448/1/917
f 451/428/612 450/430/614 448/1/917
f 160/432/616 448/1/917 450/430/614
f 159/549/918 448/1/917 160/432/616
f 449/73/79 448/1/917 447/3/77
f 431/2/919 448/1/917 159/549/918
f 447/3/77 448/1/917 431/2/919
f 445/4/914 447/3/77 431/2/919
f 447/3/77 445/4/914 371/70/75
f 371/70/75 445/4/914 446/546/913
f 432/5/920 445/4/914 431/2/919
f 444/547/915 445/4/914 432/5/920
f 444/547/915 432/5/920 441/550/921
f 444/547/915 441/550/921 443/548/916
f 443/548/916 441/550/921 442/532/897
f 441/550/921 434/534/899 442/532/897
f 432/5/920 434/534/899 441/550/921
f 434/534/899 432/5/920 433/551/922
f 438/536/901 439/528/886 440/527/885
f 437/540/905 439/528/886 438/536/901
f 437/540/905 438/536/901 436/535/900
f 435/538/903 437/540/905 436/535/900
f 436/535/900 434/534/899 435/538/903
f 434/534/899 421/537/902 435/538/903
f 433/551/922 421/537/902 434/534/899
f 421/537/902 433/551/922 422/7/923
f 433/551/922 432/5/920 422/7/923
f 422/7/923 432/5/920 424/6/924
f 424/6/924 432/5/920 431/2/919
f 424/6/924 431/2/919 425/552/925
f 431/2/919 159/549/918 425/552/925
f 425/552/925 159/549/918 427/553/926
f 159/549/918 158/554/927 427/553/926
f 427/553/926 158/554/927 428/18/19
f 428/18/19 158/554/927 165/375/501
f 430/19/20 428/18/19 165/375/501
f 426/13/14 428/18/19 429/15/16
f 428/18/19 426/13/14 427/553/926
f 426/13/14 425/552/925 427/553/926
f 426/13/14 423/8/11 425/552/925
f 425/552/925 423/8/11 424/6/924
f 423/8/11 422/7/923 424/6/924
f 418/9/9 422/7/923 423/8/11
f 418/9/9 414/542/907 422/7/923
f 422/7/923 414/542/907 421/537/902
f 421/537/902 414/542/907 420/543/912
f 414/542/907 419/544/910 420/543/912
f 414/542/907 418/9/9 413/7/7
f 416/291/388 403/282/379 417/281/378
f 403/282/379 416/291/388 404/523/928
f 415/293/390 404/523/928 416/291/388
f 405/530/929 404/523/928 415/293/390
f 391/295/392 405/530/929 415/293/390
f 405/530/929 391/295/392 406/536/930
f 393/527/931 406/536/930 391/295/392
f 407/528/932 406/536/930 393/527/931
f 395/526/933 407/528/932 393/527/931
f 407/528/932 395/526/933 412/548/934
f 386/532/935 412/548/934 395/526/933
f 411/550/936 412/548/934 386/532/935
f 385/534/937 411/550/936 386/532/935
f 385/534/937 410/5/5 411/550/936
f 410/5/5 385/534/937 384/551/938
f 410/5/5 384/551/938 413/7/7
f 384/551/938 382/537/909 413/7/7
f 414/542/907 413/7/7 382/537/909
f 409/547/939 408/541/940 407/528/932
f 409/547/939 407/528/932 412/548/934
f 411/550/936 409/547/939 412/548/934
f 410/5/5 409/547/939 411/550/936
f 355/4/4 409/547/939 410/5/5
f 409/547/939 355/4/4 408/541/940
f 355/4/4 400/539/941 408/541/940
f 400/539/941 407/528/932 408/541/940
f 407/528/932 400/539/941 401/540/942
f 407/528/932 401/540/942 406/536/930
f 406/536/930 401/540/942 398/535/943
f 398/535/943 405/530/929 406/536/930
f 398/535/943 397/529/944 405/530/929
f 405/530/929 397/529/944 404/523/928
f 396/524/945 404/523/928 397/529/944
f 404/523/928 396/524/945 403/282/379
f 396/524/945 394/525/946 403/282/379
f 403/282/379 394/525/946 402/280/377
f 394/525/946 390/278/375 402/280/377
f 394/525/946 392/531/947 390/278/375
f 399/538/948 401/540/942 400/539/941
f 401/540/942 399/538/948 398/535/943
f 355/4/4 354/70/950 383/546/949
f 355/4/4 383/546/949 400/539/941
f 382/537/909 400/539/941 383/546/949
f 400/539/941 382/537/909 399/538/948
f 382/537/909 385/534/937 399/538/948
f 385/534/937 398/535/943 399/538/948
f 398/535/943 385/534/937 387/533/951
f 398/535/943 387/533/951 397/529/944
f 386/532/935 397/529/944 387/533/951
f 397/529/944 386/532/935 396/524/945
f 386/532/935 395/526/933 396/524/945
f 396/524/945 395/526/933 394/525/946
f 393/527/931 394/525/946 395/526/933
f 394/525/946 393/527/931 392/531/947
f 393/527/931 391/295/392 392/531/947
f 391/295/392 390/278/375 392/531/947
f 390/278/375 391/295/392 388/294/391
f 390/278/375 388/294/391 389/276/373
f 385/534/937 386/532/935 387/533/951
f 382/537/909 384/551/938 385/534/937
f 354/70/950 382/537/909 383/546/949
f 354/70/950 381/543/908 382/537/909
f 372/545/911 381/543/908 354/70/950
f 375/68/952 376/69/953 377/65/69
f 377/65/69 374/67/71 375/68/952
f 379/63/67 378/230/281 380/62/66
f 379/63/67 377/65/69 378/230/281
f 377/65/69 366/232/283 378/230/281
f 366/232/283 377/65/69 376/69/953
f 366/232/283 376/69/953 356/71/954
f 354/70/950 356/71/954 376/69/953
f 375/68/952 354/70/950 376/69/953
f 354/70/950 375/68/952 372/545/911
f 374/67/71 372/545/911 375/68/952
f 372/545/911 374/67/71 373/68/73
f 373/68/73 371/70/75 372/545/911
f 368/75/955 369/77/957 370/76/956
f 367/73/958 357/72/959 353/3/3
f 359/74/960 357/72/959 367/73/958
f 359/74/960 367/73/958 368/75/955
f 359/74/960 368/75/955 370/76/956
f 359/74/960 370/76/956 361/262/961
f 362/260/962 361/262/961 370/76/956
f 363/261/963 362/260/962 370/76/956
f 363/261/963 370/76/956 364/78/964
f 370/76/956 369/77/957 364/78/964
f 365/424/965 364/78/964 369/77/957
f 312/425/966 365/424/965 369/77/957
f 311/427/967 312/425/966 369/77/957
f 311/427/967 369/77/957 368/75/955
f 368/75/955 310/428/968 311/427/967
f 310/428/968 368/75/955 367/73/958
f 310/428/968 367/73/958 305/1/1
f 305/1/1 367/73/958 353/3/3
f 358/234/285 366/232/283 356/71/954
f 315/442/969 329/426/970 312/425/966
f 329/426/970 365/424/965 312/425/966
f 365/424/965 329/426/970 337/460/971
f 364/78/964 365/424/965 337/460/971
f 364/78/964 337/460/971 348/555/972
f 363/261/963 364/78/964 348/555/972
f 349/259/973 363/261/963 348/555/972
f 363/261/963 349/259/973 362/260/962
f 352/238/289 362/260/962 349/259/973
f 352/238/289 361/262/961 362/260/962
f 352/238/289 360/236/287 361/262/961
f 360/236/287 359/74/960 361/262/961
f 360/236/287 358/234/285 359/74/960
f 359/74/960 358/234/285 357/72/959
f 357/72/959 358/234/285 356/71/954
f 353/3/3 357/72/959 356/71/954
f 354/70/950 353/3/3 356/71/954
f 355/4/4 353/3/3 354/70/950
f 350/258/348 352/238/289 349/259/973
f 351/238/349 350/258/348 330/259/356
f 350/258/348 347/556/974 330/259/356
f 347/556/974 350/258/348 349/259/973
f 349/259/973 344/557/975 347/556/974
f 344/557/975 349/259/973 348/555/972
f 344/557/975 348/555/972 335/558/976
f 348/555/972 337/460/971 335/558/976
f 344/557/975 330/259/356 347/556/974
f 330/259/356 344/557/975 331/555/977
f 346/462/646 338/461/978 339/449/655
f 338/461/978 346/462/646 336/559/979
f 346/462/646 345/461/645 336/559/979
f 345/461/645 334/460/644 336/559/979
f 331/555/977 344/557/975 335/558/976
f 342/446/660 343/440/980 319/435/662
f 318/439/981 319/435/662 343/440/980
f 343/440/980 325/445/982 318/439/981
f 325/445/982 343/440/980 342/446/660
f 326/447/983 325/445/982 342/446/660
f 341/452/658 326/447/983 342/446/660
f 326/447/983 341/452/658 327/451/984
f 340/450/656 327/451/984 341/452/658
f 327/451/984 340/450/656 328/448/985
f 340/450/656 339/449/655 328/448/985
f 329/426/970 328/448/985 339/449/655
f 338/461/978 329/426/970 339/449/655
f 329/426/970 338/461/978 337/460/971
f 337/460/971 338/461/978 336/559/979
f 337/460/971 336/559/979 335/558/976
f 336/559/979 334/460/644 335/558/976
f 334/460/644 331/555/977 335/558/976
f 334/460/644 333/78/84 331/555/977
f 333/78/84 332/261/358 331/555/977
f 332/261/358 330/259/356 331/555/977
f 329/426/970 315/442/969 328/448/985
f 316/443/986 328/448/985 315/442/969
f 316/443/986 327/451/984 328/448/985
f 316/443/986 326/447/983 327/451/984
f 325/445/982 326/447/983 316/443/986
f 325/445/982 316/443/986 317/444/987
f 325/445/982 317/444/987 318/439/981
f 321/560/988 322/562/990 323/561/989
f 320/436/664 321/560/988 323/561/989
f 320/436/664 323/561/989 138/469/666
f 324/563/991 138/469/666 323/561/989
f 138/469/666 324/563/991 129/561/992
f 324/563/991 120/564/993 129/561/992
f 120/564/993 324/563/991 323/561/989
f 120/564/993 323/561/989 117/565/994
f 322/562/990 117/565/994 323/561/989
f 112/566/995 117/565/994 322/562/990
f 112/566/995 322/562/990 321/560/988
f 112/566/995 321/560/988 111/567/996
f 320/436/664 111/567/996 321/560/988
f 111/567/996 320/436/664 109/434/997
f 319/435/662 109/434/997 320/436/664
f 314/433/998 109/434/997 319/435/662
f 318/439/981 314/433/998 319/435/662
f 314/433/998 318/439/981 308/431/999
f 317/444/987 308/431/999 318/439/981
f 309/429/1000 308/431/999 317/444/987
f 316/443/986 309/429/1000 317/444/987
f 313/441/1001 309/429/1000 316/443/986
f 313/441/1001 316/443/986 315/442/969
f 315/442/969 312/425/966 313/441/1001
f 306/432/1002 314/433/998 308/431/999
f 109/434/997 314/433/998 306/432/1002
f 109/434/997 306/432/1002 107/549/1003
f 307/430/1004 310/428/968 305/1/1
f 309/429/1000 313/441/1001 312/425/966
f 311/427/967 309/429/1000 312/425/966
f 309/429/1000 311/427/967 310/428/968
f 309/429/1000 310/428/968 307/430/1004
f 309/429/1000 307/430/1004 308/431/999
f 307/430/1004 306/432/1002 308/431/999
f 305/1/1 306/432/1002 307/430/1004
f 305/1/1 107/549/1003 306/432/1002
f 305/1/1 304/2/2 107/549/1003
f 107/549/1003 304/2/2 105/552/1005
f 304/2/2 303/6/6 105/552/1005
f 121/8/8 105/552/1005 303/6/6
f 301/387/1006 299/386/1008 300/374/1007
f 299/386/1008 301/387/1006 302/389/1009
f 302/389/1009 279/19/1010 299/386/1008
f 279/19/1010 302/389/1009 264/377/1011
f 264/377/1011 302/389/1009 265/380/1012
f 265/380/1012 302/389/1009 301/387/1006
f 265/380/1012 301/387/1006 273/391/1013
f 273/391/1013 301/387/1006 271/388/1014
f 301/387/1006 269/372/1015 271/388/1014
f 301/387/1006 300/374/1007 269/372/1015
f 297/373/1016 269/372/1015 300/374/1007
f 299/386/1008 297/373/1016 300/374/1007
f 299/386/1008 298/385/1017 297/373/1016
f 279/19/1010 298/385/1017 299/386/1008
f 269/372/1015 297/373/1016 296/371/1018
f 269/372/1015 296/371/1018 266/116/124
f 296/371/1018 295/103/111 266/116/124
f 105/552/1005 292/13/1020 106/553/1019
f 121/8/8 292/13/1020 105/552/1005
f 121/8/8 291/12/1021 292/13/1020
f 121/8/8 118/11/1022 291/12/1021
f 291/12/1021 118/11/1022 280/376/1023
f 108/554/1024 280/376/1023 118/11/1022
f 280/376/1023 108/554/1024 278/375/1025
f 108/554/1024 293/18/1026 278/375/1025
f 293/18/1026 279/19/1010 278/375/1025
f 279/19/1010 293/18/1026 294/17/1027
f 279/19/1010 294/17/1027 298/385/1017
f 294/17/1027 284/383/1028 298/385/1017
f 284/383/1028 297/373/1016 298/385/1017
f 297/373/1016 284/383/1028 285/384/1029
f 285/384/1029 296/371/1018 297/373/1016
f 296/371/1018 285/384/1029 286/370/1030
f 296/371/1018 286/370/1030 295/103/111
f 286/370/1030 287/105/113 295/103/111
f 108/554/1024 106/553/1019 293/18/1026
f 292/13/1020 293/18/1026 106/553/1019
f 294/17/1027 283/16/1031 284/383/1028
f 294/17/1027 290/15/1032 283/16/1031
f 290/15/1032 294/17/1027 293/18/1026
f 293/18/1026 292/13/1020 290/15/1032
f 292/13/1020 282/14/1033 290/15/1032
f 291/12/1021 282/14/1033 292/13/1020
f 282/14/1033 291/12/1021 281/378/1034
f 291/12/1021 280/376/1023 281/378/1034
f 282/14/1033 283/16/1031 290/15/1032
f 288/106/114 270/102/110 289/101/109
f 272/369/1035 270/102/110 288/106/114
f 272/369/1035 288/106/114 287/105/113
f 287/105/113 274/392/1036 272/369/1035
f 286/370/1030 274/392/1036 287/105/113
f 285/384/1029 274/392/1036 286/370/1030
f 285/384/1029 275/382/1037 274/392/1036
f 284/383/1028 275/382/1037 285/384/1029
f 284/383/1028 276/381/1038 275/382/1037
f 283/16/1031 276/381/1038 284/383/1028
f 283/16/1031 277/390/1039 276/381/1038
f 283/16/1031 282/14/1033 277/390/1039
f 282/14/1033 263/379/1040 277/390/1039
f 282/14/1033 281/378/1034 263/379/1040
f 281/378/1034 264/377/1011 263/379/1040
f 281/378/1034 280/376/1023 264/377/1011
f 280/376/1023 279/19/1010 264/377/1011
f 280/376/1023 278/375/1025 279/19/1010
f 263/379/1040 276/381/1038 277/390/1039
f 276/381/1038 263/379/1040 265/380/1012
f 265/380/1012 275/382/1037 276/381/1038
f 275/382/1037 265/380/1012 273/391/1013
f 273/391/1013 274/392/1036 275/382/1037
f 274/392/1036 273/391/1013 272/369/1035
f 273/391/1013 271/388/1014 272/369/1035
f 272/369/1035 271/388/1014 270/102/110
f 270/102/110 271/388/1014 269/372/1015
f 269/372/1015 268/100/108 270/102/110
f 269/372/1015 266/116/124 268/100/108
f 268/100/108 266/116/124 267/98/106
f 265/380/1012 263/379/1040 264/377/1011
f 261/568/1041 258/570/1043 262/569/1042
f 262/569/1042 258/570/1043 257/571/1044
f 256/572/1045 245/574/1047 260/573/1046
f 256/572/1045 260/573/1046 257/571/1044
f 262/569/1042 257/571/1044 260/573/1046
f 260/573/1046 259/575/1048 262/569/1042
f 261/568/1041 262/569/1042 259/575/1048
f 261/568/1041 259/575/1048 258/570/1043
f 222/576/1049 246/36/1051 223/577/1050
f 244/578/1052 223/577/1050 246/36/1051
f 244/578/1052 246/36/1051 247/37/1053
f 244/578/1052 247/37/1053 245/574/1047
f 255/579/1054 245/574/1047 247/37/1053
f 260/573/1046 245/574/1047 255/579/1054
f 255/579/1054 249/580/1055 260/573/1046
f 259/575/1048 260/573/1046 249/580/1055
f 259/575/1048 249/580/1055 250/581/1056
f 258/570/1043 259/575/1048 250/581/1056
f 258/570/1043 250/581/1056 254/582/1057
f 258/570/1043 254/582/1057 257/571/1044
f 257/571/1044 254/582/1057 253/583/1058
f 257/571/1044 253/583/1058 256/572/1045
f 252/584/1059 256/572/1045 253/583/1058
f 256/572/1045 252/584/1059 245/574/1047
f 241/585/1060 245/574/1047 252/584/1059
f 241/585/1060 223/577/1050 245/574/1047
f 249/580/1055 255/579/1054 248/38/1061
f 247/37/1053 248/38/1061 255/579/1054
f 254/582/1057 250/581/1056 251/586/1062
f 254/582/1057 251/586/1062 253/583/1058
f 253/583/1058 251/586/1062 252/584/1059
f 252/584/1059 251/586/1062 241/585/1060
f 242/587/1063 241/585/1060 251/586/1062
f 251/586/1062 250/581/1056 242/587/1063
f 243/588/1064 242/587/1063 250/581/1056
f 250/581/1056 249/580/1055 243/588/1064
f 243/588/1064 249/580/1055 239/39/1065
f 248/38/1061 239/39/1065 249/580/1055
f 248/38/1061 238/29/1066 239/39/1065
f 248/38/1061 247/37/1053 238/29/1066
f 237/30/1067 238/29/1066 247/37/1053
f 247/37/1053 246/36/1051 237/30/1067
f 246/36/1051 236/35/1068 237/30/1067
f 246/36/1051 222/576/1049 236/35/1068
f 235/589/1069 236/35/1068 222/576/1049
f 222/576/1049 224/590/1070 235/589/1069
f 224/590/1070 234/591/1071 235/589/1069
f 224/590/1070 226/26/1072 234/591/1071
f 245/574/1047 223/577/1050 244/578/1052
f 243/588/1064 239/39/1065 242/587/1063
f 242/587/1063 239/39/1065 240/592/1073
f 242/587/1063 240/592/1073 241/585/1060
f 241/585/1060 240/592/1073 223/577/1050
f 240/592/1073 221/593/1074 223/577/1050
f 240/592/1073 239/39/1065 221/593/1074
f 225/28/1075 221/593/1074 239/39/1065
f 239/39/1065 238/29/1066 225/28/1075
f 238/29/1066 227/27/1076 225/28/1075
f 238/29/1066 237/30/1067 227/27/1076
f 229/31/1077 227/27/1076 237/30/1067
f 237/30/1067 236/35/1068 229/31/1077
f 236/35/1068 217/34/1078 229/31/1077
f 236/35/1068 235/589/1069 217/34/1078
f 218/594/1079 217/34/1078 235/589/1069
f 235/589/1069 234/591/1071 218/594/1079
f 234/591/1071 219/595/1080 218/594/1079
f 234/591/1071 232/596/1081 219/595/1080
f 232/596/1081 193/597/1082 219/595/1080
f 232/596/1081 192/598/1083 193/597/1082
f 191/599/1084 193/597/1082 192/598/1083
f 226/26/1072 228/24/1086 233/25/1085
f 233/25/1085 234/591/1071 226/26/1072
f 233/25/1085 232/596/1081 234/591/1071
f 233/25/1085 228/24/1086 232/596/1081
f 192/598/1083 232/596/1081 228/24/1086
f 228/24/1086 231/33/1087 192/598/1083
f 231/33/1087 190/600/1088 192/598/1083
f 230/32/1089 231/33/1087 228/24/1086
f 212/601/1090 208/603/1092 209/602/1091
f 214/604/1093 212/601/1090 209/602/1091
f 209/602/1091 210/605/1094 214/604/1093
f 220/606/1095 214/604/1093 210/605/1094
f 220/606/1095 210/605/1094 190/600/1088
f 220/606/1095 190/600/1088 216/607/1096
f 231/33/1087 216/607/1096 190/600/1088
f 216/607/1096 231/33/1087 217/34/1078
f 230/32/1089 217/34/1078 231/33/1087
f 229/31/1077 217/34/1078 230/32/1089
f 230/32/1089 228/24/1086 229/31/1077
f 227/27/1076 229/31/1077 228/24/1086
f 227/27/1076 228/24/1086 226/26/1072
f 225/28/1075 227/27/1076 226/26/1072
f 226/26/1072 224/590/1070 225/28/1075
f 221/593/1074 225/28/1075 224/590/1070
f 221/593/1074 224/590/1070 222/576/1049
f 223/577/1050 221/593/1074 222/576/1049
f 216/607/1096 214/604/1093 220/606/1095
f 219/595/1080 193/597/1082 213/608/1097
f 219/595/1080 213/608/1097 215/609/1098
f 218/594/1079 219/595/1080 215/609/1098
f 218/594/1079 215/609/1098 217/34/1078
f 217/34/1078 215/609/1098 216/607/1096
f 215/609/1098 214/604/1093 216/607/1096
f 215/609/1098 213/608/1097 214/604/1093
f 213/608/1097 212/601/1090 214/604/1093
f 213/608/1097 193/597/1082 212/601/1090
f 211/610/1099 212/601/1090 193/597/1082
f 193/597/1082 189/611/1100 211/610/1099
f 189/611/1100 187/612/1101 211/610/1099
f 180/613/1102 130/615/1104 132/614/1103
f 151/616/1105 130/615/1104 180/613/1102
f 181/617/1106 151/616/1105 180/613/1102
f 204/618/1107 151/616/1105 181/617/1106
f 204/618/1107 150/619/1108 151/616/1105
f 150/619/1108 204/618/1107 203/620/1109
f 203/620/1109 173/621/1110 150/619/1108
f 173/621/1110 203/620/1109 202/622/1111
f 202/622/1111 175/623/1112 173/621/1110
f 206/624/1113 175/623/1112 202/622/1111
f 206/624/1113 177/625/1114 175/623/1112
f 205/626/1115 177/625/1114 206/624/1113
f 185/627/1116 177/625/1114 205/626/1115
f 207/628/1117 185/627/1116 205/626/1115
f 187/612/1101 185/627/1116 207/628/1117
f 211/610/1099 187/612/1101 207/628/1117
f 207/628/1117 208/603/1092 211/610/1099
f 212/601/1090 211/610/1099 208/603/1092
f 190/600/1088 210/605/1094 188/629/1118
f 210/605/1094 199/630/1119 188/629/1118
f 210/605/1094 209/602/1091 199/630/1119
f 200/631/1120 199/630/1119 209/602/1091
f 209/602/1091 208/603/1092 200/631/1120
f 208/603/1092 201/632/1121 200/631/1120
f 208/603/1092 207/628/1117 201/632/1121
f 205/626/1115 201/632/1121 207/628/1117
f 201/632/1121 205/626/1115 202/622/1111
f 206/624/1113 202/622/1111 205/626/1115
f 182/633/1122 204/618/1107 181/617/1106
f 198/634/1123 204/618/1107 182/633/1122
f 198/634/1123 203/620/1109 204/618/1107
f 203/620/1109 198/634/1123 197/635/1124
f 197/635/1124 202/622/1111 203/620/1109
f 196/636/1125 202/622/1111 197/635/1124
f 201/632/1121 202/622/1111 196/636/1125
f 200/631/1120 201/632/1121 196/636/1125
f 196/636/1125 195/637/1126 200/631/1120
f 199/630/1119 200/631/1120 195/637/1126
f 199/630/1119 195/637/1126 186/638/1127
f 188/629/1118 199/630/1119 186/638/1127
f 183/639/1128 198/634/1123 182/633/1122
f 194/640/1129 198/634/1123 183/639/1128
f 194/640/1129 197/635/1124 198/634/1123
f 197/635/1124 194/640/1129 196/636/1125
f 195/637/1126 196/636/1125 194/640/1129
f 195/637/1126 194/640/1129 184/641/1130
f 186/638/1127 195/637/1126 184/641/1130
f 184/641/1130 194/640/1129 183/639/1128
f 191/599/1084 189/611/1100 193/597/1082
f 192/598/1083 190/600/1088 191/599/1084
f 191/599/1084 190/600/1088 189/611/1100
f 188/629/1118 189/611/1100 190/600/1088
f 189/611/1100 188/629/1118 187/612/1101
f 186/638/1127 187/612/1101 188/629/1118
f 187/612/1101 186/638/1127 185/627/1116
f 184/641/1130 185/627/1116 186/638/1127
f 185/627/1116 184/641/1130 177/625/1114
f 183/639/1128 177/625/1114 184/641/1130
f 177/625/1114 183/639/1128 176/642/1131
f 182/633/1122 176/642/1131 183/639/1128
f 176/642/1131 182/633/1122 174/643/1132
f 181/617/1106 174/643/1132 182/633/1122
f 174/643/1132 181/617/1106 170/644/1133
f 180/613/1102 170/644/1133 181/617/1106
f 170/644/1133 180/613/1102 169/645/1134
f 132/614/1103 169/645/1134 180/613/1102
f 132/614/1103 131/646/1135 169/645/1134
f 166/14/15 178/16/17 179/390/516
f 176/642/1131 175/623/1112 177/625/1114
f 176/642/1131 174/643/1132 175/623/1112
f 175/623/1112 174/643/1132 171/647/1136
f 175/623/1112 171/647/1136 173/621/1110
f 174/643/1132 170/644/1133 171/647/1136
f 173/621/1110 171/647/1136 172/648/1137
f 172/648/1137 150/619/1108 173/621/1110
f 172/648/1137 148/649/1138 150/619/1108
f 172/648/1137 171/647/1136 148/649/1138
f 161/650/1139 148/649/1138 171/647/1136
f 171/647/1136 170/644/1133 161/650/1139
f 161/650/1139 170/644/1133 162/651/1140
f 169/645/1134 162/651/1140 170/644/1133
f 169/645/1134 163/652/1141 162/651/1140
f 169/645/1134 131/646/1135 163/652/1141
f 163/652/1141 131/646/1135 157/653/1142
f 157/653/1142 131/646/1135 126/654/1143
f 126/654/1143 158/554/927 157/653/1142
f 158/554/927 126/654/1143 127/11/12
f 164/376/502 158/554/927 127/11/12
f 127/11/12 168/12/13 164/376/502
f 164/376/502 168/12/13 167/378/504
f 168/12/13 166/14/15 167/378/504
f 158/554/927 164/376/502 165/375/501
f 154/655/1144 157/653/1142 155/567/1145
f 163/652/1141 157/653/1142 154/655/1144
f 162/651/1140 163/652/1141 154/655/1144
f 162/651/1140 154/655/1144 153/656/1146
f 162/651/1140 153/656/1146 161/650/1139
f 148/649/1138 161/650/1139 153/656/1146
f 148/649/1138 153/656/1146 149/657/1147
f 149/657/1147 153/656/1146 152/658/1148
f 160/432/616 156/434/618 159/549/918
f 156/434/618 158/554/927 159/549/918
f 158/554/927 156/434/618 157/653/1142
f 157/653/1142 156/434/618 155/567/1145
f 137/436/620 155/567/1145 156/434/618
f 155/567/1145 137/436/620 136/560/1149
f 136/560/1149 135/566/1150 155/567/1145
f 155/567/1145 135/566/1150 154/655/1144
f 146/659/1151 154/655/1144 135/566/1150
f 153/656/1146 154/655/1144 146/659/1151
f 146/659/1151 134/660/1152 153/656/1146
f 152/658/1148 153/656/1146 134/660/1152
f 134/660/1152 133/661/1153 152/658/1148
f 130/615/1104 152/658/1148 133/661/1153
f 151/616/1105 152/658/1148 130/615/1104
f 149/657/1147 152/658/1148 151/616/1105
f 149/657/1147 151/616/1105 150/619/1108
f 150/619/1108 148/649/1138 149/657/1147
f 147/415/603 143/416/596 141/438/622
f 146/659/1151 135/566/1150 134/660/1152
f 143/416/596 145/415/595 144/438/668
f 144/438/668 142/471/669 143/416/596
f 142/471/669 141/438/622 143/416/596
f 142/471/669 140/470/667 141/438/622
f 139/437/621 141/438/622 140/470/667
f 140/470/667 138/469/666 139/437/621
f 137/436/620 139/437/621 138/469/666
f 129/561/992 137/436/620 138/469/666
f 136/560/1149 137/436/620 129/561/992
f 128/562/1154 136/560/1149 129/561/992
f 128/562/1154 135/566/1150 136/560/1149
f 125/565/1155 135/566/1150 128/562/1154
f 134/660/1152 135/566/1150 125/565/1155
f 125/565/1155 126/654/1143 134/660/1152
f 133/661/1153 134/660/1152 126/654/1143
f 133/661/1153 126/654/1143 131/646/1135
f 133/661/1153 131/646/1135 130/615/1104
f 132/614/1103 130/615/1104 131/646/1135
f 129/561/992 120/564/993 125/565/1155
f 125/565/1155 128/562/1154 129/561/992
f 124/662/1156 123/663/1157 122/10/10
f 124/662/1156 122/10/10 127/11/12
f 126/654/1143 124/662/1156 127/11/12
f 124/662/1156 126/654/1143 125/565/1155
f 120/564/993 124/662/1156 125/565/1155
f 123/663/1157 124/662/1156 120/564/993
f 119/662/1158 123/663/1157 120/564/993
f 123/663/1157 119/662/1158 122/10/10
f 122/10/10 119/662/1158 118/11/1022
f 122/10/10 118/11/1022 121/8/8
f 119/662/1158 120/564/993 117/565/994
f 116/654/1159 119/662/1158 117/565/994
f 119/662/1158 116/654/1159 118/11/1022
f 116/654/1159 108/554/1024 118/11/1022
f 108/554/1024 116/654/1159 110/653/1160
f 101/646/1161 110/653/1160 116/654/1159
f 101/646/1161 102/652/1162 110/653/1160
f 110/653/1160 102/652/1162 103/655/1163
f 112/566/995 113/660/1164 117/565/994
f 116/654/1159 117/565/994 113/660/1164
f 113/660/1164 115/661/1165 116/654/1159
f 116/654/1159 115/661/1165 101/646/1161
f 101/646/1161 115/661/1165 100/615/1166
f 114/658/1167 100/615/1166 115/661/1165
f 114/658/1167 99/616/1168 100/615/1166
f 115/661/1165 113/660/1164 114/658/1167
f 67/634/1169 81/620/1171 72/635/1170
f 81/620/1171 67/634/1169 98/618/1172
f 98/618/1172 83/619/1173 81/620/1171
f 83/619/1173 98/618/1172 99/616/1168
f 99/616/1168 87/657/1174 83/619/1173
f 114/658/1167 87/657/1174 99/616/1168
f 88/656/1175 87/657/1174 114/658/1167
f 88/656/1175 114/658/1167 113/660/1164
f 113/660/1164 104/659/1176 88/656/1175
f 112/566/995 104/659/1176 113/660/1164
f 103/655/1163 104/659/1176 112/566/995
f 112/566/995 111/567/996 103/655/1163
f 110/653/1160 103/655/1163 111/567/996
f 109/434/997 110/653/1160 111/567/996
f 109/434/997 108/554/1024 110/653/1160
f 108/554/1024 109/434/997 107/549/1003
f 108/554/1024 107/549/1003 106/553/1019
f 107/549/1003 105/552/1005 106/553/1019
f 103/655/1163 88/656/1175 104/659/1176
f 103/655/1163 90/651/1177 88/656/1175
f 102/652/1162 90/651/1177 103/655/1163
f 102/652/1162 92/645/1178 90/651/1177
f 101/646/1161 92/645/1178 102/652/1162
f 101/646/1161 94/614/1179 92/645/1178
f 100/615/1166 94/614/1179 101/646/1161
f 100/615/1166 93/613/1180 94/614/1179
f 100/615/1166 99/616/1168 93/613/1180
f 99/616/1168 96/617/1181 93/613/1180
f 99/616/1168 98/618/1172 96/617/1181
f 98/618/1172 97/633/1182 96/617/1181
f 98/618/1172 67/634/1169 97/633/1182
f 67/634/1169 65/639/1183 97/633/1182
f 54/642/1184 97/633/1182 65/639/1183
f 65/639/1183 53/625/1185 54/642/1184
f 95/643/1186 96/617/1181 97/633/1182
f 97/633/1182 54/642/1184 95/643/1186
f 91/644/1187 93/613/1180 96/617/1181
f 96/617/1181 95/643/1186 91/644/1187
f 91/644/1187 95/643/1186 86/647/1188
f 95/643/1186 52/623/1189 86/647/1188
f 95/643/1186 54/642/1184 52/623/1189
f 92/645/1178 94/614/1179 93/613/1180
f 93/613/1180 91/644/1187 92/645/1178
f 90/651/1177 92/645/1178 91/644/1187
f 91/644/1187 89/650/1190 90/651/1177
f 91/644/1187 86/647/1188 89/650/1190
f 85/649/1191 89/650/1190 86/647/1188
f 88/656/1175 90/651/1177 89/650/1190
f 89/650/1190 85/649/1191 88/656/1175
f 88/656/1175 85/649/1191 87/657/1174
f 85/649/1191 83/619/1173 87/657/1174
f 52/623/1189 50/622/1193 82/621/1192
f 86/647/1188 52/623/1189 82/621/1192
f 86/647/1188 82/621/1192 84/648/1194
f 86/647/1188 84/648/1194 85/649/1191
f 85/649/1191 84/648/1194 83/619/1173
f 83/619/1173 84/648/1194 82/621/1192
f 82/621/1192 81/620/1171 83/619/1173
f 81/620/1171 82/621/1192 50/622/1193
f 50/622/1193 72/635/1170 81/620/1171
f 50/622/1193 73/636/1195 72/635/1170
f 50/622/1193 48/632/1196 73/636/1195
f 48/632/1196 74/631/1197 73/636/1195
f 48/632/1196 46/603/1198 74/631/1197
f 46/603/1198 75/602/1199 74/631/1197
f 46/603/1198 44/601/1200 75/602/1199
f 44/601/1200 76/604/1201 75/602/1199
f 44/601/1200 42/608/1202 76/604/1201
f 42/608/1202 41/609/1203 76/604/1201
f 76/604/1201 41/609/1203 77/607/1204
f 41/609/1203 40/34/32 77/607/1204
f 78/33/31 77/607/1204 40/34/32
f 34/591/1205 80/25/23 37/26/24
f 59/596/1206 80/25/23 34/591/1205
f 79/24/22 80/25/23 59/596/1206
f 59/596/1206 60/598/1207 79/24/22
f 78/33/31 79/24/22 60/598/1207
f 61/600/1208 78/33/31 60/598/1207
f 77/607/1204 78/33/31 61/600/1208
f 61/600/1208 71/606/1209 77/607/1204
f 76/604/1201 77/607/1204 71/606/1209
f 76/604/1201 71/606/1209 70/605/1210
f 70/605/1210 75/602/1199 76/604/1201
f 75/602/1199 70/605/1210 69/630/1211
f 69/630/1211 74/631/1197 75/602/1199
f 74/631/1197 69/630/1211 68/637/1212
f 68/637/1212 73/636/1195 74/631/1197
f 73/636/1195 68/637/1212 66/640/1213
f 66/640/1213 72/635/1170 73/636/1195
f 72/635/1170 66/640/1213 67/634/1169
f 70/605/1210 71/606/1209 61/600/1208
f 70/605/1210 61/600/1208 62/629/1214
f 69/630/1211 70/605/1210 62/629/1214
f 69/630/1211 62/629/1214 63/638/1215
f 68/637/1212 69/630/1211 63/638/1215
f 68/637/1212 63/638/1215 64/641/1216
f 66/640/1213 68/637/1212 64/641/1216
f 67/634/1169 66/640/1213 65/639/1183
f 66/640/1213 64/641/1216 65/639/1183
f 53/625/1185 65/639/1183 64/641/1216
f 64/641/1216 55/627/1217 53/625/1185
f 55/627/1217 64/641/1216 63/638/1215
f 63/638/1215 56/612/1218 55/627/1217
f 56/612/1218 63/638/1215 62/629/1214
f 62/629/1214 57/611/1219 56/612/1218
f 57/611/1219 62/629/1214 61/600/1208
f 61/600/1208 58/599/1220 57/611/1219
f 61/600/1208 60/598/1207 58/599/1220
f 43/597/1221 58/599/1220 60/598/1207
f 60/598/1207 59/596/1206 43/597/1221
f 43/597/1221 59/596/1206 36/595/1222
f 59/596/1206 34/591/1205 36/595/1222
f 57/611/1219 58/599/1220 43/597/1221
f 57/611/1219 43/597/1221 45/610/1223
f 56/612/1218 57/611/1219 45/610/1223
f 56/612/1218 45/610/1223 47/628/1224
f 55/627/1217 56/612/1218 47/628/1224
f 55/627/1217 47/628/1224 49/626/1225
f 53/625/1185 55/627/1217 49/626/1225
f 53/625/1185 49/626/1225 51/624/1226
f 52/623/1189 54/642/1184 53/625/1185
f 53/625/1185 51/624/1226 52/623/1189
f 52/623/1189 51/624/1226 50/622/1193
f 50/622/1193 51/624/1226 49/626/1225
f 49/626/1225 48/632/1196 50/622/1193
f 48/632/1196 49/626/1225 47/628/1224
f 47/628/1224 46/603/1198 48/632/1196
f 46/603/1198 47/628/1224 45/610/1223
f 45/610/1223 44/601/1200 46/603/1198
f 44/601/1200 45/610/1223 43/597/1221
f 43/597/1221 42/608/1202 44/601/1200
f 43/597/1221 36/595/1222 42/608/1202
f 42/608/1202 36/595/1222 41/609/1203
f 36/595/1222 35/594/1227 41/609/1203
f 41/609/1203 35/594/1227 40/34/32
f 40/34/32 35/594/1227 33/589/1228
f 33/589/1228 24/35/33 40/34/32
f 24/35/33 33/589/1228 23/576/1229
f 10/570/1230 39/568/1232 8/569/1231
f 25/575/1233 39/568/1232 10/570/1230
f 8/569/1231 39/568/1232 25/575/1233
f 25/575/1233 26/573/1234 8/569/1231
f 9/571/1235 8/569/1231 26/573/1234
f 26/573/1234 27/572/1236 9/571/1235
f 12/583/1237 9/571/1235 27/572/1236
f 27/572/1236 28/584/1238 12/583/1237
f 13/586/1239 12/583/1237 28/584/1238
f 13/586/1239 28/584/1238 29/585/1240
f 29/585/1240 14/587/1241 13/586/1239
f 30/592/1242 14/587/1241 29/585/1240
f 15/39/37 14/587/1241 30/592/1242
f 15/39/37 30/592/1242 31/593/1243
f 31/593/1243 38/28/26 15/39/37
f 38/28/26 31/593/1243 32/590/1244
f 32/590/1244 37/26/24 38/28/26
f 37/26/24 32/590/1244 34/591/1205
f 36/595/1222 34/591/1205 35/594/1227
f 34/591/1205 33/589/1228 35/594/1227
f 34/591/1205 32/590/1244 33/589/1228
f 32/590/1244 23/576/1229 33/589/1228
f 32/590/1244 31/593/1243 23/576/1229
f 31/593/1243 21/577/1245 23/576/1229
f 31/593/1243 30/592/1242 21/577/1245
f 30/592/1242 29/585/1240 21/577/1245
f 21/577/1245 29/585/1240 19/574/1246
f 19/574/1246 29/585/1240 28/584/1238
f 28/584/1238 27/572/1236 19/574/1246
f 19/574/1246 27/572/1236 26/573/1234
f 19/574/1246 26/573/1234 17/579/1247
f 7/580/1248 17/579/1247 26/573/1234
f 26/573/1234 25/575/1233 7/580/1248
f 7/580/1248 25/575/1233 5/581/1249
f 25/575/1233 10/570/1230 5/581/1249
f 5/581/1249 10/570/1230 11/582/1250
f 22/36/34 20/578/1251 18/37/35
f 23/576/1229 22/36/34 24/35/33
f 22/36/34 23/576/1229 21/577/1245
f 21/577/1245 20/578/1251 22/36/34
f 21/577/1245 19/574/1246 20/578/1251
f 18/37/35 20/578/1251 19/574/1246
f 19/574/1246 17/579/1247 18/37/35
f 16/38/36 18/37/35 17/579/1247
f 17/579/1247 7/580/1248 16/38/36
f 15/39/37 16/38/36 7/580/1248
f 7/580/1248 6/588/1252 15/39/37
f 15/39/37 6/588/1252 14/587/1241
f 14/587/1241 6/588/1252 5/581/1249
f 5/581/1249 13/586/1239 14/587/1241
f 5/581/1249 11/582/1250 13/586/1239
f 13/586/1239 11/582/1250 12/583/1237
f 11/582/1250 9/571/1235 12/583/1237
f 11/582/1250 10/570/1230 9/571/1235
f 10/570/1230 8/569/1231 9/571/1235
f 7/580/1248 5/581/1249 6/588/1252
f 4/23/1253 2/21/1253 1/20/1253
f 3/22/1253 1/20/1253 2/21/1253
o wing_l
v -2.774699 -0.020308 -2.111748
v 0.261118 0.145880 -2.037652
v 0.262643 0.004850 -2.067754
v -25.059221 -0.476944 9.042081
v -26.811182 -0.466271 7.963051
v -25.060743 -0.335913 9.072183
v -22.194939 -0.316092 9.294471
v -22.194174 -0.457123 9.264370
v -22.658466 -0.378603 5.754051
v -26.792883 -0.402998 5.293264
v -24.843464 -0.402998 6.013389
v -24.674976 -0.329814 2.947649
v -26.794407 -0.262730 5.323366
v -22.439663 -0.296271 2.338669
v -24.676500 -0.189546 2.977751
v -22.441189 -0.155241 2.371086
v -22.659994 -0.237573 5.784153
v -24.844990 -0.262730 6.043491
v -19.698889 -0.178873 4.380951
v -19.919216 -0.103403 1.095238
v -19.917692 -0.243671 1.062820
v -17.300425 -0.198693 0.097252
v -17.301949 -0.057663 0.127353
v -13.980999 -0.012686 -0.567301
v -13.979474 -0.152954 -0.597403
v -15.720761 -0.139232 4.158662
v -18.586569 -0.266541 8.495619
v -15.515680 -0.221563 7.743078
v -10.815576 -0.075197 3.241719
v -10.243025 0.037628 -1.342998
v -5.802896 -0.046227 -2.116379
v -5.804419 0.094040 -2.083962
v -7.005939 -0.014972 2.086277
v -10.241501 -0.102640 -1.373100
v -15.719998 -0.279500 4.126245
v -10.814816 -0.215464 3.211617
v -7.004414 -0.155240 2.056176
v -4.182825 -0.129321 2.007550
v -7.208735 -0.236809 5.446088
v -12.373890 -0.318378 7.002113
v -7.210257 -0.096541 5.476190
v -12.375417 -0.178110 7.032214
v -3.511926 -0.187257 4.702808
v -0.571407 -0.110262 2.510016
v -3.513451 -0.046989 4.732910
v -4.184350 0.010947 2.039968
v -0.572170 0.030768 2.540118
v -2.776225 0.119960 -2.081647
v 0.261118 0.145880 -2.037652
v 0.318297 0.065835 0.472365
v 0.319821 -0.036317 0.497835
v 0.262643 0.004850 -2.067754
v -2.774699 -0.020308 -2.111748
v -15.514155 -0.362594 7.712975
v -18.585043 -0.406809 8.465518
v -19.697363 -0.319142 4.350851
v -26.812702 -0.326003 7.993154
vn 0.0124 0.2089 -0.9779
vn -0.4062 -0.9060 -0.1190
vn -0.8771 -0.4256 0.2225
vn -0.0500 -0.9773 0.2057
vn -0.1157 0.9559 0.2699
vn 0.0158 0.9350 0.3543
vn 0.0200 -0.9907 0.1349
vn 0.0087 -0.9997 -0.0235
vn 0.0085 -0.9997 -0.0236
vn -0.2450 -0.9115 -0.3304
vn -0.1577 -0.8557 -0.4928
vn -0.6528 0.7455 -0.1349
vn -0.1635 0.9503 -0.2652
vn -0.0087 0.9997 0.0235
vn -0.1794 0.9075 -0.3799
vn -0.1293 0.9543 -0.2693
vn -0.1423 -0.9263 -0.3488
vn -0.0961 -0.9312 -0.3516
vn -0.0859 0.9582 -0.2728
vn -0.0929 -0.8627 -0.4971
vn -0.0933 0.9165 -0.3890
vn 0.1053 0.8618 0.4962
vn 0.0691 0.9332 0.3526
vn -0.0500 0.9771 -0.2068
vn -0.0404 -0.9609 -0.2739
vn -0.0288 -0.9342 -0.3555
vn -0.0246 0.9616 -0.2734
vn -0.0088 0.9997 0.0236
vn 0.0087 -0.9997 -0.0236
vn 0.0086 -0.9997 -0.0236
vn 0.0699 -0.9760 0.2064
vn 0.1109 -0.9149 0.3881
vn 0.1237 0.8602 0.4947
vn 0.0505 0.9605 0.2735
vn 0.1614 -0.9095 0.3831
vn 0.2606 -0.9476 0.1847
vn 0.2485 0.8434 0.4763
vn -0.0087 0.9997 0.0236
vn 0.3366 0.9157 0.2196
vn -0.0070 0.9829 -0.1841
vn 0.4389 0.8895 -0.1267
vn 0.9198 0.3826 0.0867
vn 0.9007 -0.3883 0.1947
vn 0.7204 -0.6929 -0.0298
vn 0.0099 -0.9346 -0.3555
vn 0.0789 -0.9587 0.2731
vn 0.1027 -0.9157 0.3885
vn -0.7774 0.5901 0.2176
vt 0.472325 0.591933
vt 0.472299 0.593015
vt 0.419922 0.590353
vt 0.005538 0.856299
vt 0.005222 0.952183
vt 0.035448 0.990936
vt 0.035422 0.992017
vt 0.084866 1.000000
vt 0.084879 0.998919
vt 0.076868 0.872848
vt 0.039171 0.882162
vt 0.042078 0.772058
vt 0.080643 0.750187
vt 0.005511 0.857380
vt 0.042051 0.773139
vt 0.039145 0.883243
vt 0.080617 0.751351
vt 0.076842 0.873929
vt 0.124129 0.705530
vt 0.127930 0.823534
vt 0.124155 0.704366
vt 0.169310 0.669688
vt 0.169284 0.670769
vt 0.226607 0.644740
vt 0.226580 0.645821
vt 0.196564 0.815551
vt 0.147121 0.971310
vt 0.200103 0.944283
vt 0.281193 0.782620
vt 0.291072 0.617963
vt 0.291098 0.616881
vt 0.367677 0.590187
vt 0.367651 0.591351
vt 0.346921 0.741123
vt 0.196578 0.814387
vt 0.281206 0.781538
vt 0.346947 0.740042
vt 0.395628 0.738295
vt 0.343422 0.861788
vt 0.254308 0.917672
vt 0.254281 0.918753
vt 0.343396 0.862869
vt 0.407203 0.835094
vt 0.457935 0.756341
vt 0.407176 0.836175
vt 0.395602 0.739459
vt 0.457922 0.757422
vt 0.419896 0.591434
vt 0.473285 0.683160
vt 0.473312 0.684075
vt 0.200129 0.943202
vt 0.147147 0.970229
vt 0.127956 0.822453
vt 0.005196 0.953264
s 1
usemtl Dragonfly_wing
f 1262/664/1254 1260/666/1254 1261/665/1254
f 1269/667/1255 1263/669/1257 1264/668/1256
f 1264/668/1256 1263/669/1257 1265/670/1258
f 1266/671/1259 1265/670/1258 1263/669/1257
f 1263/669/1257 1267/672/1260 1266/671/1259
f 1268/673/1261 1267/672/1260 1263/669/1257
f 1268/673/1261 1263/669/1257 1270/674/1262
f 1269/667/1255 1270/674/1262 1263/669/1257
f 1271/675/1263 1268/673/1261 1270/674/1262
f 1271/675/1263 1270/674/1262 1269/667/1255
f 1271/675/1263 1273/676/1264 1268/673/1261
f 1271/675/1263 1269/667/1255 1272/677/1265
f 1272/677/1265 1274/678/1266 1271/675/1263
f 1273/676/1264 1271/675/1263 1274/678/1266
f 1277/679/1267 1274/678/1266 1272/677/1265
f 1275/680/1268 1274/678/1266 1276/681/1267
f 1274/678/1266 1275/680/1268 1273/676/1264
f 1276/681/1267 1274/678/1266 1277/679/1267
f 1265/670/1258 1276/681/1267 1277/679/1267
f 1277/679/1267 1272/677/1265 1265/670/1258
f 1276/681/1267 1278/683/1267 1279/682/1269
f 1266/671/1259 1278/683/1267 1276/681/1267
f 1276/681/1267 1279/682/1269 1275/680/1268
f 1266/671/1259 1276/681/1267 1265/670/1258
f 1275/680/1268 1279/682/1269 1280/684/1270
f 1281/685/1271 1280/684/1270 1279/682/1269
f 1282/686/1272 1279/682/1269 1278/683/1267
f 1279/682/1269 1282/686/1272 1281/685/1271
f 1282/686/1272 1283/688/1274 1284/687/1273
f 1285/689/1267 1283/688/1274 1282/686/1272
f 1284/687/1273 1281/685/1271 1282/686/1272
f 1278/683/1267 1285/689/1267 1282/686/1272
f 1266/671/1259 1285/689/1267 1278/683/1267
f 1286/690/1275 1285/689/1267 1266/671/1259
f 1285/689/1267 1286/690/1275 1287/691/1276
f 1288/692/1267 1285/689/1267 1287/691/1276
f 1289/693/1277 1285/689/1267 1288/692/1267
f 1289/693/1277 1283/688/1274 1285/689/1267
f 1283/688/1274 1289/693/1277 1293/694/1278
f 1289/693/1277 1291/696/1280 1290/695/1279
f 1290/695/1279 1293/694/1278 1289/693/1277
f 1289/693/1277 1292/697/1281 1291/696/1280
f 1288/692/1267 1292/697/1281 1289/693/1277
f 1294/698/1282 1293/694/1278 1295/699/1261
f 1284/687/1273 1293/694/1278 1294/698/1282
f 1296/700/1282 1295/699/1261 1293/694/1278
f 1296/700/1282 1293/694/1278 1290/695/1279
f 1293/694/1278 1284/687/1273 1283/688/1274
f 1297/701/1283 1298/702/1284 1296/700/1282
f 1297/701/1283 1296/700/1282 1290/695/1279
f 1296/700/1282 1298/702/1284 1295/699/1261
f 1299/703/1285 1295/699/1261 1298/702/1284
f 1299/703/1285 1298/702/1284 1301/704/1286
f 1298/702/1284 1300/705/1287 1301/704/1286
f 1298/702/1284 1302/706/1288 1300/705/1287
f 1302/706/1288 1298/702/1284 1297/701/1283
f 1302/706/1288 1297/701/1283 1303/707/1289
f 1302/706/1288 1303/707/1289 1304/708/1290
f 1302/706/1288 1304/708/1290 1300/705/1287
f 1300/705/1287 1304/708/1290 1305/709/1291
f 1305/709/1291 1304/708/1290 1306/710/1292
f 1303/707/1289 1306/710/1292 1304/708/1290
f 1307/711/1293 1305/709/1291 1306/710/1292
f 1307/711/1293 1306/710/1292 1308/665/1294
f 1306/710/1292 1309/712/1295 1308/665/1294
f 1310/713/1296 1309/712/1295 1306/710/1292
f 1303/707/1289 1310/713/1296 1306/710/1292
f 1310/713/1296 1303/707/1289 1311/664/1297
f 1310/713/1296 1311/664/1297 1309/712/1295
f 1303/707/1289 1312/666/1298 1311/664/1297
f 1311/664/1297 1308/665/1294 1309/712/1295
f 1297/701/1283 1312/666/1298 1303/707/1289
f 1312/666/1298 1307/711/1293 1308/665/1294
f 1291/696/1280 1307/711/1293 1312/666/1298
f 1312/666/1298 1290/695/1279 1291/696/1280
f 1297/701/1283 1290/695/1279 1312/666/1298
f 1291/696/1280 1305/709/1291 1307/711/1293
f 1300/705/1287 1305/709/1291 1292/697/1281
f 1292/697/1281 1305/709/1291 1291/696/1280
f 1288/692/1267 1301/704/1286 1300/705/1287
f 1287/691/1276 1301/704/1286 1288/692/1267
f 1299/703/1285 1301/704/1286 1287/691/1276
f 1300/705/1287 1292/697/1281 1288/692/1267
f 1313/714/1299 1299/703/1285 1287/691/1276
f 1299/703/1285 1313/714/1299 1295/699/1261
f 1314/715/1300 1294/698/1282 1313/714/1299
f 1294/698/1282 1295/699/1261 1313/714/1299
f 1313/714/1299 1287/691/1276 1286/690/1275
f 1314/715/1300 1313/714/1299 1286/690/1275
f 1294/698/1282 1314/715/1300 1267/672/1260
f 1267/672/1260 1314/715/1300 1266/671/1259
f 1314/715/1300 1286/690/1275 1266/671/1259
f 1294/698/1282 1267/672/1260 1315/716/1282
f 1284/687/1273 1294/698/1282 1281/685/1271
f 1294/698/1282 1315/716/1282 1281/685/1271
f 1315/716/1282 1267/672/1260 1268/673/1261
f 1315/716/1282 1268/673/1261 1280/684/1270
f 1280/684/1270 1281/685/1271 1315/716/1282
f 1280/684/1270 1273/676/1264 1275/680/1268
f 1280/684/1270 1268/673/1261 1273/676/1264
f 1269/667/1255 1264/668/1256 1272/677/1265
f 1264/668/1256 1316/717/1301 1272/677/1265
f 1265/670/1258 1272/677/1265 1316/717/1301
f 1265/670/1258 1316/717/1301 1264/668/1256
o wing_l1
v -24.308428 -0.059152 -11.157969
v -26.583382 -0.147582 -10.083570
v -24.304613 -0.199420 -11.190385
v -22.044903 -0.013412 -10.437842
v -22.512245 -0.103367 -7.179915
v -24.700291 -0.139196 -8.214949
v -25.137138 -0.220002 -5.336767
v -26.796848 -0.215429 -7.446199
v -26.792276 -0.356460 -7.476299
v -25.132565 -0.360271 -5.366868
v -22.308687 -0.187223 -3.421837
v -19.470329 -0.027896 -6.818695
v -15.505162 0.031566 -4.686108
v -18.668301 -0.117851 -2.078839
v -22.304113 -0.327491 -3.451939
v -18.663725 -0.258118 -2.108941
v -15.500590 -0.109464 -4.718524
v -19.465754 -0.168165 -6.851111
v -22.507669 -0.243635 -7.210015
v -24.696476 -0.280227 -8.247368
v -22.040331 -0.153680 -10.470260
v -19.443645 -0.087357 -10.243340
v -16.779108 0.113134 -9.622782
v -16.775297 -0.027133 -9.652884
v -19.448219 0.052911 -10.210922
v -13.426901 0.034615 -8.377035
v -13.431475 0.175646 -8.346934
v -9.664531 0.245018 -6.904369
v -9.659957 0.104750 -6.934469
v -5.203815 0.324299 -5.012595
v -6.701901 0.201565 -1.585635
v -10.568717 0.120759 -2.692450
v -12.394629 0.002598 0.146369
v -7.153233 0.112373 1.660715
v -15.563866 -0.057626 -1.006756
v -15.560055 -0.197894 -1.036858
v -12.390820 -0.137671 0.116268
v -10.564145 -0.019510 -2.724867
v -7.148659 -0.028657 1.628298
v -6.697326 0.060536 -1.615737
v -5.199240 0.183270 -5.045012
v -3.893275 0.100176 0.007439
v -3.424407 0.039952 3.077809
v -2.193155 0.224436 -3.248173
v -0.344371 0.136006 2.642493
v -3.428981 0.180984 3.107911
v -0.348945 0.276274 2.674910
v 0.818266 0.264076 -1.407340
v 0.774810 0.198517 1.315703
v 0.770236 0.338785 1.345805
v 0.813691 0.404345 -1.377238
v -2.197729 0.364704 -3.218072
v -3.897086 0.240445 0.037540
v -26.578808 -0.287850 -10.113670
vn -0.0277 0.9993 0.0237
vn -0.5916 0.7844 -0.1864
vn -0.0427 0.9824 -0.1817
vn -0.0079 -0.8913 -0.4533
vn 0.0726 0.9199 -0.3854
vn -0.0276 0.9993 0.0237
vn -0.2711 0.9289 0.2525
vn -0.1669 0.9489 0.2678
vn -0.9057 -0.3989 0.1431
vn -0.8274 0.5418 0.1480
vn -0.1622 -0.9673 0.1949
vn -0.1935 0.8493 0.4911
vn -0.0796 -0.9758 0.2035
vn 0.0277 -0.9993 -0.0237
vn 0.0276 -0.9993 -0.0237
vn -0.1183 -0.9153 0.3849
vn 0.0844 -0.9311 -0.3549
vn 0.1027 -0.8589 -0.5018
vn 0.1334 -0.9268 -0.3511
vn 0.0122 0.9621 -0.2725
vn 0.0541 0.9608 -0.2720
vn 0.2029 -0.8479 -0.4898
vn 0.1296 0.9142 -0.3839
vn 0.0634 0.9767 -0.2049
vn -0.0277 0.9993 0.0236
vn 0.1285 -0.9538 -0.2716
vn 0.1132 0.9569 -0.2675
vn -0.0276 0.9993 0.0236
vn -0.1412 0.9258 0.3507
vn -0.1834 0.8511 0.4919
vn -0.1071 0.9560 0.2732
vn -0.0781 -0.9594 0.2710
vn -0.1024 -0.9171 0.3853
vn -0.0539 -0.9773 0.2047
vn 0.0277 -0.9993 -0.0236
vn 0.0278 -0.9993 -0.0237
vn 0.2002 -0.9167 -0.3459
vn 0.2200 -0.9134 -0.3425
vn -0.0097 -0.9620 0.2730
vn 0.1329 -0.9705 0.2010
vn -0.0955 0.7786 0.6202
vn 0.1677 0.9513 0.2588
vn 0.5177 -0.7560 0.4007
vn 0.1275 -0.9740 -0.1874
vn 0.3217 0.8940 0.3120
vn 0.1494 0.9526 -0.2650
vn 0.1468 0.9530 -0.2649
vn -0.3286 -0.9323 -0.1511
vt 0.036172 0.106861
vt 0.003683 0.039750
vt 0.042933 0.001164
vt 0.042998 0.000000
vt 0.081985 0.027027
vt 0.073922 0.144033
vt 0.028635 0.210229
vt 0.077434 0.279002
vt 0.000079 0.133389
vt 0.000000 0.134470
vt 0.028714 0.209148
vt 0.126404 0.157006
vt 0.194815 0.233597
vt 0.140242 0.327235
vt 0.077513 0.277921
vt 0.074001 0.142952
vt 0.194894 0.232432
vt 0.140320 0.326154
vt 0.126483 0.155842
vt 0.036238 0.105696
vt 0.126864 0.034012
vt 0.082064 0.025863
vt 0.172901 0.055218
vt 0.126786 0.035177
vt 0.172836 0.056299
vt 0.230671 0.101040
vt 0.230592 0.102121
vt 0.295583 0.153929
vt 0.279983 0.305197
vt 0.295662 0.152848
vt 0.372544 0.221871
vt 0.346697 0.344948
vt 0.193802 0.365738
vt 0.248481 0.407152
vt 0.338910 0.461538
vt 0.193868 0.364657
vt 0.248547 0.406071
vt 0.280062 0.304033
vt 0.338989 0.460374
vt 0.346776 0.343867
vt 0.395154 0.402162
vt 0.372623 0.220707
vt 0.424486 0.285239
vt 0.403244 0.512432
vt 0.456383 0.496798
vt 0.403165 0.513514
vt 0.456304 0.497963
vt 0.475693 0.449148
vt 0.476442 0.351351
vt 0.475614 0.450229
vt 0.476363 0.352432
vt 0.424407 0.286320
vt 0.395089 0.403243
vt 0.003762 0.038669
s 1
usemtl Dragonfly_wing
f 1322/718/1302 1317/720/1304 1318/719/1303
f 1318/719/1303 1317/720/1304 1319/721/1305
f 1319/721/1305 1317/720/1304 1320/722/1306
f 1320/722/1306 1317/720/1304 1321/723/1307
f 1321/723/1307 1317/720/1304 1322/718/1302
f 1323/724/1308 1321/723/1307 1322/718/1302
f 1322/718/1302 1318/719/1303 1323/724/1308
f 1327/725/1309 1321/723/1307 1323/724/1308
f 1323/724/1308 1324/727/1311 1325/726/1310
f 1323/724/1308 1318/719/1303 1324/727/1311
f 1325/726/1310 1326/728/1312 1323/724/1308
f 1327/725/1309 1323/724/1308 1326/728/1312
f 1327/725/1309 1328/729/1302 1321/723/1307
f 1327/725/1309 1329/730/1302 1328/729/1302
f 1330/731/1313 1329/730/1302 1327/725/1309
f 1330/731/1313 1327/725/1309 1331/732/1314
f 1326/728/1312 1331/732/1314 1327/725/1309
f 1335/733/1315 1331/732/1314 1326/728/1312
f 1333/734/1316 1332/735/1317 1331/732/1314
f 1331/732/1314 1332/735/1317 1330/731/1313
f 1333/734/1316 1331/732/1314 1334/736/1316
f 1334/736/1316 1331/732/1314 1335/733/1315
f 1335/733/1315 1326/728/1312 1336/737/1315
f 1319/721/1305 1335/733/1315 1336/737/1315
f 1338/738/1318 1335/733/1315 1337/739/1319
f 1319/721/1305 1337/739/1319 1335/733/1315
f 1334/736/1316 1335/733/1315 1338/738/1318
f 1338/738/1318 1340/740/1320 1334/736/1316
f 1338/738/1318 1337/739/1319 1341/741/1321
f 1340/740/1320 1338/738/1318 1339/742/1322
f 1338/738/1318 1341/741/1321 1339/742/1322
f 1321/723/1307 1341/741/1321 1320/722/1306
f 1321/723/1307 1328/729/1302 1341/741/1321
f 1337/739/1319 1320/722/1306 1341/741/1321
f 1339/742/1322 1341/741/1321 1328/729/1302
f 1333/734/1316 1334/736/1316 1340/740/1320
f 1342/743/1323 1333/734/1316 1340/740/1320
f 1342/743/1323 1340/740/1320 1343/744/1324
f 1340/740/1320 1339/742/1322 1343/744/1324
f 1329/730/1302 1343/744/1324 1339/742/1322
f 1342/743/1323 1343/744/1324 1344/745/1325
f 1344/745/1325 1343/744/1324 1329/730/1302
f 1344/745/1325 1329/730/1302 1348/746/1326
f 1345/747/1327 1344/745/1325 1346/748/1328
f 1345/747/1327 1342/743/1323 1344/745/1325
f 1344/745/1325 1347/749/1329 1346/748/1328
f 1348/746/1326 1347/749/1329 1344/745/1325
f 1348/746/1326 1329/730/1302 1351/750/1330
f 1351/750/1330 1349/751/1331 1348/746/1326
f 1348/746/1326 1349/751/1331 1350/752/1332
f 1350/752/1332 1347/749/1329 1348/746/1326
f 1329/730/1302 1330/731/1313 1351/750/1330
f 1351/750/1330 1330/731/1313 1332/735/1317
f 1332/735/1317 1352/753/1333 1351/750/1330
f 1349/751/1331 1351/750/1330 1352/753/1333
f 1352/753/1333 1353/754/1334 1349/751/1331
f 1353/754/1334 1352/753/1333 1354/755/1316
f 1333/734/1316 1354/755/1316 1352/753/1333
f 1332/735/1317 1333/734/1316 1352/753/1333
f 1353/754/1334 1354/755/1316 1355/756/1335
f 1356/757/1336 1355/756/1335 1354/755/1316
f 1356/757/1336 1354/755/1316 1345/747/1327
f 1333/734/1316 1345/747/1327 1354/755/1316
f 1358/758/1337 1356/757/1336 1357/759/1338
f 1356/757/1336 1345/747/1327 1357/759/1338
f 1358/758/1337 1355/756/1335 1356/757/1336
f 1358/758/1337 1357/759/1338 1360/760/1339
f 1359/761/1340 1358/758/1337 1361/762/1341
f 1359/761/1340 1355/756/1335 1358/758/1337
f 1358/758/1337 1360/760/1339 1361/762/1341
f 1361/762/1341 1363/764/1343 1362/763/1342
f 1359/761/1340 1361/762/1341 1362/763/1342
f 1361/762/1341 1365/765/1344 1363/764/1343
f 1361/762/1341 1360/760/1339 1364/766/1345
f 1365/765/1344 1361/762/1341 1364/766/1345
f 1365/765/1344 1366/767/1346 1363/764/1343
f 1363/764/1343 1366/767/1346 1367/768/1347
f 1364/766/1345 1360/760/1339 1367/768/1347
f 1360/760/1339 1368/769/1348 1367/768/1347
f 1368/769/1348 1363/764/1343 1367/768/1347
f 1360/760/1339 1357/759/1338 1368/769/1348
f 1357/759/1338 1346/748/1328 1368/769/1348
f 1346/748/1328 1369/770/1329 1368/769/1348
f 1368/769/1348 1369/770/1329 1363/764/1343
f 1350/752/1332 1369/770/1329 1347/749/1329
f 1347/749/1329 1369/770/1329 1346/748/1328
f 1350/752/1332 1362/763/1342 1369/770/1329
f 1369/770/1329 1362/763/1342 1363/764/1343
f 1362/763/1342 1350/752/1332 1355/756/1335
f 1355/756/1335 1359/761/1340 1362/763/1342
f 1357/759/1338 1345/747/1327 1346/748/1328
f 1353/754/1334 1355/756/1335 1350/752/1332
f 1350/752/1332 1349/751/1331 1353/754/1334
f 1342/743/1323 1345/747/1327 1333/734/1316
f 1328/729/1302 1329/730/1302 1339/742/1322
f 1337/739/1319 1319/721/1305 1320/722/1306
f 1370/771/1349 1336/737/1315 1326/728/1312
f 1319/721/1305 1336/737/1315 1370/771/1349
f 1370/771/1349 1326/728/1312 1325/726/1310
f 1370/771/1349 1325/726/1310 1318/719/1303
f 1319/721/1305 1370/771/1349 1318/719/1303
f 1325/726/1310 1324/727/1311 1318/719/1303
o wing_r1
v 25.629669 -0.360269 -5.495420
v 27.075912 -0.287848 -10.242222
v 27.289381 -0.356457 -7.604852
v 25.634245 -0.220000 -5.465320
v 22.805794 -0.187221 -3.550389
v 25.193583 -0.280225 -8.375919
v 23.004776 -0.243634 -7.338568
v 22.801220 -0.327489 -3.580491
v 19.160831 -0.258117 -2.237492
v 15.997696 -0.109464 -4.847076
v 19.962858 -0.168164 -6.979663
v 19.165405 -0.117850 -2.207391
v 16.002268 0.031566 -4.814660
v 16.060972 -0.057626 -1.135308
v 12.891738 0.002597 0.017817
v 16.057159 -0.197894 -1.165410
v 11.065825 0.120758 -2.821002
v 7.650339 0.112372 1.532164
v 7.199007 0.201564 -1.714186
v 10.161636 0.245017 -7.032921
v 13.924006 0.034615 -8.505588
v 13.928578 0.175646 -8.475486
v 10.157061 0.104749 -7.063022
v 5.700920 0.324298 -5.141148
v 5.696345 0.183268 -5.173564
v 2.694834 0.364702 -3.346624
v 4.394190 0.240443 -0.091012
v 0.846050 0.276271 2.546359
v 3.926086 0.180982 2.979359
v 3.921512 0.039950 2.949258
v 0.841476 0.136004 2.513941
v 7.645764 -0.028658 1.499746
v 4.390379 0.100174 -0.121113
v 7.194431 0.060534 -1.744288
v 11.061251 -0.019511 -2.853418
v 12.887924 -0.137671 -0.012284
v 2.690260 0.224434 -3.376724
v -0.321161 0.264074 -1.535892
v -0.316587 0.404343 -1.505790
v -0.273131 0.338782 1.217253
v -0.277705 0.198514 1.187151
v 17.272402 -0.027132 -9.781436
v 17.276215 0.113135 -9.751333
v 19.967436 -0.027895 -6.947247
v 19.945324 0.052912 -10.339475
v 19.940752 -0.087356 -10.371892
v 22.537437 -0.153678 -10.598811
v 22.542009 -0.013411 -10.566394
v 24.801720 -0.199418 -11.318936
v 24.805531 -0.059150 -11.286520
v 27.080486 -0.147579 -10.212122
v 27.293955 -0.215427 -7.574751
v 25.197397 -0.139194 -8.343501
v 23.009350 -0.103365 -7.308467
vn -0.0277 -0.9993 -0.0237
vn 0.1622 -0.9673 0.1949
vn 0.3308 -0.9317 -0.1503
vn 0.9057 -0.3989 0.1431
vn 0.2711 0.9289 0.2525
vn 0.1669 0.9489 0.2678
vn 0.0797 -0.9758 0.2035
vn 0.1935 0.8493 0.4911
vn 0.1217 -0.9150 0.3846
vn -0.0276 -0.9993 -0.0237
vn 0.0277 0.9993 0.0237
vn 0.1411 0.9258 0.3507
vn 0.0277 0.9993 0.0236
vn 0.0785 -0.9593 0.2712
vn 0.1834 0.8511 0.4919
vn -0.0634 0.9767 -0.2049
vn 0.1071 0.9560 0.2732
vn 0.0276 0.9993 0.0236
vn -0.2007 -0.8482 -0.4901
vn -0.1285 -0.9538 -0.2716
vn -0.1296 0.9143 -0.3839
vn -0.1132 0.9569 -0.2675
vn -0.2002 -0.9167 -0.3459
vn -0.1468 0.9530 -0.2649
vn 0.0956 0.7786 0.6202
vn -0.1677 0.9513 0.2588
vn -0.1329 -0.9705 0.2010
vn 0.0097 -0.9620 0.2730
vn 0.0539 -0.9773 0.2047
vn -0.0277 -0.9993 -0.0236
vn -0.0278 -0.9993 -0.0237
vn 0.1024 -0.9171 0.3853
vn -0.2200 -0.9134 -0.3425
vn -0.1498 0.9526 -0.2649
vn -0.1275 -0.9740 -0.1874
vn -0.3209 0.8942 0.3122
vn -0.5148 -0.7573 0.4018
vn -0.1334 -0.9268 -0.3511
vn -0.0541 0.9608 -0.2720
vn -0.0844 -0.9311 -0.3549
vn -0.0122 0.9621 -0.2725
vn -0.1028 -0.8589 -0.5018
vn -0.0726 0.9199 -0.3854
vn 0.0078 -0.8913 -0.4533
vn 0.0427 0.9824 -0.1817
vn 0.5916 0.7843 -0.1864
vn 0.8274 0.5418 0.1480
vn 0.0276 0.9993 0.0237
vt 0.963762 0.105696
vt 0.971286 0.209148
vt 0.996238 0.038669
vt 0.999921 0.133389
vt 0.971365 0.210229
vt 0.922566 0.279002
vt 0.922487 0.277921
vt 0.925999 0.142952
vt 0.859758 0.327235
vt 0.859680 0.326154
vt 0.805106 0.232432
vt 0.873517 0.155842
vt 0.805185 0.233597
vt 0.806198 0.365738
vt 0.720017 0.305197
vt 0.806132 0.364657
vt 0.751519 0.407152
vt 0.704417 0.153929
vt 0.661090 0.461538
vt 0.653303 0.344948
vt 0.769329 0.101040
vt 0.704338 0.152848
vt 0.769408 0.102121
vt 0.627456 0.221871
vt 0.627377 0.220707
vt 0.575593 0.286320
vt 0.604911 0.403243
vt 0.596835 0.513514
vt 0.543696 0.497963
vt 0.543617 0.496798
vt 0.596756 0.512432
vt 0.661011 0.460374
vt 0.653224 0.343867
vt 0.604846 0.402162
vt 0.719938 0.304033
vt 0.751453 0.406071
vt 0.575514 0.285239
vt 0.523637 0.352432
vt 0.523558 0.351351
vt 0.524386 0.450229
vt 0.524307 0.449148
vt 0.827099 0.055218
vt 0.827164 0.056299
vt 0.873136 0.034012
vt 0.873596 0.157006
vt 0.873214 0.035177
vt 0.917936 0.025863
vt 0.918015 0.027027
vt 0.957002 0.000000
vt 0.957067 0.001164
vt 0.996317 0.039750
vt 0.963828 0.106861
vt 1.000000 0.134470
vt 0.926078 0.144033
s 1
usemtl Dragonfly_wing
f 1376/772/1350 1372/774/1352 1371/773/1351
f 1371/773/1351 1372/774/1352 1373/775/1353
f 1371/773/1351 1373/775/1353 1374/776/1354
f 1374/776/1354 1375/777/1355 1371/773/1351
f 1378/778/1356 1371/773/1351 1375/777/1355
f 1371/773/1351 1377/779/1350 1376/772/1350
f 1378/778/1356 1377/779/1350 1371/773/1351
f 1375/777/1355 1382/780/1357 1378/778/1356
f 1379/781/1358 1378/778/1356 1382/780/1357
f 1379/781/1358 1380/782/1359 1378/778/1356
f 1378/778/1356 1380/782/1359 1381/783/1359
f 1378/778/1356 1381/783/1359 1377/779/1350
f 1383/784/1360 1382/780/1357 1375/777/1355
f 1382/780/1357 1383/784/1360 1384/785/1361
f 1382/780/1357 1384/785/1361 1379/781/1358
f 1383/784/1360 1387/786/1362 1384/785/1361
f 1384/785/1361 1385/788/1364 1386/787/1363
f 1385/788/1364 1384/785/1361 1387/786/1362
f 1386/787/1363 1379/781/1358 1384/785/1361
f 1383/784/1360 1390/789/1365 1387/786/1362
f 1385/788/1364 1387/786/1362 1388/790/1366
f 1389/791/1367 1388/790/1366 1387/786/1362
f 1389/791/1367 1387/786/1362 1390/789/1365
f 1391/792/1368 1393/793/1369 1390/789/1365
f 1392/794/1370 1391/792/1368 1390/789/1365
f 1392/794/1370 1390/789/1365 1383/784/1360
f 1390/789/1365 1393/793/1369 1394/795/1371
f 1389/791/1367 1390/789/1365 1394/795/1371
f 1393/793/1369 1395/796/1372 1394/795/1371
f 1394/795/1371 1395/796/1372 1396/797/1373
f 1397/798/1367 1394/795/1371 1396/797/1373
f 1397/798/1367 1389/791/1367 1394/795/1371
f 1397/798/1367 1388/790/1366 1389/791/1367
f 1399/799/1374 1388/790/1366 1397/798/1367
f 1397/798/1367 1396/797/1373 1398/800/1375
f 1399/799/1374 1397/798/1367 1398/800/1375
f 1401/801/1376 1400/802/1377 1399/799/1374
f 1400/802/1377 1402/803/1378 1399/799/1374
f 1398/800/1375 1401/801/1376 1399/799/1374
f 1388/790/1366 1399/799/1374 1402/803/1378
f 1402/803/1378 1403/805/1380 1404/804/1379
f 1402/803/1378 1400/802/1377 1403/805/1380
f 1402/803/1378 1404/804/1379 1405/806/1359
f 1405/806/1359 1406/807/1381 1402/803/1378
f 1402/803/1378 1406/807/1381 1388/790/1366
f 1385/788/1364 1388/790/1366 1406/807/1381
f 1386/787/1363 1406/807/1381 1405/806/1359
f 1406/807/1381 1386/787/1363 1385/788/1364
f 1405/806/1359 1380/782/1359 1386/787/1363
f 1393/793/1369 1380/782/1359 1405/806/1359
f 1405/806/1359 1404/804/1379 1393/793/1369
f 1404/804/1379 1403/805/1380 1395/796/1372
f 1393/793/1369 1404/804/1379 1395/796/1372
f 1395/796/1372 1403/805/1380 1407/808/1382
f 1407/808/1382 1403/805/1380 1401/801/1376
f 1403/805/1380 1400/802/1377 1401/801/1376
f 1395/796/1372 1407/808/1382 1396/797/1373
f 1396/797/1373 1407/808/1382 1409/809/1383
f 1407/808/1382 1408/810/1384 1409/809/1383
f 1407/808/1382 1401/801/1376 1408/810/1384
f 1398/800/1375 1396/797/1373 1409/809/1383
f 1410/811/1385 1398/800/1375 1409/809/1383
f 1410/811/1385 1411/812/1386 1398/800/1375
f 1411/812/1386 1401/801/1376 1398/800/1375
f 1401/801/1376 1411/812/1386 1408/810/1384
f 1393/793/1369 1391/792/1368 1380/782/1359
f 1412/813/1387 1391/792/1368 1392/794/1370
f 1392/794/1370 1383/784/1360 1413/814/1388
f 1413/814/1388 1412/813/1387 1392/794/1370
f 1416/815/1389 1412/813/1387 1413/814/1388
f 1383/784/1360 1414/816/1360 1413/814/1388
f 1415/817/1390 1413/814/1388 1414/816/1360
f 1415/817/1390 1416/815/1389 1413/814/1388
f 1417/818/1391 1416/815/1389 1415/817/1390
f 1377/779/1350 1416/815/1389 1417/818/1391
f 1412/813/1387 1416/815/1389 1381/783/1359
f 1377/779/1350 1381/783/1359 1416/815/1389
f 1418/819/1392 1417/818/1391 1415/817/1390
f 1419/820/1393 1417/818/1391 1418/819/1392
f 1417/818/1391 1419/820/1393 1377/779/1350
f 1420/821/1394 1419/820/1393 1418/819/1392
f 1420/821/1394 1421/822/1395 1419/820/1393
f 1372/774/1352 1419/820/1393 1421/822/1395
f 1376/772/1350 1419/820/1393 1372/774/1352
f 1377/779/1350 1419/820/1393 1376/772/1350
f 1421/822/1395 1423/823/1360 1374/776/1354
f 1421/822/1395 1374/776/1354 1422/824/1396
f 1373/775/1353 1372/774/1352 1421/822/1395
f 1422/824/1396 1373/775/1353 1421/822/1395
f 1420/821/1394 1423/823/1360 1421/822/1395
f 1424/825/1397 1374/776/1354 1423/823/1360
f 1420/821/1394 1424/825/1397 1423/823/1360
f 1414/816/1360 1424/825/1397 1415/817/1390
f 1415/817/1390 1424/825/1397 1418/819/1392
f 1420/821/1394 1418/819/1392 1424/825/1397
f 1414/816/1360 1375/777/1355 1424/825/1397
f 1424/825/1397 1375/777/1355 1374/776/1354
f 1422/824/1396 1374/776/1354 1373/775/1353
f 1383/784/1360 1375/777/1355 1414/816/1360
f 1380/782/1359 1391/792/1368 1412/813/1387
f 1381/783/1359 1380/782/1359 1412/813/1387
f 1380/782/1359 1379/781/1358 1386/787/1363
o wing_r
v 18.699800 -0.227173 8.310843
v 15.834755 -0.099865 3.971572
v 15.628912 -0.182958 7.558301
v 22.308929 -0.277486 9.109695
v 22.309692 -0.136456 9.139797
v 18.701323 -0.086905 8.340945
v 15.630434 -0.041928 7.588404
v 15.835519 0.040404 4.003989
v 19.813646 0.000763 4.226278
v 17.416704 0.121973 -0.027320
v 14.095756 0.166949 -0.721973
v 10.357780 0.217263 -1.497670
v 10.930331 0.104438 3.087046
v 12.490173 0.001525 6.877541
v 7.120693 0.164662 1.931605
v 7.325012 0.083093 5.321517
v 7.323487 -0.057175 5.291415
v 4.299105 0.190580 1.885295
v 3.628206 0.132644 4.578237
v 3.626682 -0.007624 4.548135
v 0.686161 0.069371 2.355343
v 4.297580 0.050313 1.852877
v 5.917649 0.133407 -2.271052
v 7.119167 0.024394 1.901503
v 2.889455 0.159326 -2.266421
v 5.919173 0.273674 -2.238635
v -0.147888 0.184482 -2.222426
v -0.146363 0.325512 -2.192324
v 2.890980 0.299594 -2.236320
v 0.686924 0.210401 2.385445
v -0.203542 0.245468 0.317692
v -0.205066 0.143316 0.343163
v 10.929569 -0.035829 3.056945
v 10.356255 0.076995 -1.527772
v 14.094229 0.026681 -0.752075
v 17.415180 -0.019058 -0.057421
v 20.033972 0.076233 0.940566
v 20.032448 -0.064035 0.908148
v 19.812119 -0.139505 4.196177
v 22.773222 -0.198966 5.599378
v 24.958220 -0.223361 5.858716
v 22.554420 -0.116635 2.183996
v 25.173973 -0.297307 8.887407
v 24.789734 -0.150177 2.792976
v 24.791258 -0.009909 2.823077
v 26.909161 -0.083093 5.168693
v 26.907640 -0.223360 5.138591
v 26.925936 -0.286633 7.808377
v 25.175501 -0.156276 8.917509
v 26.927458 -0.146366 7.838480
v 24.959743 -0.083093 5.888818
v 22.774746 -0.057936 5.629479
v 22.555943 0.024395 2.216413
v 12.488647 -0.138743 6.847440
vn -0.1019 -0.9158 0.3886
vn -0.0201 -0.9907 0.1349
vn -0.0087 -0.9997 -0.0236
vn -0.0787 -0.9588 0.2730
vn -0.1047 0.8619 0.4962
vn -0.0158 0.9350 0.3543
vn 0.0087 0.9997 0.0235
vn -0.0690 0.9332 0.3527
vn 0.0859 0.9582 -0.2728
vn 0.0925 0.9165 -0.3891
vn 0.0500 0.9771 -0.2068
vn -0.1236 0.8602 0.4947
vn -0.0504 0.9605 0.2735
vn 0.0088 0.9997 0.0236
vn -0.0699 -0.9760 0.2064
vn -0.1614 -0.9095 0.3831
vn -0.2485 0.8434 0.4763
vn 0.0087 0.9997 0.0236
vn -0.2606 -0.9476 0.1847
vn -0.0086 -0.9997 -0.0236
vn 0.0288 -0.9342 -0.3555
vn -0.0110 -0.8903 -0.4553
vn 0.0246 0.9616 -0.2734
vn 0.0070 0.9829 -0.1841
vn -0.7259 -0.6720 -0.1463
vn -0.4184 0.8722 -0.2535
vn -0.3365 0.9157 0.2196
vn -0.9198 0.3826 0.0867
vn -0.9007 -0.3884 0.1947
vn 0.0405 -0.9609 -0.2739
vn -0.0087 -0.9997 -0.0235
vn 0.0929 -0.8627 -0.4971
vn 0.0960 -0.9312 -0.3516
vn 0.1293 0.9543 -0.2693
vn 0.1423 -0.9263 -0.3488
vn -0.0085 -0.9997 -0.0236
vn 0.2450 -0.9115 -0.3304
vn 0.0499 -0.9773 0.2057
vn 0.1577 -0.8557 -0.4928
vn 0.4062 -0.9060 -0.1191
vn 0.1635 0.9503 -0.2652
vn 0.6527 0.7455 -0.1349
vn 0.8771 -0.4256 0.2225
vn 0.7774 0.5901 0.2176
vn 0.1157 0.9559 0.2699
vn 0.1794 0.9075 -0.3799
vn -0.1110 -0.9149 0.3881
vt 0.852853 0.970229
vt 0.915121 0.998919
vt 0.803423 0.814387
vt 0.799871 0.943202
vt 0.852879 0.971310
vt 0.915134 1.000000
vt 0.803436 0.815551
vt 0.799897 0.944283
vt 0.872070 0.823534
vt 0.830716 0.670769
vt 0.773420 0.645821
vt 0.708929 0.617963
vt 0.718807 0.782620
vt 0.745719 0.918753
vt 0.656604 0.862869
vt 0.653079 0.741123
vt 0.656578 0.861788
vt 0.592797 0.835094
vt 0.592824 0.836175
vt 0.604399 0.739459
vt 0.542065 0.756341
vt 0.604372 0.738295
vt 0.653053 0.740042
vt 0.632323 0.590187
vt 0.580078 0.590353
vt 0.632349 0.591351
vt 0.580104 0.591434
vt 0.527675 0.591933
vt 0.527701 0.593015
vt 0.542078 0.757422
vt 0.526715 0.683160
vt 0.526688 0.684075
vt 0.708902 0.616881
vt 0.718794 0.781538
vt 0.773393 0.644740
vt 0.830689 0.669688
vt 0.875871 0.705530
vt 0.875845 0.704366
vt 0.872044 0.822453
vt 0.923132 0.872848
vt 0.960829 0.882162
vt 0.957922 0.772058
vt 0.964552 0.990936
vt 0.919357 0.750187
vt 0.994462 0.856299
vt 0.957949 0.773139
vt 0.994489 0.857380
vt 0.994778 0.952183
vt 0.994804 0.953264
vt 0.964578 0.992017
vt 0.960856 0.883243
vt 0.923158 0.873929
vt 0.919383 0.751351
vt 0.745692 0.917672
s 1
usemtl Dragonfly_wing
f 1425/826/1398 1426/828/1400 1428/827/1399
f 1426/828/1400 1425/826/1398 1427/829/1401
f 1427/829/1401 1425/826/1398 1430/830/1402
f 1425/826/1398 1428/827/1399 1429/831/1403
f 1430/830/1402 1425/826/1398 1429/831/1403
f 1432/832/1404 1430/830/1402 1429/831/1403
f 1430/830/1402 1432/832/1404 1431/833/1405
f 1431/833/1405 1427/829/1401 1430/830/1402
f 1432/832/1404 1429/831/1403 1433/834/1404
f 1432/832/1404 1433/834/1404 1434/835/1406
f 1435/836/1407 1432/832/1404 1434/835/1406
f 1435/836/1407 1436/837/1408 1432/832/1404
f 1432/832/1404 1436/837/1408 1437/838/1404
f 1432/832/1404 1437/838/1404 1431/833/1405
f 1438/839/1409 1431/833/1405 1437/838/1404
f 1438/839/1409 1437/838/1404 1440/840/1410
f 1439/841/1411 1440/840/1410 1437/838/1404
f 1439/841/1411 1437/838/1404 1436/837/1408
f 1440/840/1410 1441/842/1412 1438/839/1409
f 1444/843/1413 1441/842/1412 1440/840/1410
f 1443/844/1414 1440/840/1410 1442/845/1415
f 1442/845/1415 1440/840/1410 1439/841/1411
f 1443/844/1414 1444/843/1413 1440/840/1410
f 1445/846/1416 1444/843/1413 1443/844/1414
f 1446/847/1417 1444/843/1413 1445/846/1416
f 1441/842/1412 1444/843/1413 1446/847/1417
f 1448/848/1400 1446/847/1417 1447/849/1418
f 1447/849/1418 1446/847/1417 1449/850/1419
f 1441/842/1412 1446/847/1417 1448/848/1400
f 1449/850/1419 1446/847/1417 1445/846/1416
f 1447/849/1418 1449/850/1419 1450/851/1420
f 1453/852/1421 1450/851/1420 1449/850/1419
f 1449/850/1419 1445/846/1416 1451/853/1422
f 1449/850/1419 1451/853/1422 1452/854/1423
f 1453/852/1421 1449/850/1419 1452/854/1423
f 1442/845/1415 1450/851/1420 1453/852/1421
f 1442/845/1415 1453/852/1421 1454/855/1424
f 1454/855/1424 1453/852/1421 1452/854/1423
f 1454/855/1424 1445/846/1416 1443/844/1414
f 1443/844/1414 1442/845/1415 1454/855/1424
f 1455/856/1425 1454/855/1424 1452/854/1423
f 1455/856/1425 1456/857/1426 1454/855/1424
f 1456/857/1426 1445/846/1416 1454/855/1424
f 1451/853/1422 1456/857/1426 1455/856/1425
f 1445/846/1416 1456/857/1426 1451/853/1422
f 1452/854/1423 1451/853/1422 1455/856/1425
f 1439/841/1411 1436/837/1408 1450/851/1420
f 1442/845/1415 1439/841/1411 1450/851/1420
f 1450/851/1420 1436/837/1408 1447/849/1418
f 1458/858/1427 1448/848/1400 1447/849/1418
f 1441/842/1412 1448/848/1400 1457/859/1428
f 1457/859/1428 1448/848/1400 1458/858/1427
f 1436/837/1408 1435/836/1407 1458/858/1427
f 1458/858/1427 1447/849/1418 1436/837/1408
f 1459/860/1429 1458/858/1427 1435/836/1407
f 1458/858/1427 1459/860/1429 1426/828/1400
f 1458/858/1427 1426/828/1400 1457/859/1428
f 1435/836/1407 1434/835/1406 1459/860/1429
f 1426/828/1400 1459/860/1429 1460/861/1430
f 1460/861/1430 1459/860/1429 1434/835/1406
f 1434/835/1406 1461/862/1431 1460/861/1430
f 1462/863/1432 1460/861/1430 1461/862/1431
f 1460/861/1430 1462/863/1432 1463/864/1400
f 1463/864/1400 1426/828/1400 1460/861/1430
f 1428/827/1399 1463/864/1400 1464/865/1428
f 1428/827/1399 1426/828/1400 1463/864/1400
f 1464/865/1428 1463/864/1400 1462/863/1432
f 1464/865/1428 1468/867/1434 1465/866/1433
f 1467/868/1435 1464/865/1428 1465/866/1433
f 1466/869/1436 1468/867/1434 1464/865/1428
f 1464/865/1428 1462/863/1432 1466/869/1436
f 1428/827/1399 1464/865/1428 1467/868/1435
f 1465/866/1433 1468/867/1434 1471/870/1437
f 1468/867/1434 1466/869/1436 1469/871/1438
f 1469/871/1438 1470/872/1439 1468/867/1434
f 1471/870/1437 1468/867/1434 1470/872/1439
f 1467/868/1435 1471/870/1437 1472/873/1440
f 1472/873/1440 1471/870/1437 1470/872/1439
f 1465/866/1433 1471/870/1437 1467/868/1435
f 1474/874/1441 1472/873/1440 1470/872/1439
f 1467/868/1435 1472/873/1440 1473/875/1442
f 1474/874/1441 1473/875/1442 1472/873/1440
f 1470/872/1439 1473/875/1442 1474/874/1441
f 1470/872/1439 1475/876/1404 1473/875/1442
f 1476/877/1404 1429/831/1403 1473/875/1442
f 1473/875/1442 1429/831/1403 1467/868/1435
f 1476/877/1404 1473/875/1442 1475/876/1404
f 1469/871/1438 1476/877/1404 1475/876/1404
f 1469/871/1438 1477/878/1443 1476/877/1404
f 1433/834/1404 1429/831/1403 1476/877/1404
f 1461/862/1431 1476/877/1404 1477/878/1443
f 1433/834/1404 1476/877/1404 1461/862/1431
f 1461/862/1431 1477/878/1443 1462/863/1432
f 1477/878/1443 1469/871/1438 1466/869/1436
f 1466/869/1436 1462/863/1432 1477/878/1443
f 1469/871/1438 1475/876/1404 1470/872/1439
f 1428/827/1399 1467/868/1435 1429/831/1403
f 1461/862/1431 1434/835/1406 1433/834/1404
f 1427/829/1401 1478/879/1444 1457/859/1428
f 1457/859/1428 1478/879/1444 1441/842/1412
f 1457/859/1428 1426/828/1400 1427/829/1401
f 1478/879/1444 1427/829/1401 1431/833/1405
f 1438/839/1409 1478/879/1444 1431/833/1405
f 1441/842/1412 1478/879/1444 1438/839/1409
