# Blender 5.1.2
# www.blender.org
mtllib v1.mtl
o m1
v -3.449834 2.642258 -7.175924
v 1.794831 2.002623 -3.863941
v -0.592038 3.627596 -3.863941
v -6.870695 3.627596 -3.863941
v -6.171283 5.981211 -3.863941
v 3.119144 5.981211 1.055862
v -6.171280 5.981211 1.055862
v -6.870694 3.627596 1.055862
v -0.592038 3.627594 1.055862
v 1.794832 2.002623 1.055862
v -0.592038 3.627596 -3.863941
v -0.592038 3.627594 1.055862
v -6.870694 3.627596 1.055862
v -6.870695 3.627596 -3.863941
v 5.679440 0.863487 -1.404039
v 4.846610 2.002626 -3.022800
v 6.089783 4.523588 -2.894966
v 6.759013 4.191776 -1.430977
v -6.171283 5.981211 -3.863941
v -6.171280 5.981211 1.055862
v 3.119144 5.981211 1.055862
v 3.119143 5.981211 -3.863941
v -6.870695 3.627596 -3.863941
v -6.870694 3.627596 1.055862
v -6.171280 5.981211 1.055862
v -6.171283 5.981211 -3.863941
v 1.794831 2.002623 -3.863941
v 1.794832 2.002623 1.055862
v 6.089783 4.523586 0.086887
v 6.759013 4.191776 -1.430977
v 6.089783 4.523588 -2.894966
v 6.089783 4.523586 0.086887
v 4.846610 2.002623 0.214722
v 1.794831 2.002623 -3.863941
v 4.846610 2.002626 -3.022800
v 5.679440 0.863487 -1.404039
v 5.679440 0.863487 -1.404039
v 4.846610 2.002623 0.214722
v 5.679440 0.863487 -1.404039
v 6.759013 4.191776 -1.430977
v -0.617191 1.489082 4.367859
v -3.449829 1.489082 4.367859
v -3.449829 0.434143 1.403040
v -0.617191 0.434143 1.403040
v -5.050357 0.824003 -1.404034
v -2.217711 0.824003 -1.404034
v -0.617195 2.642258 4.367857
v -0.617193 3.103270 1.403036
v -3.449831 3.103270 1.403036
v -3.449831 2.642258 4.367857
v -2.217714 3.933540 -1.404034
v -5.050358 3.933540 -1.404034
v -0.617191 1.489082 4.367859
v -0.617191 0.434143 1.403040
v -0.617193 3.103270 1.403036
v -0.617195 2.642258 4.367857
v -2.217711 0.824003 -1.404034
v -2.217714 3.933540 -1.404034
v -3.449829 0.434143 1.403040
v -3.449829 1.489082 4.367859
v -3.449831 2.642258 4.367857
v -3.449831 3.103270 1.403036
v -3.449829 1.489082 4.367859
v -0.617191 1.489082 4.367859
v -0.617195 2.642258 4.367857
v -3.449831 2.642258 4.367857
v -5.050358 3.933540 -1.404034
v -5.050357 0.824003 -1.404034
v -3.449831 1.489082 -7.175926
v -0.617192 1.489082 -7.175928
v -3.449829 0.434143 -4.211107
v -0.617192 0.434143 -4.211107
v -0.617194 3.103270 -4.211103
v -0.617197 2.642258 -7.175924
v -3.449832 3.103270 -4.211103
v -3.449834 2.642258 -7.175924
v -0.617192 0.434143 -4.211107
v -0.617192 1.489082 -7.175928
v -0.617194 3.103270 -4.211103
v -0.617197 2.642258 -7.175924
v -2.217714 3.933540 -1.404034
v -2.217711 0.824003 -1.404034
v -3.449831 1.489082 -7.175926
v -3.449829 0.434143 -4.211107
v -3.449834 2.642258 -7.175924
v -3.449832 3.103270 -4.211103
v -0.617192 1.489082 -7.175928
v -3.449831 1.489082 -7.175926
v -0.617197 2.642258 -7.175924
v -5.050358 3.933540 -1.404034
v -5.050357 0.824003 -1.404034
v 3.119143 5.981211 -3.863941
v -2.265811 -0.201536 7.180140
v -0.251051 1.813063 7.180100
v 2.287096 -1.315464 3.858816
v 1.869883 -0.308107 3.858771
v -0.250989 1.812937 3.858650
v -2.265749 -0.201662 3.858686
v -0.144876 -2.322709 3.858806
v 0.862446 -2.739998 3.858841
v 1.869803 -2.322786 3.858844
v 2.287064 -1.315401 5.519541
v 1.869773 -2.322726 5.519571
v 0.862418 -2.739936 5.519567
v -0.144906 -2.322643 5.519533
v -1.303564 -1.163891 5.519469
v 0.711193 0.850708 5.519430
v 1.869852 -0.308044 5.519495
v -1.303564 -1.163891 5.519469
v -1.303596 -1.163828 7.180193
v 0.711163 0.850771 7.180156
v 0.711193 0.850708 5.519430
v -1.303596 -1.163828 7.180193
v -0.251051 1.813063 7.180100
v -0.250989 1.812937 3.858650
v 0.711193 0.850708 5.519430
v -2.265749 -0.201662 3.858686
v -2.265811 -0.201536 7.180140
v -1.303596 -1.163828 7.180193
v -1.303564 -1.163891 5.519469
v 1.869852 -0.308044 5.519495
v 1.869883 -0.308107 3.858771
v 1.869803 -2.322786 3.858844
v 1.869773 -2.322726 5.519571
v 2.287064 -1.315401 5.519541
v 2.287096 -1.315464 3.858816
v 1.869773 -2.322726 5.519571
v 1.869803 -2.322786 3.858844
v -0.144876 -2.322709 3.858806
v -0.144906 -2.322643 5.519533
v 0.862418 -2.739936 5.519567
v 0.862446 -2.739998 3.858841
v 0.711163 0.850771 7.180156
v -0.251051 1.813063 7.180100
v -0.224231 3.325714 7.238950
v -0.250989 1.812937 3.858650
v -2.265749 -0.201662 3.858686
v -2.265811 -0.201536 7.180140
v -2.281896 4.440376 3.000725
v -2.281988 4.440565 8.037756
v -0.427704 3.672409 8.037819
v -0.427609 3.672220 3.000788
v -4.136241 3.672369 3.000719
v -4.136333 3.672556 8.037753
v -4.904399 1.818081 3.000773
v -4.904494 1.818270 8.037807
v -0.427704 3.672409 8.037819
v -2.282179 -0.288750 8.037932
v -0.794420 0.329599 8.037937
v -2.281988 4.440565 8.037756
v -3.771964 0.328413 8.037883
v 3.515336 -0.270948 8.038040
v 1.156846 -0.846560 8.038017
v 3.146804 -2.836680 8.038129
v 3.502630 -2.480884 8.038124
v 0.373840 -0.837986 8.038003
v -4.136333 3.672556 8.037753
v -4.389002 1.818249 8.037817
v -4.904494 1.818270 8.037807
v 3.515429 -0.271137 3.001009
v 3.502630 -2.480884 8.038124
v 3.502723 -2.481071 3.001092
v 3.515336 -0.270948 8.038040
v -0.794420 0.329599 8.037937
v 0.373934 -0.838173 3.000973
v 0.373840 -0.837986 8.038003
v -0.794326 0.329411 3.000906
v 1.156940 -0.846746 3.000986
v 1.156846 -0.846560 8.038017
v 3.146898 -2.836868 3.001099
v 3.146804 -2.836680 8.038129
v 3.146804 -2.836680 8.038129
v 3.502723 -2.481071 3.001092
v 3.502630 -2.480884 8.038124
v 3.146898 -2.836868 3.001099
v -4.388910 1.818060 3.000784
v -4.904494 1.818270 8.037807
v -4.904399 1.818081 3.000773
v -4.389002 1.818249 8.037817
v -3.771871 0.328224 3.000852
v -4.389002 1.818249 8.037817
v -4.388910 1.818060 3.000784
v -3.771964 0.328413 8.037883
v -0.794326 0.329411 3.000906
v -2.282179 -0.288750 8.037932
v -2.282082 -0.288937 3.000903
v -0.794420 0.329599 8.037937
v -2.282082 -0.288937 3.000903
v -0.427609 3.672220 3.000788
v -0.794326 0.329411 3.000906
v -3.771871 0.328224 3.000852
v -2.281896 4.440376 3.000725
v 3.515429 -0.271137 3.001009
v 1.156940 -0.846746 3.000986
v 3.146898 -2.836868 3.001099
v 3.502723 -2.481071 3.001092
v 0.373934 -0.838173 3.000973
v -4.136241 3.672369 3.000719
v -4.388910 1.818060 3.000784
v -4.904399 1.818081 3.000773
v 3.194103 -0.092957 3.799881
v -0.224168 3.325586 3.799688
v 0.500366 3.700989 3.975300
v 3.569554 0.631556 3.975471
v 3.194039 -0.092829 7.239142
v 3.569498 0.631674 7.063515
v 0.500308 3.701105 7.063339
v -0.224231 3.325714 7.238950
v 3.194103 -0.092957 3.799881
v 3.569554 0.631556 3.975471
v 3.569498 0.631674 7.063515
v 3.194039 -0.092829 7.239142
v 3.569554 0.631556 3.975471
v 0.500366 3.700989 3.975300
v 0.500308 3.701105 7.063339
v 3.569498 0.631674 7.063515
v 0.500366 3.700989 3.975300
v -0.224168 3.325586 3.799688
v -0.224231 3.325714 7.238950
v 0.500308 3.701105 7.063339
v -0.224168 3.325586 3.799688
v 3.194103 -0.092957 3.799881
v 3.194039 -0.092829 7.239142
v 0.711163 0.850771 7.180156
v -3.259954 -3.422996 4.509924
v -3.260023 -3.422990 7.180138
v -3.260008 -3.422989 6.528898
v -3.677283 -4.430323 6.528890
v -3.260062 -5.437666 7.180142
v -3.677299 -4.430320 7.180129
v -3.677283 -4.430323 6.528890
v -3.260045 -5.437668 6.528902
v -2.252738 -5.854941 7.180170
v -2.252719 -5.854943 6.528934
v -1.245387 -5.437711 7.180194
v -1.245371 -5.437713 6.528958
v 0.862462 0.109253 7.180236
v 2.287022 -1.315372 7.180277
v 1.869793 -0.308023 7.180263
v 1.869749 -2.322703 7.180267
v -0.144890 -0.307981 7.180210
v -1.245387 -5.437711 7.180194
v -3.260023 -3.422990 7.180138
v -2.252738 -5.854941 7.180170
v -3.677299 -4.430320 7.180129
v -3.260062 -5.437666 7.180142
v -3.259937 -3.422996 3.858683
v -2.091450 -2.254540 4.509951
v -1.314703 -1.477842 3.858732
v -1.314753 -1.477835 5.660662
v -2.091503 -2.254536 6.528929
v -0.144890 -0.307981 7.180210
v -0.144848 -0.307985 5.660693
v 1.869791 -2.322707 5.660751
v 2.287060 -1.315372 5.660759
v 2.287022 -1.315372 7.180277
v 1.869749 -2.322703 7.180267
v 1.869832 -0.308027 5.660747
v 1.869793 -0.308023 7.180263
v 1.869832 -0.308027 5.660747
v 0.862500 0.109249 5.660719
v 0.862462 0.109253 7.180236
v 1.869793 -0.308023 7.180263
v 0.862500 0.109249 5.660719
v 0.862462 0.109253 7.180236
v -3.677209 -4.430326 3.858675
v -3.677228 -4.430324 4.509914
v -3.677228 -4.430324 4.509914
v -3.677209 -4.430326 3.858675
v -3.259976 -5.437674 3.858687
v -3.259994 -5.437674 4.509928
v -2.252647 -5.854949 3.858715
v -2.252667 -5.854948 4.509956
v -2.252667 -5.854948 4.509956
v -2.252647 -5.854949 3.858715
v -1.245301 -5.437716 3.858740
v -1.245318 -5.437717 4.509981
v -3.259937 -3.422996 3.858683
v -1.314703 -1.477842 3.858732
v 0.699936 -3.492561 3.858789
v -1.245301 -5.437716 3.858740
v -3.677209 -4.430326 3.858675
v -2.252647 -5.854949 3.858715
v -3.259976 -5.437674 3.858687
v -0.076814 -4.269259 4.510008
v 0.699936 -3.492561 3.858789
v 0.699886 -3.492558 5.660721
v -0.076865 -4.269255 6.528986
v -1.314703 -1.477842 3.858732
v 0.699886 -3.492558 5.660721
v 0.699936 -3.492561 3.858789
v -1.314753 -1.477835 5.660662
v -0.144848 -0.307985 5.660693
v 2.287060 -1.315372 5.660759
v 1.869791 -2.322707 5.660751
v -1.314753 -1.477835 5.660662
v 0.699886 -3.492558 5.660721
v 0.862500 0.109249 5.660719
v 1.869832 -0.308027 5.660747
v -0.076865 -4.269255 6.528986
v -2.091450 -2.254540 4.509951
v -0.076814 -4.269259 4.510008
v -2.091503 -2.254536 6.528929
v -1.245371 -5.437713 6.528958
v -3.260008 -3.422989 6.528898
v -2.091503 -2.254536 6.528929
v -0.076865 -4.269255 6.528986
v -2.252719 -5.854943 6.528934
v -3.677283 -4.430323 6.528890
v -3.260045 -5.437668 6.528902
v -2.252667 -5.854948 4.509956
v -3.677228 -4.430324 4.509914
v -3.259994 -5.437674 4.509928
v -1.245318 -5.437717 4.509981
v -3.259954 -3.422996 4.509924
v -0.076814 -4.269259 4.510008
v -2.091450 -2.254540 4.509951
v -3.677299 -4.430320 7.180129
v -0.841941 -6.722663 7.117783
v -0.663896 -6.182543 7.117777
v -4.347829 -6.182432 7.117585
v 0.203650 -5.647287 7.117806
v 0.203816 -5.647386 3.921387
v 0.203815 -6.182677 3.620500
v 0.203804 -6.536781 3.620510
v 0.203607 -6.536665 7.418737
v 0.203618 -6.182560 7.418727
v 0.203607 -6.536665 7.418737
v -0.663960 -7.538744 7.545345
v -0.436542 -5.488452 7.117768
v 0.203650 -5.647287 7.117806
v 0.203618 -6.182560 7.418727
v -0.663918 -6.182530 7.545303
v 4.199291 -12.587830 7.118226
v -3.358223 -12.587595 7.117834
v -2.621117 -13.966242 7.117915
v 2.822079 -13.966409 7.118197
v 4.323902 -13.379869 7.118258
v 4.199269 -12.587814 7.545756
v 4.199291 -12.587830 7.118226
v 4.323902 -13.379869 7.118258
v 4.323875 -13.379857 7.545788
v 4.323902 -13.379869 7.118258
v 4.323875 -13.379857 7.545788
v 2.822079 -13.966409 7.118197
v -2.621117 -13.966242 7.117915
v -2.621143 -13.966229 7.545445
v 2.822052 -13.966397 7.545727
v -3.358056 -12.587694 3.921419
v -2.620952 -13.966340 3.921499
v -2.620934 -13.966353 3.493968
v -2.621143 -13.966229 7.545445
v -2.621117 -13.966242 7.117915
v -3.358223 -12.587595 7.117834
v -4.347779 -10.736536 3.493778
v -5.473530 -10.105286 3.493702
v -5.473740 -10.105160 7.545178
v -4.347989 -10.736410 7.545257
v -5.473740 -10.105160 7.545178
v -5.473530 -10.105286 3.493702
v -5.473450 -7.353848 3.493616
v -5.473659 -7.353724 7.545094
v -4.347866 -6.722543 7.545133
v -5.473659 -7.353724 7.545094
v -4.347844 -6.722557 7.117602
v -5.473450 -7.353848 3.493616
v -4.347656 -6.722669 3.493655
v -4.347678 -6.722654 3.921185
v -4.347844 -6.722557 7.117602
v -4.347829 -6.182432 7.117585
v -4.347844 -6.722557 7.117602
v -4.347866 -6.722543 7.545133
v -4.347829 -6.182432 7.117585
v -0.663896 -6.182543 7.117777
v -0.663918 -6.182530 7.545303
v -4.347851 -6.182420 7.545116
v -1.667374 -11.064409 4.284460
v -1.667501 -11.064333 6.754883
v 1.467159 -11.064509 4.284622
v -1.667374 -11.064409 4.284460
v -1.667501 -11.064333 6.754883
v 1.467030 -11.064433 6.755043
v 1.467030 -11.064433 6.755043
v 1.467159 -11.064509 4.284622
v -1.667374 -11.064409 4.284460
v 1.467159 -11.064509 4.284622
v 1.467030 -11.064433 6.755043
v -1.667501 -11.064333 6.754883
v -0.805110 -7.362453 6.407984
v -3.654201 -7.362421 4.631064
v -3.654293 -7.362367 6.407837
v -0.805019 -7.362509 4.631212
v -0.805019 -7.362509 4.631212
v -0.805110 -7.362453 6.407984
v -3.654293 -7.362367 6.407837
v -3.654201 -7.362421 4.631064
v -3.654293 -7.362367 6.407837
v -3.236922 -3.492049 6.407739
v -2.229573 -3.074826 6.407779
v -1.222248 -3.492110 6.407843
v -0.805024 -4.499468 6.407896
v -0.805110 -7.362453 6.407984
v -3.654205 -4.499380 6.407747
v -3.654205 -4.499380 6.407747
v -3.654113 -4.499435 4.630976
v -2.229482 -3.074881 4.631006
v -2.229573 -3.074826 6.407779
v -3.236922 -3.492049 6.407739
v -3.236829 -3.492104 4.630966
v -2.229573 -3.074826 6.407779
v -2.229482 -3.074881 4.631006
v -0.804931 -4.499522 4.631124
v -0.805024 -4.499468 6.407896
v -1.222248 -3.492110 6.407843
v -1.222156 -3.492166 4.631070
v -0.805019 -7.362509 4.631212
v -3.654201 -7.362421 4.631064
v -2.229482 -3.074881 4.631006
v -0.804931 -4.499522 4.631124
v -3.236829 -3.492104 4.630966
v -3.654113 -4.499435 4.630976
v -1.222156 -3.492166 4.631070
v -0.841941 -6.722663 7.117783
v -0.841775 -6.722763 3.921370
v -4.347678 -6.722654 3.921185
v -4.347844 -6.722557 7.117602
v -0.663750 -7.538869 3.493874
v -0.663960 -7.538744 7.545345
v -0.663896 -6.182543 7.117777
v -0.663918 -6.182530 7.545303
v -0.436542 -5.488452 7.117768
v -0.436376 -5.488551 3.921348
v -0.841941 -6.722663 7.117783
v -0.663731 -6.182642 3.921358
v -0.841775 -6.722763 3.921370
v -0.663709 -6.182654 3.493832
v -3.358056 -12.587694 3.921419
v 4.199457 -12.587928 3.921808
v 4.199291 -12.587830 7.118226
v -3.358223 -12.587595 7.117834
v 1.197416 -9.216653 7.545495
v 1.197626 -9.216778 3.494020
v -0.663750 -7.538869 3.493874
v -0.663960 -7.538744 7.545345
v 1.775032 -9.216671 7.545524
v 1.775242 -9.216795 3.494051
v 4.516648 -11.094292 7.545726
v 4.516856 -11.094418 3.494249
v 4.516626 -11.816914 7.545748
v 4.516835 -11.817039 3.494271
v 4.516856 -11.094418 3.494249
v 4.516648 -11.094292 7.545726
v -4.347851 -6.182420 7.545116
v -4.347866 -6.722543 7.545133
v -5.473659 -7.353724 7.545094
v -2.621143 -13.966229 7.545445
v 2.822052 -13.966397 7.545727
v 4.323875 -13.379857 7.545788
v -4.347989 -10.736410 7.545257
v 4.199269 -12.587814 7.545756
v -5.473740 -10.105160 7.545178
v 4.516626 -11.816914 7.545748
v 4.516648 -11.094292 7.545726
v 1.775032 -9.216671 7.545524
v 4.199457 -12.587928 3.921808
v 4.199480 -12.587940 3.494279
v -0.436542 -5.488452 7.117768
v 0.203650 -5.647287 7.117806
v 0.203816 -5.647386 3.921387
v -0.436376 -5.488551 3.921348
v -0.663731 -6.182642 3.921358
v -0.663709 -6.182654 3.493832
v -4.347641 -6.182545 3.493638
v -4.347661 -6.182531 3.921169
v -4.347661 -6.182531 3.921169
v -4.347641 -6.182545 3.493638
v -4.347656 -6.722669 3.493655
v -4.347678 -6.722654 3.921185
v -2.620952 -13.966340 3.921499
v -2.620934 -13.966353 3.493968
v 2.822263 -13.966520 3.494250
v 2.822245 -13.966508 3.921782
v 4.324086 -13.379980 3.494309
v 4.324067 -13.379969 3.921841
v 4.324067 -13.379969 3.921841
v 4.324086 -13.379980 3.494309
v 4.324067 -13.379969 3.921841
v 4.199457 -12.587928 3.921808
v -3.358056 -12.587694 3.921419
v -2.620952 -13.966340 3.921499
v 2.822245 -13.966508 3.921782
v 0.203816 -5.647386 3.921387
v 1.197416 -9.216653 7.545495
v 0.203815 -6.182677 3.620500
v -0.663709 -6.182654 3.493832
v -0.436376 -5.488551 3.921348
v 0.203804 -6.536781 3.620510
v -0.663750 -7.538869 3.493874
v -0.841775 -6.722763 3.921370
v -0.663731 -6.182642 3.921358
v -4.347661 -6.182531 3.921169
v -4.347678 -6.722654 3.921185
v 1.775242 -9.216795 3.494051
v 4.516856 -11.094418 3.494249
v 4.516835 -11.817039 3.494271
v 1.197626 -9.216778 3.494020
v 4.199480 -12.587940 3.494279
v 4.324086 -13.379980 3.494309
v 2.822263 -13.966520 3.494250
v -2.620934 -13.966353 3.493968
v -4.347779 -10.736536 3.493778
v -5.473530 -10.105286 3.493702
v -5.473450 -7.353848 3.493616
v -4.347656 -6.722669 3.493655
v -4.347641 -6.182545 3.493638
v -4.347851 -6.182420 7.545116
v 0.268221 -9.395903 2.794621
v -4.549362 -9.397893 2.794371
v -4.554434 -9.875822 2.794382
v -3.721544 -10.342852 2.794439
v 3.303104 -12.108242 2.794861
v -2.053810 -13.426309 2.794626
v 2.481586 -13.426655 2.794859
v 3.492010 -13.039527 2.794899
v 3.302819 -12.108077 8.245048
v 3.491723 -13.039362 8.245089
v 2.481300 -13.426487 8.245049
v -2.054094 -13.426140 8.244813
v -3.721825 -10.342684 8.244640
v -4.554715 -9.875654 8.244582
v -4.549644 -9.397726 8.244557
v 0.267936 -9.395733 8.244800
v -4.549644 -9.397726 8.244557
v -4.554715 -9.875654 8.244582
v -4.554434 -9.875822 2.794382
v -4.549362 -9.397893 2.794371
v -2.054094 -13.426140 8.244813
v -2.053810 -13.426309 2.794626
v -2.053810 -13.426309 2.794626
v -2.054094 -13.426140 8.244813
v -3.721544 -10.342852 2.794439
v -4.554434 -9.875822 2.794382
v -4.554715 -9.875654 8.244582
v -3.721825 -10.342684 8.244640
v -4.549644 -9.397726 8.244557
v -4.549362 -9.397893 2.794371
v 0.267936 -9.395733 8.244800
v 0.268221 -9.395903 2.794621
v 3.491723 -13.039362 8.245089
v 3.302819 -12.108077 8.245048
v 3.303104 -12.108242 2.794861
v 3.492010 -13.039527 2.794899
v 3.492010 -13.039527 2.794899
v 2.481586 -13.426655 2.794859
v 2.481300 -13.426487 8.245049
v 3.491723 -13.039362 8.245089
v -1.667734 -14.244445 6.754971
v -1.667594 -14.244485 4.284548
v 1.466938 -14.244660 4.284725
v 1.466797 -14.244625 6.755147
v -1.667734 -14.244445 6.754971
v -1.667594 -14.244485 4.284548
v -1.667734 -14.244445 6.754971
v -4.436733 -14.904606 6.754812
v -4.436594 -14.904646 4.284391
v -5.016572 -17.249947 4.284405
v -5.016712 -17.249907 6.754826
v -1.123254 -16.126175 4.284607
v -1.667594 -14.244485 4.284548
v -4.436594 -14.904646 4.284391
v -5.016572 -17.249947 4.284405
v -1.667734 -14.244445 6.754971
v -1.123396 -16.126135 6.755030
v -5.016712 -17.249907 6.754826
v -4.436733 -14.904606 6.754812
v 1.466695 -16.126251 6.755177
v 1.466836 -16.126291 4.284754
v 1.466938 -14.244660 4.284725
v 1.466797 -14.244625 6.755147
v -5.016572 -17.249947 4.284405
v -4.436594 -14.904646 4.284391
v -4.436733 -14.904606 6.754812
v -5.016712 -17.249907 6.754826
v -1.667512 -14.244509 2.834225
v -1.123173 -16.126198 2.834280
v -1.667594 -14.244485 4.284548
v -1.667512 -14.244509 2.834225
v -1.123173 -16.126198 2.834280
v -1.123254 -16.126175 4.284607
v -1.667818 -14.244421 8.205297
v -1.667734 -14.244445 6.754971
v -1.123396 -16.126135 6.755030
v -1.123478 -16.126110 8.205355
v 3.634692 -16.863535 4.284891
v 1.466836 -16.126291 4.284754
v 1.466938 -14.244660 4.284725
v 5.687145 -15.522771 4.284985
v -1.667512 -14.244509 2.834225
v -1.667594 -14.244485 4.284548
v -1.123254 -16.126175 4.284607
v -1.123173 -16.126198 2.834280
v 1.466918 -16.126316 2.834431
v 3.634773 -16.863558 2.834568
v 5.687228 -15.522795 2.834660
v 1.467019 -14.244687 2.834402
v 5.687145 -15.522771 4.284985
v 5.687228 -15.522795 2.834660
v 3.634773 -16.863558 2.834568
v 3.634692 -16.863535 4.284891
v 5.687228 -15.522795 2.834660
v 5.687145 -15.522771 4.284985
v 1.466938 -14.244660 4.284725
v 1.467019 -14.244687 2.834402
v 3.634773 -16.863558 2.834568
v 1.466918 -16.126316 2.834431
v 1.466836 -16.126291 4.284754
v 3.634692 -16.863535 4.284891
v 3.634466 -16.863470 8.205637
v 5.686925 -15.522709 8.205729
v 1.466713 -14.244596 8.205471
v 1.466612 -16.126228 8.205503
v -1.123478 -16.126110 8.205355
v -1.667818 -14.244421 8.205297
v -1.667734 -14.244445 6.754971
v -1.667818 -14.244421 8.205297
v -1.123478 -16.126110 8.205355
v -1.123396 -16.126135 6.755030
v 1.466695 -16.126251 6.755177
v 3.634553 -16.863495 6.755314
v 5.687005 -15.522732 6.755406
v 1.466797 -14.244625 6.755147
v 5.686925 -15.522709 8.205729
v 5.687005 -15.522732 6.755406
v 3.634553 -16.863495 6.755314
v 3.634466 -16.863470 8.205637
v 5.687005 -15.522732 6.755406
v 5.686925 -15.522709 8.205729
v 1.466713 -14.244596 8.205471
v 1.466797 -14.244625 6.755147
v 3.634553 -16.863495 6.755314
v 1.466695 -16.126251 6.755177
v 1.466612 -16.126228 8.205503
v 3.634466 -16.863470 8.205637
v -5.636806 -17.192568 3.673300
v -2.983269 -17.192717 3.673451
v -5.467070 -17.667902 1.883026
v -2.983196 -17.668041 1.883167
v -2.983196 -17.668041 1.883167
v -2.983023 -14.570626 1.883118
v -2.983269 -17.192717 3.673451
v -2.983125 -14.570597 3.673409
v -4.768088 -14.570497 3.673306
v -4.767987 -14.570526 1.883015
v -5.636806 -17.192568 3.673300
v -5.467070 -17.667902 1.883026
v -5.636704 -17.192596 1.883007
v -2.983023 -14.570626 1.883118
v -4.767987 -14.570526 1.883015
v -2.983125 -14.570597 3.673409
v -4.768088 -14.570497 3.673306
v -2.983125 -14.570597 3.673409
v -4.768088 -14.570497 3.673306
v -2.983269 -17.192717 3.673451
v -5.636806 -17.192568 3.673300
v -4.767987 -14.570526 1.883015
v -2.983023 -14.570626 1.883118
v -2.983196 -17.668041 1.883167
v -5.636704 -17.192596 1.883007
v -5.467070 -17.667902 1.883026
v -5.636910 -17.192537 5.519583
v -2.983374 -17.192686 5.519732
v -2.983478 -17.192656 7.366012
v -5.637015 -17.192507 7.365864
v -2.983401 -17.667982 5.519740
v -5.467480 -17.667784 9.156172
v -2.983607 -17.667923 9.156312
v -5.467275 -17.667843 5.519600
v -2.983374 -17.192686 5.519732
v -2.983401 -17.667982 5.519740
v -2.983607 -17.667923 9.156312
v -2.983435 -14.570508 9.156261
v -2.983334 -14.570538 7.365970
v -2.983478 -17.192656 7.366012
v -4.768297 -14.570436 7.365869
v -4.768398 -14.570408 9.156162
v -5.467275 -17.667843 5.519600
v -5.636910 -17.192537 5.519583
v -5.637015 -17.192507 7.365864
v -5.637117 -17.192478 9.156156
v -5.467480 -17.667784 9.156172
v -2.983435 -14.570508 9.156261
v -4.768398 -14.570408 9.156162
v -4.768297 -14.570436 7.365869
v -2.983334 -14.570538 7.365970
v -2.983334 -14.570538 7.365970
v -4.768297 -14.570436 7.365869
v -5.637015 -17.192507 7.365864
v -2.983478 -17.192656 7.366012
v -4.768398 -14.570408 9.156162
v -2.983435 -14.570508 9.156261
v -2.983607 -17.667923 9.156312
v -5.467480 -17.667784 9.156172
v -5.637117 -17.192478 9.156156
v -1.667594 -14.244485 4.284548
v 8.959415 -17.228693 4.864426
v 9.055983 -17.652575 9.032262
v 9.056135 -17.652596 5.934328
v 9.056235 -16.567554 6.076059
v 3.010575 -17.652893 5.540044
v 3.010379 -17.652870 9.425946
v 3.010877 -15.999203 9.209908
v 3.011053 -15.999224 5.756066
v 8.816710 -16.248325 6.102134
v 5.317247 -14.975506 6.040170
v 5.317104 -14.975489 8.926017
v 8.816573 -16.248310 8.864418
v 3.011053 -15.999224 5.756066
v 3.010877 -15.999203 9.209908
v 5.317104 -14.975489 8.926017
v 3.010877 -15.999203 9.209908
v 3.010379 -17.652870 9.425946
v 9.055983 -17.652575 9.032262
v 8.959411 -17.670908 4.864428
v 8.959457 -17.670914 3.948436
v 8.959460 -17.228710 3.948425
v 9.722175 -17.416677 3.948473
v 9.722141 -17.416674 4.631135
v 8.959415 -17.228693 4.864426
v 8.959460 -17.228710 3.948425
v 9.722174 -17.670921 3.948475
v 9.722175 -17.416677 3.948473
v 8.959460 -17.228710 3.948425
v 8.959457 -17.670914 3.948436
v 9.722139 -17.670918 4.631136
v 9.722174 -17.670921 3.948475
v 8.959457 -17.670914 3.948436
v 8.959411 -17.670908 4.864428
v 9.722141 -17.416674 4.631135
v 9.722139 -17.670918 4.631136
v 8.959411 -17.670908 4.864428
v 8.959415 -17.228693 4.864426
v 9.722174 -17.670921 3.948475
v 9.722139 -17.670918 4.631136
v 9.722141 -17.416674 4.631135
v 9.722175 -17.416677 3.948473
v 8.959546 -17.228708 2.250456
v 8.959541 -17.670923 2.250458
v 8.959500 -17.228716 3.166456
v 8.959496 -17.670919 3.166451
v 9.722215 -17.416683 3.166487
v 9.722248 -17.416687 2.483824
v 8.959500 -17.228716 3.166456
v 8.959546 -17.228708 2.250456
v 9.722213 -17.670927 3.166487
v 9.722215 -17.416683 3.166487
v 8.959496 -17.670919 3.166451
v 8.959500 -17.228716 3.166456
v 9.722247 -17.670931 2.483826
v 9.722213 -17.670927 3.166487
v 8.959541 -17.670923 2.250458
v 8.959496 -17.670919 3.166451
v 9.722248 -17.416687 2.483824
v 9.722247 -17.670931 2.483826
v 8.959546 -17.228708 2.250456
v 8.959541 -17.670923 2.250458
v 9.722213 -17.670927 3.166487
v 9.722247 -17.670931 2.483826
v 9.722215 -17.416683 3.166487
v 9.722248 -17.416687 2.483824
v 3.011076 -15.999227 5.284056
v 3.010576 -17.652893 5.500099
v 9.056176 -17.652599 5.106414
v 9.056291 -16.567560 4.964672
v 5.317300 -14.975512 5.000170
v 8.816767 -16.248333 4.938570
v 9.056176 -17.652599 5.106414
v 3.010576 -17.652893 5.500099
v 9.056330 -17.652618 2.008482
v 3.010768 -17.652916 1.614199
v 8.816904 -16.248350 2.176285
v 9.056432 -16.567577 2.150209
v 9.056330 -17.652618 2.008482
v 3.010768 -17.652916 1.614199
v 5.317444 -14.975530 2.114323
v 3.011243 -15.999248 1.830215
v 3.011076 -15.999227 5.284056
v 3.011243 -15.999248 1.830215
v 8.816904 -16.248350 2.176285
v 5.317444 -14.975530 2.114323
v 8.816767 -16.248333 4.938570
v 5.317300 -14.975512 5.000170
v 3.011076 -15.999227 5.284056
v 3.011243 -15.999248 1.830215
v 3.010576 -17.652893 5.500099
v 3.010768 -17.652916 1.614199
v 9.056291 -16.567560 4.964672
v 9.056176 -17.652599 5.106414
v 9.056432 -16.567577 2.150209
v 9.056330 -17.652618 2.008482
v 8.959351 -17.228685 6.176302
v 8.959345 -17.670900 6.176306
v 8.959304 -17.228691 7.092303
v 8.959300 -17.670897 7.092298
v 9.722019 -17.416658 7.092333
v 9.722054 -17.416664 6.409672
v 8.959304 -17.228691 7.092303
v 8.959351 -17.228685 6.176302
v 9.722017 -17.670904 7.092335
v 9.722019 -17.416658 7.092333
v 8.959300 -17.670897 7.092298
v 8.959304 -17.228691 7.092303
v 9.722051 -17.670908 6.409673
v 9.722017 -17.670904 7.092335
v 8.959345 -17.670900 6.176306
v 8.959300 -17.670897 7.092298
v 9.722054 -17.416664 6.409672
v 9.722051 -17.670908 6.409673
v 8.959351 -17.228685 6.176302
v 8.959345 -17.670900 6.176306
v 9.722017 -17.670904 7.092335
v 9.722051 -17.670908 6.409673
v 9.722019 -17.416658 7.092333
v 9.722054 -17.416664 6.409672
v 8.959220 -17.228670 8.790273
v 8.959216 -17.670885 8.790276
v 8.959262 -17.670891 7.874284
v 8.959266 -17.228687 7.874272
v 9.721982 -17.416655 7.874319
v 9.721948 -17.416649 8.556981
v 8.959220 -17.228670 8.790273
v 8.959266 -17.228687 7.874272
v 9.721979 -17.670898 7.874322
v 9.721982 -17.416655 7.874319
v 8.959266 -17.228687 7.874272
v 8.959262 -17.670891 7.874284
v 9.721946 -17.670895 8.556983
v 9.721979 -17.670898 7.874322
v 8.959262 -17.670891 7.874284
v 8.959216 -17.670885 8.790276
v 9.721948 -17.416649 8.556981
v 9.721946 -17.670895 8.556983
v 8.959216 -17.670885 8.790276
v 8.959220 -17.228670 8.790273
v 9.721979 -17.670898 7.874322
v 9.721946 -17.670895 8.556983
v 9.721948 -17.416649 8.556981
v 9.721982 -17.416655 7.874319
v 3.011053 -15.999224 5.756066
v 3.010575 -17.652893 5.540044
v 9.056135 -17.652596 5.934328
v 9.056235 -16.567554 6.076059
v 8.816710 -16.248325 6.102134
v 5.317247 -14.975506 6.040170
v 9.056135 -17.652596 5.934328
v 3.010575 -17.652893 5.540044
v 3.010379 -17.652870 9.425946
v 9.055983 -17.652575 9.032262
v 8.816573 -16.248310 8.864418
v 9.056096 -16.567537 8.890521
v 9.056096 -16.567537 8.890521
v -4.678555 7.420952 0.007809
v -4.678555 7.420790 -2.652519
v -3.800206 9.541677 -2.652647
v -4.678555 7.420952 0.007809
v -3.799948 5.300171 0.007938
v -3.799948 5.300009 -2.652390
v -4.678555 7.420790 -2.652519
v -3.799948 5.300171 0.007938
v -1.679064 4.421824 0.007994
v -1.679065 4.421661 -2.652334
v -3.799948 5.300009 -2.652390
v -1.679064 4.421824 0.007994
v 0.441714 5.300430 0.007940
v 0.441714 5.300268 -2.652390
v -1.679065 4.421661 -2.652334
v 0.441714 5.300430 0.007940
v -3.800206 9.541840 0.007681
v -1.679065 4.421661 -2.652334
v -3.799948 5.300009 -2.652390
v -4.678555 7.420790 -2.652519
v -3.800206 9.541677 -2.652647
v -1.679428 10.420282 -2.652700
v 0.441458 9.541935 -2.652647
v 1.320065 7.421156 -2.652517
v 0.441714 5.300268 -2.652390
v 0.441457 9.542097 0.007681
v -1.679429 10.420443 0.007627
v -3.800206 9.541840 0.007681
v -4.678555 7.420952 0.007809
v -3.799948 5.300171 0.007938
v -1.679064 4.421824 0.007994
v 0.441714 5.300430 0.007940
v 1.320063 7.421318 0.007811
v 1.320065 7.421156 -2.652517
v 0.441458 9.541935 -2.652647
v 0.441457 9.542097 0.007681
v 1.320063 7.421318 0.007811
v 0.441458 9.541935 -2.652647
v -1.679428 10.420282 -2.652700
v -1.679429 10.420443 0.007627
v 0.441457 9.542097 0.007681
v -1.679428 10.420282 -2.652700
v -3.800206 9.541677 -2.652647
v -3.800206 9.541840 0.007681
v -1.679429 10.420443 0.007627
v 0.441714 5.300268 -2.652390
v 1.320063 7.421318 0.007811
v 1.320065 7.421156 -2.652517
v 7.142979 12.747463 -7.930061
v 6.688739 12.747433 -9.152115
v 5.908658 12.747385 -9.833845
v 5.908662 12.747389 -6.026274
v -2.718942 15.928318 -6.184563
v 4.568817 15.928764 -6.184572
v 4.806832 12.747322 -5.829929
v -4.041201 12.746777 -5.829918
v -2.718942 15.928318 -6.184563
v -4.041201 12.746777 -5.829918
v -4.041205 12.746771 -10.030178
v -2.718946 15.928314 -9.675541
v 4.568813 15.928761 -9.675550
v -2.718946 15.928314 -9.675541
v -4.041205 12.746771 -10.030178
v 4.806828 12.747316 -10.030188
v 6.688740 12.747437 -6.708006
v 6.132932 15.928864 -6.914373
v 6.510473 15.928883 -7.930063
v 7.142979 12.747463 -7.930061
v -2.718946 15.928314 -9.675541
v 4.568813 15.928761 -9.675550
v 4.568817 15.928764 -6.184572
v -2.718942 15.928318 -6.184563
v 4.806832 12.747322 -5.829929
v 4.806828 12.747316 -10.030188
v -4.041205 12.746771 -10.030178
v -4.041201 12.746777 -5.829918
v -15.454016 14.718758 -4.811844
v -16.292374 12.601057 -4.811840
v -10.982256 9.787725 -4.811844
v -7.271675 9.787952 -4.811846
v -7.271977 14.719261 -4.811852
v -7.271667 9.787960 2.003590
v -10.982246 9.787733 2.003597
v -16.292364 12.601063 2.003603
v -15.454006 14.718765 2.003599
v -7.271971 14.719265 2.003584
v -7.271667 9.787960 2.003590
v -7.271675 9.787952 -4.811846
v -7.271667 9.787960 2.003590
v -7.271971 14.719265 2.003584
v -7.271977 14.719261 -4.811852
v -7.271675 9.787952 -4.811846
v -7.271971 14.719265 2.003584
v -15.454006 14.718765 2.003599
v -15.454016 14.718758 -4.811844
v -7.271977 14.719261 -4.811852
v -15.454006 14.718765 2.003599
v -16.292364 12.601063 2.003603
v -16.292374 12.601057 -4.811840
v -15.454016 14.718758 -4.811844
v 6.688740 12.747437 -6.708006
v -10.982246 9.787733 2.003597
v -10.982256 9.787725 -4.811844
v -16.292374 12.601057 -4.811840
v 2.500083 13.245243 -12.703457
v 2.500085 13.245241 -10.484192
v -0.507848 14.536034 -10.484190
v -4.442266 14.535793 -10.484188
v -0.507853 14.536034 -14.796963
v -4.442270 14.535793 -14.796963
v -4.442290 14.848270 -14.796963
v -4.442286 14.848274 -10.484188
v -0.507872 14.848511 -14.796963
v -0.507867 14.848515 -10.484192
v 2.500064 13.554544 -12.703459
v 2.500066 13.554544 -10.484192
v 2.500083 13.245243 -12.703457
v 2.500064 13.554544 -12.703459
v 2.500085 13.245241 -10.484192
v 2.500066 13.554544 -10.484192
v -0.507872 14.848511 -14.796963
v -0.507853 14.536034 -14.796963
v -4.442290 14.848270 -14.796963
v -4.442270 14.535793 -14.796963
v -0.507848 14.536034 -10.484190
v 4.806828 12.747316 -10.030188
v -4.442266 14.535793 -10.484188
v -4.442286 14.848274 -10.484188
v 5.955977 14.583271 -5.474470
v -0.497642 15.497746 -11.406502
v -0.497642 15.497746 -11.406502
v 9.938575 11.051928 -9.401581
v 10.141143 10.432259 -9.442711
v -0.699765 8.767977 -12.384815
v 9.055942 9.303417 -9.889809
v -7.717784 8.766598 1.299351
v -7.718205 15.526016 1.299343
v -7.718193 15.525764 8.635996
v -7.717777 8.767647 9.579742
v 9.314638 12.890570 2.721266
v 9.318126 12.888723 1.299322
v 10.141157 10.432270 1.299324
v 10.141160 10.432272 6.634417
v 9.938591 11.051943 6.593285
v -7.718193 15.525764 8.635996
v -7.718205 15.526016 1.299343
v -7.717777 8.767647 9.579742
v -7.718193 15.525764 8.635996
v -7.718205 15.526016 1.299343
v -7.717784 8.766598 1.299351
v 9.055956 9.303427 1.299326
v 10.141157 10.432270 1.299324
v 9.318126 12.888723 1.299322
v 5.955987 14.583279 1.299324
v -0.493968 15.526382 1.299334
v 9.055961 9.303432 7.081521
v 9.055956 9.303427 1.299326
v -7.717784 8.766598 1.299351
v -7.717777 8.767647 9.579742
v -0.699739 8.767998 9.576553
v 9.055961 9.303432 7.081521
v 10.141160 10.432272 6.634417
v 10.141157 10.432270 1.299324
v 9.055956 9.303427 1.299326
v -0.493968 15.526382 1.299334
v 9.318126 12.888723 1.299322
v 5.955987 14.583279 1.299324
v 9.314638 12.890570 2.721266
v 9.938591 11.051943 6.593285
v -0.497618 15.497768 8.598223
v 5.955988 14.583279 2.666176
v -0.497618 15.497768 8.598223
v 9.938591 11.051943 6.593285
v 10.141160 10.432272 6.634417
v 9.055961 9.303432 7.081521
v -0.699739 8.767998 9.576553
v 9.049400 12.381002 -4.290079
v 5.773862 14.111408 -4.290077
v -0.519581 15.033440 -4.290071
v -7.412258 15.033947 -4.290062
v -7.411903 9.258442 -4.290056
v 8.799701 9.782022 -4.290077
v 9.602958 10.830334 -4.290079
v 8.799706 9.782028 1.481783
v -7.411896 9.258451 1.481804
v -7.412252 15.033951 1.481796
v -0.519574 15.033443 1.481789
v 5.773870 14.111414 1.481783
v 9.049406 12.381008 1.481779
v 9.602963 10.830341 1.481781
v 4.568813 15.928761 -9.675550
v 5.484577 15.928818 -9.512363
v 5.908658 12.747385 -9.833845
v 5.484580 15.928822 -6.347761
v 6.132932 15.928864 -6.914373
v 6.510473 15.928883 -7.930063
v 6.132930 15.928860 -8.945755
v 5.484577 15.928818 -9.512363
v 4.568817 15.928764 -6.184572
v 4.806832 12.747322 -5.829929
v 5.908662 12.747389 -6.026274
v 5.484580 15.928822 -6.347761
v 6.132930 15.928860 -8.945755
v 6.688739 12.747433 -9.152115
v -15.694477 12.942625 8.016966
v -18.472042 12.942453 8.016972
v -18.472050 12.942450 1.822418
v -15.694481 12.942619 1.822414
v -19.666008 12.942381 7.353925
v -19.666018 12.942375 2.485466
v -15.694569 14.434319 8.016965
v -15.694572 14.434315 1.822414
v -18.472141 14.434143 1.822416
v -18.472132 14.434147 8.016970
v -19.666107 14.434071 2.485466
v -19.666100 14.434074 7.353923
v -15.694477 12.942625 8.016966
v -15.694481 12.942619 1.822414
v -15.694572 14.434315 1.822414
v 3.190881 7.927494 4.317062
v 3.190830 8.750521 4.317062
v 3.190881 7.927494 4.317062
v 3.190886 7.927498 9.067541
v 3.190836 8.750526 9.067541
v 3.190830 8.750521 4.317062
v 3.190886 7.927498 9.067541
v 4.070557 7.526228 9.067541
v 4.070481 8.750582 9.067539
v 3.190836 8.750526 9.067541
v 6.061652 7.526348 8.247478
v 6.061577 8.750702 8.247478
v 8.898975 7.207689 4.599079
v 11.701231 8.025402 4.599074
v 11.701234 8.025404 7.767287
v 8.898983 7.207695 8.949197
v 5.960646 7.207508 4.599083
v 5.960649 7.207514 8.949201
v 11.976283 9.099293 7.651253
v 11.976281 9.099285 4.599073
v 5.960529 9.098913 4.599081
v 5.960534 9.098919 8.949200
v 8.898866 9.099098 8.949196
v 11.976281 9.099285 4.599073
v 11.976283 9.099293 7.651253
v 11.701234 8.025404 7.767287
v 11.701231 8.025402 4.599074
v 8.898975 7.207689 4.599079
v 5.960646 7.207508 4.599083
v 5.960529 9.098913 4.599081
v 11.701231 8.025402 4.599074
v -15.694569 14.434319 8.016965
v -15.694481 12.942619 1.822414
v -18.472050 12.942450 1.822418
v -18.472141 14.434143 1.822416
v -15.694572 14.434315 1.822414
v -19.666018 12.942375 2.485466
v -19.666107 14.434071 2.485466
v -19.666018 12.942375 2.485466
v -19.666008 12.942381 7.353925
v -19.666100 14.434074 7.353923
v -19.666107 14.434071 2.485466
v -19.666008 12.942381 7.353925
v -18.472042 12.942453 8.016972
v -18.472132 14.434147 8.016970
v -19.666100 14.434074 7.353923
v -15.694477 12.942625 8.016966
v -15.694569 14.434319 8.016965
v 9.938575 11.051928 -9.401581
v 9.314628 12.890562 -5.529562
v 5.955980 14.583271 -4.107618
v 9.318120 12.888718 -4.107620
v -0.493975 15.526371 -4.107613
v 10.141151 10.432262 -4.107618
v 9.055950 9.303423 -4.107616
v 10.141143 10.432259 -9.442711
v 9.055942 9.303417 -9.889809
v -7.717804 8.767626 -12.387987
v -0.699765 8.767977 -12.384815
v -7.717791 8.766592 -4.107597
v 9.055950 9.303423 -4.107616
v 9.055942 9.303417 -9.889809
v 5.955980 14.583271 -4.107618
v -0.493975 15.526371 -4.107613
v 9.318120 12.888718 -4.107620
v 10.141151 10.432262 -4.107618
v 9.055950 9.303423 -4.107616
v -7.717791 8.766592 -4.107597
v -7.718211 15.526009 -4.107603
v -7.718218 15.525742 -11.444254
v -7.717804 8.767626 -12.387987
v -7.718211 15.526009 -4.107603
v -7.718218 15.525742 -11.444254
v 10.141143 10.432259 -9.442711
v 9.938575 11.051928 -9.401581
v 10.141151 10.432262 -4.107618
v 9.318120 12.888718 -4.107620
v 9.314628 12.890562 -5.529562
v -7.718218 15.525742 -11.444254
v -7.717804 8.767626 -12.387987
v -7.718211 15.526009 -4.107603
v -7.717791 8.766592 -4.107597
v 4.739721 13.075680 -14.046146
v -0.634014 13.075346 -15.390934
v -14.159574 13.074514 -15.390919
v -14.159576 13.074514 -16.171978
v -0.634015 13.075346 -16.171993
v -14.159329 9.097000 -15.390911
v -14.159332 9.097000 -16.171970
v -14.159576 13.074514 -16.171978
v -14.159574 13.074514 -15.390919
v 4.741188 10.173824 -14.826881
v 4.741189 10.173826 -14.045822
v 4.739721 13.075680 -14.046146
v -18.472069 12.942434 -10.825201
v -15.694496 12.942606 -10.825207
v -18.472063 12.942440 -4.630651
v -15.694490 12.942612 -4.630655
v -19.666031 12.942362 -10.162153
v -19.666025 12.942366 -5.293697
v -15.694582 14.434303 -4.630657
v -15.694588 14.434296 -10.825207
v -18.472153 14.434132 -4.630653
v -18.472158 14.434124 -10.825203
v -19.666115 14.434059 -5.293699
v -19.666121 14.434052 -10.162155
v -15.694490 12.942612 -4.630655
v -15.694496 12.942606 -10.825207
v -15.694582 14.434303 -4.630657
v -15.694588 14.434296 -10.825207
v -18.472063 12.942440 -4.630651
v -15.694490 12.942612 -4.630655
v -18.472153 14.434132 -4.630653
v -15.694582 14.434303 -4.630657
v -19.666025 12.942366 -5.293697
v -19.666115 14.434059 -5.293699
v -19.666031 12.942362 -10.162153
v -19.666025 12.942366 -5.293697
v -19.666121 14.434052 -10.162155
v -19.666115 14.434059 -5.293699
v -18.472069 12.942434 -10.825201
v -19.666031 12.942362 -10.162153
v -18.472158 14.434124 -10.825203
v -19.666121 14.434052 -10.162155
v -15.694496 12.942606 -10.825207
v -15.694588 14.434296 -10.825207
v -1.679255 7.360605 -5.309910
v -4.441054 7.360437 -4.165934
v -5.296256 9.791349 -5.020985
v -1.679408 9.791571 -6.519142
v -4.441054 7.360437 -4.165934
v -5.585027 7.360369 -1.404127
v -6.794404 9.791262 -1.404129
v 2.226527 7.360849 -1.404137
v 4.739720 13.075678 -14.827209
v -14.159576 13.074514 -16.171978
v -14.159332 9.097000 -16.171970
v -14.159329 9.097000 -15.390911
v -14.159574 13.074514 -15.390919
v 4.741189 10.173826 -14.045822
v 4.741188 10.173824 -14.826881
v -0.633771 9.097834 -16.171989
v -14.159332 9.097000 -16.171970
v -14.159329 9.097000 -15.390911
v -0.633770 9.097834 -15.390930
v -0.633770 9.097834 -15.390930
v -0.634014 13.075346 -15.390934
v 4.739721 13.075680 -14.046146
v 4.741189 10.173826 -14.045822
v 4.741188 10.173824 -14.826881
v 4.739720 13.075678 -14.827209
v -0.634015 13.075346 -16.171993
v -0.633771 9.097834 -16.171989
v -0.868402 16.146374 4.394859
v -0.868401 16.146378 6.251736
v -3.450010 15.933044 6.251739
v -3.449975 15.364464 6.251739
v -2.280920 16.146290 6.251737
v -0.868401 16.146378 6.251736
v -0.708213 15.364632 6.251736
v -3.449975 15.364464 6.251739
v -3.449977 15.364464 4.394862
v -3.450012 15.933044 4.394862
v -3.450010 15.933044 6.251739
v -3.449977 15.364464 4.394862
v -3.450012 15.933044 4.394862
v 6.061652 7.526348 8.247478
v 4.070557 7.526228 9.067541
v 4.070550 7.526222 4.317062
v 6.061647 7.526346 5.137118
v 3.190886 7.927498 9.067541
v 3.190881 7.927494 4.317062
v 6.061577 8.750702 8.247478
v 6.061571 8.750698 5.137115
v 4.070475 8.750574 4.317060
v 3.190830 8.750521 4.317062
v 3.190836 8.750526 9.067541
v 4.070481 8.750582 9.067539
v 6.061652 7.526348 8.247478
v 6.061647 7.526346 5.137118
v 6.061571 8.750698 5.137115
v 6.061577 8.750702 8.247478
v 6.061647 7.526346 5.137118
v 4.070550 7.526222 4.317062
v 4.070475 8.750574 4.317060
v 6.061571 8.750698 5.137115
v -0.507867 14.848515 -10.484192
v 11.976281 9.099285 4.599073
v 5.960534 9.098919 8.949200
v 5.960529 9.098913 4.599081
v 5.960646 7.207508 4.599083
v 5.960649 7.207514 8.949201
v 8.898866 9.099098 8.949196
v 5.960534 9.098919 8.949200
v 5.960649 7.207514 8.949201
v 8.898983 7.207695 8.949197
v -6.640982 13.068764 -13.128147
v -0.088078 13.069166 -13.128155
v 0.474629 11.358755 -13.128155
v -0.088078 13.069166 -13.128155
v -2.195137 9.431723 -13.128147
v 0.474629 11.358755 -13.128155
v -0.088078 13.069166 -13.128155
v 0.474629 11.358755 -13.128155
v -2.195137 9.431723 -13.128147
v -4.533476 9.431580 -13.128147
v -6.640982 13.068764 -13.128147
v -7.203478 11.358288 -13.128143
v -6.640982 13.068764 -13.128147
v -7.203478 11.358288 -13.128143
v -7.203478 11.358288 -13.128143
v -4.533476 9.431580 -13.128147
v -6.989675 13.211035 -1.404129
v 0.260627 13.211481 -1.404139
v -0.088051 13.069183 10.319878
v -6.640954 13.068779 10.319889
v 0.883217 11.319042 -1.404137
v 0.474655 11.358778 10.319879
v -0.088051 13.069183 10.319878
v 0.260627 13.211481 -1.404139
v -2.195109 9.431746 10.319885
v 0.474655 11.358778 10.319879
v 0.883217 11.319042 -1.404137
v -2.070678 9.186928 -1.404131
v -0.088051 13.069183 10.319878
v 0.474655 11.358778 10.319879
v -2.195109 9.431746 10.319885
v -4.533448 9.431602 10.319891
v -7.203449 11.358309 10.319893
v -6.640954 13.068779 10.319889
v -6.640954 13.068779 10.319889
v -7.203449 11.358309 10.319893
v -7.612030 11.318520 -1.404125
v -6.989675 13.211035 -1.404129
v -7.612030 11.318520 -1.404125
v -7.203449 11.358309 10.319893
v -4.533448 9.431602 10.319891
v -4.657877 9.186769 -1.404127
v -5.296256 9.791349 -5.020985
v -1.679408 9.791571 -6.519142
v 1.937450 9.791796 -5.020994
v 3.435603 9.791891 -1.404140
v 1.937456 9.791803 2.212715
v -1.679396 9.791584 3.710869
v -5.296248 9.791359 2.212723
v -6.794404 9.791262 -1.404129
v 1.082551 7.360777 -4.165936
v -1.679255 7.360605 -5.309910
v -4.441054 7.360437 -4.165934
v -5.585027 7.360369 -1.404127
v -4.441049 7.360443 1.357676
v 2.500066 13.554544 -10.484192
v 2.500085 13.245241 -10.484192
v 2.500064 13.554544 -12.703459
v 2.500083 13.245243 -12.703457
v -4.442290 14.848270 -14.796963
v -4.442270 14.535793 -14.796963
v -1.679248 7.360615 2.501646
v 1.082555 7.360783 1.357670
v 2.226527 7.360849 -1.404137
v -1.679396 9.791584 3.710869
v -1.679248 7.360615 2.501646
v -4.441049 7.360443 1.357676
v -6.794404 9.791262 -1.404129
v -5.296248 9.791359 2.212723
v -4.441049 7.360443 1.357676
v -5.585027 7.360369 -1.404127
v 3.435603 9.791891 -1.404140
v 2.226527 7.360849 -1.404137
v 1.082555 7.360783 1.357670
v -1.679396 9.791584 3.710869
v 1.937456 9.791803 2.212715
v 1.082555 7.360783 1.357670
v -1.679248 7.360615 2.501646
v -1.679408 9.791571 -6.519142
v -4.442286 14.848274 -10.484188
v -4.442266 14.535793 -10.484188
v -1.679255 7.360605 -5.309910
v 1.082551 7.360777 -4.165936
v 2.500109 13.245262 9.895176
v 2.500106 13.245260 7.675911
v 3.435603 9.791891 -1.404140
v 1.937450 9.791796 -5.020994
v -0.507827 14.536057 7.675913
v -4.442245 14.535812 7.675919
v -16.292364 12.601063 2.003603
v 1.082551 7.360777 -4.165936
v -4.442241 14.535812 11.988692
v -0.507822 14.536057 11.988686
v -4.442260 14.848297 11.988692
v -4.442265 14.848289 7.675919
v -0.507840 14.848537 11.988685
v -0.507846 14.848534 7.675912
v 2.500087 13.554564 7.675910
v 2.500090 13.554564 9.895175
v 2.500090 13.554564 9.895175
v 2.500109 13.245262 9.895176
v 2.500106 13.245260 7.675911
v 2.500087 13.554564 7.675910
v -0.507840 14.848537 11.988685
v -0.507822 14.536057 11.988686
v -4.442241 14.535812 11.988692
v -4.442260 14.848297 11.988692
v -0.507827 14.536057 7.675913
v -0.507846 14.848534 7.675912
v -4.442265 14.848289 7.675919
v -4.442245 14.535812 7.675919
v 2.500087 13.554564 7.675910
v 2.500106 13.245260 7.675911
v 2.500109 13.245262 9.895176
v 2.500090 13.554564 9.895175
v -4.442260 14.848297 11.988692
v -4.442241 14.535812 11.988692
v -4.442245 14.535812 7.675919
v -4.442265 14.848289 7.675919
v -7.051229 9.408129 -11.293741
v -7.051407 12.318594 -11.579338
v -7.051577 15.099102 -11.181276
v -7.051220 9.408134 -4.443850
v -7.051569 15.099106 -4.443855
v -11.240311 9.407877 -4.443844
v -7.051220 9.408134 -4.443850
v -7.051569 15.099106 -4.443855
v -16.696650 12.589010 -4.443842
v -15.576735 15.098587 -4.443846
v -7.051569 15.099106 -4.443855
v -7.051577 15.099102 -11.181276
v -15.576735 15.098587 -4.443846
v -15.576736 15.098579 -10.897324
v -16.696659 12.589003 -11.252497
v -16.696650 12.589010 -4.443842
v -15.576736 15.098579 -10.897324
v -15.576735 15.098587 -4.443846
v -7.051229 9.408129 -11.293741
v -7.051220 9.408134 -4.443850
v -7.051229 9.408129 -11.293741
v -11.240314 9.407869 -11.151417
v -16.696659 12.589003 -11.252497
v -11.240314 9.407869 -11.151417
v -16.696650 12.589010 -4.443842
v -11.240311 9.407877 -4.443844
v -16.696659 12.589003 -11.252497
v -15.576736 15.098579 -10.897324
v -7.051407 12.318594 -11.579338
v -7.051577 15.099102 -11.181276
v -7.051205 9.408148 8.485496
v -7.051383 12.318613 8.771081
v -7.051554 15.099121 8.373016
v -7.051562 15.099113 1.635593
v -7.051212 9.408140 1.635599
v -11.240303 9.407883 1.635605
v -7.051212 9.408140 1.635599
v -7.051562 15.099113 1.635593
v -15.576725 15.098591 1.635605
v -16.696642 12.589018 1.635609
v -7.051562 15.099113 1.635593
v -7.051554 15.099121 8.373016
v -15.576714 15.098598 8.089082
v -15.576725 15.098591 1.635605
v -16.696634 12.589022 8.444262
v -16.696642 12.589018 1.635609
v -15.576725 15.098591 1.635605
v -15.576714 15.098598 8.089082
v -7.051205 9.408148 8.485496
v -7.051212 9.408140 1.635599
v -7.051205 9.408148 8.485496
v -11.240290 9.407888 8.343176
v -16.696634 12.589022 8.444262
v -11.240290 9.407888 8.343176
v -11.240303 9.407883 1.635605
v -16.696642 12.589018 1.635609
v -16.696634 12.589022 8.444262
v -15.576714 15.098598 8.089082
v -7.051554 15.099121 8.373016
v -7.051383 12.318613 8.771081
v 11.701211 8.025389 -10.575579
v 11.976261 9.099276 -10.459547
v 8.898959 7.207674 -11.757481
v 5.960626 7.207493 -11.757477
v 8.898841 9.099085 -11.757481
v 5.960510 9.098898 -11.757477
v 5.960626 7.207493 -11.757477
v 5.960632 7.207499 -7.407362
v 5.960510 9.098898 -11.757477
v 5.960515 9.098902 -7.407364
v 11.976267 9.099277 -7.407370
v 11.701213 8.025391 -7.407370
v 5.960515 9.098902 -7.407364
v -7.412258 15.033947 -4.290062
v 8.898961 7.207680 -7.407364
v 5.960632 7.207499 -7.407362
v 11.701213 8.025391 -7.407370
v 11.701211 8.025389 -10.575579
v 11.976267 9.099277 -7.407370
v 11.976261 9.099276 -10.459547
v 8.898841 9.099085 -11.757481
v 5.960510 9.098898 -11.757477
v 5.960515 9.098902 -7.407364
v 11.976261 9.099276 -10.459547
v 11.976267 9.099277 -7.407370
v 5.960626 7.207493 -11.757477
v 5.960632 7.207499 -7.407362
v 8.898959 7.207674 -11.757481
v 11.701211 8.025389 -10.575579
v 8.898961 7.207680 -7.407364
v 11.701213 8.025391 -7.407370
v 6.061551 8.750685 -11.055756
v 6.061627 7.526333 -11.055756
v 3.190811 8.750507 -11.875813
v 4.070457 8.750561 -11.875813
v 3.190862 7.927479 -11.875811
v 4.070531 7.526209 -11.875813
v 3.190818 8.750511 -7.125334
v 3.190811 8.750507 -11.875813
v 3.190868 7.927485 -7.125334
v 3.190862 7.927479 -11.875811
v 3.190818 8.750511 -7.125334
v 3.190868 7.927485 -7.125334
v 6.061557 8.750687 -7.945396
v 4.070462 8.750566 -7.125336
v 6.061632 7.526335 -7.945396
v 4.070538 7.526215 -7.125334
v 6.061551 8.750685 -11.055756
v 6.061557 8.750687 -7.945396
v 6.061627 7.526333 -11.055756
v 6.061632 7.526335 -7.945396
v 4.070457 8.750561 -11.875813
v 3.190818 8.750511 -7.125334
v 3.190811 8.750507 -11.875813
v 4.070462 8.750566 -7.125336
v 6.061551 8.750685 -11.055756
v 6.061557 8.750687 -7.945396
v 3.190868 7.927485 -7.125334
v 3.190862 7.927479 -11.875811
v 6.061632 7.526335 -7.945396
v 4.070538 7.526215 -7.125334
v 6.061627 7.526333 -11.055756
v 4.070531 7.526209 -11.875813
v 11.701234 8.025404 7.767287
v -7.412258 15.033947 -4.290062
v -7.412252 15.033951 1.481796
v -7.411896 9.258451 1.481804
v -7.411903 9.258442 -4.290056
v 5.773862 14.111408 -4.290077
v 9.049400 12.381002 -4.290079
v 9.049406 12.381008 1.481779
v 5.773870 14.111414 1.481783
v 9.049400 12.381002 -4.290079
v 9.602958 10.830334 -4.290079
v 9.602963 10.830341 1.481781
v 9.049406 12.381008 1.481779
v 8.799701 9.782022 -4.290077
v 8.799706 9.782028 1.481783
v 9.602963 10.830341 1.481781
v 9.602958 10.830334 -4.290079
v -7.411903 9.258442 -4.290056
v -7.411896 9.258451 1.481804
v 8.799706 9.782028 1.481783
v 8.799701 9.782022 -4.290077
v -0.519581 15.033440 -4.290071
v -0.519574 15.033443 1.481789
v -7.412252 15.033951 1.481796
v 11.976283 9.099293 7.651253
v -0.708215 15.364632 4.394860
v -0.868402 16.146374 4.394859
v -2.280920 16.146290 4.394861
v -0.708215 15.364632 4.394860
v -0.708213 15.364632 6.251736
v -0.868401 16.146378 6.251736
v -0.868402 16.146374 4.394859
v -2.280920 16.146290 4.394861
v -2.280920 16.146290 6.251737
v -3.450010 15.933044 6.251739
v -3.450012 15.933044 4.394862
v -3.449975 15.364464 6.251739
v -0.708213 15.364632 6.251736
v -0.708215 15.364632 4.394860
v -3.449977 15.364464 4.394862
v -7.300586 16.516895 -10.580736
v -5.586106 17.141033 -10.580738
v -7.111924 15.998653 -10.910791
v -5.397447 16.622791 -10.910795
v -7.300585 16.516895 -9.829166
v -7.300586 16.516895 -10.580736
v -7.111924 15.998653 -9.499107
v -7.111924 15.998653 -10.910791
v -5.586104 17.141037 -9.829170
v -7.300585 16.516895 -9.829166
v -5.397445 16.622795 -9.499111
v -7.111924 15.998653 -9.499107
v -5.586106 17.141033 -10.580738
v -5.586104 17.141037 -9.829170
v -5.397447 16.622791 -10.910795
v -5.397445 16.622795 -9.499111
v -7.300586 16.516895 -10.580736
v -7.300585 16.516895 -9.829166
v -5.586106 17.141033 -10.580738
v -5.586104 17.141037 -9.829170
v -5.397445 16.622795 -9.499111
v -7.111924 15.998653 -9.499107
v -5.397447 16.622791 -10.910795
v -7.111924 15.998653 -10.910791
v -6.890739 16.310375 -10.371262
v -6.572476 16.310398 -10.371262
v -7.036953 15.487991 -10.524120
v -6.426163 15.488029 -10.524122
v -6.890739 16.310379 -10.038637
v -6.890739 16.310375 -10.371262
v -7.036952 15.487991 -9.885775
v -7.036953 15.487991 -10.524120
v -6.572475 16.310398 -10.038637
v -6.890739 16.310379 -10.038637
v -6.426161 15.488029 -9.885777
v -7.036952 15.487991 -9.885775
v -6.572476 16.310398 -10.371262
v -6.572475 16.310398 -10.038637
v -6.426163 15.488029 -10.524122
v -6.426161 15.488029 -9.885777
v -6.890739 16.310375 -10.371262
v -6.890739 16.310379 -10.038637
v -6.572476 16.310398 -10.371262
v -6.572475 16.310398 -10.038637
v -6.426161 15.488029 -9.885777
v -7.036952 15.487991 -9.885775
v -6.426163 15.488029 -10.524122
v -7.036953 15.487991 -10.524120
v -7.300564 16.516914 7.772472
v -5.586083 17.141052 7.772470
v -5.397424 16.622814 8.102529
v -7.111903 15.998672 8.102532
v -7.300564 16.516914 7.020903
v -7.300564 16.516914 7.772472
v -7.111903 15.998672 8.102532
v -7.111904 15.998672 6.690845
v -5.586085 17.141052 7.020900
v -7.300564 16.516914 7.020903
v -7.111904 15.998672 6.690845
v -5.397426 16.622814 6.690842
v -5.586083 17.141052 7.772470
v -5.586085 17.141052 7.020900
v -5.397426 16.622814 6.690842
v -5.397424 16.622814 8.102529
v -7.300564 16.516914 7.772472
v -7.300564 16.516914 7.020903
v -5.586085 17.141052 7.020900
v -5.586083 17.141052 7.772470
v -5.397426 16.622814 6.690842
v -7.111904 15.998672 6.690845
v -7.111903 15.998672 8.102532
v -5.397424 16.622814 8.102529
v -6.890718 16.310398 7.563002
v -6.572455 16.310417 7.563002
v -6.426142 15.488049 7.715860
v -7.036930 15.488014 7.715861
v -6.890718 16.310398 7.230375
v -6.890718 16.310398 7.563002
v -7.036930 15.488014 7.715861
v -7.036931 15.488010 7.077515
v -6.572455 16.310417 7.230375
v -6.890718 16.310398 7.230375
v -7.036931 15.488010 7.077515
v -6.426142 15.488049 7.077513
v -6.572455 16.310417 7.563002
v -6.572455 16.310417 7.230375
v -6.426142 15.488049 7.077513
v -6.426142 15.488049 7.715860
v -6.890718 16.310398 7.563002
v -6.890718 16.310398 7.230375
v -6.572455 16.310417 7.230375
v -6.572455 16.310417 7.563002
v -6.426142 15.488049 7.077513
v -7.036931 15.488010 7.077515
v -7.036930 15.488014 7.715861
v -6.426142 15.488049 7.715860
v -2.314634 10.031107 10.793533
v -0.372670 11.455952 10.793529
v -0.586826 12.185190 10.793526
v -6.079013 12.184853 10.793535
v -4.350940 10.030981 10.793535
v -6.293074 11.455587 10.793536
v -0.372674 11.455952 8.102684
v -2.314637 10.031105 8.102689
v -0.586831 12.185186 8.102682
v -4.350942 10.030979 8.102687
v -6.079016 12.184847 8.102687
v -6.293079 11.455585 8.102689
v -0.586826 12.185190 10.793526
v -0.372670 11.455952 10.793529
v -0.586831 12.185186 8.102682
v -0.372674 11.455952 8.102684
v -6.079016 12.184847 8.102687
v -6.079013 12.184853 10.793535
v -0.586831 12.185186 8.102682
v -0.586826 12.185190 10.793526
v -6.293074 11.455587 10.793536
v -6.079013 12.184853 10.793535
v -6.293079 11.455585 8.102689
v -6.079016 12.184847 8.102687
v -6.293074 11.455587 10.793536
v -6.293079 11.455585 8.102689
v -4.350942 10.030979 8.102687
v -4.350940 10.030981 10.793535
v -0.372670 11.455952 10.793529
v -2.314634 10.031107 10.793533
v -0.372674 11.455952 8.102684
v -2.314637 10.031105 8.102689
v -2.314665 10.031082 -15.548470
v -0.372701 11.455927 -15.548473
v -0.586857 12.185163 -15.548477
v -6.079042 12.184826 -15.548466
v -6.293104 11.455563 -15.548462
v -4.350969 10.030956 -15.548466
v -0.372698 11.455931 -12.857632
v -2.314662 10.031086 -12.857624
v -0.586856 12.185167 -12.857632
v -4.350966 10.030960 -12.857620
v -6.293103 11.455564 -12.857616
v -6.079041 12.184830 -12.857620
v -0.586857 12.185163 -15.548477
v -0.372701 11.455927 -15.548473
v -0.372698 11.455931 -12.857632
v -0.586856 12.185167 -12.857632
v -6.079041 12.184830 -12.857620
v -6.079042 12.184826 -15.548466
v -0.586857 12.185163 -15.548477
v -0.586856 12.185167 -12.857632
v -6.293104 11.455563 -15.548462
v -6.079042 12.184826 -15.548466
v -6.079041 12.184830 -12.857620
v -6.293103 11.455564 -12.857616
v -6.293104 11.455563 -15.548462
v -6.293103 11.455564 -12.857616
v -4.350969 10.030956 -15.548466
v -4.350966 10.030960 -12.857620
v -0.372701 11.455927 -15.548473
v -2.314665 10.031082 -15.548470
v -2.314662 10.031086 -12.857624
v -0.372698 11.455931 -12.857632
v 4.739720 13.075678 -14.827209
v 7.656688 12.089901 -3.648600
v 11.155632 11.676579 -3.700432
v 11.155637 11.676582 0.892134
v 7.656693 12.089905 0.840302
v 12.452808 13.741673 -3.440338
v 12.452808 13.741676 0.632030
v 11.155637 11.676582 0.892134
v 11.155632 11.676579 -3.700432
v 6.171872 13.542992 0.658190
v -2.880340 13.542439 0.658199
v -2.880344 13.542429 -3.466476
v 6.171876 13.542988 -3.466488
v 9.149246 18.421387 -2.855070
v -2.291287 18.420685 -2.855059
v -2.291286 18.420681 0.046772
v 9.149249 18.421387 0.046759
v -3.722317 14.968349 -3.286091
v -3.722317 14.968353 0.477816
v -2.291286 18.420681 0.046772
v -2.291287 18.420685 -2.855059
v -2.880344 13.542429 -3.466476
v -2.880340 13.542439 0.658199
v -3.722317 14.968353 0.477816
v -3.722317 14.968349 -3.286091
v 9.149246 18.421387 -2.855070
v 9.149249 18.421387 0.046759
v 12.452808 13.741676 0.632030
v 12.452808 13.741673 -3.440338
v -3.722317 14.968349 -3.286091
v -2.291287 18.420685 -2.855059
v 9.149246 18.421387 -2.855070
v 12.452808 13.741673 -3.440338
v 11.155632 11.676579 -3.700432
v 7.656688 12.089901 -3.648600
v 6.171876 13.542988 -3.466488
v -2.880344 13.542429 -3.466476
v -3.722317 14.968353 0.477816
v -2.880340 13.542439 0.658199
v 6.171872 13.542992 0.658190
v 7.656693 12.089905 0.840302
v 11.155637 11.676582 0.892134
v 12.452808 13.741676 0.632030
v 9.149249 18.421387 0.046759
v -2.291286 18.420681 0.046772
v 3.608633 15.821430 -7.933773
v 3.832034 15.821442 -7.319984
v 4.397704 15.821480 -6.993395
v 5.040963 15.821518 -7.106819
v 5.460817 15.821545 -7.607183
v 5.460817 15.821541 -8.260365
v 5.040961 15.821518 -8.760727
v 4.397702 15.821476 -8.874151
v 3.832033 15.821442 -8.547558
v 3.832033 15.821442 -8.547558
v 3.832033 15.821442 -8.547558
v 4.397702 15.821476 -8.874151
v 5.040961 15.821518 -8.760727
v 5.014718 16.449764 -8.715355
v 5.040961 15.821518 -8.760727
v 5.460817 15.821541 -8.260365
v 5.460817 15.821545 -7.607183
v 5.040963 15.821518 -7.106819
v 5.014719 16.449768 -7.152195
v 5.040963 15.821518 -7.106819
v 4.397704 15.821480 -6.993395
v 3.832034 15.821442 -7.319984
v 3.832034 15.821442 -7.319984
v 3.608633 15.821430 -7.933773
v 3.872128 16.449696 -8.513884
v 4.112199 16.992588 -8.312414
v 4.112199 16.992588 -8.312414
v 3.872128 16.449696 -8.513884
v 4.461155 16.992607 -8.513884
v 4.406760 16.449726 -8.822552
v 5.014718 16.449764 -8.715355
v 4.857973 16.992634 -8.443914
v 4.857973 16.992634 -8.443914
v 5.014718 16.449764 -8.715355
v 5.411540 16.449791 -8.242445
v 5.116980 16.992649 -8.135244
v 5.411540 16.449791 -8.242445
v 5.411541 16.449791 -7.625107
v 5.116980 16.992649 -7.732306
v 5.411541 16.449791 -7.625107
v 4.857974 16.992634 -7.423635
v 4.857974 16.992634 -7.423635
v 5.014719 16.449768 -7.152195
v 4.461156 16.992611 -7.353664
v 4.406761 16.449730 -7.044992
v 3.872129 16.449696 -7.353662
v 4.112200 16.992588 -7.555136
v 4.112200 16.992588 -7.555136
v 3.872129 16.449696 -7.353662
v 3.660985 16.449684 -7.933773
v 3.974383 16.992580 -7.933773
v 4.112199 16.992588 -8.312414
v 4.461155 16.992607 -8.513884
v 4.857973 16.992634 -8.443914
v 5.116980 16.992649 -8.135244
v 5.116980 16.992649 -7.732306
v 4.857974 16.992634 -7.423635
v 4.461156 16.992611 -7.353664
v 4.112200 16.992588 -7.555136
v 3.974383 16.992580 -7.933773
v 4.563432 17.207016 -7.933775
v -2.214913 13.852713 14.792252
v -2.214913 13.852713 14.295088
v -1.472686 12.911943 15.036787
v -4.442712 13.852575 14.792253
v -2.214913 13.852713 14.792252
v -4.442712 13.852575 14.295092
v -4.442712 13.852575 14.792253
v -5.184821 12.911715 15.036791
v -2.214913 13.852713 14.295088
v -4.442712 13.852575 14.295092
v -5.184822 12.911715 15.533953
v -5.184602 9.323982 15.533953
v -5.184601 9.323982 15.036795
v -5.184821 12.911715 15.036791
v -2.214913 13.852713 14.792252
v -4.442712 13.852575 14.792253
v -4.442712 13.852575 14.295092
v -2.214913 13.852713 14.295088
v -1.472465 9.324213 15.533949
v -1.472686 12.911943 15.533945
v -1.472686 12.911943 15.036787
v -1.472465 9.324211 15.036789
v -5.184602 9.323982 15.533953
v -1.472465 9.324213 15.533949
v -1.472465 9.324211 15.036789
v -5.184601 9.323982 15.036795
v -5.184822 12.911715 15.533953
v -1.472686 12.911943 15.533945
v -1.472465 9.324213 15.533949
v -5.184602 9.323982 15.533953
v -1.472465 9.324211 15.036789
v -1.472686 12.911943 15.036787
v -5.184821 12.911715 15.036791
v -5.184601 9.323982 15.036795
v -2.047576 8.697842 12.660750
v -2.298590 8.697828 14.468615
v -2.421010 11.575323 15.349030
v -2.164135 12.019663 13.498756
v -2.164187 12.873821 13.498755
v -1.991739 12.873831 12.256742
v -2.059135 10.386448 10.633581
v -2.058219 10.058676 12.736799
v -4.244742 11.575211 15.349031
v -4.366333 8.697701 14.468616
v -4.617827 8.697685 12.660752
v -4.607351 10.058519 12.736802
v -2.059236 12.025070 10.633579
v -4.674179 12.873665 12.256745
v -4.501728 12.873676 13.498758
v -4.501677 12.019520 13.498759
v -1.246301 12.025120 10.633578
v -1.991739 12.873831 12.256742
v -4.674179 12.873665 12.256745
v -1.246238 10.992657 10.633579
v -4.674179 12.873665 12.256745
v -1.991739 12.873831 12.256742
v -2.164187 12.873821 13.498755
v -4.501728 12.873676 13.498758
v -4.366333 8.697701 14.468616
v -2.047576 8.697842 12.660750
v -4.617827 8.697685 12.660752
v -2.298590 8.697828 14.468615
v -4.607351 10.058519 12.736802
v -2.059130 10.386452 13.831001
v -1.246233 10.992661 13.830999
v -2.058219 10.058676 12.736799
v -4.501677 12.019520 13.498759
v -2.164135 12.019663 13.498756
v -2.421010 11.575323 15.349030
v -4.244742 11.575211 15.349031
v -2.058219 10.058676 12.736799
v -2.047576 8.697842 12.660750
v -4.607351 10.058519 12.736802
v -4.617827 8.697685 12.660752
v -4.501728 12.873676 13.498758
v -2.164187 12.873821 13.498755
v -2.164135 12.019663 13.498756
v -4.501677 12.019520 13.498759
v -4.244742 11.575211 15.349031
v -2.298590 8.697828 14.468615
v -4.366333 8.697701 14.468616
v -2.421010 11.575323 15.349030
v -5.419453 10.992399 10.633584
v -4.606481 10.386292 10.633583
v -5.419451 10.992403 13.831004
v -4.606480 10.386293 13.831003
v -5.419517 12.024862 10.633582
v -5.419515 12.024864 12.419105
v -5.419453 10.992399 10.633584
v -5.419485 11.559324 13.831003
v -5.419451 10.992403 13.831004
v -4.606582 12.024914 10.633582
v -5.419517 12.024862 10.633582
v -4.606481 10.386292 10.633583
v -4.606582 12.024914 10.633582
v -4.606580 12.024914 12.419104
v -4.606480 10.386293 13.831003
v -4.606551 11.559374 13.831002
v -5.419485 11.559324 13.831003
v -4.606551 11.559374 13.831002
v -5.419515 12.024864 12.419105
v -4.606580 12.024914 12.419104
v -4.606551 11.559374 13.831002
v -5.419485 11.559324 13.831003
v -4.606480 10.386293 13.831003
v -5.419451 10.992403 13.831004
v -5.419453 10.992399 10.633584
v -5.419517 12.024862 10.633582
v -4.606481 10.386292 10.633583
v -4.606582 12.024914 10.633582
v -1.246238 10.992657 10.633579
v -2.059135 10.386448 10.633581
v -2.059130 10.386452 13.831001
v -1.246233 10.992661 13.830999
v -1.246301 12.025120 10.633578
v -1.246299 12.025122 12.419100
v -1.246238 10.992657 10.633579
v -1.246233 10.992661 13.830999
v -1.246267 11.559582 13.830999
v -2.059236 12.025070 10.633579
v -1.246301 12.025120 10.633578
v -2.059135 10.386448 10.633581
v -2.059236 12.025070 10.633579
v -2.059234 12.025072 12.419100
v -2.059202 11.559530 13.830999
v -2.059130 10.386452 13.831001
v -1.246267 11.559582 13.830999
v -2.059202 11.559530 13.830999
v -2.059234 12.025072 12.419100
v -1.246299 12.025122 12.419100
v -2.059202 11.559530 13.830999
v -1.246267 11.559582 13.830999
v -1.991565 10.058680 12.256745
v -1.991565 10.058680 12.256745
v -4.674006 10.058516 12.256748
v -4.674006 10.058516 12.256748
v -1.991565 10.058680 12.256745
v -4.674006 10.058516 12.256748
v -7.653899 6.587498 12.557632
v -7.653895 6.587500 14.658554
v -12.640430 6.587191 12.557635
v -7.653899 6.587498 12.557632
v -12.640429 6.587193 14.658562
v -12.640430 6.587191 12.557635
v -7.653895 6.587500 14.658554
v -12.640429 6.587193 14.658562
v -8.091516 7.587614 12.741982
v -8.091515 7.587616 14.474204
v -12.202934 7.587362 12.741985
v -8.091516 7.587614 12.741982
v -12.202929 7.587362 14.474208
v -12.202934 7.587362 12.741985
v -8.091515 7.587616 14.474204
v -12.202929 7.587362 14.474208
v -12.202981 8.375000 14.474205
v -12.202984 8.375002 12.741984
v -11.445452 10.245527 12.741983
v -11.445450 10.245529 14.474202
v -11.445450 10.245529 14.474202
v -11.445452 10.245527 12.741983
v -8.849322 10.245686 12.741981
v -8.849319 10.245687 14.474199
v -8.849319 10.245687 14.474199
v -8.849322 10.245686 12.741981
v -8.091565 8.375256 12.741982
v -8.091562 8.375254 14.474200
v -7.653895 6.587500 14.658554
v -7.653899 6.587498 12.557632
v -12.640430 6.587191 12.557635
v -12.640429 6.587193 14.658562
v -8.091565 8.375256 12.741982
v -8.849322 10.245686 12.741981
v -11.445452 10.245527 12.741983
v -12.202984 8.375002 12.741984
v -11.445450 10.245529 14.474202
v -8.849319 10.245687 14.474199
v -8.091562 8.375254 14.474200
v -12.202981 8.375000 14.474205
v -1.203010 9.153036 14.871910
v -1.203016 9.153034 12.344247
v -5.580853 9.152767 14.871916
v -1.203010 9.153036 14.871910
v -5.580858 9.152765 12.344256
v -5.580853 9.152767 14.871916
v -1.203016 9.153034 12.344247
v -5.580858 9.152765 12.344256
v -6.884059 7.839119 14.871920
v -6.883981 6.573709 14.871918
v -6.883986 6.573708 12.344256
v -6.884064 7.839117 12.344259
v -1.203010 9.153036 14.871910
v -5.580853 9.152767 14.871916
v -5.580858 9.152765 12.344256
v -1.203016 9.153034 12.344247
v 0.100434 6.574141 14.871912
v 0.100356 7.839548 14.871910
v 0.100351 7.839546 12.344248
v 0.100429 6.574139 12.344250
v -6.883981 6.573709 14.871918
v 0.100434 6.574141 14.871912
v 0.100429 6.574139 12.344250
v -6.883986 6.573708 12.344256
v -6.884059 7.839119 14.871920
v 0.100356 7.839548 14.871910
v 0.100434 6.574141 14.871912
v -6.883981 6.573709 14.871918
v 0.100429 6.574139 12.344250
v 0.100351 7.839546 12.344248
v -6.884064 7.839117 12.344259
v -6.883986 6.573708 12.344256
v 2.198488 2.685631 12.147796
v 2.198492 2.685633 15.068369
v 1.399682 2.263746 12.147798
v 0.058479 2.263662 15.068371
v 1.399686 2.263746 15.068369
v 0.058474 2.263660 12.147799
v -12.753229 2.684710 12.147812
v -14.035908 6.655308 12.147809
v -14.035908 6.655308 15.068382
v -12.753226 2.684713 15.068386
v -14.035908 6.655308 12.147809
v 2.198244 6.656307 12.147792
v 2.198247 6.656307 15.068365
v -14.035908 6.655308 15.068382
v 2.198244 6.656307 12.147792
v 2.198488 2.685631 12.147796
v 2.198492 2.685633 15.068369
v 2.198247 6.656307 15.068365
v -0.394306 2.685471 12.147799
v -12.753229 2.684710 12.147812
v -12.753226 2.684713 15.068386
v -0.394301 2.685472 15.068371
v -14.035908 6.655308 15.068382
v -12.753226 2.684713 15.068386
v 2.198247 6.656307 15.068365
v 0.058479 2.263662 15.068371
v 2.198492 2.685633 15.068369
v 1.399686 2.263746 15.068369
v -0.394301 2.685472 15.068371
v 2.198488 2.685631 12.147796
v -0.394306 2.685471 12.147799
v 0.058474 2.263660 12.147799
v 1.399682 2.263746 12.147798
v 2.198244 6.656307 12.147792
v -14.035908 6.655308 12.147809
v -12.753229 2.684710 12.147812
v 7.434825 6.096737 14.867430
v 7.434821 6.096735 12.348720
v 8.241872 3.904755 12.348721
v 8.241874 3.904757 14.867434
v 6.339188 3.255600 14.867434
v 0.653268 3.255249 14.867443
v 0.653093 6.096319 14.867439
v 7.434825 6.096737 14.867430
v 8.241874 3.904757 14.867434
v 0.653268 3.255249 14.867443
v 0.653263 3.255247 12.348729
v 0.653088 6.096317 12.348726
v 0.653093 6.096319 14.867439
v 0.653263 3.255247 12.348729
v 6.339181 3.255598 12.348723
v 8.241872 3.904755 12.348721
v 7.434821 6.096735 12.348720
v 0.653088 6.096317 12.348726
v 8.241874 3.904757 14.867434
v 8.241872 3.904755 12.348721
v 0.653093 6.096319 14.867439
v 0.653088 6.096317 12.348726
v 7.434821 6.096735 12.348720
v 7.434825 6.096737 14.867430
v 6.339181 3.255598 12.348723
v 0.653263 3.255247 12.348729
v 0.653268 3.255249 14.867443
v 6.339188 3.255600 14.867434
v 25.357430 5.206392 12.674776
v 25.357389 5.884455 13.608055
v 25.357498 4.109259 13.031259
v 25.357498 4.109259 14.184854
v 25.357431 5.206390 14.541333
v 7.414209 5.205284 12.674796
v 7.414278 4.108152 13.031279
v 7.414169 5.883350 13.608073
v 7.414211 5.205286 14.541352
v 7.414280 4.108154 14.184873
v 25.357498 4.109259 14.184854
v 25.357498 4.109259 13.031259
v 22.695534 4.109093 14.184856
v 22.695534 4.109091 13.031261
v 22.492590 4.301210 14.045266
v 22.492590 4.301208 13.170852
v 20.063889 4.301060 14.045268
v 20.063889 4.301058 13.170855
v 19.860977 4.108917 14.184859
v 19.860975 4.108917 13.031264
v 7.414278 4.108152 13.031279
v 7.414280 4.108154 14.184873
v 25.357431 5.206390 14.541333
v 25.357498 4.109259 14.184854
v 22.695467 5.206226 14.541335
v 22.695534 4.109093 14.184856
v 22.492540 5.132826 14.315475
v 22.492590 4.301210 14.045266
v 20.063839 5.132677 14.315478
v 20.063889 4.301060 14.045268
v 19.860910 5.206051 14.541338
v 19.860977 4.108917 14.184859
v 7.414280 4.108154 14.184873
v 7.414211 5.205286 14.541352
v 25.357389 5.884455 13.608055
v 25.357431 5.206390 14.541333
v 22.695425 5.884293 13.608058
v 22.695467 5.206226 14.541335
v 22.492508 5.646797 13.608058
v 22.492540 5.132826 14.315475
v 20.063807 5.646648 13.608060
v 20.063839 5.132677 14.315478
v 19.860868 5.884117 13.608060
v 19.860910 5.206051 14.541338
v 7.414211 5.205286 14.541352
v 7.414169 5.883350 13.608073
v 25.357430 5.206392 12.674776
v 25.357389 5.884455 13.608055
v 22.695465 5.206224 12.674781
v 22.695425 5.884293 13.608058
v 22.492538 5.132826 12.900640
v 22.492508 5.646797 13.608058
v 20.063837 5.132677 12.900643
v 20.063807 5.646648 13.608060
v 19.860909 5.206051 12.674783
v 19.860868 5.884117 13.608060
v 7.414169 5.883350 13.608073
v 7.414209 5.205284 12.674796
v 25.357498 4.109259 13.031259
v 25.357430 5.206392 12.674776
v 22.695534 4.109091 13.031261
v 22.695465 5.206224 12.674781
v 22.492590 4.301208 13.170852
v 22.492538 5.132826 12.900640
v 20.063889 4.301058 13.170855
v 20.063837 5.132677 12.900643
v 19.860975 4.108917 13.031264
v 19.860909 5.206051 12.674783
v 7.414209 5.205284 12.674796
v 7.414278 4.108152 13.031279
v 0.711247 0.850822 -8.327385
v -2.282039 4.440462 -5.808868
v -0.427709 3.672394 -10.845898
v -0.427723 3.672380 -5.808865
v -4.136338 3.672394 -10.845909
v -4.136354 3.672382 -5.808876
v -4.904439 1.818064 -5.808884
v -4.904427 1.818077 -10.845917
v -2.282027 -0.288839 -10.845911
v -0.427709 3.672394 -10.845898
v -0.794291 0.329569 -10.845905
v -3.771837 0.328262 -10.845917
v -2.282024 4.440474 -10.845901
v 3.515488 -0.270809 -10.845896
v 1.157021 -0.846514 -10.845903
v 3.147057 -2.836557 -10.845901
v 3.502868 -2.480748 -10.845901
v 0.374012 -0.837969 -10.845905
v -4.136338 3.672394 -10.845909
v -4.388935 1.818075 -10.845915
v -4.904427 1.818077 -10.845917
v 3.502868 -2.480748 -10.845901
v 3.515474 -0.270823 -5.808863
v 3.502853 -2.480758 -5.808868
v 3.515488 -0.270809 -10.845896
v 0.373999 -0.837984 -5.808876
v -0.794291 0.329569 -10.845905
v 0.374012 -0.837969 -10.845905
v -0.794306 0.329556 -5.808876
v 1.157006 -0.846525 -5.808872
v 1.157021 -0.846514 -10.845903
v 3.147042 -2.836569 -5.808872
v 3.147057 -2.836557 -10.845901
v 3.502853 -2.480758 -5.808868
v 3.147057 -2.836557 -10.845901
v 3.502868 -2.480748 -10.845901
v 3.147042 -2.836569 -5.808872
v -4.904427 1.818077 -10.845917
v -4.388948 1.818062 -5.808882
v -4.904439 1.818064 -5.808884
v -4.388935 1.818075 -10.845915
v -4.388935 1.818075 -10.845915
v -3.771850 0.328251 -5.808884
v -4.388948 1.818062 -5.808882
v -3.771837 0.328262 -10.845917
v -2.282027 -0.288839 -10.845911
v -0.794306 0.329556 -5.808876
v -2.282038 -0.288853 -5.808882
v -0.794291 0.329569 -10.845905
v -0.427723 3.672380 -5.808865
v -2.282038 -0.288853 -5.808882
v -0.794306 0.329556 -5.808876
v -2.282039 4.440462 -5.808868
v -3.771850 0.328251 -5.808884
v 3.515474 -0.270823 -5.808863
v 1.157006 -0.846525 -5.808872
v 3.147042 -2.836569 -5.808872
v 3.502853 -2.480758 -5.808868
v 0.373999 -0.837984 -5.808876
v -4.136354 3.672382 -5.808876
v -4.388948 1.818062 -5.808882
v -4.904439 1.818064 -5.808884
v 0.862613 -2.739815 -8.327393
v 0.862607 -2.739819 -6.666664
v -0.144727 -2.322560 -8.327396
v -0.144733 -2.322567 -6.666668
v 1.869952 -2.322563 -8.327389
v 1.869946 -2.322568 -6.666662
v 2.287204 -1.315222 -8.327385
v 2.287198 -1.315226 -6.666660
v 1.869952 -2.322563 -8.327389
v 1.869946 -2.322568 -6.666662
v 1.869951 -0.307884 -8.327385
v 1.869946 -0.307888 -6.666660
v -1.303430 -1.163849 -9.988121
v -1.303434 -1.163855 -8.327396
v -2.265682 -0.201595 -9.988121
v -2.265691 -0.201605 -6.666668
v -0.224239 3.325733 -10.047012
v 3.194165 -0.092672 -10.047012
v -0.224249 3.325724 -6.607750
v 3.194155 -0.092682 -6.607750
v 0.500281 3.701159 -9.871399
v -0.224239 3.325733 -10.047012
v 0.500272 3.701151 -6.783360
v -0.224249 3.325724 -6.607750
v 3.569592 0.631849 -9.871399
v 0.500281 3.701159 -9.871399
v 3.569582 0.631842 -6.783358
v -2.265682 -0.201595 -9.988121
v -2.265691 -0.201605 -6.666668
v -0.251001 1.813082 -9.988111
v -0.251010 1.813074 -6.666658
v 0.711251 0.850830 -9.988110
v -1.303430 -1.163849 -9.988121
v -0.251001 1.813082 -9.988111
v -2.265682 -0.201595 -9.988121
v 2.287198 -1.315226 -6.666660
v 1.869946 -0.307888 -6.666660
v -2.265691 -0.201605 -6.666668
v -0.251010 1.813074 -6.666658
v -0.144733 -2.322567 -6.666668
v 1.869946 -2.322568 -6.666662
v 0.862607 -2.739819 -6.666664
v 2.287204 -1.315222 -8.327385
v 0.862613 -2.739815 -8.327393
v 1.869952 -2.322563 -8.327389
v -0.144727 -2.322560 -8.327396
v -1.303434 -1.163855 -8.327396
v 1.869951 -0.307884 -8.327385
v 0.711247 0.850822 -8.327385
v -1.303434 -1.163855 -8.327396
v -1.303430 -1.163849 -9.988121
v -2.282024 4.440474 -10.845901
v 0.711251 0.850830 -9.988110
v 0.711251 0.850830 -9.988110
v -0.251001 1.813082 -9.988111
v -0.251010 1.813074 -6.666658
v 0.711247 0.850822 -8.327385
v -0.224249 3.325724 -6.607750
v 3.194155 -0.092682 -6.607750
v 0.500272 3.701151 -6.783360
v 3.569582 0.631842 -6.783358
v 3.569592 0.631849 -9.871399
v 3.194165 -0.092672 -10.047012
v 0.500281 3.701159 -9.871399
v -0.224239 3.325733 -10.047012
v 3.569582 0.631842 -6.783358
v 3.194155 -0.092682 -6.607750
v 3.569592 0.631849 -9.871399
v 3.194165 -0.092672 -10.047012
v 0.500272 3.701151 -6.783360
v -3.259547 -3.423230 -9.988441
v -3.676723 -4.430603 -9.988495
v -3.259586 -3.423249 -9.337202
v -3.676764 -4.430622 -9.337257
v -3.676723 -4.430603 -9.988495
v -3.259390 -5.437909 -9.988499
v -3.676764 -4.430622 -9.337257
v -3.259429 -5.437927 -9.337261
v -2.252025 -5.855087 -9.988449
v -2.252063 -5.855107 -9.337215
v -1.244715 -5.437759 -9.988373
v -1.244754 -5.437778 -9.337139
v 2.287299 -1.315081 -9.988035
v 0.862599 0.109409 -9.988083
v 1.869972 -0.307772 -9.988033
v 1.870122 -2.322453 -9.988092
v -0.144711 -0.307924 -9.988157
v -1.244715 -5.437759 -9.988373
v -3.259547 -3.423230 -9.988441
v -2.252025 -5.855087 -9.988449
v -3.676723 -4.430603 -9.988495
v -3.259390 -5.437909 -9.988499
v -3.259709 -3.423307 -7.318226
v -3.259748 -3.423327 -6.666986
v -2.091317 -2.254743 -7.318121
v -1.314702 -1.477987 -6.666813
v -1.314594 -1.477930 -8.468744
v -2.091194 -2.254683 -9.337099
v -0.144711 -0.307924 -9.988157
v -0.144802 -0.307968 -8.468639
v -2.252188 -5.855166 -7.318235
v -3.676886 -4.430678 -7.318283
v -3.259429 -5.437927 -9.337261
v -3.676764 -4.430622 -9.337257
v -2.252063 -5.855107 -9.337215
v -0.076362 -4.269209 -9.337034
v -2.091194 -2.254683 -9.337099
v -1.244754 -5.437778 -9.337139
v -3.259586 -3.423249 -9.337202
v -2.091194 -2.254683 -9.337099
v -0.076487 -4.269267 -7.318054
v -0.076362 -4.269209 -9.337034
v -2.091317 -2.254743 -7.318121
v 1.869878 -0.307816 -8.468515
v -1.244878 -5.437838 -7.318161
v -3.259709 -3.423307 -7.318226
v 0.862506 0.109364 -8.468567
v 0.700240 -3.492461 -8.468678
v -0.076487 -4.269267 -7.318054
v -2.091317 -2.254743 -7.318121
v -1.314594 -1.477930 -8.468744
v 1.870030 -2.322496 -8.468575
v -0.144802 -0.307968 -8.468639
v 2.287204 -1.315121 -8.468519
v -1.314594 -1.477930 -8.468744
v 0.700131 -3.492514 -6.666748
v -1.314702 -1.477987 -6.666813
v 0.700240 -3.492461 -8.468678
v -0.076362 -4.269209 -9.337034
v 0.700240 -3.492461 -8.468678
v 0.700131 -3.492514 -6.666748
v -0.076487 -4.269267 -7.318054
v -3.259593 -5.438005 -6.667046
v -2.252224 -5.855186 -6.666996
v -3.676924 -4.430697 -6.667042
v -1.244919 -5.437853 -6.666922
v 0.700131 -3.492514 -6.666748
v -3.259748 -3.423327 -6.666986
v -1.314702 -1.477987 -6.666813
v -1.244878 -5.437838 -7.318161
v -1.244919 -5.437853 -6.666922
v -2.252188 -5.855166 -7.318235
v -2.252224 -5.855186 -6.666996
v -2.252188 -5.855166 -7.318235
v -2.252224 -5.855186 -6.666996
v -3.259553 -5.437986 -7.318285
v -3.259593 -5.438005 -6.667046
v -3.676886 -4.430678 -7.318283
v -3.676924 -4.430697 -6.667042
v -3.676886 -4.430678 -7.318283
v -3.676924 -4.430697 -6.667042
v 0.862599 0.109409 -9.988083
v 0.862506 0.109364 -8.468567
v 1.869972 -0.307772 -9.988033
v 0.862599 0.109409 -9.988083
v 1.869878 -0.307816 -8.468515
v 0.862506 0.109364 -8.468567
v 2.287204 -1.315121 -8.468519
v 1.869972 -0.307772 -9.988033
v 1.869878 -0.307816 -8.468515
v 1.870122 -2.322453 -9.988092
v 2.287299 -1.315081 -9.988035
v 1.870030 -2.322496 -8.468575
v -3.259553 -5.437986 -7.318285
v -0.804457 -7.362477 -9.215994
v -3.653741 -7.362596 -7.439388
v -0.804562 -7.362482 -7.439222
v -3.653638 -7.362591 -9.216160
v -0.804457 -7.362477 -9.215994
v -0.804562 -7.362482 -7.439222
v -3.653741 -7.362596 -7.439388
v 3.492977 -13.039131 -11.052471
v 2.482269 -13.426345 -5.602343
v 3.492665 -13.039146 -5.602282
v 3.303696 -12.107876 -5.602289
v 3.492665 -13.039146 -5.602282
v 3.304006 -12.107862 -11.052475
v 3.492977 -13.039131 -11.052471
v 0.268620 -9.395748 -5.602457
v 0.268933 -9.395731 -11.052639
v -4.548961 -9.398080 -5.602736
v -4.548644 -9.398062 -11.052925
v -4.553682 -9.875992 -11.052937
v -3.720760 -10.342962 -11.052887
v -4.553998 -9.876008 -5.602737
v -3.653638 -7.362591 -9.216160
v -3.653638 -7.362591 -9.216160
v -3.236540 -3.492242 -9.216124
v -1.221868 -3.492163 -9.216007
v -2.229223 -3.074948 -9.216064
v -0.804573 -4.499489 -9.215986
v -3.653752 -4.499601 -9.216152
v 1.467981 -11.064304 -9.562702
v -1.666549 -11.064425 -9.562885
v 1.467839 -11.064311 -7.092281
v -1.666692 -11.064432 -7.092463
v 1.467981 -11.064304 -9.562702
v 1.467839 -11.064311 -7.092281
v -0.804457 -7.362477 -9.215994
v -3.653856 -4.499606 -7.439381
v -3.653752 -4.499601 -9.216152
v -2.229325 -3.074953 -7.439293
v -2.229223 -3.074948 -9.216064
v -3.236643 -3.492248 -7.439352
v -3.236540 -3.492242 -9.216124
v -2.229325 -3.074953 -7.439293
v -2.229223 -3.074948 -9.216064
v -0.804676 -4.499494 -7.439213
v -0.804573 -4.499489 -9.215986
v -1.221970 -3.492170 -7.439236
v -1.221868 -3.492163 -9.216007
v -0.804562 -7.362482 -7.439222
v -3.653741 -7.362596 -7.439388
v -2.229325 -3.074953 -7.439293
v -0.804676 -4.499494 -7.439213
v -3.236643 -3.492248 -7.439352
v -1.666549 -11.064425 -9.562885
v 1.467981 -11.064304 -9.562702
v -1.221970 -3.492170 -7.439236
v -3.653856 -4.499606 -7.439381
v 1.467839 -11.064311 -7.092281
v -1.666692 -11.064432 -7.092463
v -1.666692 -11.064432 -7.092463
v -1.666549 -11.064425 -9.562885
v -0.663224 -6.182574 -10.353333
v -4.347153 -6.182723 -10.353550
v -0.663249 -6.182575 -9.925808
v -4.347178 -6.182725 -9.926020
v -4.347153 -6.182723 -10.353550
v -4.347132 -6.722846 -10.353550
v -4.347178 -6.182725 -9.926020
v -4.347157 -6.722848 -9.926022
v -4.347365 -6.722858 -6.302074
v -4.347341 -6.722857 -6.729605
v -5.473114 -7.354117 -6.302141
v -4.347157 -6.722848 -9.926022
v -5.472879 -7.354106 -10.353619
v -4.347132 -6.722846 -10.353550
v -5.473114 -7.354117 -6.302141
v -5.472879 -7.354106 -10.353619
v -5.473001 -10.105555 -6.302149
v -3.721076 -10.342979 -5.602688
v -2.052811 -13.426302 -11.052792
v -2.053124 -13.426317 -5.602608
v -2.053124 -13.426317 -5.602608
v -2.052811 -13.426302 -11.052792
v -4.553998 -9.876008 -5.602737
v -4.548961 -9.398080 -5.602736
v -4.553682 -9.875992 -11.052937
v -4.548644 -9.398062 -11.052925
v -4.548644 -9.398062 -11.052925
v 0.268933 -9.395731 -11.052639
v -4.553682 -9.875992 -11.052937
v -3.720760 -10.342962 -11.052887
v 2.482582 -13.426329 -11.052530
v -2.052811 -13.426302 -11.052792
v 3.492977 -13.039131 -11.052471
v 3.304006 -12.107862 -11.052475
v 2.482269 -13.426345 -5.602343
v 3.492665 -13.039146 -5.602282
v -2.053124 -13.426317 -5.602608
v 3.303696 -12.107876 -5.602289
v -3.721076 -10.342979 -5.602688
v -4.548961 -9.398080 -5.602736
v -4.553998 -9.876008 -5.602737
v 0.268620 -9.395748 -5.602457
v -5.472766 -10.105543 -10.353626
v -5.472766 -10.105543 -10.353626
v -4.346972 -10.736714 -10.353561
v -5.473001 -10.105555 -6.302149
v -4.347207 -10.736727 -6.302086
v -2.619920 -13.966411 -9.925941
v -3.357121 -12.587815 -9.925980
v -2.619899 -13.966411 -10.353472
v -2.620106 -13.966420 -6.729527
v -2.620133 -13.966423 -6.301994
v -3.357306 -12.587827 -6.729565
v -2.619899 -13.966411 -10.353472
v 2.823295 -13.966194 -10.353157
v -2.619920 -13.966411 -9.925941
v 2.823274 -13.966196 -9.925625
v 4.325075 -13.379549 -10.353067
v -4.347387 -6.182734 -6.302071
v -4.347365 -6.722858 -6.302074
v -5.473114 -7.354117 -6.302141
v -5.473001 -10.105555 -6.302149
v -4.347207 -10.736727 -6.302086
v -2.620133 -13.966423 -6.301994
v 4.324840 -13.379560 -6.301592
v 2.823061 -13.966207 -6.301680
v 4.200180 -12.587528 -6.301596
v 1.198088 -9.216578 -6.301762
v 4.517480 -11.816605 -6.301575
v 1.775705 -9.216557 -6.301727
v 4.517452 -11.093985 -6.301573
v -4.347341 -6.722857 -6.729605
v -4.347363 -6.182734 -6.729603
v -0.841440 -6.722717 -6.729403
v -0.663434 -6.182584 -6.729387
v 0.204093 -6.536657 -6.428434
v -0.663404 -7.538799 -6.301865
v -0.436128 -5.488478 -6.729372
v -0.663458 -6.182586 -6.301861
v 0.204075 -5.647268 -6.729334
v 0.204079 -6.182552 -6.428432
v 2.823089 -13.966206 -6.729210
v -2.620106 -13.966420 -6.729527
v -3.357306 -12.587827 -6.729565
v 4.324869 -13.379560 -6.729122
v 4.200206 -12.587528 -6.729126
v 4.324840 -13.379560 -6.301592
v 4.324869 -13.379560 -6.729122
v 4.324869 -13.379560 -6.729122
v 4.324840 -13.379560 -6.301592
v 2.823089 -13.966206 -6.729210
v 2.823061 -13.966207 -6.301680
v -2.620106 -13.966420 -6.729527
v -2.620133 -13.966423 -6.301994
v -4.347341 -6.722857 -6.729605
v -4.347365 -6.722858 -6.302074
v -4.347363 -6.182734 -6.729603
v -4.347387 -6.182734 -6.302071
v 4.325055 -13.379549 -9.925537
v -4.347363 -6.182734 -6.729603
v -4.347387 -6.182734 -6.302071
v -0.663434 -6.182584 -6.729387
v -0.663458 -6.182586 -6.301861
v -0.436128 -5.488478 -6.729372
v 0.204075 -5.647268 -6.729334
v -0.435943 -5.488467 -9.925793
v 0.204260 -5.647259 -9.925756
v 4.200206 -12.587528 -6.729126
v 4.200180 -12.587528 -6.301596
v 1.198324 -9.216566 -10.353235
v 1.775940 -9.216544 -10.353199
v 4.517714 -11.816592 -10.353050
v 4.517686 -11.093971 -10.353050
v -5.472766 -10.105543 -10.353626
v 4.200414 -12.587517 -10.353073
v -4.346972 -10.736714 -10.353561
v 4.325075 -13.379549 -10.353067
v -2.619899 -13.966411 -10.353472
v 2.823295 -13.966194 -10.353157
v -5.472879 -7.354106 -10.353619
v -4.347132 -6.722846 -10.353550
v -4.347153 -6.182723 -10.353550
v 4.517686 -11.093971 -10.353050
v 4.517452 -11.093985 -6.301573
v 4.517714 -11.816592 -10.353050
v 4.517480 -11.816605 -6.301575
v 4.517686 -11.093971 -10.353050
v 4.517452 -11.093985 -6.301573
v 1.775940 -9.216544 -10.353199
v 1.775705 -9.216557 -6.301727
v -0.663170 -7.538787 -10.353338
v -0.663404 -7.538799 -6.301865
v 1.198324 -9.216566 -10.353235
v 1.198088 -9.216578 -6.301762
v -3.357121 -12.587815 -9.925980
v 4.200390 -12.587519 -9.925543
v -3.357306 -12.587827 -6.729565
v 4.200206 -12.587528 -6.729126
v -0.663458 -6.182586 -6.301861
v -0.841440 -6.722717 -6.729403
v -0.663434 -6.182584 -6.729387
v -0.841255 -6.722709 -9.925816
v -0.436128 -5.488478 -6.729372
v -0.435943 -5.488467 -9.925793
v -0.663249 -6.182575 -9.925808
v -0.663224 -6.182574 -10.353333
v -0.663170 -7.538787 -10.353338
v -0.663404 -7.538799 -6.301865
v -4.347157 -6.722848 -9.926022
v -4.347341 -6.722857 -6.729605
v -0.841255 -6.722709 -9.925816
v -0.841440 -6.722717 -6.729403
v -4.347157 -6.722848 -9.926022
v -0.841255 -6.722709 -9.925816
v -4.347178 -6.182725 -9.926020
v -0.663249 -6.182575 -9.925808
v 0.204260 -5.647259 -9.925756
v 0.204075 -5.647268 -6.729334
v 0.204079 -6.182552 -6.428432
v 0.204093 -6.536657 -6.428434
v 0.204299 -6.182539 -10.226662
v 0.204313 -6.536644 -10.226662
v 0.204313 -6.536644 -10.226662
v -0.663170 -7.538787 -10.353338
v -0.435943 -5.488467 -9.925793
v 0.204260 -5.647259 -9.925756
v -0.663224 -6.182574 -10.353333
v 0.204299 -6.182539 -10.226662
v 4.200390 -12.587519 -9.925543
v -3.357121 -12.587815 -9.925980
v -2.619920 -13.966411 -9.925941
v 4.325055 -13.379549 -9.925537
v 2.823274 -13.966196 -9.925625
v 4.200414 -12.587517 -10.353073
v 4.200390 -12.587519 -9.925543
v 4.325075 -13.379549 -10.353067
v 4.325055 -13.379549 -9.925537
v 2.482582 -13.426329 -11.052530
v -1.666482 -14.244551 -9.562891
v -1.666625 -14.244536 -7.092472
v 1.467905 -14.244423 -7.092289
v 1.468048 -14.244442 -9.562710
v -1.666482 -14.244551 -9.562891
v -1.666625 -14.244536 -7.092472
v -1.666482 -14.244551 -9.562891
v -4.435563 -14.904953 -7.092617
v -4.435420 -14.904967 -9.563038
v -5.015182 -17.250320 -9.563063
v -5.015325 -17.250305 -7.092644
v -1.122113 -16.126175 -7.092424
v -1.666625 -14.244536 -7.092472
v -5.015325 -17.250305 -7.092644
v -4.435563 -14.904953 -7.092617
v -1.666482 -14.244551 -9.562891
v -1.121971 -16.126190 -9.562847
v -4.435420 -14.904967 -9.563038
v -5.015182 -17.250320 -9.563063
v 1.468118 -16.126070 -9.562698
v 1.467978 -16.126053 -7.092276
v 1.467905 -14.244423 -7.092289
v 1.468048 -14.244442 -9.562710
v -5.015325 -17.250305 -7.092644
v -4.435563 -14.904953 -7.092617
v -5.015182 -17.250320 -9.563063
v -4.435420 -14.904967 -9.563038
v -1.666709 -14.244528 -5.642147
v -1.122196 -16.126167 -5.642099
v -1.666625 -14.244536 -7.092472
v -1.666709 -14.244528 -5.642147
v -1.122196 -16.126167 -5.642099
v -2.982098 -17.192875 -6.481457
v -5.635633 -17.192968 -6.481609
v -5.466058 -17.668249 -4.691305
v -2.982184 -17.668159 -4.691162
v -2.982184 -17.668159 -4.691162
v -2.982298 -14.570745 -4.691181
v -2.982195 -14.570756 -6.481474
v -2.982098 -17.192875 -6.481457
v -4.767158 -14.570820 -6.481577
v -4.767262 -14.570808 -4.691284
v -5.635633 -17.192968 -6.481609
v -5.635737 -17.192959 -4.691317
v -5.466058 -17.668249 -4.691305
v -2.982298 -14.570745 -4.691181
v -4.767262 -14.570808 -4.691284
v -4.767158 -14.570820 -6.481577
v -2.982195 -14.570756 -6.481474
v -2.982195 -14.570756 -6.481474
v -4.767158 -14.570820 -6.481577
v -5.635633 -17.192968 -6.481609
v -2.982098 -17.192875 -6.481457
v -4.767262 -14.570808 -4.691284
v -2.982298 -14.570745 -4.691181
v -2.982184 -17.668159 -4.691162
v -5.466058 -17.668249 -4.691305
v -5.635737 -17.192959 -4.691317
v -5.635527 -17.192982 -8.327892
v -2.981992 -17.192884 -8.327738
v -5.635419 -17.192991 -10.174175
v -2.981885 -17.192898 -10.174019
v -2.981975 -17.668182 -8.327736
v -5.465637 -17.668293 -11.964455
v -5.465847 -17.668270 -8.327879
v -2.981764 -17.668203 -11.964308
v -2.981992 -17.192884 -8.327738
v -2.981975 -17.668182 -8.327736
v -2.981764 -17.668203 -11.964308
v -2.981878 -14.570788 -11.964325
v -2.981885 -17.192898 -10.174019
v -2.981981 -14.570778 -10.174036
v -4.766944 -14.570843 -10.174141
v -4.766839 -14.570854 -11.964432
v -5.465847 -17.668270 -8.327879
v -5.635527 -17.192982 -8.327892
v -5.635419 -17.192991 -10.174175
v -5.465637 -17.668293 -11.964455
v -5.635316 -17.193005 -11.964466
v -2.981878 -14.570788 -11.964325
v -4.766839 -14.570854 -11.964432
v -2.981981 -14.570778 -10.174036
v -4.766944 -14.570843 -10.174141
v -2.981981 -14.570778 -10.174036
v -4.766944 -14.570843 -10.174141
v -2.981885 -17.192898 -10.174019
v -5.635419 -17.192991 -10.174175
v -1.122113 -16.126175 -7.092424
v -1.666400 -14.244560 -11.013216
v -1.666482 -14.244551 -9.562891
v -1.121971 -16.126190 -9.562847
v -1.121888 -16.126200 -11.013172
v 3.635900 -16.863098 -7.092148
v 1.467978 -16.126053 -7.092276
v 5.688231 -15.522146 -7.092037
v 1.467905 -14.244423 -7.092289
v -1.666709 -14.244528 -5.642147
v -1.666625 -14.244536 -7.092472
v -1.122196 -16.126167 -5.642099
v -1.122113 -16.126175 -7.092424
v 1.467893 -16.126045 -5.641953
v 3.635816 -16.863089 -5.641825
v 1.467823 -14.244418 -5.641968
v 5.688146 -15.522137 -5.641712
v 5.688231 -15.522146 -7.092037
v 5.688146 -15.522137 -5.641712
v 3.635900 -16.863098 -7.092148
v 3.635816 -16.863089 -5.641825
v 5.688146 -15.522137 -5.641712
v 5.688231 -15.522146 -7.092037
v 1.467823 -14.244418 -5.641968
v 1.467905 -14.244423 -7.092289
v 3.635816 -16.863089 -5.641825
v 1.467893 -16.126045 -5.641953
v 3.635900 -16.863098 -7.092148
v 1.467978 -16.126053 -7.092276
v 3.636123 -16.863121 -11.012894
v 5.688457 -15.522170 -11.012783
v 1.468130 -14.244447 -11.013035
v 1.468202 -16.126078 -11.013023
v -1.666400 -14.244560 -11.013216
v -1.121888 -16.126200 -11.013172
v -1.666482 -14.244551 -9.562891
v -1.666400 -14.244560 -11.013216
v -1.121971 -16.126190 -9.562847
v -1.121888 -16.126200 -11.013172
v 1.468118 -16.126070 -9.562698
v 3.636044 -16.863113 -9.562569
v 1.468048 -14.244442 -9.562710
v 5.688374 -15.522161 -9.562460
v 5.688457 -15.522170 -11.012783
v 5.688374 -15.522161 -9.562460
v 3.636123 -16.863121 -11.012894
v 3.636044 -16.863113 -9.562569
v 5.688374 -15.522161 -9.562460
v 5.688457 -15.522170 -11.012783
v 1.468048 -14.244442 -9.562710
v 1.468130 -14.244447 -11.013035
v 3.636044 -16.863113 -9.562569
v 1.468118 -16.126070 -9.562698
v 3.636123 -16.863121 -11.012894
v 1.468202 -16.126078 -11.013023
v -5.465637 -17.668293 -11.964455
v -5.635316 -17.193005 -11.964466
v -2.981764 -17.668203 -11.964308
v -2.981878 -14.570788 -11.964325
v -4.766839 -14.570854 -11.964432
v -1.666625 -14.244536 -7.092472
v 3.011694 -17.652515 -4.421494
v 9.057294 -17.651945 -4.815176
v 9.057361 -16.566908 -4.956924
v 3.012116 -15.998851 -4.637545
v 9.057294 -17.651945 -4.815176
v 3.011694 -17.652515 -4.421494
v 3.011891 -17.652567 -8.307396
v 9.057449 -17.651987 -7.913107
v 5.318440 -14.975070 -7.807289
v 8.817959 -16.247728 -7.745316
v 9.057502 -16.566946 -7.771387
v 9.057449 -17.651987 -7.913107
v 3.011891 -17.652567 -8.307396
v 3.012294 -15.998897 -8.091385
v 9.723283 -17.416002 -5.973120
v 9.723248 -17.415993 -5.290457
v 9.723258 -17.670237 -5.290453
v 9.723293 -17.670244 -5.973116
v 8.960514 -17.228046 -5.057167
v 8.960529 -17.670261 -5.057161
v 9.723258 -17.670237 -5.290453
v 9.723248 -17.415993 -5.290457
v 8.960529 -17.670261 -5.057161
v 8.960576 -17.670273 -5.973154
v 9.723293 -17.670244 -5.973116
v 9.723258 -17.670237 -5.290453
v 8.960576 -17.670273 -5.973154
v 8.960559 -17.228069 -5.973167
v 9.723283 -17.416002 -5.973120
v 9.723293 -17.670244 -5.973116
v 8.960559 -17.228069 -5.973167
v 8.960514 -17.228046 -5.057167
v 9.723248 -17.415993 -5.290457
v 9.723283 -17.416002 -5.973120
v 8.960559 -17.228069 -5.973167
v 5.318295 -14.975031 -4.921440
v 3.012116 -15.998851 -4.637545
v 3.012294 -15.998897 -8.091385
v 8.817821 -16.247690 -4.983028
v 5.318295 -14.975031 -4.921440
v 8.960576 -17.670273 -5.973154
v 8.960529 -17.670261 -5.057161
v 8.960514 -17.228046 -5.057167
v 9.723356 -17.416019 -7.437767
v 9.723323 -17.416012 -6.755106
v 9.723366 -17.670265 -7.437763
v 9.723331 -17.670256 -6.755100
v 8.960661 -17.670296 -7.671131
v 8.960646 -17.228079 -7.671139
v 9.723366 -17.670265 -7.437763
v 9.723356 -17.416019 -7.437767
v 8.960617 -17.670284 -6.755138
v 8.960661 -17.670296 -7.671131
v 9.723331 -17.670256 -6.755100
v 9.723366 -17.670265 -7.437763
v 8.960599 -17.228079 -6.755138
v 8.960617 -17.670284 -6.755138
v 9.723323 -17.416012 -6.755106
v 9.723331 -17.670256 -6.755100
v 8.960646 -17.228079 -7.671139
v 8.960599 -17.228079 -6.755138
v 9.723356 -17.416019 -7.437767
v 9.723323 -17.416012 -6.755106
v 8.960617 -17.670284 -6.755138
v 8.960599 -17.228079 -6.755138
v 8.960661 -17.670296 -7.671131
v 8.960646 -17.228079 -7.671139
v 5.318440 -14.975070 -7.807289
v 8.817959 -16.247728 -7.745316
v 3.012294 -15.998897 -8.091385
v 3.012116 -15.998851 -4.637545
v 3.011694 -17.652515 -4.421494
v 3.011891 -17.652567 -8.307396
v 9.057502 -16.566946 -7.771387
v 9.057449 -17.651987 -7.913107
v 9.057294 -17.651945 -4.815176
v 9.057361 -16.566908 -4.956924
v 8.960711 -17.228098 -8.983015
v 8.960728 -17.670313 -8.983009
v 8.960773 -17.670324 -9.899000
v 8.960756 -17.228121 -9.899015
v 9.723480 -17.416054 -9.898966
v 9.723446 -17.416044 -9.216305
v 8.960711 -17.228098 -8.983015
v 8.960756 -17.228121 -9.899015
v 9.723489 -17.670298 -9.898964
v 9.723480 -17.416054 -9.898966
v 8.960756 -17.228121 -9.899015
v 8.960773 -17.670324 -9.899000
v 9.723455 -17.670288 -9.216301
v 9.723489 -17.670298 -9.898964
v 8.960773 -17.670324 -9.899000
v 8.960728 -17.670313 -8.983009
v 9.723446 -17.416044 -9.216305
v 9.723455 -17.670288 -9.216301
v 8.960728 -17.670313 -8.983009
v 8.960711 -17.228098 -8.983015
v 9.723489 -17.670298 -9.898964
v 9.723455 -17.670288 -9.216301
v 9.723446 -17.416044 -9.216305
v 9.723480 -17.416054 -9.898966
v 8.960841 -17.228132 -11.596985
v 8.960856 -17.670347 -11.596979
v 8.960794 -17.228132 -10.680984
v 8.960810 -17.670336 -10.680988
v 9.723519 -17.416063 -10.680954
v 9.723554 -17.416073 -11.363613
v 8.960841 -17.228132 -11.596985
v 9.723529 -17.670307 -10.680950
v 9.723519 -17.416063 -10.680954
v 8.960810 -17.670336 -10.680988
v 8.960794 -17.228132 -10.680984
v 9.723564 -17.670317 -11.363611
v 9.723529 -17.670307 -10.680950
v 8.960856 -17.670347 -11.596979
v 8.960810 -17.670336 -10.680988
v 9.723554 -17.416073 -11.363613
v 9.723564 -17.670317 -11.363611
v 8.960841 -17.228132 -11.596985
v 8.960856 -17.670347 -11.596979
v 9.723529 -17.670307 -10.680950
v 9.723564 -17.670317 -11.363611
v 9.057647 -17.652039 -11.838955
v 9.057695 -16.566998 -11.697235
v 9.057490 -17.651999 -8.741024
v 9.057557 -16.566959 -8.882772
v 3.012085 -17.652620 -12.233242
v 3.011893 -17.652567 -8.347342
v 3.012485 -15.998949 -12.017235
v 3.012317 -15.998902 -8.563395
v 5.318493 -14.975083 -8.847288
v 8.818018 -16.247744 -8.908878
v 5.318637 -14.975122 -11.733139
v 8.818157 -16.247780 -11.671162
v 3.012485 -15.998949 -12.017235
v 3.012317 -15.998902 -8.563395
v 3.012485 -15.998949 -12.017235
v 5.318637 -14.975122 -11.733139
v 3.012085 -17.652620 -12.233242
v 9.057647 -17.652039 -11.838955
v 9.057695 -16.566998 -11.697235
v 8.818157 -16.247780 -11.671162
v 3.012085 -17.652620 -12.233242
v 9.057647 -17.652039 -11.838955
v 3.011893 -17.652567 -8.347342
v 9.057490 -17.651999 -8.741024
v 8.818018 -16.247744 -8.908878
v 5.318493 -14.975083 -8.847288
v 9.057557 -16.566959 -8.882772
v 9.723519 -17.416063 -10.680954
v 9.723554 -17.416073 -11.363613
v 3.012317 -15.998902 -8.563395
v 3.011893 -17.652567 -8.347342
v 8.817821 -16.247690 -4.983028
v 9.057490 -17.651999 -8.741024
v 8.960794 -17.228132 -10.680984
vn 0.1892 -0.2500 -0.9496
vn 0.4242 -0.4271 -0.7985
vn 0.6277 -0.4916 -0.6036
vn 0.0001 1.0000 -0.0000
vn 0.0727 0.9974 -0.0000
vn 0.2556 0.9668 -0.0000
vn 0.3644 0.9313 -0.0000
vn 0.2557 0.9668 -0.0000
vn 0.3644 0.9312 -0.0000
vn 0.6654 0.7465 -0.0000
vn 0.8338 0.5521 -0.0000
vn 0.0323 -0.9995 -0.0000
vn 0.7938 -0.6082 -0.0000
vn 0.9418 0.3362 -0.0000
vn -1.0000 -0.0001 -0.0000
vn -0.0000 -0.0000 1.0000
vn -0.0000 -0.0000 -1.0000
vn 0.2370 0.1522 0.9595
vn 0.2380 0.1470 0.9601
vn 0.1804 0.1434 0.9731
vn 0.2400 0.1372 0.9610
vn 0.0830 0.1391 0.9868
vn 0.0057 0.1383 0.9904
vn 0.0031 0.1411 0.9900
vn 0.0829 0.1391 0.9868
vn 0.8365 0.5480 0.0004
vn 0.3523 0.9359 -0.0000
vn 0.6060 0.7904 0.0896
vn 0.3246 0.9359 0.1369
vn 0.8044 0.5762 0.1449
vn 0.1467 0.9854 0.0868
vn 0.0039 1.0000 -0.0000
vn 0.1466 0.9854 0.0869
vn 0.0019 1.0000 0.0020
vn 0.1466 0.9854 0.0868
vn 0.0963 0.9953 0.0026
vn 0.0964 0.9953 0.0026
vn 0.3245 0.9359 0.1369
vn 0.7209 -0.6930 -0.0000
vn 0.4117 -0.9113 -0.0072
vn 0.4117 -0.9113 -0.0073
vn 0.4169 -0.9090 -0.0000
vn -0.0000 -1.0000 0.0001
vn 0.0160 -0.9998 -0.0134
vn 0.0290 -0.9995 -0.0089
vn 0.4116 -0.9113 -0.0072
vn 0.4168 -0.9090 -0.0000
vn 0.9505 0.3107 -0.0000
vn 0.9494 0.3142 -0.0005
vn 0.8365 0.5479 0.0003
vn 0.8365 0.5480 0.0003
vn 0.2370 0.1522 -0.9595
vn 0.1804 0.1434 -0.9731
vn 0.2380 0.1470 -0.9601
vn 0.2400 0.1372 -0.9610
vn 0.0830 0.1391 -0.9868
vn 0.0829 0.1391 -0.9868
vn 0.0031 0.1411 -0.9900
vn 0.0057 0.1383 -0.9904
vn 0.8365 0.5480 -0.0003
vn 0.6060 0.7904 -0.0896
vn 0.3523 0.9359 0.0001
vn 0.3246 0.9359 -0.1369
vn 0.0964 0.9953 -0.0026
vn 0.3245 0.9359 -0.1369
vn 0.1467 0.9854 -0.0869
vn 0.0963 0.9953 -0.0026
vn 0.1466 0.9854 -0.0868
vn 0.0019 1.0000 -0.0020
vn 0.1467 0.9854 -0.0868
vn 0.3246 0.9359 -0.1370
vn 0.8044 0.5762 -0.1449
vn 0.4117 -0.9113 0.0073
vn 0.4117 -0.9113 0.0072
vn -0.0000 -1.0000 -0.0001
vn 0.0290 -0.9995 0.0089
vn 0.0160 -0.9998 0.0134
vn 0.4116 -0.9113 0.0073
vn 0.4116 -0.9113 0.0072
vn 0.9494 0.3142 0.0004
vn 0.9494 0.3142 0.0005
vn 0.8044 0.5762 -0.1448
vn 0.8365 0.5479 -0.0003
vn -0.1173 -0.9931 -0.0000
vn -0.3268 -0.9451 -0.0000
vn -0.5305 -0.8477 -0.0000
vn -0.3269 -0.9451 -0.0000
vn -0.5306 -0.8476 -0.0000
vn -0.4990 -0.8666 -0.0000
vn -0.2495 -0.9684 -0.0000
vn -0.2494 -0.9684 -0.0000
vn 0.0001 -1.0000 -0.0000
vn 0.8468 -0.5319 -0.0000
vn -0.0001 1.0000 -0.0000
vn -0.9238 0.3829 -0.0000
vn -0.8611 -0.5085 -0.0000
vn 0.8169 0.5767 -0.0000
vn -0.0000 0.1239 -0.9923
vn -0.0000 0.1242 -0.9923
vn -0.0000 0.1245 -0.9922
vn -0.0002 0.1245 -0.9922
vn -0.0001 0.1247 -0.9922
vn -0.0000 0.1249 -0.9922
vn -0.0000 0.1255 -0.9921
vn -0.0000 0.1244 -0.9922
vn 0.0001 0.1246 -0.9922
vn -0.0002 0.1242 -0.9923
vn 0.0002 0.1246 -0.9922
vn 0.0001 0.1249 -0.9922
vn -0.0000 0.1255 0.9921
vn -0.0000 0.1247 0.9922
vn -0.0001 0.1246 0.9922
vn -0.0002 0.1245 0.9922
vn -0.0000 0.1239 0.9923
vn 0.0007 0.1246 0.9922
vn 0.0004 0.1244 0.9922
vn 0.0003 0.1245 0.9922
vn -0.0000 0.1244 0.9922
vn -0.0000 0.1243 0.9922
vn -0.1411 -0.9900 -0.0000
vn -0.2823 -0.9593 -0.0000
vn -0.1412 -0.9900 -0.0000
vn -0.2824 -0.9593 -0.0000
vn -0.4150 -0.9098 -0.0000
vn 1.0000 0.0001 -0.0000
vn 0.3808 -0.0000 -0.9246
vn 0.2583 -0.0000 -0.9661
vn 0.1292 -0.0000 -0.9916
vn 0.2582 -0.0000 -0.9661
vn 0.1291 -0.0000 -0.9916
vn 0.1291 -0.0000 0.9916
vn 0.2582 -0.0000 0.9661
vn 0.1292 -0.0000 0.9916
vn 0.2583 -0.0000 0.9661
vn 0.3808 -0.0000 0.9246
vn 0.2801 -0.9600 -0.0000
vn 0.1885 -0.9821 -0.0000
vn 0.0943 -0.9955 -0.0000
vn 0.1884 -0.9821 -0.0000
vn 0.0942 -0.9956 -0.0000
vn 0.9687 -0.2481 -0.0000
vn 0.1318 -0.0000 0.9913
vn 0.2637 -0.0000 0.9646
vn 0.1319 -0.0000 0.9913
vn 0.2638 -0.0000 0.9646
vn 0.3886 -0.0000 0.9214
vn 0.1318 -0.0000 -0.9913
vn 0.2637 -0.0000 -0.9646
vn 0.3886 -0.0000 -0.9214
vn 0.2638 -0.0000 -0.9646
vn 0.1319 -0.0000 -0.9913
vn -0.0330 0.1416 0.9894
vn -0.0311 0.1472 0.9886
vn -0.0333 0.0260 0.9991
vn -0.0330 0.0297 0.9990
vn -0.0333 0.0259 0.9991
vn -0.0330 0.0296 0.9990
vn -0.0351 -0.0958 0.9948
vn -0.0338 -0.0976 0.9947
vn -0.5037 -0.8639 -0.0000
vn -0.3464 -0.9381 -0.0000
vn -0.1732 -0.9849 -0.0000
vn -0.3463 -0.9381 -0.0000
vn -0.1731 -0.9849 -0.0000
vn -0.9132 0.4075 -0.0000
vn -0.0330 0.1416 -0.9894
vn -0.0333 0.0260 -0.9991
vn -0.0311 0.1472 -0.9886
vn -0.0330 0.0297 -0.9990
vn -0.0338 -0.0976 -0.9947
vn -0.0351 -0.0958 -0.9948
vn -0.0333 0.0259 -0.9991
vn -0.0330 0.0296 -0.9990
vn 0.1984 -0.0000 0.9801
vn 0.3970 -0.0000 0.9178
vn 0.5713 -0.0000 0.8208
vn 0.1985 -0.0000 0.9801
vn 0.3952 0.9186 -0.0000
vn 0.2684 0.9633 -0.0000
vn 0.1342 0.9910 -0.0000
vn 0.1341 0.9910 -0.0000
vn 0.2683 0.9633 -0.0000
vn -0.1338 -0.9910 -0.0000
vn -0.2677 -0.9635 -0.0000
vn -0.1339 -0.9910 -0.0000
vn -0.2678 -0.9635 -0.0000
vn -0.3944 -0.9190 -0.0000
vn 0.1984 -0.0000 -0.9801
vn 0.3970 0.0001 -0.9178
vn 0.1985 -0.0000 -0.9801
vn 0.3970 -0.0000 -0.9178
vn 0.5713 -0.0000 -0.8208
vn -0.4682 -0.8836 -0.0000
vn -0.3205 -0.9472 -0.0000
vn -0.1602 -0.9871 -0.0000
vn -0.3205 -0.9473 -0.0000
vn -0.9298 0.3681 -0.0000
vn -0.0000 0.1108 -0.9938
vn 0.0874 0.1168 -0.9893
vn -0.9234 0.3838 -0.0000
vn 0.0874 0.1168 0.9893
vn -0.0000 0.1108 0.9938
vn 0.3434 0.1396 -0.9287
vn 0.5071 0.1533 -0.8482
vn 0.3435 0.1396 -0.9287
vn 0.7602 0.1734 -0.6261
vn 0.5072 0.1533 -0.8481
vn 0.8533 0.1808 -0.4890
vn 0.7602 0.1735 -0.6261
vn 0.9736 0.1936 -0.1207
vn 0.8534 0.1808 -0.4890
vn 0.9736 0.1936 0.1206
vn 0.9736 0.1935 -0.1206
vn 0.8534 0.1808 0.4890
vn 0.9736 0.1936 0.1207
vn 0.7602 0.1734 0.6261
vn 0.8533 0.1808 0.4890
vn 0.5072 0.1533 0.8481
vn 0.3435 0.1397 0.9287
vn 0.3434 0.1396 0.9287
vn 0.5071 0.1533 0.8482
vn -0.1665 -0.0000 -0.9860
vn -0.3331 -0.0000 -0.9429
vn -0.1666 -0.0000 -0.9860
vn -0.4855 -0.0000 -0.8742
vn -0.4855 -0.0000 0.8742
vn -0.3331 -0.0000 0.9429
vn -0.1666 -0.0000 0.9860
vn -0.1665 -0.0000 0.9860
vn -0.7151 -0.4420 -0.5416
vn -0.5415 -0.4421 -0.7151
vn -0.1227 -0.4420 -0.8886
vn -0.5415 -0.4420 -0.7151
vn 0.1227 -0.4420 -0.8886
vn -0.7151 -0.4421 -0.5415
vn -0.8886 -0.4420 -0.1227
vn -0.8885 -0.4421 -0.1227
vn -0.8886 -0.4420 0.1227
vn 0.5416 -0.4420 -0.7151
vn 0.7151 -0.4420 -0.5415
vn 0.8886 -0.4419 -0.1227
vn 0.7151 -0.4420 -0.5416
vn 0.8886 -0.4420 0.1227
vn 0.7151 -0.4419 0.5416
vn 0.5416 -0.4420 0.7151
vn 0.1227 -0.4420 0.8886
vn -0.1227 -0.4420 0.8886
vn 0.7151 -0.4420 0.5415
vn 0.8886 -0.4419 0.1227
vn -0.5415 -0.4420 0.7151
vn -0.7151 -0.4421 0.5415
vn -0.7151 -0.4420 0.5416
vn -0.7150 -0.4421 0.5416
vn -0.5415 -0.4421 0.7151
vn -0.9495 0.3122 0.0320
vn -0.9500 0.3124 -0.0000
vn -0.9495 0.3122 -0.0320
vn 0.9494 0.3124 0.0320
vn 0.9499 0.3125 -0.0000
vn 0.9494 0.3123 -0.0320
vn 0.9494 0.3124 -0.0320
vn -0.0001 0.9999 0.0121
vn -0.0001 0.9999 -0.0121
vn 0.0677 -0.0225 -0.9975
vn 0.1891 -0.2499 -0.9496
vn 0.1891 -0.2500 -0.9496
vn 0.0678 -0.0225 -0.9974
vn 0.5654 -0.2086 -0.7980
vn 0.4243 -0.4271 -0.7985
vn 0.5655 -0.2086 -0.7979
vn 0.5655 -0.2086 -0.7980
vn 0.8480 -0.2787 -0.4508
vn 0.0677 -0.0225 0.9975
vn 0.1795 -0.0576 0.9821
vn 0.0678 -0.0226 0.9974
vn 0.1796 -0.0577 0.9821
vn 0.5687 -0.2078 0.7959
vn 0.5224 -0.2158 0.8249
vn 0.5688 -0.2078 0.7958
vn 0.5225 -0.2158 0.8249
vn 0.7961 -0.3027 0.5240
vn 0.8564 -0.2742 0.4375
vn 0.5688 -0.2077 0.7958
vn -0.0000 -1.0000 -0.0000
vn -0.1952 -0.9808 -0.0000
vn -0.3905 -0.9206 -0.0000
vn -0.1953 -0.9807 -0.0000
vn -0.4130 -0.9063 0.0893
vn -0.2945 -0.9557 -0.0000
vn -0.4574 -0.8208 0.3422
vn -0.2397 -0.9541 0.1794
vn -0.4130 -0.9064 0.0893
vn -0.2397 -0.9542 0.1793
vn -0.2944 -0.9557 -0.0000
vn -0.0000 1.0000 -0.0000
vn 0.2712 0.9625 -0.0002
vn 0.2261 0.9741 -0.0000
vn 0.4399 0.8981 -0.0024
vn 0.4409 0.8976 -0.0006
vn 0.2713 0.9625 -0.0002
vn 0.4409 0.8975 -0.0005
vn 0.4412 0.8974 0.0006
vn 0.4413 0.8974 0.0007
vn -0.9586 0.2849 -0.0000
vn -0.0000 -0.0001 -1.0000
vn -0.0000 0.0001 1.0000
vn 0.6037 0.7972 -0.0000
vn 0.7972 0.6038 -0.0001
vn 0.9239 0.3827 -0.0000
vn 0.3826 0.9239 -0.0001
vn 0.7971 0.6038 -0.0001
vn -0.3827 0.9239 -0.0001
vn 0.9239 -0.3826 -0.0000
vn 0.3827 -0.9239 0.0001
vn 0.1369 -0.9906 0.0001
vn -0.1367 -0.9906 -0.0000
vn 0.1368 -0.9906 0.0001
vn -0.3826 -0.9239 0.0001
vn -0.9239 -0.3827 -0.0000
vn -0.9906 -0.1369 -0.0000
vn -0.9906 0.1367 -0.0000
vn -0.9906 -0.1368 -0.0000
vn -0.9239 0.3826 -0.0000
vn -0.0000 -0.9421 0.3352
vn -0.0000 -0.9948 0.1018
vn -0.0000 -0.9948 0.1017
vn -0.0000 -0.9948 -0.1017
vn -0.0000 -0.9421 -0.3352
vn -0.0000 -0.9948 -0.1018
vn -0.0000 0.9881 0.1536
vn -0.0000 0.9757 0.2191
vn -0.0000 0.9757 0.2192
vn -0.0000 0.9757 -0.2192
vn -0.0000 0.9881 -0.1536
vn -0.0000 0.9757 -0.2191
vn 1.0000 -0.0000 -0.0000
vn 0.9666 -0.0000 -0.2562
vn 0.9666 -0.0000 -0.2563
vn 0.8687 -0.0000 -0.4953
vn -1.0000 -0.0000 -0.0000
vn -0.9666 -0.0000 0.2562
vn -0.9666 -0.0000 0.2563
vn -0.8687 -0.0000 0.4953
vn 0.9666 -0.0000 0.2562
vn 0.8687 -0.0000 0.4953
vn 0.9666 -0.0000 0.2563
vn -0.9666 -0.0000 -0.2562
vn -0.8687 -0.0000 -0.4953
vn -0.9666 -0.0000 -0.2563
vn 0.3578 -0.9338 -0.0000
vn 0.2421 -0.9702 -0.0000
vn 0.1210 -0.9926 -0.0000
vn 0.2420 -0.9703 0.0001
vn 0.1210 -0.9927 -0.0000
vn -0.0001 -1.0000 -0.0000
vn 0.9800 0.1988 -0.0000
vn 0.9169 0.3991 -0.0000
vn 0.8074 0.5900 -0.0000
vn 0.4716 0.8818 -0.0000
vn 0.2356 0.9719 -0.0000
vn -0.0004 1.0000 -0.0000
vn -0.4891 -0.8722 -0.0000
vn -0.6417 -0.7670 -0.0000
vn -0.7766 -0.6300 -0.0000
vn -0.6418 -0.7669 -0.0000
vn -0.7766 -0.6299 -0.0000
vn -0.8796 -0.4757 -0.0000
vn -0.9999 0.0106 -0.0001
vn -0.0001 0.0001 1.0000
vn -0.0001 -0.0000 1.0000
vn 0.0001 -0.0000 -1.0000
vn 0.3826 -0.9239 -0.0000
vn 0.1368 -0.9906 -0.0000
vn -0.1368 -0.9906 0.0001
vn 0.1367 -0.9906 -0.0000
vn -0.4993 -0.8664 -0.0000
vn -0.1368 -0.9906 -0.0000
vn -0.6094 -0.7929 -0.0000
vn -0.4994 -0.8664 -0.0000
vn -0.7071 -0.7071 -0.0000
vn -0.6094 -0.7928 -0.0000
vn 0.9239 -0.3827 -0.0000
vn 0.9906 -0.1368 -0.0000
vn 0.9906 0.1367 -0.0000
vn 0.8315 0.5555 -0.0000
vn 0.9906 0.1368 -0.0000
vn 0.8315 0.5556 -0.0000
vn 0.7071 0.7071 -0.0000
vn 0.7071 -0.7071 -0.0000
vn -0.7071 0.7071 -0.0000
vn -0.9239 0.3827 -0.0000
vn -0.8664 0.4993 -0.0000
vn -0.7929 0.6093 -0.0000
vn -0.8664 0.4994 -0.0000
vn -0.7929 0.6094 -0.0000
vn -0.5556 0.8315 -0.0000
vn -0.6094 0.7929 -0.0000
vn -0.6093 0.7929 -0.0000
vn -0.5555 0.8315 -0.0000
vn -0.3827 0.9239 -0.0000
vn -0.7972 -0.6037 -0.0000
vn -0.6038 -0.7972 -0.0000
vn -0.6037 -0.7972 -0.0000
vn 0.5555 -0.8315 -0.0000
vn 0.5556 -0.8315 -0.0000
vn 0.7724 -0.6352 -0.0000
vn 0.7724 -0.6351 -0.0000
vn 0.8664 -0.4994 -0.0000
vn 0.8664 -0.4993 -0.0000
vn 0.3827 -0.9239 -0.0000
vn 0.3827 0.9239 -0.0000
vn -0.3827 -0.9239 -0.0000
vn 0.7972 0.6037 -0.0000
vn 0.6038 0.7972 -0.0000
vn 0.9657 0.2596 -0.0000
vn 0.9915 0.1298 0.0001
vn 1.0000 -0.0000 0.0001
vn 0.9916 0.1297 -0.0000
vn 0.9657 0.2595 -0.0000
vn -0.6037 0.7972 -0.0001
vn -0.6037 0.7972 -0.0000
vn -0.7972 0.6038 -0.0001
vn -0.9657 0.2596 -0.0001
vn -0.7972 0.6037 -0.0001
vn -0.9915 0.1298 -0.0001
vn -1.0000 -0.0000 -0.0001
vn -0.9915 0.1298 -0.0000
vn -0.9657 0.2595 -0.0000
vn -0.7972 0.6038 -0.0000
vn -0.1368 0.9906 -0.0000
vn 0.1368 0.9906 -0.0000
vn -0.1367 0.9906 -0.0001
vn 0.4993 0.8664 -0.0000
vn 0.6094 0.7929 -0.0000
vn 0.4994 0.8664 -0.0000
vn 0.8637 0.5040 -0.0000
vn 0.6094 0.7928 -0.0000
vn 0.9685 0.2489 -0.0000
vn 0.8619 -0.5070 0.0001
vn 0.9686 0.2488 -0.0000
vn 0.9665 -0.2565 -0.0000
vn 0.9665 -0.2565 0.0001
vn 0.8638 0.5039 -0.0000
vn -0.7069 -0.7073 -0.0000
vn -0.5082 -0.8612 -0.0000
vn -0.2599 -0.9656 -0.0000
vn -0.2600 -0.9656 -0.0000
vn -0.5084 -0.8611 -0.0000
vn 0.9665 -0.2566 -0.0001
vn 0.8619 -0.5070 -0.0000
vn -0.9239 -0.3826 -0.0000
vn -0.1365 -0.9906 -0.0000
vn 0.1376 -0.9905 -0.0000
vn 0.3838 -0.9234 -0.0000
vn -0.1364 -0.9906 0.0001
vn -0.9493 0.3145 -0.0001
vn -0.9947 0.1026 -0.0001
vn -0.9835 -0.1808 -0.0000
vn -0.9947 0.1025 -0.0001
vn -0.9835 -0.1808 -0.0001
vn -0.9418 -0.3361 -0.0000
vn -0.9947 0.1026 -0.0000
vn -0.9835 -0.1808 -0.0002
vn 1.0000 -0.0001 0.0001
vn 1.0000 -0.0001 -0.0000
vn 0.9778 0.2095 -0.0000
vn 0.9778 0.2095 0.0001
vn 0.9079 0.4191 -0.0000
vn 0.9079 0.4192 0.0001
vn 0.6719 0.7406 -0.0000
vn 0.9079 0.4192 -0.0000
vn 0.5134 0.8581 -0.0000
vn 0.5134 0.8582 -0.0000
vn -0.0344 0.9994 -0.0000
vn -0.0345 0.9994 -0.0000
vn -0.4057 0.9140 -0.0000
vn -1.0000 0.0003 -0.0001
vn 0.0644 0.1293 0.9895
vn 0.0645 0.1292 -0.9895
vn 0.2925 -0.0000 0.9563
vn 0.2393 0.9709 -0.0000
vn 0.2926 -0.0000 -0.9562
vn 0.9778 0.2096 -0.0000
vn -1.0000 0.0003 -0.0000
vn -0.3220 -0.9468 -0.0000
vn -0.1087 -0.9941 -0.0000
vn -0.3220 -0.9467 -0.0000
vn -0.1632 -0.9866 -0.0000
vn -0.1086 -0.9941 -0.0000
vn 0.0932 -0.9956 -0.0000
vn 0.2773 -0.9608 -0.0000
vn 0.0933 -0.9956 -0.0000
vn 0.2899 0.9571 -0.0000
vn 0.1952 0.9808 -0.0000
vn 0.0976 0.9952 -0.0000
vn 0.1951 0.9808 -0.0000
vn 0.5469 -0.8372 -0.0000
vn -0.9606 -0.2779 -0.0000
vn -0.9606 -0.2779 -0.0001
vn -0.9708 0.2401 -0.0001
vn -0.2319 0.9727 -0.0000
vn -1.0000 0.0001 -0.0001
vn -0.4890 0.8723 -0.0001
vn -0.2527 0.9675 -0.0000
vn -0.2528 0.9675 -0.0000
vn -0.3759 0.9267 -0.0001
vn -0.3759 0.9267 -0.0000
vn -0.7141 -0.7000 -0.0000
vn -0.8079 -0.5894 -0.0000
vn -0.7142 -0.6999 -0.0000
vn -0.8079 -0.5893 -0.0000
vn -0.8819 -0.4715 -0.0000
vn 0.1231 -0.9924 -0.0000
vn 0.2463 -0.9692 0.0001
vn 0.1232 -0.9924 -0.0000
vn 0.2463 -0.9692 -0.0000
vn 0.3638 -0.9315 -0.0000
vn 0.3638 -0.9315 0.0001
vn 0.9878 0.1554 0.0001
vn 0.9931 -0.1169 0.0001
vn 0.9878 0.1554 -0.0000
vn 0.9931 -0.1169 -0.0000
vn 0.9780 -0.2088 0.0001
vn 0.1218 0.4913 0.8624
vn 0.0789 0.1439 0.9864
vn 0.1240 0.4887 0.8636
vn 0.0789 0.1438 0.9865
vn 0.1397 0.2512 0.9578
vn 0.0289 -0.0000 0.9996
vn 0.0288 -0.0000 0.9996
vn 0.1444 -0.0000 0.9895
vn 0.0790 0.1438 0.9865
vn 0.1397 0.2511 0.9578
vn 0.9852 -0.1717 0.0001
vn 0.8868 -0.4621 -0.0000
vn 0.7560 -0.6545 0.0001
vn 0.8868 -0.4622 0.0001
vn 0.9852 -0.1717 -0.0000
vn -0.2527 0.9676 -0.0000
vn -0.3758 0.9267 -0.0001
vn -0.9503 0.3113 -0.0001
vn -0.9502 0.3117 -0.0000
vn -0.9501 0.3118 0.0001
vn -0.9502 0.3116 -0.0000
vn -0.9501 0.3119 0.0001
vn -0.9499 0.3125 -0.0000
vn -0.9502 0.3116 -0.0001
vn -0.9501 0.3118 -0.0002
vn -0.9501 0.3119 -0.0002
vn -0.9497 0.3131 -0.0001
vn -0.9502 0.3117 -0.0001
vn 0.6696 0.7428 -0.0000
vn 0.4744 0.8803 -0.0000
vn 0.2372 0.9715 -0.0000
vn 0.4743 0.8804 -0.0000
vn 0.1961 0.9806 -0.0000
vn 0.2371 0.9715 -0.0000
vn 0.3922 0.9199 -0.0000
vn 0.5650 0.8251 -0.0000
vn 0.3923 0.9198 -0.0000
vn 0.1962 0.9806 -0.0000
vn 0.9916 -0.1291 0.0001
vn 0.9916 -0.1291 -0.0000
vn 0.9513 -0.3083 0.0001
vn 0.9916 -0.1291 0.0002
vn 0.9779 -0.2089 0.0001
vn 0.9931 -0.1170 0.0001
vn 0.9931 -0.1170 -0.0000
vn 0.2408 0.9706 -0.0000
vn 0.1219 0.4913 -0.8624
vn 0.1241 0.4887 -0.8636
vn 0.0790 0.1438 -0.9865
vn 0.0791 0.1438 -0.9864
vn 0.1399 0.2511 -0.9578
vn 0.0791 0.1437 -0.9865
vn 0.1398 0.2510 -0.9578
vn 0.1445 -0.0000 -0.9895
vn 0.0790 0.1437 -0.9865
vn 0.0290 -0.0000 -0.9996
vn 0.1558 0.1557 -0.9754
vn 0.1557 0.1558 0.9754
vn 0.8879 -0.4601 -0.0000
vn -0.4600 0.8879 -0.0000
vn 0.2422 -0.9702 -0.0000
vn 0.1211 -0.9926 -0.0000
vn 0.2421 -0.9703 -0.0000
vn 0.9800 0.1989 0.0001
vn 0.9169 0.3991 0.0001
vn 0.9169 0.3992 0.0001
vn 0.8073 0.5901 -0.0000
vn 0.8073 0.5901 0.0001
vn 0.2355 0.9719 -0.0000
vn -0.0005 1.0000 -0.0000
vn 0.4715 0.8818 0.0001
vn -0.4890 -0.8723 -0.0000
vn -0.6416 -0.7670 -0.0000
vn -0.7765 -0.6301 -0.0000
vn -0.8796 -0.4758 -0.0001
vn -0.7766 -0.6300 -0.0001
vn -0.6417 -0.7669 -0.0000
vn -0.9999 0.0105 -0.0001
vn -0.6093 -0.7929 -0.0000
vn 0.8314 0.5556 -0.0000
vn -0.8665 0.4992 -0.0000
vn -0.7930 0.6093 -0.0000
vn -0.8664 0.4993 -0.0001
vn -0.7072 0.7071 -0.0000
vn -0.5557 0.8314 -0.0000
vn -0.3828 0.9238 -0.0000
vn -0.5556 0.8314 -0.0000
vn -0.3828 0.9239 -0.0000
vn -0.6094 0.7928 -0.0000
vn -0.6095 0.7928 -0.0000
vn -0.7072 0.7070 -0.0000
vn -0.9238 -0.3828 -0.0001
vn -0.7971 -0.6038 -0.0001
vn -0.7971 -0.6038 -0.0000
vn -0.6037 -0.7972 -0.0001
vn 0.1369 -0.9906 -0.0000
vn 0.5557 -0.8314 -0.0000
vn 0.7072 -0.7071 -0.0000
vn 0.7725 -0.6351 -0.0000
vn 0.7725 -0.6350 -0.0000
vn 0.9906 -0.1367 0.0001
vn 0.8665 -0.4992 -0.0000
vn 0.9906 -0.1367 -0.0000
vn 0.9906 0.1369 -0.0000
vn 0.9239 0.3827 0.0001
vn 0.9906 0.1369 0.0001
vn 0.9239 0.3828 0.0001
vn 0.3828 -0.9238 -0.0000
vn 0.5556 -0.8314 -0.0000
vn 0.3828 -0.9239 -0.0000
vn 0.3826 0.9239 0.0001
vn -0.9239 -0.3828 -0.0001
vn -0.3826 -0.9239 -0.0001
vn -0.3826 -0.9239 -0.0000
vn 0.7071 0.7072 0.0001
vn -0.7071 -0.7072 -0.0001
vn 0.3826 0.9239 -0.0000
vn 0.7972 0.6038 -0.0000
vn 0.6037 0.7972 0.0001
vn 0.9657 0.2596 0.0001
vn 0.9915 0.1299 -0.0000
vn 0.9657 0.2595 0.0001
vn -0.6038 0.7972 -0.0000
vn -0.7972 0.6037 -0.0000
vn -0.6038 0.7972 -0.0001
vn -0.9657 0.2595 -0.0001
vn -0.9658 0.2595 -0.0001
vn -0.9916 0.1297 -0.0001
vn 0.6093 0.7929 -0.0000
vn 0.9685 0.2488 -0.0000
vn 0.8620 -0.5070 -0.0000
vn -0.5082 -0.8613 -0.0000
vn -0.2599 -0.9656 -0.0001
vn -0.1364 -0.9906 -0.0000
vn -0.1364 -0.9907 -0.0000
vn 0.1377 -0.9905 -0.0000
vn -0.9493 0.3144 -0.0001
vn -0.9947 0.1025 -0.0000
vn -0.9835 -0.1809 -0.0001
vn -0.9418 -0.3362 -0.0001
vn -0.9835 -0.1809 -0.0000
vn 0.9079 0.4193 -0.0000
vn 0.6719 0.7407 -0.0000
vn 0.5133 0.8582 -0.0000
vn -0.4058 0.9140 -0.0000
vn -1.0000 0.0002 -0.0000
vn 0.2393 0.9710 -0.0000
vn 0.2392 0.9710 -0.0000
vn -1.0000 0.0002 -0.0001
vn -0.3219 -0.9468 -0.0000
vn -0.1631 -0.9866 -0.0000
vn -0.1085 -0.9941 -0.0000
vn 0.2898 0.9571 -0.0000
vn 0.0975 0.9952 -0.0000
vn 0.1950 0.9808 -0.0000
vn 0.5470 -0.8371 -0.0000
vn -0.9606 -0.2780 -0.0001
vn 0.2774 -0.9608 -0.0000
vn 0.0934 -0.9956 -0.0000
vn -0.9708 0.2400 -0.0001
vn -0.2320 0.9727 -0.0000
vn -0.4891 0.8722 -0.0000
vn -0.3760 0.9266 -0.0000
vn -0.7141 -0.7001 -0.0000
vn -0.8078 -0.5894 -0.0000
vn -0.8818 -0.4716 -0.0000
vn -0.7142 -0.7000 -0.0000
vn -0.8818 -0.4716 -0.0001
vn -0.8079 -0.5894 -0.0001
vn 0.3639 -0.9315 -0.0000
vn 0.2464 -0.9692 -0.0000
vn 0.9878 0.1555 -0.0000
vn 0.9878 0.1555 0.0001
vn 0.9780 -0.2087 0.0001
vn 0.9513 -0.3082 0.0001
vn 0.9513 -0.3082 -0.0000
vn 0.9916 -0.1290 -0.0000
vn 0.9916 -0.1290 0.0001
vn 0.0790 0.1438 -0.9864
vn 0.1398 0.2511 -0.9578
vn 0.9852 -0.1716 0.0001
vn 0.9852 -0.1716 -0.0000
vn 0.8869 -0.4620 0.0001
vn 0.8868 -0.4621 0.0001
vn 0.7561 -0.6545 -0.0000
vn -0.9503 0.3112 -0.0001
vn -0.9502 0.3117 -0.0002
vn -0.9502 0.3115 -0.0001
vn -0.9500 0.3124 -0.0001
vn -0.9499 0.3125 -0.0001
vn -0.9498 0.3130 -0.0001
vn 0.6695 0.7428 -0.0000
vn 0.4742 0.8804 -0.0000
vn 0.2370 0.9715 -0.0000
vn 0.1960 0.9806 -0.0000
vn 0.2407 0.9706 -0.0000
vn 0.0789 0.1438 0.9864
vn 0.0790 0.1437 0.9865
vn 0.1557 0.1557 0.9754
vn 0.1557 0.1557 -0.9754
vn -0.4601 0.8879 -0.0000
vn -0.0000 0.5242 -0.8516
vn 0.4414 0.2444 -0.8634
vn 0.0001 -0.6479 -0.7617
vn -0.0000 -0.6479 -0.7617
vn 0.4415 0.2443 -0.8634
vn 0.4415 -0.7456 -0.4991
vn 0.4414 0.3099 -0.8421
vn 0.4415 -0.7456 -0.4992
vn 0.4415 -0.7051 -0.5549
vn -0.4414 0.2443 -0.8634
vn 0.4416 -0.7051 -0.5549
vn -0.4415 0.2443 -0.8634
vn -0.4414 -0.7457 -0.4991
vn -0.4415 0.3098 -0.8421
vn -0.4414 -0.7457 -0.4992
vn -0.4413 -0.7457 -0.4992
vn -0.4414 0.3098 -0.8421
vn -0.4414 -0.7052 -0.5549
vn -0.0000 -0.9247 -0.3808
vn -0.0000 0.0765 -0.9971
vn -0.0000 0.9719 0.2354
vn 0.4413 0.8967 -0.0344
vn 0.4414 0.8966 -0.0345
vn 0.4414 0.2443 -0.8634
vn 0.4414 0.8967 -0.0344
vn 0.4413 0.8967 0.0345
vn 0.4414 0.8967 0.0345
vn -0.4415 0.8966 -0.0344
vn 0.4414 0.3098 -0.8421
vn 0.4415 0.3099 -0.8421
vn -0.4414 0.2442 -0.8634
vn -0.4415 0.8966 0.0345
vn -0.0000 0.9719 -0.2354
vn -0.0001 0.9719 -0.2354
vn -0.0000 0.0764 0.9971
vn 0.4414 0.3098 0.8422
vn 0.4415 0.3099 0.8421
vn 0.4414 0.8967 -0.0345
vn 0.4414 0.3098 0.8421
vn 0.4414 0.2443 0.8634
vn 0.4414 0.8967 0.0344
vn -0.4414 0.3098 0.8421
vn 0.4414 0.8966 0.0344
vn 0.4415 0.8966 0.0345
vn -0.4415 0.3098 0.8421
vn -0.4415 0.8966 -0.0345
vn -0.4414 0.2442 0.8634
vn -0.4414 0.8966 -0.0345
vn -0.4414 0.2443 0.8634
vn -0.4415 0.8966 0.0344
vn -0.0000 0.5242 0.8516
vn -0.4415 0.2443 0.8634
vn 0.0001 -0.9247 0.3808
vn 0.4414 -0.7052 0.5549
vn -0.0000 0.0765 0.9971
vn 0.4415 -0.7051 0.5549
vn 0.4414 0.3099 0.8421
vn 0.4415 -0.7456 0.4992
vn 0.4415 -0.7456 0.4991
vn -0.4414 -0.7052 0.5549
vn 0.4414 0.2444 0.8634
vn 0.4415 0.2443 0.8634
vn -0.4414 0.3099 0.8421
vn -0.4414 -0.7457 0.4991
vn -0.4414 -0.7457 0.4992
vn -0.0001 0.5242 0.8516
vn 0.0001 -0.6479 0.7617
vn -0.0000 -0.6479 0.7617
vn 0.4414 -0.7456 -0.4992
vn 0.0001 -0.9246 0.3808
vn 0.4414 -0.7051 -0.5549
vn 0.4414 -0.7051 0.5549
vn -0.4414 -0.7456 -0.4992
vn 0.4416 -0.7456 0.4991
vn -0.4414 -0.7051 0.5549
vn -0.4414 -0.7051 -0.5549
vn -0.4413 -0.7052 0.5549
vn -0.4414 -0.7456 0.4992
vn 0.0001 -0.9246 -0.3808
vn -0.0000 -0.9246 -0.3808
vn 0.1637 -0.9865 -0.0000
vn 0.3229 -0.9464 -0.0000
vn 0.9384 0.3455 -0.0000
vn -0.2420 -0.9703 -0.0000
vn -0.4842 -0.8750 -0.0000
vn -0.2421 -0.9703 -0.0000
vn -0.4843 -0.8749 -0.0000
vn -0.4842 -0.8749 -0.0000
vn 0.1598 -0.9871 -0.0000
vn 0.3197 -0.9475 -0.0000
vn 0.1599 -0.9871 -0.0000
vn 0.4670 -0.8843 -0.0000
vn -0.9516 -0.3074 -0.0000
vn 0.9246 0.3809 -0.0000
vn 0.9246 0.3810 -0.0000
vn 0.7098 0.7044 -0.0000
vn -0.9247 0.3808 -0.0000
vn -0.9246 0.3808 -0.0000
vn -0.7099 0.7043 -0.0000
vn -0.0000 0.0607 0.9982
vn -0.0000 0.1213 0.9926
vn -0.0000 0.1813 0.9834
vn -0.0000 0.0607 -0.9982
vn -0.0000 0.1213 -0.9926
vn -0.0000 0.1813 -0.9834
vn 0.9268 0.3755 -0.0000
vn 0.9671 0.2545 -0.0000
vn 0.9919 0.1273 -0.0000
vn 0.9907 0.1362 -0.0000
vn 0.9919 0.1272 -0.0000
vn 0.9622 0.2724 -0.0000
vn 0.9161 0.4009 -0.0000
vn 0.9907 0.1363 -0.0000
vn -0.9269 0.3754 -0.0000
vn -0.9671 0.2544 -0.0000
vn -0.9919 0.1272 -0.0001
vn -0.9671 0.2543 -0.0000
vn -0.9907 0.1361 -0.0000
vn -0.9919 0.1272 -0.0000
vn -0.9622 0.2722 -0.0000
vn -0.9162 0.4008 -0.0000
vn -0.9622 0.2723 -0.0000
vn -0.0001 0.9497 0.3131
vn -0.0001 0.9775 0.2111
vn -0.0000 0.9944 0.1056
vn -0.0001 0.9944 0.1056
vn 0.5978 -0.8016 -0.0000
vn -0.5977 -0.8017 -0.0000
vn 0.5916 -0.8063 -0.0000
vn 0.3113 -0.9503 -0.0000
vn 0.3112 -0.9503 -0.0000
vn -0.3111 -0.9504 -0.0000
vn -0.5915 -0.8063 -0.0000
vn -0.3112 -0.9504 -0.0000
vn -0.9595 0.2816 -0.0000
vn 0.9595 0.2818 -0.0000
vn -0.9595 0.2817 -0.0000
vn -0.0000 -0.2926 0.9562
vn -0.0000 0.0558 -0.9984
vn -0.0001 0.9724 0.2335
vn -0.9905 -0.0001 0.1375
vn -0.9905 -0.0001 0.1377
vn -0.9905 -0.0001 0.1378
vn -0.9905 -0.0002 0.1375
vn 0.9905 0.0001 0.1375
vn -0.0000 -0.3276 -0.9448
vn -0.0000 -0.3277 -0.9448
vn -0.0000 -0.6191 -0.7853
vn -0.0000 0.2170 0.9762
vn -0.0000 0.4339 0.9009
vn -0.0000 0.6191 0.7853
vn -0.0000 0.4340 0.9009
vn 0.9448 0.3278 -0.0000
vn 0.9447 0.3279 -0.0000
vn 0.7851 0.6194 -0.0000
vn -0.9448 0.3277 -0.0000
vn -0.7852 0.6193 -0.0000
vn -0.9448 0.3278 -0.0000
vn 0.9845 0.1752 -0.0000
vn -0.0000 0.1827 -0.9832
vn -0.9846 0.1750 -0.0000
vn -0.0000 0.1827 0.9832
vn 0.3421 -0.9397 -0.0000
vn -0.3421 0.9397 -0.0000
vn 0.9397 0.3421 -0.0000
vn -0.1757 0.4825 -0.8581
vn -0.9397 -0.3421 -0.0000
vn -0.1757 0.4825 0.8581
vn -0.4808 0.8364 0.2632
vn -0.6903 0.7206 0.0658
vn -0.7260 0.3003 0.6186
vn -0.6903 0.7205 0.0657
vn -0.9538 0.3003 0.0073
vn -0.8351 0.0824 0.5439
vn -0.8350 0.0825 0.5440
vn -0.9538 0.3002 0.0073
vn -0.9893 0.0824 -0.1200
vn -0.6807 0.0824 -0.7279
vn -0.9893 0.0825 -0.1201
vn -0.7354 0.3003 -0.6075
vn -0.9893 0.0824 -0.1201
vn -0.9538 0.3002 0.0072
vn -0.3427 0.8364 -0.4278
vn -0.3427 0.8364 -0.4277
vn -0.9538 0.3003 0.0072
vn -0.6903 0.7206 0.0657
vn 0.1757 0.8364 0.5191
vn -0.0551 0.7206 0.6912
vn 0.4832 0.3004 0.8224
vn 0.4831 0.3003 0.8224
vn -0.0552 0.7206 0.6912
vn -0.1584 0.3003 0.9406
vn 0.3907 0.0825 0.9168
vn -0.1585 0.3003 0.9406
vn -0.2900 0.0825 0.9535
vn -0.8350 0.0824 0.5440
vn -0.2901 0.0825 0.9534
vn -0.7260 0.3003 0.6187
vn -0.0552 0.7206 0.6911
vn 0.8987 0.3004 0.3194
vn 0.1757 0.8364 0.5192
vn 0.1756 0.8365 0.5191
vn 0.6710 0.7206 0.1743
vn 0.8938 0.3004 -0.3331
vn 0.3971 0.3415 -0.8519
vn 0.6261 0.7206 -0.2978
vn 0.6261 0.7206 -0.2979
vn 0.3617 0.8365 -0.4118
vn -0.1846 0.7206 -0.6683
vn -0.7353 0.3002 -0.6076
vn -0.1846 0.7206 -0.6684
vn -0.1728 0.3003 -0.9380
vn -0.7353 0.3003 -0.6075
vn -0.1728 0.3003 -0.9381
vn -0.6807 0.0825 -0.7279
vn -0.0536 0.0825 -0.9951
vn 0.5986 0.0825 -0.7968
vn 0.3971 0.3414 -0.8519
vn -0.0536 0.0825 -0.9952
vn 0.3970 0.3415 -0.8519
vn 0.3617 0.8364 -0.4118
vn 0.3617 0.8365 -0.4117
vn 0.8886 0.0826 0.4512
vn 0.4832 0.3003 0.8224
vn 0.8886 0.0825 0.4512
vn 0.9707 0.0826 -0.2256
vn 0.8988 0.3004 0.3194
vn 0.8938 0.3003 -0.3330
vn 0.8988 0.3004 0.3193
vn 0.8938 0.3004 -0.3330
vn 0.6711 0.7206 0.1743
vn 0.6261 0.7207 -0.2978
vn 0.6710 0.7207 0.1743
vn 0.6260 0.7207 -0.2979
vn 0.3616 0.8365 -0.4118
vn -0.1847 0.7206 -0.6683
vn -0.3428 0.8364 -0.4277
vn -0.6902 0.7206 0.0657
vn -0.4807 0.8364 0.2632
vn -0.0551 0.7206 0.6911
vn 0.1757 0.8365 0.5191
vn 0.5986 0.0826 -0.7968
vn -0.1794 0.9838 -0.0000
vn -0.1201 0.9928 -0.0000
vn -0.0601 0.9982 -0.0000
vn -0.0600 0.9982 -0.0000
vn -0.1200 0.9928 -0.0000
vn 0.9796 0.2007 -0.0000
vn 0.2428 -0.0000 -0.9701
vn 0.1629 -0.0000 -0.9866
vn 0.0815 -0.0000 -0.9967
vn -0.2428 -0.0000 0.9701
vn -0.1629 -0.0000 0.9866
vn -0.0815 -0.0000 0.9967
vn 0.0987 -0.9951 -0.0000
vn 0.1963 -0.9805 -0.0000
vn 1.0000 0.0005 -0.0000
vn -0.5850 -0.8107 0.0231
vn -0.3075 -0.9516 -0.0000
vn -0.3074 -0.9513 0.0231
vn -0.3073 -0.9513 0.0231
vn -0.3074 -0.9516 -0.0000
vn 0.2038 -0.9788 0.0226
vn -0.5852 -0.8109 -0.0000
vn -0.5850 -0.8107 -0.0231
vn -0.3074 -0.9513 -0.0231
vn -0.3073 -0.9513 -0.0231
vn 0.2038 -0.9788 -0.0226
vn 0.4077 -0.9131 -0.0000
vn 0.2039 -0.9787 0.0226
vn 0.5851 -0.8106 0.0231
vn 0.5853 -0.8108 -0.0000
vn 0.5851 -0.8106 -0.0231
vn 0.2039 -0.9787 -0.0226
vt 0.500117 0.538440
vt 0.535739 0.548258
vt 0.545461 0.567153
vt 0.385524 0.456244
vt 0.465980 0.456244
vt 0.385524 0.523616
vt 0.465980 0.523616
vt 0.539440 0.523616
vt 0.539440 0.456243
vt 0.577672 0.523616
vt 0.577672 0.456243
vt 0.577198 0.597397
vt 0.387967 0.597397
vt 0.577198 0.530025
vt 0.387967 0.530025
vt 0.484157 0.657777
vt 0.484157 0.637954
vt 0.593301 0.657777
vt 0.593301 0.637954
vt 0.484157 0.687100
vt 0.593301 0.687100
vt 0.458807 0.455117
vt 0.458807 0.522533
vt 0.391434 0.455117
vt 0.391434 0.522533
vt 0.577672 0.489984
vt 0.539440 0.510185
vt 0.584133 0.471884
vt 0.465980 0.520952
vt 0.385524 0.453548
vt 0.385524 0.520963
vt 0.574756 0.459648
vt 0.465979 0.520952
vt 0.324932 0.726397
vt 0.345454 0.747742
vt 0.140455 0.716284
vt 0.341625 0.759460
vt 0.144285 0.843541
vt 0.007747 0.844079
vt 0.007747 0.716286
vt 0.329942 0.852419
vt 0.266367 0.852419
vt 0.329875 0.879307
vt 0.266367 0.878265
vt 0.341672 0.952525
vt 0.144333 0.990438
vt 0.007795 0.991152
vt 0.007795 0.852419
vt 0.144402 0.852419
vt 0.352684 0.747727
vt 0.453568 0.747727
vt 0.352684 0.726383
vt 0.462023 0.726383
vt 0.384731 0.626091
vt 0.384731 0.529438
vt 0.466650 0.626054
vt 0.580525 0.529438
vt 0.580525 0.596931
vt 0.266319 0.826261
vt 0.329894 0.794214
vt 0.144354 0.844102
vt 0.345454 0.747762
vt 0.324932 0.726418
vt 0.007747 0.844103
vt 0.452790 0.759445
vt 0.352684 0.794179
vt 0.379572 0.794214
vt 0.484755 0.617463
vt 0.399117 0.617466
vt 0.495771 0.538579
vt 0.399117 0.538566
vt 0.509418 0.548486
vt 0.509418 0.582201
vt 0.483731 0.548867
vt 0.483731 0.581820
vt 0.472832 0.550203
vt 0.472832 0.580483
vt 0.406377 0.550203
vt 0.406377 0.580483
vt 0.954317 0.910537
vt 0.993365 0.905618
vt 0.954317 0.987543
vt 0.993365 0.992461
vt 0.649486 0.976476
vt 0.649486 0.921604
vt 0.865821 0.976476
vt 0.865821 0.921604
vt 0.584205 0.913453
vt 0.584205 0.984627
vt 0.557241 0.910043
vt 0.557241 0.988038
vt 0.622422 0.856323
vt 0.809515 0.829359
vt 0.638341 0.829359
vt 0.837591 0.801880
vt 0.928285 0.833108
vt 0.903754 0.794061
vt 0.295858 0.527528
vt 0.336662 0.527528
vt 0.285100 0.501408
vt 0.347420 0.501408
vt 0.285100 0.489868
vt 0.347420 0.489868
vt 0.335337 0.458361
vt 0.335337 0.474439
vt 0.294493 0.458361
vt 0.294493 0.474439
vt 0.351042 0.527565
vt 0.367119 0.527565
vt 0.351042 0.501419
vt 0.367119 0.501419
vt 0.351042 0.489868
vt 0.361849 0.489868
vt 0.347482 0.477314
vt 0.347482 0.488122
vt 0.285100 0.477314
vt 0.285100 0.488122
vt 0.512025 0.846727
vt 0.571876 0.846727
vt 0.512025 0.793788
vt 0.594203 0.793788
vt 0.512025 0.738279
vt 0.594203 0.738279
vt 0.512025 0.851924
vt 0.569683 0.851924
vt 0.594204 0.793788
vt 0.594204 0.738279
vt 0.569740 0.875820
vt 0.571934 0.855513
vt 0.512025 0.875820
vt 0.512025 0.855513
vt 0.633609 0.738279
vt 0.597843 0.738279
vt 0.633609 0.793842
vt 0.618149 0.846832
vt 0.597843 0.852035
vt 0.512025 0.735186
vt 0.512025 0.699421
vt 0.594284 0.735186
vt 0.594284 0.699421
vt 0.597843 0.793842
vt 0.208301 0.165134
vt 0.369508 0.165134
vt 0.208301 0.112555
vt 0.390688 0.117680
vt 0.287515 0.057520
vt 0.208301 0.057520
vt 0.502844 0.612055
vt 0.502844 0.532580
vt 0.439157 0.610875
vt 0.439157 0.532580
vt 0.390259 0.612536
vt 0.390259 0.532580
vt 0.416962 0.165134
vt 0.369508 0.287167
vt 0.416962 0.293882
vt 0.208301 0.292536
vt 0.226869 0.280179
vt 0.354270 0.280179
vt 0.226869 0.172565
vt 0.356397 0.172565
vt 0.361797 0.227601
vt 0.353843 0.801252
vt 0.435396 0.801252
vt 0.353843 0.807161
vt 0.435396 0.807161
vt 0.395809 0.944285
vt 0.353843 0.944285
vt 0.395809 0.938437
vt 0.353843 0.938437
vt 0.435396 0.881559
vt 0.441304 0.807161
vt 0.441304 0.881559
vt 0.465716 0.938437
vt 0.459868 0.938437
vt 0.353843 0.881559
vt 0.451269 0.272992
vt 0.451269 0.144116
vt 0.551678 0.272992
vt 0.551678 0.144116
vt 0.621844 0.272992
vt 0.621844 0.144116
vt 0.645181 0.144116
vt 0.645182 0.272992
vt 0.605138 0.144116
vt 0.605138 0.272993
vt 0.450419 0.144116
vt 0.450419 0.272992
vt 0.545961 0.234199
vt 0.476672 0.234199
vt 0.545961 0.184066
vt 0.476672 0.184066
vt 0.620993 0.104071
vt 0.450419 0.050866
vt 0.520584 0.050866
vt 0.405615 0.464167
vt 0.450325 0.464167
vt 0.405615 0.485391
vt 0.450325 0.485391
vt 0.455893 0.465159
vt 0.459834 0.468604
vt 0.462130 0.474779
vt 0.459834 0.480954
vt 0.455893 0.484399
vt 0.647702 0.817492
vt 0.647702 0.751478
vt 0.785511 0.817492
vt 0.785511 0.751478
vt 0.802827 0.754565
vt 0.802827 0.814405
vt 0.815087 0.803691
vt 0.822227 0.784485
vt 0.815087 0.765278
vt 0.622695 0.691319
vt 0.790008 0.691319
vt 0.499847 0.463687
vt 0.548874 0.463687
vt 0.503986 0.500823
vt 0.544735 0.500823
vt 0.934532 0.751478
vt 0.913945 0.751478
vt 0.934713 0.691319
vt 0.914072 0.691319
vt 0.894103 0.751478
vt 0.894176 0.691319
vt 0.866299 0.751478
vt 0.866299 0.691319
vt 0.838494 0.751478
vt 0.838420 0.691319
vt 0.818651 0.751478
vt 0.818525 0.691319
vt 0.797884 0.691319
vt 0.798065 0.751478
vt 0.670009 0.400170
vt 0.670009 0.287539
vt 0.720511 0.400170
vt 0.720511 0.287539
vt 0.742220 0.388114
vt 0.742220 0.299595
vt 0.841554 0.400170
vt 0.791051 0.400170
vt 0.841554 0.287539
vt 0.791051 0.287539
vt 0.769343 0.299595
vt 0.769343 0.388114
vt 0.403913 0.508205
vt 0.403913 0.490793
vt 0.476220 0.508205
vt 0.476220 0.490793
vt 0.872420 0.376065
vt 0.845297 0.376065
vt 0.872420 0.325563
vt 0.845297 0.325563
vt 0.872420 0.303854
vt 0.845297 0.303854
vt 0.269872 0.005460
vt 0.278205 0.049239
vt 0.216036 0.005460
vt 0.207702 0.049239
vt 0.286539 0.005460
vt 0.348709 0.049239
vt 0.340375 0.005460
vt 0.402588 0.545555
vt 0.389235 0.577793
vt 0.434826 0.532202
vt 0.480416 0.577793
vt 0.467063 0.545555
vt 0.467063 0.610030
vt 0.434826 0.623384
vt 0.402588 0.610030
vt 0.412314 0.594221
vt 0.404292 0.574854
vt 0.431680 0.602242
vt 0.431680 0.547466
vt 0.459067 0.574854
vt 0.451046 0.555488
vt 0.412314 0.555488
vt 0.451046 0.594221
vt 0.542893 0.582673
vt 0.425928 0.584093
vt 0.542893 0.565609
vt 0.425928 0.565212
vt 0.408864 0.612498
vt 0.389640 0.585861
vt 0.425928 0.606884
vt 0.389640 0.562532
vt 0.425928 0.541509
vt 0.408864 0.535896
vt 0.542885 0.606884
vt 0.425920 0.610363
vt 0.542885 0.541509
vt 0.425920 0.538030
vt 0.726899 0.454510
vt 0.902577 0.454510
vt 0.713673 0.410005
vt 0.832400 0.410005
vt 0.877535 0.379277
vt 0.958751 0.426947
vt 0.935242 0.379277
vt 0.982334 0.379277
vt 0.991475 0.420673
vt 0.398968 0.538440
vt 0.472256 0.538440
vt 0.398968 0.595866
vt 0.472256 0.595866
vt 0.500117 0.595866
vt 0.535739 0.586048
vt 0.750593 0.474584
vt 0.926270 0.474584
vt 0.750593 0.567615
vt 0.926270 0.567615
vt 0.982444 0.492907
vt 0.995100 0.521609
vt 0.982444 0.549292
vt 0.710828 0.410005
vt 0.710828 0.454510
vt 0.617797 0.410005
vt 0.617797 0.454510
vt 0.815520 0.194410
vt 0.804591 0.220794
vt 0.841904 0.183481
vt 0.879217 0.220794
vt 0.868288 0.194410
vt 0.868288 0.247179
vt 0.841904 0.258107
vt 0.815520 0.247179
vt 0.916305 0.252215
vt 0.883209 0.252215
vt 0.916305 0.223657
vt 0.883209 0.223657
vt 0.704021 0.093999
vt 0.677678 0.093999
vt 0.704021 0.068831
vt 0.677678 0.068831
vt 0.652737 0.083051
vt 0.652737 0.108220
vt 0.704021 0.067399
vt 0.704021 0.057153
vt 0.677678 0.067399
vt 0.677678 0.057153
vt 0.652737 0.068626
vt 0.652737 0.078873
vt 0.714267 0.068831
vt 0.714267 0.093999
vt 0.650447 0.139978
vt 0.723540 0.139978
vt 0.650447 0.153529
vt 0.723540 0.153529
vt 0.650447 0.216001
vt 0.723540 0.216001
vt 0.723538 0.139990
vt 0.650445 0.139990
vt 0.723538 0.153398
vt 0.650445 0.153398
vt 0.723538 0.204975
vt 0.650445 0.204975
vt 0.723538 0.268595
vt 0.650445 0.268595
vt 0.723540 0.275571
vt 0.650447 0.275571
vt 0.723540 0.259787
vt 0.650447 0.259787
vt 0.650445 0.275913
vt 0.723538 0.275913
vt 0.297167 0.712368
vt 0.297071 0.703331
vt 0.388266 0.712409
vt 0.312822 0.694500
vt 0.445656 0.661121
vt 0.344359 0.636193
vt 0.449228 0.643511
vt 0.430122 0.636190
vt 0.766910 0.045641
vt 0.766910 0.067006
vt 0.735507 0.045641
vt 0.735507 0.067006
vt 0.766910 0.091630
vt 0.735507 0.091630
vt 0.766910 0.122616
vt 0.735507 0.148349
vt 0.798314 0.122616
vt 0.798314 0.148349
vt 0.798314 0.227997
vt 0.798314 0.281874
vt 0.766910 0.227997
vt 0.766910 0.281874
vt 0.859037 0.101100
vt 0.805159 0.101100
vt 0.859037 0.070114
vt 0.805159 0.070114
vt 0.851146 0.051065
vt 0.813050 0.051065
vt 0.832098 0.043175
vt 0.859037 0.126833
vt 0.805159 0.126833
vt 0.735507 0.227997
vt 0.735507 0.281873
vt 0.798314 0.281873
vt 0.785999 0.066949
vt 0.798314 0.066949
vt 0.785999 0.091630
vt 0.798314 0.091630
vt 0.785999 0.122878
vt 0.798314 0.174934
vt 0.769580 0.174934
vt 0.769580 0.198351
vt 0.798314 0.198351
vt 0.769580 0.143648
vt 0.747821 0.122878
vt 0.735507 0.143648
vt 0.747821 0.091630
vt 0.735507 0.066949
vt 0.747821 0.066949
vt 0.798314 0.045576
vt 0.785999 0.045576
vt 0.798314 0.220387
vt 0.769580 0.220387
vt 0.832098 0.180356
vt 0.813050 0.172466
vt 0.851146 0.172466
vt 0.859037 0.153417
vt 0.805159 0.153417
vt 0.735507 0.045576
vt 0.747821 0.045576
vt 0.805159 0.122132
vt 0.859037 0.122132
vt 0.764240 0.227997
vt 0.764240 0.281874
vt 0.785999 0.227997
vt 0.747821 0.227997
vt 0.785999 0.281874
vt 0.747821 0.281874
vt 0.859037 0.101361
vt 0.805159 0.101361
vt 0.859037 0.070113
vt 0.805159 0.099279
vt 0.859037 0.099279
vt 0.769104 0.142379
vt 0.769104 0.123766
vt 0.735507 0.142379
vt 0.735507 0.123767
vt 0.769104 0.099715
vt 0.735507 0.099715
vt 0.769104 0.045576
vt 0.764716 0.281873
vt 0.764716 0.227997
vt 0.195135 0.282674
vt 0.195135 0.246266
vt 0.099887 0.282674
vt 0.099887 0.246266
vt 0.195135 0.208375
vt 0.099887 0.208375
vt 0.195135 0.168650
vt 0.099887 0.168650
vt 0.195135 0.063200
vt 0.099887 0.063200
vt 0.099887 0.008402
vt 0.195135 0.008402
vt 0.053990 0.078319
vt 0.063506 0.078319
vt 0.053990 0.131537
vt 0.093223 0.107700
vt 0.043625 0.173354
vt 0.093223 0.213149
vt 0.015464 0.184978
vt 0.078700 0.248214
vt 0.003794 0.213149
vt 0.043635 0.262738
vt 0.015464 0.241321
vt 0.008571 0.248214
vt 0.043635 0.142121
vt 0.099969 0.127622
vt 0.099969 0.096389
vt 0.195217 0.127622
vt 0.195217 0.096389
vt 0.099969 0.085805
vt 0.195217 0.085805
vt 0.195217 0.032587
vt 0.099969 0.032587
vt 0.195217 0.021495
vt 0.099969 0.021495
vt 0.099887 0.294744
vt 0.195135 0.294744
vt 0.099969 0.195589
vt 0.099969 0.167417
vt 0.195217 0.195589
vt 0.195217 0.167417
vt 0.099969 0.139245
vt 0.195217 0.139245
vt 0.052867 0.339917
vt 0.099837 0.339917
vt 0.049659 0.348905
vt 0.099837 0.398488
vt 0.066084 0.398488
vt 0.099837 0.348905
vt 0.044401 0.332779
vt 0.010546 0.332779
vt 0.044401 0.366531
vt 0.010546 0.366531
vt 0.010546 0.278906
vt 0.044400 0.278906
vt 0.010546 0.269919
vt 0.079313 0.269919
vt 0.079313 0.278906
vt 0.044401 0.416115
vt 0.010546 0.425102
vt 0.079313 0.425102
vt 0.079313 0.416115
vt 0.450729 0.038328
vt 0.450729 0.006216
vt 0.472663 0.038328
vt 0.472663 0.006216
vt 0.050250 0.333477
vt 0.085162 0.333477
vt 0.050250 0.283300
vt 0.085162 0.283300
vt 0.288155 0.421602
vt 0.288155 0.363021
vt 0.267638 0.418921
vt 0.267638 0.365701
vt 0.261601 0.418428
vt 0.261601 0.366194
vt 0.189852 0.419596
vt 0.189852 0.365026
vt 0.142526 0.359656
vt 0.142526 0.424967
vt 0.111255 0.429051
vt 0.111256 0.355570
vt 0.112697 0.335263
vt 0.112688 0.303993
vt 0.156306 0.354622
vt 0.227008 0.304000
vt 0.227009 0.324518
vt 0.222480 0.330554
vt 0.476473 0.041126
vt 0.476473 0.006812
vt 0.529859 0.037647
vt 0.529859 0.010291
vt 0.763013 0.201852
vt 0.757822 0.201852
vt 0.763013 0.187915
vt 0.757822 0.187915
vt 0.741786 0.207650
vt 0.758069 0.207650
vt 0.741786 0.216678
vt 0.758069 0.212840
vt 0.741786 0.187914
vt 0.757356 0.187914
vt 0.741786 0.206615
vt 0.757356 0.201851
vt 0.741786 0.216677
vt 0.757356 0.212840
vt 0.757356 0.207650
vt 0.741785 0.206615
vt 0.732757 0.187914
vt 0.732757 0.206615
vt 0.716036 0.052856
vt 0.716036 0.043380
vt 0.701873 0.052856
vt 0.701873 0.043380
vt 0.684951 0.043380
vt 0.684951 0.052856
vt 0.684951 0.068995
vt 0.701873 0.068995
vt 0.701873 0.078470
vt 0.716036 0.068995
vt 0.716036 0.078470
vt 0.684951 0.078470
vt 0.659516 0.068995
vt 0.659516 0.052856
vt 0.729444 0.052856
vt 0.729444 0.043380
vt 0.681394 0.043380
vt 0.681394 0.052856
vt 0.648973 0.081712
vt 0.648973 0.090472
vt 0.658449 0.081712
vt 0.658449 0.090472
vt 0.729444 0.090472
vt 0.716036 0.081712
vt 0.701873 0.098820
vt 0.701873 0.086527
vt 0.658449 0.086527
vt 0.658449 0.098820
vt 0.648973 0.086527
vt 0.648973 0.098820
vt 0.684951 0.086527
vt 0.681394 0.098820
vt 0.729444 0.078470
vt 0.729444 0.068995
vt 0.681394 0.068995
vt 0.681394 0.078470
vt 0.623359 0.081712
vt 0.623359 0.090472
vt 0.632834 0.081712
vt 0.632834 0.090472
vt 0.632834 0.086527
vt 0.632834 0.098820
vt 0.623359 0.086527
vt 0.623359 0.098820
vt 0.648973 0.094506
vt 0.632834 0.094506
vt 0.648973 0.079184
vt 0.632834 0.079184
vt 0.648973 0.119597
vt 0.632834 0.119597
vt 0.659516 0.079184
vt 0.663304 0.094506
vt 0.663304 0.052856
vt 0.663304 0.068995
vt 0.681394 0.119597
vt 0.701873 0.119597
vt 0.274897 0.695770
vt 0.274897 0.703855
vt 0.205236 0.695770
vt 0.205236 0.703855
vt 0.174650 0.619445
vt 0.166566 0.619445
vt 0.174650 0.609232
vt 0.166566 0.609232
vt 0.098038 0.609232
vt 0.098038 0.587445
vt 0.106123 0.609232
vt 0.174650 0.587445
vt 0.098038 0.534952
vt 0.174650 0.534952
vt 0.174650 0.508334
vt 0.098038 0.508334
vt 0.166566 0.466453
vt 0.106123 0.466453
vt 0.106123 0.435644
vt 0.098038 0.435644
vt 0.166566 0.435644
vt 0.174650 0.435644
vt 0.592347 0.171302
vt 0.592347 0.179386
vt 0.489418 0.171302
vt 0.489418 0.179386
vt 0.461019 0.171302
vt 0.461019 0.179386
vt 0.084389 0.439814
vt 0.084389 0.454791
vt 0.092473 0.439814
vt 0.092473 0.454791
vt 0.340820 0.548583
vt 0.237892 0.548583
vt 0.369219 0.559675
vt 0.223952 0.574652
vt 0.366862 0.574652
vt 0.279196 0.708896
vt 0.291303 0.705892
vt 0.291303 0.695770
vt 0.205236 0.685557
vt 0.183948 0.673621
vt 0.274897 0.670125
vt 0.183948 0.621593
vt 0.205236 0.609656
vt 0.310097 0.638398
vt 0.372863 0.589230
vt 0.321019 0.638398
vt 0.372863 0.602894
vt 0.291303 0.689074
vt 0.018256 0.667009
vt 0.023946 0.676666
vt 0.018256 0.657990
vt 0.090078 0.667009
vt 0.090078 0.657990
vt 0.084389 0.676666
vt 0.092473 0.628818
vt 0.015862 0.628818
vt 0.271531 0.685557
vt 0.115030 0.701563
vt 0.162047 0.701563
vt 0.115030 0.658696
vt 0.162047 0.658696
vt 0.174650 0.633721
vt 0.166566 0.646846
vt 0.166566 0.633721
vt 0.106123 0.646846
vt 0.166566 0.623508
vt 0.106123 0.633721
vt 0.106123 0.623508
vt 0.098038 0.633721
vt 0.463376 0.239829
vt 0.463376 0.179386
vt 0.606286 0.239829
vt 0.606286 0.179386
vt 0.092473 0.574324
vt 0.015862 0.574324
vt 0.092473 0.561779
vt 0.015862 0.561779
vt 0.015861 0.491893
vt 0.092473 0.491893
vt 0.092473 0.478089
vt 0.015861 0.478089
vt 0.023946 0.454791
vt 0.023946 0.439814
vt 0.015861 0.439814
vt 0.015861 0.454791
vt 0.084389 0.694072
vt 0.023946 0.694072
vt 0.098038 0.619445
vt 0.106123 0.619445
vt 0.592347 0.247913
vt 0.489418 0.247913
vt 0.592347 0.239829
vt 0.489418 0.239829
vt 0.461019 0.239829
vt 0.461019 0.247913
vt 0.656483 0.561950
vt 0.671190 0.557282
vt 0.656483 0.470534
vt 0.671190 0.475202
vt 0.729584 0.475202
vt 0.729584 0.557282
vt 0.744291 0.470534
vt 0.744291 0.561950
vt 0.667869 0.460495
vt 0.732905 0.460495
vt 0.667869 0.571990
vt 0.732904 0.571990
vt 0.491836 0.539360
vt 0.451691 0.539360
vt 0.491836 0.595790
vt 0.451691 0.595790
vt 0.623131 0.034123
vt 0.858493 0.034123
vt 0.623131 0.012309
vt 0.858493 0.012309
vt 0.862330 0.031483
vt 0.862330 0.014949
vt 0.908256 0.031483
vt 0.908256 0.014949
vt 0.912093 0.034123
vt 0.912093 0.012309
vt 0.962430 0.012309
vt 0.962430 0.034123
vt 0.983176 0.005568
vt 0.995998 0.023216
vt 0.983176 0.040864
vt 0.930407 0.054586
vt 0.882779 0.054586
vt 0.930407 0.162105
vt 0.882779 0.162105
vt 0.882779 0.198085
vt 0.930407 0.198085
vt 0.882779 0.182827
vt 0.930407 0.182827
vt 0.937416 0.182827
vt 0.978867 0.198085
vt 0.937416 0.054586
vt 0.991139 0.162105
vt 0.991139 0.054586
vt 0.937416 0.255293
vt 0.991139 0.255293
vt 0.937416 0.207665
vt 0.991139 0.207665
vt 0.978867 0.255293
vt 0.978867 0.207665
vt 0.295588 0.377500
vt 0.602569 0.377500
vt 0.319838 0.302417
vt 0.553540 0.302417
vt 0.562101 0.294440
vt 0.587463 0.294440
vt 0.602569 0.302417
vt 0.319838 0.386651
vt 0.319838 0.441878
vt 0.553540 0.386651
vt 0.553540 0.441878
vt 0.562101 0.386651
vt 0.562101 0.441878
vt 0.587463 0.386651
vt 0.587463 0.441878
vt 0.602569 0.386651
vt 0.602569 0.441878
vt 0.608653 0.298429
vt 0.663880 0.298429
vt 0.608653 0.373512
vt 0.663880 0.373512
vt 0.295588 0.386651
vt 0.295588 0.441878
vt 0.997573 0.261443
vt 0.871790 0.261443
vt 0.997573 0.284232
vt 0.871790 0.284232
vt 0.895261 0.307888
vt 0.974102 0.307888
vt 0.478700 0.486158
vt 0.478700 0.515662
vt 0.397174 0.486158
vt 0.397174 0.515662
vt 0.960295 0.261443
vt 0.914773 0.261443
vt 0.960295 0.284232
vt 0.914773 0.284232
vt 0.914773 0.307888
vt 0.960295 0.307888
vt 0.895261 0.311167
vt 0.895261 0.356687
vt 0.974102 0.311167
vt 0.974102 0.356687
vt 0.209482 0.501108
vt 0.195155 0.465738
vt 0.258573 0.501108
vt 0.272900 0.465738
vt 0.195155 0.450845
vt 0.272900 0.450845
vt 0.281174 0.431932
vt 0.186881 0.431932
vt 0.401587 0.462807
vt 0.459793 0.462807
vt 0.401587 0.487330
vt 0.459793 0.487330
vt 0.249920 0.501108
vt 0.249920 0.465738
vt 0.217164 0.501108
vt 0.217164 0.465738
vt 0.249920 0.450845
vt 0.217164 0.450845
vt 0.213678 0.431932
vt 0.253406 0.431932
vt 0.258573 0.504200
vt 0.209482 0.504200
vt 0.258573 0.536956
vt 0.209482 0.536956
vt 0.491232 0.824982
vt 0.506604 0.824982
vt 0.491232 0.855968
vt 0.506604 0.844506
vt 0.506604 0.753800
vt 0.506604 0.764520
vt 0.491232 0.742338
vt 0.491232 0.764520
vt 0.506604 0.791219
vt 0.491232 0.791219
vt 0.482429 0.764520
vt 0.460247 0.764520
vt 0.460247 0.824982
vt 0.471709 0.764520
vt 0.471709 0.824982
vt 0.707497 0.045237
vt 0.707497 0.069145
vt 0.690242 0.045237
vt 0.690242 0.069145
vt 0.672149 0.069145
vt 0.654893 0.069145
vt 0.654893 0.045237
vt 0.672149 0.045237
vt 0.656796 0.112192
vt 0.656796 0.088284
vt 0.647392 0.112192
vt 0.647392 0.088284
vt 0.705595 0.088284
vt 0.705595 0.112192
vt 0.714998 0.112192
vt 0.714998 0.088284
vt 0.654893 0.081804
vt 0.707497 0.081804
vt 0.033523 0.084855
vt 0.032196 0.121007
vt 0.011077 0.084855
vt 0.012404 0.121007
vt 0.034984 0.142444
vt 0.034984 0.151713
vt 0.009616 0.142444
vt 0.009616 0.151713
vt 0.008575 0.009622
vt 0.008689 0.024391
vt 0.036469 0.009622
vt 0.036354 0.024391
vt 0.037078 0.030096
vt 0.007966 0.030096
vt 0.036247 0.065235
vt 0.008353 0.065235
vt 0.036856 0.165193
vt 0.007744 0.165193
vt 0.037078 0.060648
vt 0.007966 0.060648
vt 0.055788 0.057008
vt 0.042309 0.057008
vt 0.055788 0.047738
vt 0.047519 0.026456
vt 0.066314 0.011688
vt 0.046694 0.011688
vt 0.042309 0.026456
vt 0.075869 0.042916
vt 0.436053 0.014083
vt 0.369200 0.014083
vt 0.436053 0.078695
vt 0.369200 0.078695
vt 0.382566 0.095638
vt 0.422687 0.095638
vt 0.436053 0.005130
vt 0.369200 0.005130
vt 0.445006 0.078695
vt 0.445006 0.014083
vt 0.441275 0.085605
vt 0.427909 0.102549
vt 0.382566 0.104592
vt 0.422687 0.104592
vt 0.360247 0.014083
vt 0.360247 0.078695
vt 0.363070 0.085832
vt 0.376436 0.102776
vt 0.491630 0.481852
vt 0.484179 0.481852
vt 0.491630 0.474722
vt 0.484179 0.474722
vt 0.950995 0.891804
vt 0.950995 0.897822
vt 0.944705 0.891804
vt 0.944705 0.897822
vt 0.954006 0.876253
vt 0.951115 0.891804
vt 0.941935 0.876253
vt 0.944826 0.891804
vt 0.953484 0.876253
vt 0.950718 0.891804
vt 0.944700 0.891804
vt 0.953489 0.876253
vt 0.950723 0.891804
vt 0.941939 0.876253
vt 0.961875 0.814678
vt 0.988569 0.814678
vt 0.961875 0.849179
vt 0.988569 0.849179
vt 0.982328 0.859608
vt 0.982328 0.894110
vt 0.968116 0.859608
vt 0.968116 0.894110
vt 0.992757 0.894110
vt 0.992757 0.859608
vt 0.968116 0.804249
vt 0.982328 0.804249
vt 0.957687 0.859608
vt 0.957687 0.894110
vt 0.891959 0.788062
vt 0.881427 0.788062
vt 0.897562 0.772962
vt 0.881427 0.772962
vt 0.898499 0.755488
vt 0.881427 0.755488
vt 0.864355 0.755488
vt 0.865292 0.772962
vt 0.870896 0.788062
vt 0.893411 0.788062
vt 0.882374 0.788062
vt 0.897770 0.772962
vt 0.880861 0.772962
vt 0.880608 0.755488
vt 0.864874 0.755488
vt 0.865990 0.772962
vt 0.872669 0.788062
vt 0.914941 0.772962
vt 0.900752 0.790141
vt 0.911960 0.790141
vt 0.910907 0.755488
vt 0.924824 0.755488
vt 0.912169 0.772962
vt 0.925323 0.772962
vt 0.942992 0.755488
vt 0.942494 0.772962
vt 0.928305 0.788062
vt 0.939512 0.788062
vt 0.933908 0.803458
vt 0.948097 0.795266
vt 0.950043 0.806303
vt 0.944440 0.816009
vt 0.933908 0.819842
vt 0.923377 0.816009
vt 0.917773 0.806303
vt 0.919719 0.795266
vt 0.955647 0.772962
vt 0.956909 0.755488
vt 0.481115 0.478680
vt 0.481867 0.474415
vt 0.483280 0.482429
vt 0.493583 0.478680
vt 0.491417 0.482429
vt 0.487349 0.483911
vt 0.492831 0.474415
vt 0.489514 0.471632
vt 0.485184 0.471632
vt 0.482007 0.468296
vt 0.493660 0.468296
vt 0.482007 0.485502
vt 0.493660 0.485502
vt 0.513272 0.973118
vt 0.513272 0.951010
vt 0.548385 0.973118
vt 0.548385 0.951010
vt 0.548385 0.924300
vt 0.513272 0.924300
vt 0.513272 0.909518
vt 0.548385 0.909518
vt 0.498489 0.921272
vt 0.509241 0.973118
vt 0.498489 0.973118
vt 0.548385 0.983869
vt 0.513272 0.983869
vt 0.979112 0.598206
vt 0.877497 0.577865
vt 0.979112 0.653079
vt 0.877497 0.653079
vt 0.621734 0.653079
vt 0.621734 0.577865
vt 0.621734 0.667848
vt 0.877497 0.667848
vt 0.979161 0.678520
vt 0.979161 0.693290
vt 0.993881 0.653079
vt 0.993881 0.598206
vt 0.606965 0.653079
vt 0.606965 0.577865
vt 0.979112 0.693278
vt 0.979112 0.678508
vt 0.542893 0.535896
vt 0.425928 0.561291
vt 0.542893 0.562532
vt 0.542893 0.585861
vt 0.425928 0.531820
vt 0.425928 0.587102
vt 0.542893 0.612498
vt 0.425928 0.616574
s 0
usemtl GUVEHICLEF.ObjectsAlienIonHull.fx
f 34/1/1 35/2/2 36/3/3
f 1541/4/4 1540/5/5 1468/6/4
f 1468/6/4 1540/5/5 1539/7/5
f 1539/7/5 1540/5/5 1523/8/6
f 1523/8/6 1540/5/5 1526/9/7
f 1523/8/8 1526/9/9 1524/10/10
f 1524/10/10 1526/9/9 1525/11/11
f 1537/12/12 1536/13/12 1538/14/12
f 1538/14/12 1536/13/12 1535/15/12
f 1533/16/13 1532/17/13 1534/18/13
f 1534/18/13 1532/17/13 1531/19/13
f 1529/16/14 1528/18/14 1530/20/11
f 1530/20/11 1528/18/14 1527/21/10
f 1521/22/15 1520/23/15 1522/24/15
f 1522/24/15 1520/23/15 1519/25/15
f 1049/26/16 1048/27/16 1050/28/16
f 1050/28/16 1048/27/16 1047/29/16
f 1050/28/16 1047/29/16 1045/30/16
f 1045/30/16 1047/29/16 1046/31/16
f 1050/28/16 1045/30/16 1044/32/16
f 1042/32/17 1041/30/17 1043/28/17
f 1043/28/17 1041/30/17 1038/27/17
f 1043/28/17 1038/27/17 1037/26/17
f 1039/33/17 1038/27/17 1040/31/17
f 1040/31/17 1038/27/17 1041/30/17
f 1035/34/18 1034/35/19 1036/36/20
f 1036/36/20 1034/35/19 1033/37/21
f 1036/36/20 1033/37/21 1032/38/22
f 1008/39/23 1007/40/24 1032/38/25
f 1032/38/25 1007/40/24 1036/36/20
f 1026/41/26 1027/42/27 1028/43/28
f 1028/43/28 1027/42/27 1031/44/29
f 1028/43/28 1031/44/29 1029/45/30
f 1029/45/30 1031/44/29 1030/46/31
f 1005/47/32 1030/46/33 1006/48/34
f 1006/48/34 1030/46/35 1025/49/36
f 1027/42/27 1025/49/37 1031/44/29
f 1031/44/38 1025/49/37 1030/46/31
f 1023/50/39 1022/51/39 1024/52/40
f 1024/52/41 1022/51/39 1021/53/42
f 1019/54/43 1018/55/44 1020/56/45
f 1020/56/45 1018/55/44 1017/57/46
f 1020/56/45 1017/57/46 1016/58/47
f 1014/59/17 1013/60/17 1015/61/17
f 1015/61/17 1013/60/17 1012/62/17
f 1015/61/17 1012/62/17 1011/63/17
f 1009/64/17 1015/61/17 1010/40/17
f 1010/40/17 1015/61/17 1011/63/17
f 1003/51/48 1002/50/49 1004/65/30
f 1004/65/30 1002/50/49 1001/66/50
f 1004/65/30 1001/66/51 1000/67/28
f 998/68/15 997/69/15 999/70/15
f 999/70/15 997/69/15 996/71/15
f 995/34/52 994/36/53 993/35/54
f 993/35/54 994/36/53 992/37/55
f 992/37/55 994/36/53 991/38/56
f 991/38/57 994/36/53 1150/40/58
f 991/38/57 1150/40/58 1149/39/59
f 1131/41/60 1129/43/61 1130/42/62
f 1130/42/27 1129/43/61 989/44/63
f 1130/42/27 989/44/63 1132/49/64
f 1132/49/64 989/44/65 990/46/66
f 1132/49/67 990/46/68 1151/48/69
f 1151/48/69 990/46/70 1152/47/32
f 990/46/66 989/44/71 1128/45/72
f 1128/45/72 989/44/63 1129/43/61
f 1133/50/39 1134/52/73 1135/51/39
f 1135/51/39 1134/52/74 1136/53/42
f 1137/54/75 1138/56/76 1139/55/77
f 1139/55/77 1138/56/76 1140/57/78
f 1140/57/79 1138/56/76 1141/58/47
f 1142/59/16 1143/61/16 1144/60/16
f 1144/60/16 1143/61/16 1145/62/16
f 1148/64/16 1147/40/16 1143/61/16
f 1143/61/16 1147/40/16 1146/63/16
f 1143/61/16 1146/63/16 1145/62/16
f 1153/51/48 1154/65/72 1155/50/80
f 1155/50/81 1154/65/82 1156/66/83
f 1156/66/60 1154/65/72 1157/67/61
f 1158/68/15 1159/70/15 1160/69/15
f 1160/69/15 1159/70/15 1161/71/15
f 1720/72/84 1721/73/84 1719/74/85
f 1719/74/85 1721/73/84 1722/75/86
f 1719/74/87 1722/75/88 1730/76/89
f 1730/76/89 1722/75/88 1727/77/90
f 1730/76/89 1727/77/91 1729/78/92
f 1729/78/92 1727/77/91 1728/79/92
f 1724/80/93 1725/81/93 1723/82/93
f 1723/82/93 1725/81/93 1726/83/93
f 1732/84/94 1733/85/94 1731/86/94
f 1731/86/94 1733/85/94 1734/87/94
f 1736/88/95 1737/85/95 1735/89/95
f 1735/89/95 1737/85/95 1738/84/95
f 1740/90/96 1741/88/96 1739/91/96
f 1739/91/96 1741/88/96 1742/89/96
f 1744/87/97 1745/80/97 1743/86/97
f 1743/86/97 1745/80/97 1746/82/97
f 1748/85/98 1749/87/99 1747/92/100
f 1747/92/101 1749/87/101 1753/93/101
f 1747/92/102 1753/93/103 1754/94/104
f 1753/93/105 1749/87/105 1752/95/105
f 1752/95/106 1749/87/107 1750/96/108
f 1752/95/106 1750/96/109 1751/97/109
f 1756/94/110 1757/93/111 1755/92/112
f 1755/92/111 1757/93/113 1761/87/113
f 1755/92/112 1761/87/114 1762/85/114
f 1760/96/115 1761/87/116 1759/97/117
f 1759/97/118 1761/87/118 1757/93/111
f 1759/97/119 1757/93/111 1758/95/119
f 1249/98/92 1246/99/92 1248/100/120
f 1248/100/120 1246/99/92 1247/101/121
f 1248/100/122 1247/101/123 1251/102/124
f 1251/102/124 1247/101/123 1250/103/124
f 1253/98/94 1254/100/94 1252/99/94
f 1252/99/94 1254/100/94 1257/101/94
f 1256/103/94 1257/101/94 1255/102/94
f 1255/102/94 1257/101/94 1254/100/94
f 1259/104/125 1260/105/125 1258/106/125
f 1258/106/125 1260/105/125 1261/107/125
f 1265/108/126 1262/109/126 1264/110/127
f 1264/110/127 1262/109/126 1263/111/128
f 1264/110/129 1263/111/130 1081/112/17
f 1081/112/17 1263/111/130 1080/113/17
f 1083/114/15 1084/115/15 1082/116/15
f 1082/116/15 1084/115/15 1085/117/15
f 1089/112/16 1086/113/16 1088/110/131
f 1088/110/131 1086/113/16 1087/111/132
f 1088/110/133 1087/111/134 1091/108/135
f 1091/108/135 1087/111/134 1090/109/135
f 1093/118/136 1094/119/136 1092/120/137
f 1092/120/137 1094/119/136 1095/121/138
f 1092/120/139 1095/121/140 1096/122/92
f 1096/122/92 1095/121/140 1097/123/92
f 1099/124/94 1100/122/94 1098/125/94
f 1098/125/94 1100/122/94 1102/126/94
f 1100/122/94 1101/127/94 1102/126/94
f 1104/128/141 1105/129/141 1103/130/141
f 1103/130/141 1105/129/141 1106/131/141
f 1108/132/17 1109/133/17 1107/134/17
f 1107/134/17 1109/133/17 1110/135/17
f 1110/135/17 1109/133/17 1267/136/17
f 1269/137/15 1270/138/15 1268/139/15
f 1268/139/15 1270/138/15 1271/140/15
f 1273/133/16 1274/132/16 1272/141/142
f 1272/141/142 1274/132/16 1275/134/143
f 1272/141/144 1275/134/145 1542/136/146
f 1542/136/146 1275/134/145 1518/135/146
f 1514/98/92 1515/100/120 1516/99/92
f 1516/99/92 1515/100/120 1517/101/121
f 1513/103/124 1517/101/123 1512/102/124
f 1512/102/124 1517/101/123 1515/100/122
f 1511/98/94 1510/99/94 1509/100/94
f 1509/100/94 1510/99/94 1506/101/94
f 1509/100/94 1506/101/94 1507/102/94
f 1507/102/94 1506/101/94 1508/103/94
f 1505/104/125 1504/106/125 1503/105/125
f 1503/105/125 1504/106/125 1502/107/125
f 1498/108/135 1499/110/134 1500/109/135
f 1500/109/135 1499/110/134 1501/111/133
f 1497/113/16 1501/111/131 1496/112/16
f 1496/112/16 1501/111/131 1499/110/132
f 1495/114/15 1494/116/15 1493/115/15
f 1493/115/15 1494/116/15 1492/117/15
f 1488/112/17 1489/110/130 1490/113/17
f 1490/113/17 1489/110/130 1491/111/129
f 1487/109/126 1491/111/127 1486/108/126
f 1486/108/126 1491/111/127 1489/110/128
f 1485/118/136 1484/120/137 1483/119/136
f 1483/119/136 1484/120/137 1482/121/138
f 1480/123/92 1482/121/140 1481/122/92
f 1481/122/92 1482/121/140 1484/120/139
f 1479/124/94 1478/125/94 1477/122/94
f 1477/122/94 1478/125/94 1475/126/94
f 1477/122/94 1475/126/94 1476/127/94
f 1474/128/141 1473/130/141 1472/129/141
f 1472/129/141 1473/130/141 1471/131/141
f 1470/132/16 1469/134/16 1467/133/16
f 1467/133/16 1469/134/16 1466/135/16
f 1467/133/16 1466/135/16 1465/136/16
f 1464/137/15 1463/139/15 1462/138/15
f 1462/138/15 1463/139/15 1461/140/15
f 1460/133/17 1459/141/147 1458/132/17
f 1458/132/17 1459/141/147 1457/134/148
f 1455/135/149 1457/134/150 1456/136/149
f 1456/136/149 1457/134/150 1459/141/151
f 1453/142/152 1452/143/153 1454/144/154
f 1454/144/154 1452/143/153 1451/145/155
f 1454/144/156 1451/145/157 1446/146/158
f 1446/146/158 1445/147/159 1454/144/156
f 1447/148/160 1450/149/160 1448/150/161
f 1448/150/161 1450/149/160 1449/151/162
f 1448/150/163 1449/151/164 1443/152/92
f 1443/152/92 1449/151/164 1444/153/92
f 1441/143/165 1440/154/165 1442/155/165
f 1442/155/165 1440/154/165 1439/156/165
f 1437/155/94 1436/157/94 1438/143/94
f 1438/143/94 1436/157/94 1435/142/94
f 1433/143/17 1432/142/17 1434/145/17
f 1434/145/17 1432/142/17 1431/147/17
f 1434/145/17 1431/147/17 1430/146/17
f 1428/158/125 1427/159/125 1429/160/125
f 1429/160/125 1427/159/125 1425/161/125
f 1427/159/125 1426/162/125 1425/161/125
f 1424/142/166 1423/144/167 1422/143/168
f 1422/143/168 1423/144/167 1421/145/169
f 1415/147/170 1416/146/171 1423/144/172
f 1423/144/172 1416/146/171 1421/145/173
f 1417/148/160 1418/150/161 1419/149/160
f 1419/149/160 1418/150/161 1420/151/162
f 1414/153/92 1420/151/164 1413/152/92
f 1413/152/92 1420/151/164 1418/150/163
f 1412/143/165 1411/155/165 1410/154/165
f 1410/154/165 1411/155/165 1409/156/165
f 1408/155/94 1407/143/94 1406/157/94
f 1406/157/94 1407/143/94 1405/142/94
f 1404/143/16 1403/145/16 1402/142/16
f 1402/142/16 1403/145/16 1401/147/16
f 1401/147/16 1403/145/16 1400/146/16
f 1399/158/125 1398/160/125 1397/159/125
f 1397/159/125 1398/160/125 1395/161/125
f 1397/159/125 1395/161/125 1396/162/125
f 1393/163/15 1392/164/15 1394/165/15
f 1394/165/15 1392/164/15 1391/166/15
f 1389/167/125 1388/168/125 1390/169/125
f 1390/169/125 1388/168/125 1387/170/125
f 1385/166/17 1384/171/17 1386/172/17
f 1386/172/17 1384/171/17 1383/173/17
f 1377/174/17 1383/173/17 1378/175/17
f 1378/175/17 1383/173/17 1384/171/17
f 1381/172/16 1380/173/174 1382/166/16
f 1382/166/16 1380/173/174 1379/171/175
f 1375/175/176 1379/171/175 1376/174/176
f 1376/174/176 1379/171/175 1380/173/177
f 1373/170/178 1372/176/179 1374/169/178
f 1374/169/178 1372/176/179 1371/171/180
f 1369/166/94 1371/171/181 1370/165/94
f 1370/165/94 1371/171/181 1372/176/182
f 1367/166/92 1364/165/92 1368/171/183
f 1368/171/183 1364/165/92 1363/176/184
f 1368/171/185 1363/176/186 1359/169/187
f 1359/169/187 1363/176/186 1360/170/187
f 1356/163/15 1355/165/15 1336/164/15
f 1336/164/15 1355/165/15 1335/166/15
f 1334/167/125 1333/169/125 1332/168/125
f 1332/168/125 1333/169/125 1331/170/125
f 988/166/16 987/172/16 1266/171/16
f 1266/171/16 987/172/16 985/173/16
f 1266/171/16 985/173/16 980/175/16
f 980/175/16 985/173/16 979/174/16
f 984/172/17 983/166/17 982/173/188
f 982/173/188 983/166/17 981/171/189
f 982/173/190 981/171/191 977/174/192
f 977/174/192 981/171/191 978/175/192
f 976/170/178 975/169/178 974/176/179
f 974/176/179 975/169/178 973/171/180
f 974/176/182 973/171/181 972/165/94
f 972/165/94 973/171/181 971/166/94
f 970/166/92 969/171/183 968/165/92
f 968/165/92 969/171/183 967/176/184
f 966/170/187 967/176/186 965/169/187
f 965/169/187 967/176/186 969/171/185
f 1365/177/193 964/178/193 962/179/194
f 962/179/194 964/178/193 963/180/195
f 962/179/196 963/180/195 947/181/92
f 947/181/92 963/180/195 948/182/92
f 959/183/197 958/184/197 960/185/197
f 960/185/197 958/184/197 957/186/197
f 955/185/94 954/186/94 956/187/94
f 956/187/94 954/186/94 953/188/94
f 951/189/125 950/190/125 952/191/125
f 952/191/125 950/190/125 949/192/125
f 945/185/16 944/193/16 946/187/16
f 946/187/16 944/193/16 942/194/16
f 944/193/16 943/195/16 942/194/16
f 940/194/17 939/195/17 941/187/17
f 941/187/17 939/195/17 937/185/17
f 939/195/17 938/193/17 937/185/17
f 935/196/92 934/197/92 936/198/92
f 936/198/92 934/197/92 933/199/92
f 911/200/92 910/201/92 934/197/92
f 934/197/92 910/201/92 909/202/92
f 934/197/92 909/202/92 961/203/92
f 961/203/92 912/204/92 934/197/92
f 934/197/92 912/204/92 933/199/92
f 929/205/94 932/206/94 930/207/94
f 930/207/94 932/206/94 931/208/94
f 930/207/94 931/208/94 1054/209/94
f 1058/210/94 930/207/94 1057/211/94
f 1057/211/94 930/207/94 1056/212/94
f 1056/212/94 930/207/94 1055/213/94
f 1055/213/94 930/207/94 1054/209/94
f 923/214/198 922/206/198 924/215/199
f 924/215/199 922/206/198 921/208/199
f 919/216/200 918/217/200 920/218/200
f 920/218/200 918/217/200 917/219/200
f 915/215/201 914/208/201 916/214/202
f 916/214/202 914/208/201 913/206/202
f 1051/220/199 1052/221/203 986/222/199
f 986/222/199 1052/221/203 1053/223/204
f 1052/221/205 1063/224/206 1053/223/207
f 1053/223/207 1063/224/206 1064/225/208
f 1063/224/209 927/226/210 1064/225/211
f 1064/225/211 927/226/210 928/227/212
f 927/226/213 926/228/214 928/227/215
f 928/227/215 926/228/214 925/229/216
f 926/228/217 1062/230/218 925/229/216
f 925/229/216 1062/230/218 1061/231/219
f 1060/232/201 1061/231/220 1059/233/201
f 1059/233/201 1061/231/220 1062/230/221
f 1068/234/92 1065/235/92 1067/236/92
f 1067/236/92 1065/235/92 1066/237/92
f 1067/236/92 1066/237/92 1070/238/92
f 1070/238/92 1066/237/92 1069/239/92
f 1072/240/94 1073/241/94 1071/242/94
f 1071/242/94 1073/241/94 1074/243/94
f 1076/244/94 1074/243/94 1075/245/94
f 1075/245/94 1074/243/94 1073/241/94
f 1078/246/125 1079/247/125 1077/248/125
f 1077/248/125 1079/247/125 1111/249/125
f 1115/250/17 1112/251/17 1114/252/222
f 1114/252/222 1112/251/17 1113/253/223
f 1114/252/224 1113/253/223 1117/254/225
f 1117/254/225 1113/253/223 1116/255/225
f 1119/239/15 1120/244/15 1118/238/15
f 1118/238/15 1120/244/15 1121/245/15
f 1125/254/226 1122/255/226 1124/252/227
f 1124/252/227 1122/255/226 1123/253/228
f 1124/252/227 1123/253/229 1127/250/16
f 1127/250/16 1123/253/229 1126/251/16
f 1177/234/92 1176/236/92 1175/235/92
f 1175/235/92 1176/236/92 1174/237/92
f 1178/239/92 1174/237/92 1179/238/92
f 1179/238/92 1174/237/92 1176/236/92
f 1180/240/94 1181/242/94 1182/241/94
f 1182/241/94 1181/242/94 1183/243/94
f 1182/241/94 1183/243/94 1184/245/94
f 1184/245/94 1183/243/94 1185/244/94
f 1186/246/125 1187/248/125 1188/247/125
f 1188/247/125 1187/248/125 1189/249/125
f 1193/250/16 1192/252/229 1191/251/16
f 1191/251/16 1192/252/229 1190/253/227
f 1194/255/226 1190/253/227 1195/254/226
f 1195/254/226 1190/253/227 1192/252/228
f 1196/239/15 1197/238/15 1198/244/15
f 1198/244/15 1197/238/15 1199/245/15
f 1203/254/225 1202/252/223 1201/255/225
f 1201/255/225 1202/252/223 1200/253/224
f 1204/251/17 1200/253/222 1205/250/17
f 1205/250/17 1200/253/222 1202/252/223
f 1207/256/230 1208/257/231 1206/258/232
f 1206/258/232 1208/257/233 1209/259/234
f 1208/257/231 1210/260/235 1212/261/236
f 1212/261/237 1210/260/230 1211/262/238
f 1366/256/239 1362/257/240 1213/258/241
f 1213/258/241 1362/257/242 1361/259/243
f 1362/257/242 1358/260/239 1354/261/234
f 1354/261/234 1358/260/239 1357/262/232
f 1352/256/244 1351/257/245 1353/258/246
f 1353/258/246 1351/257/245 1350/259/247
f 1351/257/245 1349/260/248 1347/261/249
f 1347/261/243 1349/260/244 1348/262/241
f 1345/256/250 1344/257/251 1346/258/238
f 1346/258/238 1344/257/252 1343/259/237
f 1344/257/253 1342/260/254 1340/261/247
f 1340/261/247 1342/260/250 1341/262/246
f 1338/263/92 1337/264/92 1339/265/92
f 1339/265/92 1337/264/92 1327/266/92
f 1339/265/92 1327/266/92 1326/267/92
f 1328/268/92 1327/266/92 1329/269/92
f 1329/269/92 1327/266/92 1337/264/92
f 1329/269/92 1337/264/92 1330/270/92
f 1324/271/94 1323/272/94 1325/273/94
f 1325/273/94 1323/272/94 1321/274/94
f 1325/273/94 1321/274/94 1319/275/94
f 1319/275/94 1321/274/94 1320/276/94
f 1323/272/94 1322/277/94 1321/274/94
f 1318/278/94 1325/273/94 1319/275/94
f 1310/279/255 1313/280/256 1311/281/255
f 1311/281/255 1313/280/256 1312/282/256
f 1288/279/257 1289/281/257 1313/280/256
f 1313/280/256 1289/281/257 1312/282/256
f 1308/283/16 1307/284/16 1309/285/16
f 1309/285/16 1307/284/16 1306/286/16
f 1309/285/16 1306/286/16 1304/287/16
f 1304/287/16 1306/286/16 1305/288/16
f 1298/279/258 1297/281/258 1299/280/259
f 1299/280/259 1297/281/258 1296/282/259
f 1299/280/259 1296/282/259 1278/281/260
f 1279/279/261 1299/280/259 1278/281/261
f 1294/289/262 1293/290/94 1295/291/262
f 1295/291/262 1293/290/94 1292/292/94
f 1277/289/263 1276/291/263 1293/290/94
f 1293/290/94 1276/291/263 1292/292/94
f 1287/283/17 1286/285/17 1285/284/17
f 1285/284/17 1286/285/17 1284/286/17
f 1283/288/17 1284/286/17 1282/287/17
f 1282/287/17 1284/286/17 1286/285/17
f 5/293/17 92/294/264 4/295/17
f 4/295/17 92/294/264 3/296/17
f 3/296/17 92/294/264 2/297/265
f 2/297/266 92/294/267 17/298/268
f 2/297/266 17/298/268 16/299/269
f 16/299/269 17/298/270 15/300/3
f 17/298/271 18/301/272 15/300/3
f 7/293/16 8/295/16 6/294/273
f 6/294/273 8/295/16 9/296/16
f 6/294/273 9/296/16 10/297/274
f 6/294/275 10/297/276 32/298/277
f 32/298/277 10/297/276 33/299/278
f 32/298/279 33/299/280 39/300/281
f 39/300/281 40/301/282 32/298/283
f 14/302/284 11/303/285 13/304/284
f 13/304/284 11/303/285 12/305/286
f 11/303/287 27/1/288 12/305/286
f 12/305/286 27/1/288 28/306/289
f 37/3/290 38/307/291 27/1/288
f 27/1/292 38/307/293 28/306/294
f 20/308/295 21/309/296 19/310/295
f 19/310/295 21/309/296 22/311/297
f 29/312/298 30/313/299 21/309/300
f 21/309/300 30/313/301 31/314/302
f 21/309/296 31/314/303 22/311/297
f 24/315/304 25/316/304 23/317/304
f 23/317/304 25/316/304 26/318/304
f 879/319/305 880/320/305 878/321/305
f 878/321/305 880/320/305 884/322/305
f 878/321/305 884/322/305 885/323/305
f 883/324/305 884/322/305 882/325/305
f 882/325/305 884/322/305 880/320/305
f 882/325/305 880/320/305 881/326/305
f 887/325/306 888/326/306 886/324/306
f 886/324/306 888/326/306 892/323/306
f 886/324/306 892/323/306 893/322/306
f 891/321/306 892/323/306 890/319/306
f 890/319/306 892/323/306 888/326/306
f 890/319/306 888/326/306 889/320/306
f 895/327/307 896/328/308 894/329/309
f 894/329/309 896/328/308 897/330/309
f 899/327/310 900/328/310 898/329/307
f 898/329/307 900/328/310 901/330/311
f 903/327/312 904/328/312 902/329/312
f 902/329/312 904/328/312 905/330/312
f 908/327/313 907/328/313 906/329/313
f 906/329/313 907/328/313 876/330/313
f 874/327/314 873/328/314 875/329/315
f 875/329/315 873/328/314 872/330/316
f 870/327/317 869/328/316 871/329/318
f 871/329/318 869/328/316 868/330/318
f 866/327/319 865/328/319 867/329/320
f 867/329/320 865/328/319 864/330/321
f 862/327/322 861/328/321 863/329/323
f 863/329/323 861/328/321 877/330/323
f 42/331/324 43/332/325 41/333/324
f 41/333/324 43/332/325 44/334/325
f 44/334/326 43/332/326 46/335/284
f 46/335/284 43/332/326 45/336/284
f 46/335/284 45/336/284 71/332/327
f 69/331/328 70/333/328 71/332/329
f 71/332/329 70/333/328 72/334/329
f 71/332/327 72/334/327 46/335/284
f 50/331/330 47/333/330 49/332/331
f 49/332/331 47/333/330 48/334/331
f 49/332/332 48/334/332 51/335/295
f 49/332/332 51/335/295 52/336/295
f 52/336/295 51/335/295 75/332/333
f 76/331/334 75/332/335 74/333/334
f 74/333/334 75/332/335 73/334/335
f 73/334/333 75/332/333 51/335/295
f 56/337/336 53/338/336 55/339/337
f 55/339/337 53/338/336 54/340/337
f 55/339/338 54/340/338 57/341/339
f 57/341/339 58/342/339 55/339/338
f 60/338/340 61/337/340 59/340/341
f 59/340/341 61/337/340 62/339/341
f 59/340/342 62/339/342 67/342/343
f 67/342/343 68/341/343 59/340/342
f 64/333/16 65/343/16 63/331/16
f 63/331/16 65/343/16 66/344/16
f 80/337/336 79/339/344 78/338/336
f 78/338/336 79/339/344 77/340/344
f 81/342/345 82/341/345 79/339/346
f 79/339/346 82/341/345 77/340/346
f 83/338/340 84/340/347 85/337/340
f 85/337/340 84/340/347 86/339/347
f 91/341/348 90/342/348 84/340/349
f 84/340/349 90/342/348 86/339/349
f 87/333/17 88/331/17 89/343/17
f 89/343/17 88/331/17 1/344/17
f 553/345/350 556/346/350 554/347/351
f 554/347/351 556/346/350 555/348/352
f 554/347/353 555/348/354 538/349/355
f 538/349/355 555/348/354 537/350/355
f 549/351/356 552/352/356 550/353/357
f 550/353/357 552/352/356 551/354/358
f 550/353/357 551/354/358 547/355/359
f 547/355/359 551/354/358 548/356/360
f 547/355/359 548/356/360 545/357/361
f 545/357/361 548/356/360 546/358/361
f 543/359/362 542/360/362 544/361/363
f 544/361/363 542/360/362 541/362/364
f 544/361/365 541/362/366 540/350/367
f 540/350/367 541/362/366 539/349/367
f 535/363/368 534/364/368 536/358/368
f 536/358/368 534/364/368 533/357/368
f 531/365/369 530/366/369 532/367/369
f 532/367/16 530/366/16 529/368/16
f 532/367/16 529/368/16 525/369/16
f 525/369/370 529/368/370 528/370/370
f 525/369/370 528/370/370 526/371/370
f 526/371/370 528/370/370 527/372/370
f 523/372/371 522/370/371 524/371/371
f 524/371/371 522/370/371 521/369/371
f 522/370/371 520/368/371 521/369/371
f 521/369/371 520/368/371 517/367/371
f 518/365/371 517/367/371 519/366/371
f 519/366/371 517/367/371 520/368/371
f 127/373/372 131/374/373 128/375/372
f 128/375/372 131/374/373 132/376/374
f 131/374/375 130/377/376 132/376/374
f 132/376/377 130/377/376 129/378/378
f 130/377/379 120/379/380 129/378/381
f 129/378/381 120/379/380 117/380/380
f 119/381/380 118/382/380 120/379/380
f 120/379/380 118/382/380 117/380/380
f 123/375/382 126/376/383 124/373/382
f 124/373/382 126/376/383 125/374/384
f 126/376/383 122/378/385 125/374/386
f 125/374/386 122/378/385 121/377/385
f 121/377/387 122/378/387 116/379/388
f 116/379/388 122/378/387 115/380/388
f 116/379/388 115/380/388 114/382/388
f 116/379/388 114/382/388 224/381/388
f 111/383/389 110/384/389 112/385/389
f 112/385/389 110/384/389 109/386/389
f 107/387/16 106/388/16 108/389/16
f 108/389/16 106/388/16 105/390/16
f 108/389/16 105/390/16 102/391/16
f 102/391/16 105/390/16 104/392/16
f 102/391/16 104/392/16 103/393/16
f 100/392/17 99/390/17 101/393/17
f 101/393/17 99/390/17 96/389/17
f 101/393/17 96/389/17 95/391/17
f 97/394/17 96/389/17 98/395/17
f 98/395/17 96/389/17 99/390/17
f 93/395/16 113/388/16 94/394/16
f 94/394/16 113/388/16 133/387/16
f 136/396/390 137/397/390 134/383/390
f 134/383/390 137/397/390 138/398/390
f 228/399/391 318/400/391 227/401/392
f 227/401/392 318/400/391 226/402/393
f 227/401/394 226/402/395 251/403/390
f 251/403/390 226/402/395 252/404/396
f 251/403/390 252/404/396 253/405/397
f 253/405/398 252/404/399 264/406/400
f 252/404/399 265/407/400 264/406/400
f 253/405/397 250/408/390 251/403/390
f 251/403/390 250/408/390 248/409/390
f 250/408/390 249/410/390 248/409/390
f 248/409/390 249/410/390 247/378/395
f 248/409/390 247/378/395 225/411/394
f 225/411/392 247/378/393 266/412/391
f 225/411/392 266/412/391 267/413/391
f 230/400/319 231/399/319 229/414/401
f 229/414/401 231/399/319 232/415/402
f 229/414/401 232/415/403 233/400/377
f 233/400/377 232/415/403 234/399/373
f 233/400/377 234/399/373 235/402/404
f 235/402/404 234/399/373 236/401/404
f 235/402/405 236/401/405 288/403/389
f 235/402/405 288/403/389 257/404/406
f 257/404/406 288/403/389 287/408/389
f 257/404/407 287/408/389 254/405/408
f 257/404/407 254/405/409 256/407/383
f 256/407/383 254/405/409 255/406/386
f 256/407/383 255/406/386 259/416/309
f 259/416/309 255/406/386 258/417/309
f 288/403/389 285/409/389 287/408/389
f 287/408/389 285/409/389 286/410/389
f 286/410/389 285/409/389 276/378/405
f 276/378/405 285/409/389 277/411/405
f 276/378/404 277/411/404 274/413/410
f 274/413/410 275/412/410 276/378/404
f 239/418/16 237/419/16 238/420/16
f 238/420/16 237/419/16 240/421/16
f 237/419/16 241/422/16 240/421/16
f 240/421/16 241/422/16 242/389/16
f 241/422/16 243/390/16 242/389/16
f 242/389/16 243/390/16 244/391/16
f 246/393/16 244/391/16 245/392/16
f 245/392/16 244/391/16 243/390/16
f 261/406/411 262/407/411 260/417/411
f 260/417/411 262/407/411 263/416/411
f 269/412/319 270/423/401 268/413/319
f 268/413/319 270/423/401 271/424/402
f 273/413/412 271/424/403 272/412/412
f 272/412/412 271/424/403 270/423/401
f 279/425/17 280/426/17 278/390/17
f 278/390/17 280/426/17 281/389/17
f 278/390/17 281/389/17 282/392/17
f 282/392/17 281/389/17 283/391/17
f 282/392/17 283/391/17 284/393/17
f 291/383/388 289/384/388 290/427/388
f 290/427/388 289/384/388 292/428/388
f 297/426/17 296/425/17 295/421/17
f 295/421/17 296/425/17 293/422/17
f 295/421/17 293/422/17 294/420/17
f 294/420/17 293/422/17 298/419/17
f 294/420/17 298/419/17 299/418/17
f 302/429/380 300/430/380 301/431/380
f 301/431/380 300/430/380 303/432/380
f 307/433/17 304/389/17 306/434/17
f 306/434/17 304/389/17 305/390/17
f 304/389/17 308/391/17 305/390/17
f 305/390/17 308/391/17 309/392/17
f 309/392/17 308/391/17 310/393/17
f 313/393/16 311/391/16 312/392/16
f 312/392/16 311/391/16 314/435/16
f 312/392/16 314/435/16 315/390/16
f 315/390/16 314/435/16 316/433/16
f 315/390/16 316/433/16 317/434/16
f 418/418/371 422/420/371 420/419/371
f 420/419/371 422/420/371 421/422/371
f 422/420/371 419/421/371 421/422/371
f 421/422/371 419/421/371 417/436/371
f 417/436/371 419/421/371 416/437/371
f 410/438/411 414/439/307 411/440/411
f 411/440/411 414/439/307 415/441/413
f 414/439/414 413/442/415 415/441/413
f 415/441/413 413/442/415 412/443/416
f 393/423/417 412/443/418 394/444/417
f 394/444/417 412/443/418 413/442/419
f 406/440/400 409/441/420 407/438/400
f 407/438/400 409/441/421 408/439/422
f 409/441/421 405/443/423 408/439/424
f 408/439/424 405/443/423 404/442/425
f 395/444/426 404/442/425 396/423/426
f 396/423/426 404/442/427 405/443/428
f 399/418/370 398/419/370 400/420/370
f 400/420/370 398/419/370 401/421/370
f 398/419/370 403/422/370 401/421/370
f 401/421/370 403/422/370 402/437/370
f 397/436/370 402/437/370 403/422/370
f 390/445/284 392/446/284 391/398/284
f 391/398/284 392/446/284 389/383/284
f 146/447/391 144/448/429 145/449/391
f 145/449/391 144/448/429 143/450/421
f 144/448/422 140/451/430 143/450/421
f 143/450/421 140/451/430 139/452/431
f 140/451/432 141/453/433 139/452/431
f 139/452/431 141/453/433 142/454/434
f 141/453/435 163/455/436 142/454/437
f 142/454/437 163/455/436 160/456/438
f 162/457/439 160/456/440 161/458/441
f 161/458/442 160/456/440 163/455/443
f 154/459/16 155/460/16 153/461/16
f 153/461/16 155/460/16 152/462/16
f 153/461/16 152/462/16 149/463/16
f 149/463/16 152/462/16 147/464/16
f 149/463/16 147/464/16 148/465/16
f 148/465/16 147/464/16 150/466/16
f 148/465/16 150/466/16 151/467/16
f 151/467/16 150/466/16 157/468/16
f 151/467/16 157/468/16 158/469/16
f 158/469/16 157/468/16 159/470/16
f 149/463/16 156/471/16 153/461/16
f 167/472/444 165/473/445 164/474/444
f 164/474/444 165/473/445 166/475/446
f 165/473/445 168/476/447 166/475/446
f 166/475/446 168/476/447 169/477/448
f 171/478/380 169/477/448 170/479/380
f 170/479/380 169/477/448 168/476/447
f 174/480/449 172/478/389 173/481/450
f 173/481/439 172/478/389 175/479/389
f 178/449/284 176/482/284 177/447/284
f 177/447/284 176/482/284 179/483/284
f 182/484/451 180/485/401 181/486/451
f 181/486/451 180/485/401 183/487/402
f 180/485/401 186/488/452 183/487/402
f 183/487/402 186/488/452 185/489/453
f 187/474/454 185/489/453 184/472/454
f 184/472/454 185/489/453 186/488/455
f 195/459/17 194/461/17 196/460/17
f 196/460/17 194/461/17 193/462/17
f 197/471/17 190/463/17 194/461/17
f 194/461/17 190/463/17 193/462/17
f 193/462/17 190/463/17 189/464/17
f 189/464/17 190/463/17 188/465/17
f 189/464/17 188/465/17 192/466/17
f 192/466/17 188/465/17 191/467/17
f 192/466/17 191/467/17 198/468/17
f 198/468/17 191/467/17 199/469/17
f 198/468/17 199/469/17 200/470/17
f 702/490/370 701/491/370 703/492/370
f 703/492/370 701/491/370 700/493/370
f 703/492/370 700/493/370 699/494/370
f 697/492/371 696/494/371 698/495/371
f 698/495/371 696/494/371 695/493/371
f 693/496/4 692/497/4 694/498/4
f 694/498/4 692/497/4 691/499/4
f 685/497/456 684/496/456 689/500/457
f 689/500/457 684/496/456 688/501/458
f 689/500/459 688/501/460 690/502/461
f 690/502/461 688/501/460 686/503/461
f 688/501/460 687/504/461 686/503/461
f 686/503/461 687/504/461 654/501/458
f 686/503/461 654/501/458 655/502/461
f 655/502/461 654/501/460 656/500/462
f 653/497/456 656/500/457 652/496/456
f 652/496/456 656/500/462 654/501/463
f 682/498/464 681/499/464 683/505/464
f 683/505/464 681/499/464 680/506/464
f 683/505/464 680/506/464 679/507/464
f 683/505/464 679/507/464 678/508/464
f 678/508/464 679/507/464 650/505/464
f 651/498/464 650/505/464 649/499/464
f 649/499/464 650/505/464 648/506/464
f 648/506/464 650/505/464 679/507/464
f 675/509/355 677/510/355 676/511/355
f 676/511/355 677/510/355 674/512/355
f 646/509/355 647/511/355 677/510/355
f 677/510/355 647/511/355 674/512/355
f 672/513/4 671/514/4 673/515/4
f 673/515/4 671/514/4 670/516/4
f 645/513/4 644/515/4 671/514/4
f 671/514/4 644/515/4 670/516/4
f 669/490/371 668/492/371 667/491/371
f 667/491/371 668/492/371 666/493/371
f 666/493/371 668/492/371 665/494/371
f 664/492/370 663/495/370 662/494/370
f 662/494/370 663/495/370 661/493/370
f 660/496/4 659/498/4 658/497/4
f 658/497/4 659/498/4 657/499/4
f 706/517/465 707/518/465 860/519/466
f 860/519/467 707/518/465 708/520/468
f 860/519/466 708/520/469 716/521/470
f 716/521/470 708/520/471 713/522/472
f 716/521/470 713/522/473 715/523/474
f 715/523/474 713/522/473 714/524/474
f 715/523/475 714/524/475 717/525/476
f 717/525/476 718/526/476 715/523/475
f 710/527/477 711/526/477 709/528/477
f 709/528/477 711/526/477 712/525/477
f 720/529/478 721/530/478 719/531/478
f 719/531/478 721/530/478 722/532/478
f 719/531/478 722/532/478 859/533/478
f 719/531/478 859/533/478 858/534/478
f 856/535/284 855/536/284 857/537/284
f 857/537/284 855/536/284 854/538/284
f 852/534/479 851/533/479 853/531/479
f 853/531/479 851/533/479 850/532/479
f 853/531/479 850/532/479 849/530/479
f 853/531/479 849/530/479 848/529/479
f 846/539/336 845/540/336 847/541/336
f 847/541/417 845/540/417 844/542/417
f 842/543/480 841/544/480 843/545/480
f 843/545/480 841/544/480 840/546/480
f 838/547/284 837/548/284 839/549/284
f 839/549/284 837/548/284 836/550/284
f 834/551/371 833/552/371 835/543/371
f 835/543/371 833/552/371 832/553/371
f 830/554/481 829/540/481 831/547/481
f 831/547/481 829/540/481 828/542/481
f 826/555/426 825/556/426 827/547/426
f 827/547/340 825/556/340 824/549/340
f 823/539/417 822/541/417 821/540/417
f 821/540/336 822/541/336 820/542/336
f 819/543/482 818/545/482 817/544/482
f 817/544/482 818/545/482 816/546/482
f 815/547/284 814/549/284 813/548/284
f 813/548/284 814/549/284 812/550/284
f 811/551/16 810/543/16 809/552/16
f 809/552/16 810/543/16 808/553/16
f 807/554/481 806/547/481 805/540/481
f 805/540/481 806/547/481 804/542/481
f 803/555/340 802/547/340 801/556/340
f 801/556/426 802/547/426 800/549/426
f 799/517/464 798/519/467 797/518/464
f 797/518/464 798/519/466 796/520/468
f 798/519/483 788/521/470 796/520/471
f 796/520/471 788/521/470 790/522/472
f 788/521/470 789/523/474 790/522/473
f 790/522/473 789/523/474 791/524/474
f 787/526/476 786/525/476 789/523/475
f 789/523/475 786/525/476 791/524/475
f 795/527/484 794/528/484 793/526/484
f 793/526/484 794/528/484 792/525/484
f 785/529/479 784/531/479 783/530/479
f 783/530/479 784/531/479 782/532/479
f 780/534/479 781/533/479 784/531/479
f 784/531/479 781/533/479 782/532/479
f 779/535/284 778/537/284 777/536/284
f 777/536/284 778/537/284 776/538/284
f 775/534/478 774/531/478 773/533/478
f 773/533/478 774/531/478 772/532/478
f 770/529/478 771/530/478 774/531/478
f 774/531/478 771/530/478 772/532/478
f 769/539/336 768/541/336 767/540/336
f 767/540/336 768/541/336 766/542/336
f 765/543/482 764/545/482 763/544/482
f 763/544/482 764/545/482 762/546/482
f 761/547/284 760/549/284 759/548/284
f 759/548/284 760/549/284 758/550/284
f 757/551/16 756/543/16 755/552/16
f 755/552/16 756/543/16 754/553/16
f 753/554/481 752/547/481 751/540/481
f 751/540/481 752/547/481 750/542/481
f 749/555/340 748/547/340 747/556/340
f 747/556/426 748/547/426 746/549/426
f 744/539/336 743/540/336 745/541/336
f 745/541/417 743/540/417 742/542/417
f 740/543/480 739/544/480 741/545/480
f 741/545/480 739/544/480 738/546/480
f 736/547/284 735/548/284 737/549/284
f 737/549/284 735/548/284 734/550/284
f 732/551/371 731/552/371 733/543/371
f 733/543/371 731/552/371 730/553/371
f 728/554/481 727/540/481 729/547/481
f 729/547/481 727/540/481 726/542/481
f 724/555/426 723/556/426 725/547/426
f 725/547/340 723/556/340 705/549/340
f 640/557/485 643/558/485 641/559/486
f 641/559/486 643/558/487 642/560/488
f 641/559/489 642/560/488 593/561/284
f 593/561/284 592/562/490 641/559/489
f 641/559/489 592/562/490 589/563/490
f 641/559/489 589/563/490 616/564/489
f 616/564/489 589/563/490 615/565/488
f 616/564/486 615/565/488 617/566/487
f 617/566/487 615/565/488 614/567/487
f 589/563/490 588/568/284 615/565/488
f 566/569/491 589/563/492 567/570/491
f 567/570/491 589/563/492 592/562/492
f 636/571/493 639/559/494 637/572/493
f 637/572/493 639/559/494 638/560/495
f 590/573/4 638/560/495 591/574/4
f 591/574/4 638/560/495 639/559/496
f 634/575/497 633/576/497 635/577/497
f 635/577/497 633/576/497 632/578/497
f 630/579/371 629/580/371 631/581/371
f 631/581/371 629/580/371 628/582/371
f 626/583/498 625/584/498 627/585/498
f 627/585/499 625/584/499 624/586/499
f 622/587/370 621/582/370 623/588/370
f 623/588/370 621/582/370 620/581/370
f 618/580/370 619/579/370 621/582/370
f 621/582/370 619/579/370 620/581/370
f 610/589/493 613/565/494 611/590/493
f 611/590/493 613/565/494 612/564/495
f 586/591/4 612/564/495 587/592/4
f 587/592/4 612/564/495 613/565/496
f 608/593/497 607/594/497 609/595/497
f 609/595/497 607/594/497 606/596/497
f 604/579/371 603/580/371 605/581/371
f 605/581/371 603/580/371 602/582/371
f 605/581/371 602/582/371 585/587/371
f 585/587/371 584/588/371 605/581/371
f 600/597/498 599/598/498 601/599/498
f 601/599/498 599/598/498 598/600/498
f 596/581/370 595/582/370 597/579/370
f 597/579/370 595/582/370 594/580/370
f 582/601/500 581/602/500 583/603/500
f 583/603/500 581/602/500 580/604/500
f 387/559/295 386/564/295 388/574/295
f 388/574/295 386/564/295 385/591/295
f 383/605/464 579/586/464 384/606/464
f 384/606/464 579/586/464 578/598/464
f 576/585/464 577/597/464 579/586/464
f 579/586/464 577/597/464 578/598/464
f 574/607/370 573/587/370 575/608/370
f 575/608/370 573/587/370 572/588/370
f 570/608/371 569/588/371 571/607/371
f 571/607/371 569/588/371 568/587/371
f 564/609/501 563/574/501 565/610/501
f 565/610/501 563/574/501 562/591/501
f 381/611/370 561/588/370 382/612/370
f 382/612/370 561/588/370 560/581/370
f 379/612/371 559/581/371 380/611/371
f 380/611/371 559/581/371 558/588/371
f 377/606/502 704/598/502 378/605/502
f 378/605/502 704/598/502 557/586/502
f 375/613/295 374/614/295 376/615/295
f 376/615/295 374/614/295 373/616/295
f 516/617/340 370/618/340 372/619/340
f 372/619/426 370/618/426 369/620/426
f 367/621/503 366/622/503 368/623/504
f 368/623/505 366/622/503 365/620/506
f 363/619/503 365/620/507 364/624/503
f 364/624/503 365/620/507 366/622/503
f 361/622/426 360/625/426 362/624/426
f 362/624/426 360/625/426 359/626/426
f 357/626/362 356/625/362 358/627/508
f 358/627/508 356/625/362 355/628/509
f 358/627/510 355/628/511 354/629/512
f 354/629/512 355/628/511 349/630/512
f 350/631/512 349/630/512 351/632/512
f 351/632/512 349/630/512 355/628/511
f 353/633/512 352/634/512 354/629/512
f 354/629/512 352/634/512 358/627/510
f 347/635/284 346/636/284 348/637/513
f 348/637/513 346/636/284 345/638/514
f 348/637/515 345/638/516 344/639/517
f 344/639/518 345/638/516 343/640/518
f 341/641/519 340/642/520 342/643/519
f 342/643/521 340/642/522 339/644/523
f 337/645/371 336/646/371 338/647/371
f 338/647/371 336/646/371 335/648/371
f 338/647/371 335/648/371 334/649/371
f 330/650/524 333/613/525 331/651/526
f 331/651/526 333/613/527 332/652/528
f 453/615/370 454/653/370 333/613/527
f 333/613/527 454/653/370 455/654/370
f 333/613/527 455/654/370 329/655/529
f 329/655/529 455/654/370 461/656/370
f 329/655/529 461/656/370 460/649/370
f 460/649/370 461/656/370 459/657/370
f 460/649/370 459/657/370 458/647/370
f 458/647/370 459/657/370 456/646/370
f 458/647/370 456/646/370 457/645/370
f 329/655/530 460/649/370 493/658/370
f 493/658/370 460/649/370 462/659/370
f 493/658/16 462/659/16 464/660/16
f 464/660/370 462/659/370 463/661/370
f 329/655/529 328/662/531 333/613/532
f 333/613/527 328/662/531 332/652/533
f 324/663/417 323/664/417 325/665/534
f 325/665/534 323/664/417 327/666/417
f 325/665/534 327/666/417 326/667/535
f 327/666/417 323/664/417 322/668/417
f 428/669/536 427/670/536 326/667/537
f 326/667/537 427/670/536 325/665/538
f 320/613/371 319/671/371 321/615/371
f 321/615/371 319/671/371 371/653/371
f 424/672/295 425/673/539 423/674/295
f 423/674/295 425/673/539 426/675/540
f 430/676/541 431/677/541 429/678/542
f 429/678/543 431/677/541 432/679/544
f 429/678/545 432/679/542 433/680/546
f 433/680/546 432/679/547 434/681/548
f 433/680/546 434/681/549 435/682/550
f 432/679/541 436/683/541 434/681/551
f 438/684/284 439/685/284 437/686/284
f 437/686/284 439/685/284 440/687/284
f 444/669/552 441/688/553 443/670/552
f 443/670/552 441/688/553 442/689/554
f 441/688/555 445/690/556 442/689/557
f 442/689/554 445/690/556 446/691/558
f 448/692/559 446/691/560 447/693/559
f 447/693/559 446/691/560 445/690/561
f 452/693/417 449/694/562 451/692/417
f 451/692/417 449/694/563 450/695/564
f 449/694/565 339/644/566 450/695/564
f 450/695/564 339/644/566 340/642/567
f 450/695/564 340/642/567 465/696/568
f 485/697/521 486/698/521 465/696/522
f 465/696/522 486/698/521 466/699/520
f 465/696/567 466/699/567 450/695/564
f 468/668/569 469/664/569 467/700/569
f 467/700/569 469/664/569 470/701/569
f 472/613/295 473/615/295 471/614/295
f 471/614/295 473/615/295 474/616/295
f 476/702/340 477/621/340 475/703/340
f 475/703/426 477/621/426 478/623/426
f 480/704/284 481/705/513 479/706/284
f 479/706/284 481/705/513 482/707/516
f 484/708/517 482/707/516 483/709/517
f 483/709/517 482/707/516 481/705/515
f 488/649/370 489/648/370 487/647/370
f 487/647/370 489/648/370 490/646/370
f 487/647/370 490/646/370 491/645/370
f 496/650/570 492/651/571 495/613/572
f 495/613/573 492/651/571 494/652/574
f 495/613/575 494/652/576 497/662/577
f 515/615/371 495/613/578 514/653/371
f 514/653/371 495/613/578 513/654/371
f 497/662/577 498/655/579 495/613/575
f 495/613/578 498/655/579 513/654/371
f 513/654/371 498/655/579 512/656/371
f 512/656/371 498/655/579 507/649/371
f 512/656/371 507/649/371 511/657/371
f 511/657/371 507/649/371 508/647/371
f 511/657/371 508/647/371 510/646/371
f 510/646/371 508/647/371 509/645/371
f 498/655/579 506/658/371 507/649/371
f 507/649/371 506/658/371 505/659/371
f 504/661/371 505/659/371 503/660/371
f 503/660/371 505/659/371 506/658/371
f 500/613/370 501/615/370 499/671/370
f 499/671/370 501/615/370 502/653/370
f 202/710/580 203/711/580 201/712/580
f 201/712/580 203/711/580 204/713/580
f 206/714/581 207/715/581 205/716/581
f 205/716/581 207/715/581 208/717/581
f 210/713/582 211/714/582 209/718/582
f 209/718/582 211/714/582 212/719/582
f 214/711/388 215/715/388 213/713/388
f 213/713/388 215/715/388 216/714/388
f 218/720/583 219/721/583 217/711/583
f 217/711/583 219/721/583 220/715/583
f 222/722/380 223/723/380 221/724/380
f 221/724/380 223/723/380 135/725/380
f 2403/345/350 2402/347/584 2401/346/350
f 2401/346/350 2402/347/584 2631/348/585
f 2475/350/284 2631/348/352 2474/349/284
f 2474/349/284 2631/348/352 2402/347/586
f 2407/351/587 2406/353/588 2405/352/587
f 2405/352/587 2406/353/588 2404/354/358
f 2406/353/589 2409/355/359 2404/354/590
f 2404/354/591 2409/355/359 2408/356/592
f 2410/358/593 2408/356/592 2411/357/593
f 2411/357/593 2408/356/592 2409/355/594
f 2412/359/595 2413/361/596 2414/360/595
f 2414/360/595 2413/361/596 2471/362/597
f 2473/349/598 2471/362/364 2472/350/598
f 2472/350/598 2471/362/599 2413/361/600
f 2476/363/601 2477/358/601 2478/364/601
f 2478/364/601 2477/358/601 2479/357/601
f 2480/365/371 2481/367/371 2482/366/371
f 2482/366/371 2481/367/371 2483/368/371
f 2481/367/371 2487/369/371 2483/368/371
f 2483/368/371 2487/369/371 2485/370/371
f 2484/372/371 2485/370/371 2486/371/371
f 2486/371/371 2485/370/371 2487/369/371
f 2488/372/370 2489/371/370 2490/370/370
f 2490/370/370 2489/371/370 2491/369/370
f 2490/370/370 2491/369/370 2492/368/370
f 2492/368/370 2491/369/370 2495/367/370
f 2492/368/370 2495/367/370 2494/366/370
f 2494/366/370 2495/367/370 2493/365/370
f 2234/373/410 2235/375/410 2230/374/373
f 2230/374/373 2235/375/410 2231/376/377
f 2230/374/373 2231/376/377 2232/377/376
f 2232/377/376 2231/376/377 2233/378/602
f 2232/377/379 2233/378/378 2243/379/380
f 2243/379/380 2233/378/378 2245/380/380
f 2243/379/380 2245/380/380 2244/382/380
f 2242/381/380 2243/379/380 2244/382/380
f 2239/375/382 2238/373/382 2237/376/383
f 2237/376/383 2238/373/382 2236/374/386
f 2237/376/383 2236/374/386 2241/378/385
f 2241/378/385 2236/374/386 2240/377/385
f 2241/378/603 2240/377/603 2286/379/388
f 2283/381/388 2284/382/388 2286/379/388
f 2286/379/388 2284/382/388 2285/380/388
f 2286/379/388 2285/380/388 2241/378/603
f 2282/383/389 2168/385/389 2280/384/389
f 2280/384/389 2168/385/389 2279/386/389
f 2278/387/17 2277/389/17 2276/388/17
f 2276/388/17 2277/389/17 2275/390/17
f 2277/389/17 2272/391/17 2275/390/17
f 2275/390/17 2272/391/17 2273/392/17
f 2274/393/17 2273/392/17 2272/391/17
f 2271/392/16 2270/393/16 2269/390/16
f 2269/390/16 2270/393/16 2266/389/16
f 2269/390/16 2266/389/16 2267/395/16
f 2267/395/16 2266/389/16 2268/394/16
f 2266/389/16 2270/393/16 2265/391/16
f 2264/395/17 2263/394/17 2262/388/17
f 2262/388/17 2263/394/17 2261/387/17
f 2260/396/390 2259/383/390 2258/397/390
f 2258/397/390 2259/383/390 2257/398/390
f 2303/399/323 2302/401/604 2301/400/323
f 2301/400/323 2302/401/604 2300/402/605
f 2302/401/606 2327/403/607 2300/402/393
f 2300/402/393 2327/403/607 2328/404/608
f 2381/407/609 2328/404/610 2382/406/609
f 2382/406/611 2328/404/396 2329/405/397
f 2326/408/607 2329/405/612 2327/403/607
f 2327/403/607 2329/405/613 2328/404/608
f 2327/403/614 2324/409/614 2326/408/614
f 2326/408/607 2324/409/607 2325/410/607
f 2325/410/607 2324/409/607 2323/378/393
f 2323/378/393 2324/409/607 2322/411/392
f 2323/378/605 2322/411/604 2380/412/323
f 2380/412/323 2322/411/604 2379/413/323
f 2304/400/615 2305/414/616 2306/399/615
f 2306/399/615 2305/414/617 2307/415/618
f 2305/414/617 2308/400/316 2307/415/618
f 2307/415/618 2308/400/316 2309/399/619
f 2308/400/316 2310/402/405 2309/399/619
f 2309/399/619 2310/402/405 2311/401/405
f 2311/401/620 2310/402/620 2358/403/621
f 2358/403/621 2310/402/620 2390/404/622
f 2358/403/621 2390/404/407 2359/408/621
f 2359/408/621 2390/404/622 2392/405/409
f 2390/404/623 2391/407/624 2392/405/625
f 2392/405/625 2391/407/626 2387/406/627
f 2389/417/628 2387/406/629 2388/416/628
f 2388/416/630 2387/406/627 2391/407/624
f 2358/403/621 2359/408/621 2361/409/621
f 2361/409/621 2359/408/621 2360/410/621
f 2361/409/621 2360/410/621 2370/378/620
f 2372/412/631 2371/413/631 2370/378/632
f 2370/378/405 2371/413/633 2369/411/405
f 2370/378/620 2369/411/620 2361/409/621
f 2314/418/371 2312/420/371 2313/419/371
f 2313/419/371 2312/420/371 2315/421/371
f 2313/419/371 2315/421/371 2316/422/371
f 2316/422/371 2315/421/371 2317/389/371
f 2316/422/371 2317/389/371 2318/390/371
f 2318/390/371 2317/389/371 2319/391/371
f 2318/390/371 2319/391/371 2320/392/371
f 2320/392/371 2319/391/371 2321/393/371
f 2386/406/634 2385/417/634 2384/407/634
f 2384/407/634 2385/417/634 2383/416/634
f 2378/412/635 2377/413/635 2376/423/616
f 2376/423/616 2377/413/615 2375/424/403
f 2376/423/616 2375/424/403 2374/412/636
f 2374/412/637 2375/424/618 2373/413/637
f 2368/425/370 2367/390/370 2366/426/370
f 2366/426/370 2367/390/370 2365/389/370
f 2367/390/370 2364/392/370 2365/389/370
f 2365/389/370 2364/392/370 2363/391/370
f 2363/391/370 2364/392/370 2362/393/370
f 2355/383/638 2357/427/638 2356/384/638
f 2356/384/638 2357/427/638 2354/428/638
f 2347/426/370 2351/421/370 2350/425/370
f 2350/425/370 2351/421/370 2352/422/370
f 2351/421/370 2353/420/370 2352/422/370
f 2352/422/370 2353/420/370 2346/419/370
f 2353/420/370 2343/418/370 2346/419/370
f 2340/429/639 2342/431/639 2341/430/639
f 2341/430/639 2342/431/639 2339/432/639
f 2335/433/370 2336/434/370 2337/389/370
f 2337/389/370 2336/434/370 2338/390/370
f 2337/389/370 2338/390/370 2334/391/370
f 2334/391/370 2338/390/370 2333/392/370
f 2334/391/370 2333/392/370 2332/393/370
f 2393/393/371 2331/392/371 2330/391/371
f 2330/391/371 2331/392/371 2344/435/371
f 2331/392/371 2345/390/371 2344/435/371
f 2344/435/371 2345/390/371 2348/433/371
f 2348/433/371 2345/390/371 2349/434/371
f 2443/418/370 2445/419/370 2448/420/370
f 2448/420/370 2445/419/370 2449/422/370
f 2448/420/370 2449/422/370 2444/421/370
f 2444/421/370 2449/422/370 2442/436/370
f 2444/421/370 2442/436/370 2441/437/370
f 2436/438/640 2435/440/640 2440/439/307
f 2440/439/307 2435/440/640 2439/441/641
f 2440/439/642 2439/441/641 2438/442/643
f 2438/442/643 2439/441/641 2437/443/644
f 2438/442/645 2437/443/416 2398/444/417
f 2398/444/417 2437/443/416 2399/423/417
f 2431/440/400 2432/438/400 2433/441/646
f 2433/441/646 2432/438/400 2434/439/647
f 2433/441/648 2434/439/647 2429/443/649
f 2429/443/649 2434/439/647 2430/442/427
f 2429/443/650 2430/442/651 2400/423/426
f 2400/423/426 2430/442/651 2415/444/426
f 2419/418/371 2418/420/371 2417/419/371
f 2417/419/371 2418/420/371 2420/421/371
f 2417/419/371 2420/421/371 2421/422/371
f 2421/422/371 2420/421/371 2428/437/371
f 2421/422/371 2428/437/371 2416/436/371
f 2395/445/284 2397/398/284 2396/446/284
f 2396/446/284 2397/398/284 2394/383/284
f 2175/447/391 2174/449/391 2172/448/647
f 2172/448/647 2174/449/391 2173/450/421
f 2172/448/647 2173/450/421 2281/451/430
f 2281/451/430 2173/450/421 2169/452/431
f 2281/451/430 2169/452/431 2170/453/433
f 2170/453/433 2169/452/431 2171/454/652
f 2170/453/435 2171/454/434 2192/455/436
f 2192/455/436 2171/454/434 2190/456/438
f 2192/455/443 2190/456/653 2189/458/442
f 2189/458/441 2190/456/653 2191/457/654
f 2183/459/17 2182/461/17 2184/460/17
f 2184/460/17 2182/461/17 2181/462/17
f 2185/471/17 2178/463/17 2182/461/17
f 2182/461/17 2178/463/17 2181/462/17
f 2181/462/17 2178/463/17 2177/464/17
f 2177/464/17 2178/463/17 2176/465/17
f 2177/464/17 2176/465/17 2180/466/17
f 2180/466/17 2176/465/17 2179/467/17
f 2180/466/17 2179/467/17 2186/468/17
f 2186/468/17 2179/467/17 2187/469/17
f 2186/468/17 2187/469/17 2188/470/17
f 2196/472/444 2194/474/444 2193/473/445
f 2193/473/445 2194/474/444 2195/475/446
f 2193/473/655 2195/475/446 2197/476/447
f 2197/476/447 2195/475/656 2198/477/448
f 2197/476/447 2198/477/448 2199/479/380
f 2199/479/380 2198/477/448 2200/478/380
f 2203/480/441 2201/481/450 2202/478/389
f 2202/478/389 2201/481/450 2204/479/389
f 2207/449/284 2205/447/284 2206/482/284
f 2206/482/284 2205/447/284 2208/483/284
f 2211/484/319 2209/486/319 2210/485/401
f 2210/485/401 2209/486/319 2212/487/403
f 2210/485/401 2212/487/403 2215/488/657
f 2215/488/658 2212/487/403 2213/489/453
f 2215/488/658 2213/489/659 2214/472/454
f 2214/472/454 2213/489/659 2216/474/454
f 2224/459/16 2225/460/16 2223/461/16
f 2223/461/16 2225/460/16 2222/462/16
f 2223/461/16 2222/462/16 2219/463/16
f 2219/463/16 2222/462/16 2217/464/16
f 2219/463/16 2217/464/16 2218/465/16
f 2218/465/16 2217/464/16 2220/466/16
f 2218/465/16 2220/466/16 2221/467/16
f 2221/467/16 2220/466/16 2227/468/16
f 2221/467/16 2227/468/16 2228/469/16
f 2228/469/16 2227/468/16 2229/470/16
f 2219/463/16 2226/471/16 2223/461/16
f 2774/490/371 2775/492/371 2776/491/371
f 2776/491/371 2775/492/371 2777/493/371
f 2777/493/371 2775/492/371 2778/494/371
f 2718/492/370 2717/495/370 2716/494/370
f 2716/494/370 2717/495/370 2715/493/370
f 2714/496/295 2713/498/295 2712/497/295
f 2712/497/295 2713/498/295 2711/499/295
f 2705/497/660 2710/500/459 2704/496/660
f 2704/496/660 2710/500/661 2708/501/662
f 2710/500/661 2709/502/663 2708/501/662
f 2708/501/662 2709/502/663 2706/503/663
f 2708/501/664 2706/503/663 2707/504/663
f 2707/504/663 2706/503/663 2674/501/662
f 2706/503/663 2676/502/663 2674/501/662
f 2674/501/662 2676/502/663 2675/500/459
f 2674/501/664 2675/500/459 2672/496/660
f 2672/496/660 2675/500/459 2673/497/660
f 2703/498/417 2702/505/417 2701/499/417
f 2701/499/417 2702/505/417 2700/506/417
f 2700/506/417 2702/505/417 2699/507/417
f 2699/507/417 2702/505/417 2698/508/417
f 2699/507/417 2698/508/417 2671/505/417
f 2670/498/417 2669/499/417 2671/505/417
f 2671/505/417 2669/499/417 2668/506/417
f 2671/505/417 2668/506/417 2699/507/417
f 2695/509/284 2697/511/284 2696/510/284
f 2696/510/284 2697/511/284 2694/512/284
f 2696/510/284 2694/512/284 2667/511/284
f 2696/510/284 2667/511/284 2666/509/284
f 2693/513/295 2692/515/295 2691/514/295
f 2691/514/295 2692/515/295 2690/516/295
f 2691/514/295 2690/516/295 2665/515/295
f 2665/515/295 2664/513/295 2691/514/295
f 2688/490/370 2687/491/370 2689/492/370
f 2689/492/370 2687/491/370 2686/493/370
f 2689/492/370 2686/493/370 2685/494/370
f 2683/492/371 2682/494/371 2684/495/371
f 2684/495/371 2682/494/371 2681/493/371
f 2679/496/295 2678/497/295 2680/498/295
f 2680/498/295 2678/497/295 2677/499/295
f 2902/517/464 2903/519/483 2904/518/464
f 2904/518/465 2903/519/466 2905/520/471
f 2903/519/483 2913/521/470 2905/520/665
f 2905/520/471 2913/521/470 2911/522/473
f 2913/521/666 2912/523/475 2911/522/667
f 2911/522/667 2912/523/475 2910/524/475
f 2914/526/668 2915/525/668 2912/523/475
f 2912/523/475 2915/525/668 2910/524/475
f 2906/527/669 2907/528/669 2908/526/669
f 2908/526/484 2907/528/484 2909/525/484
f 2916/529/479 2917/531/479 2918/530/479
f 2918/530/479 2917/531/479 2919/532/479
f 2921/534/479 2920/533/479 2917/531/479
f 2917/531/479 2920/533/479 2919/532/479
f 2922/535/92 2923/537/92 2924/536/92
f 2924/536/92 2923/537/92 2925/538/92
f 2926/534/478 2927/531/478 2928/533/478
f 2928/533/478 2927/531/478 2934/532/478
f 2931/529/478 2932/530/478 2927/531/478
f 2927/531/478 2932/530/478 2934/532/478
f 2930/539/336 2929/541/336 2901/540/336
f 2901/540/417 2929/541/417 2900/542/417
f 2899/543/482 2898/545/482 2897/544/482
f 2897/544/482 2898/545/482 2896/546/482
f 2895/547/284 2894/549/284 2893/548/284
f 2893/548/284 2894/549/284 2892/550/284
f 2891/551/16 2890/543/16 2889/552/16
f 2889/552/370 2890/543/370 2888/553/370
f 2887/554/670 2935/547/670 2886/540/670
f 2886/540/671 2935/547/671 2885/542/671
f 2884/555/340 2883/547/340 2882/556/340
f 2882/556/426 2883/547/426 2881/549/426
f 2879/539/417 2878/540/417 2880/541/417
f 2880/541/336 2878/540/336 2877/542/336
f 2875/543/480 2874/544/480 2876/545/480
f 2876/545/480 2874/544/480 2873/546/480
f 2871/547/284 2870/548/284 2872/549/284
f 2872/549/284 2870/548/284 2869/550/284
f 2867/551/371 2866/552/371 2868/543/371
f 2868/543/17 2866/552/17 2865/553/17
f 2863/554/670 2862/540/670 2864/547/670
f 2864/547/671 2862/540/671 2861/542/671
f 2859/555/340 2858/556/340 2860/547/340
f 2860/547/340 2858/556/340 2857/549/340
f 2855/517/465 2854/518/465 2856/519/466
f 2856/519/467 2854/518/464 2853/520/471
f 2856/519/483 2853/520/469 2818/521/470
f 2818/521/470 2853/520/471 2848/522/473
f 2818/521/666 2848/522/667 2819/523/475
f 2819/523/475 2848/522/667 2847/524/475
f 2819/523/475 2847/524/475 2817/525/668
f 2817/525/668 2816/526/668 2819/523/475
f 2851/527/672 2850/526/672 2852/528/672
f 2852/528/477 2850/526/477 2849/525/477
f 2783/529/478 2780/530/478 2815/531/478
f 2815/531/478 2780/530/478 2781/532/478
f 2815/531/478 2781/532/478 2782/533/478
f 2815/531/478 2782/533/478 2933/534/478
f 2785/535/92 2786/536/92 2784/537/92
f 2784/537/92 2786/536/92 2787/538/92
f 2789/534/479 2790/533/479 2788/531/479
f 2788/531/479 2790/533/479 2791/532/479
f 2788/531/479 2791/532/479 2792/530/479
f 2788/531/479 2792/530/479 2793/529/479
f 2795/539/336 2796/540/336 2794/541/336
f 2794/541/417 2796/540/417 2797/542/417
f 2799/543/480 2800/544/480 2798/545/480
f 2798/545/480 2800/544/480 2801/546/480
f 2803/547/284 2804/548/284 2802/549/284
f 2802/549/284 2804/548/284 2805/550/284
f 2807/551/371 2808/552/371 2806/543/371
f 2806/543/17 2808/552/17 2809/553/17
f 2811/554/670 2812/540/670 2810/547/670
f 2810/547/671 2812/540/671 2813/542/671
f 2820/555/426 2821/556/426 2814/547/426
f 2814/547/340 2821/556/340 2822/549/340
f 2823/539/336 2824/541/336 2825/540/336
f 2825/540/336 2824/541/336 2826/542/336
f 2827/543/482 2828/545/482 2829/544/482
f 2829/544/482 2828/545/482 2830/546/482
f 2831/547/284 2832/549/284 2833/548/284
f 2833/548/284 2832/549/284 2834/550/284
f 2835/551/16 2836/543/16 2837/552/16
f 2837/552/16 2836/543/16 2838/553/16
f 2839/554/670 2840/547/670 2841/540/670
f 2841/540/671 2840/547/671 2842/542/671
f 2843/555/426 2844/547/426 2845/556/426
f 2845/556/340 2844/547/340 2846/549/340
f 2770/557/673 2771/559/489 2772/558/673
f 2772/558/673 2771/559/489 2773/560/674
f 2773/560/674 2771/559/675 2723/561/284
f 2723/561/284 2771/559/675 2722/562/492
f 2766/571/676 2767/572/676 2768/559/496
f 2768/559/496 2767/572/676 2769/560/677
f 2768/559/678 2769/560/677 2721/574/295
f 2721/574/295 2769/560/677 2720/573/295
f 2765/575/679 2764/577/679 2763/576/679
f 2763/576/679 2764/577/679 2762/578/679
f 2761/579/370 2760/581/370 2759/580/370
f 2759/580/370 2760/581/370 2758/582/370
f 2757/583/680 2756/585/680 2755/584/680
f 2755/584/680 2756/585/680 2754/586/680
f 2753/587/371 2752/588/371 2751/582/371
f 2751/582/371 2752/588/371 2750/581/371
f 2751/582/371 2750/581/371 2749/579/371
f 2748/580/371 2751/582/371 2749/579/371
f 2744/567/673 2745/565/674 2746/566/673
f 2746/566/673 2745/565/674 2747/564/489
f 2663/568/284 2719/563/492 2745/565/674
f 2745/565/674 2719/563/492 2747/564/675
f 2747/564/675 2719/563/492 2771/559/675
f 2771/559/675 2719/563/492 2722/562/492
f 2642/569/681 2641/570/681 2719/563/682
f 2719/563/682 2641/570/681 2722/562/682
f 2740/589/676 2741/590/676 2742/565/496
f 2742/565/496 2741/590/676 2743/564/677
f 2742/565/678 2743/564/677 2662/592/295
f 2662/592/295 2743/564/677 2661/591/295
f 2739/593/679 2738/595/679 2737/594/679
f 2737/594/679 2738/595/679 2736/596/679
f 2735/579/370 2734/581/370 2733/580/370
f 2733/580/370 2734/581/370 2732/582/370
f 2659/588/370 2660/587/370 2734/581/370
f 2734/581/370 2660/587/370 2732/582/370
f 2731/597/680 2730/599/680 2729/598/680
f 2729/598/680 2730/599/680 2728/600/680
f 2727/581/371 2726/579/371 2725/582/371
f 2725/582/371 2726/579/371 2724/580/371
f 2658/601/683 2657/603/683 2656/602/683
f 2656/602/683 2657/603/683 2655/604/683
f 2422/559/295 2423/574/295 2424/564/295
f 2424/564/295 2423/574/295 2425/591/295
f 2426/605/417 2427/606/417 2654/586/417
f 2654/586/417 2427/606/417 2653/598/417
f 2654/586/417 2653/598/417 2652/597/417
f 2654/586/417 2652/597/417 2651/585/417
f 2650/607/371 2649/608/371 2648/587/371
f 2648/587/371 2649/608/371 2647/588/371
f 2646/608/370 2645/607/370 2644/588/370
f 2644/588/370 2645/607/370 2643/587/370
f 2640/609/684 2639/610/684 2638/574/684
f 2638/574/684 2639/610/684 2637/591/684
f 2446/611/371 2447/612/371 2636/588/371
f 2636/588/371 2447/612/371 2635/581/371
f 2450/612/370 2451/611/370 2634/581/370
f 2634/581/370 2451/611/370 2633/588/370
f 2452/606/426 2453/605/426 2779/598/426
f 2779/598/426 2453/605/426 2632/586/426
f 2454/613/295 2455/615/295 2456/614/295
f 2456/614/295 2455/615/295 2457/616/295
f 2458/617/426 2459/619/426 2460/618/426
f 2460/618/426 2459/619/426 2461/620/426
f 2462/621/685 2463/623/505 2464/622/685
f 2464/622/685 2463/623/505 2465/620/686
f 2464/622/685 2465/620/686 2466/624/685
f 2466/624/685 2465/620/686 2467/619/685
f 2468/622/426 2469/624/426 2470/625/426
f 2470/625/426 2469/624/426 2496/626/426
f 2497/626/595 2498/627/687 2499/625/595
f 2499/625/595 2498/627/687 2500/628/688
f 2501/633/689 2502/629/689 2503/634/689
f 2503/634/689 2502/629/689 2498/627/690
f 2506/630/691 2500/628/692 2502/629/691
f 2502/629/691 2500/628/509 2498/627/690
f 2504/631/691 2505/632/691 2506/630/691
f 2506/630/691 2505/632/691 2500/628/692
f 2507/635/284 2508/637/515 2509/636/284
f 2509/636/284 2508/637/515 2510/638/516
f 2552/640/693 2510/638/694 2511/639/693
f 2511/639/693 2510/638/694 2508/637/515
f 2630/641/695 2629/643/695 2628/642/522
f 2628/642/522 2629/643/696 2627/644/697
f 2628/642/520 2627/644/523 2579/695/698
f 2579/695/699 2627/644/523 2578/694/562
f 2579/695/699 2578/694/700 2577/692/417
f 2577/692/417 2578/694/701 2576/693/417
f 2628/642/520 2579/695/698 2561/696/520
f 2561/696/520 2579/695/698 2562/699/520
f 2561/696/522 2562/699/520 2540/698/696
f 2541/697/696 2561/696/520 2540/698/696
f 2626/645/370 2625/647/370 2624/646/370
f 2624/646/370 2625/647/370 2623/648/370
f 2623/648/370 2625/647/370 2622/649/370
f 2618/650/570 2619/651/571 2620/613/702
f 2620/613/702 2619/651/571 2621/652/703
f 2620/613/572 2621/652/703 2616/662/577
f 2575/615/371 2620/613/572 2574/653/371
f 2574/653/371 2620/613/572 2573/654/371
f 2616/662/577 2617/655/579 2620/613/575
f 2620/613/572 2617/655/579 2573/654/371
f 2573/654/371 2617/655/579 2567/656/371
f 2567/656/371 2617/655/579 2568/649/371
f 2567/656/371 2568/649/371 2569/657/371
f 2569/657/371 2568/649/371 2570/647/371
f 2569/657/371 2570/647/371 2571/646/371
f 2571/646/371 2570/647/371 2572/645/371
f 2617/655/579 2563/658/371 2568/649/371
f 2568/649/371 2563/658/371 2565/659/371
f 2566/661/371 2565/659/371 2564/660/371
f 2564/660/371 2565/659/371 2563/658/371
f 2612/663/417 2613/665/704 2611/664/417
f 2611/664/417 2613/665/705 2614/666/417
f 2611/664/417 2614/666/417 2610/668/417
f 2614/666/417 2613/665/704 2615/667/706
f 2615/667/707 2613/665/704 2601/670/708
f 2615/667/707 2601/670/708 2600/669/708
f 2609/613/370 2608/615/370 2607/671/370
f 2607/671/370 2608/615/370 2606/653/370
f 2605/672/295 2604/674/295 2603/673/504
f 2603/673/504 2604/674/295 2602/675/507
f 2599/676/709 2598/678/710 2597/677/709
f 2597/677/709 2598/678/710 2596/679/711
f 2592/683/709 2596/679/551 2594/681/543
f 2594/681/543 2596/679/544 2595/680/712
f 2594/681/545 2595/680/713 2593/682/714
f 2596/679/551 2598/678/548 2595/680/713
f 2591/684/284 2590/686/284 2589/685/284
f 2589/685/284 2590/686/284 2588/687/284
f 2584/669/715 2585/670/715 2586/688/555
f 2586/688/555 2585/670/715 2587/689/557
f 2586/688/716 2587/689/717 2582/690/718
f 2582/690/556 2587/689/717 2583/691/558
f 2582/690/556 2583/691/558 2580/693/559
f 2580/693/559 2583/691/558 2581/692/559
f 2560/668/719 2559/700/719 2558/664/719
f 2558/664/719 2559/700/719 2557/701/719
f 2556/613/295 2555/614/295 2554/615/295
f 2554/615/295 2555/614/295 2553/616/295
f 2551/702/426 2550/703/426 2549/621/426
f 2549/621/426 2550/703/426 2548/623/426
f 2547/704/284 2546/706/284 2545/705/515
f 2545/705/515 2546/706/284 2544/707/516
f 2545/705/515 2544/707/694 2543/709/693
f 2543/709/693 2544/707/694 2542/708/693
f 2539/649/371 2538/647/371 2537/648/371
f 2537/648/371 2538/647/371 2536/646/371
f 2538/647/371 2535/645/371 2536/646/371
f 2531/650/524 2532/613/527 2533/651/526
f 2533/651/526 2532/613/720 2534/652/533
f 2512/615/370 2513/653/370 2532/613/527
f 2532/613/527 2513/653/370 2514/654/370
f 2532/613/527 2514/654/370 2530/655/530
f 2530/655/530 2514/654/370 2515/656/370
f 2530/655/530 2515/656/370 2520/649/370
f 2520/649/370 2515/656/370 2516/657/370
f 2520/649/370 2516/657/370 2518/647/370
f 2518/647/370 2516/657/370 2517/646/370
f 2518/647/370 2517/646/370 2519/645/370
f 2530/655/530 2520/649/370 2521/658/370
f 2521/658/370 2520/649/370 2522/659/370
f 2521/658/370 2522/659/370 2523/660/370
f 2523/660/370 2522/659/370 2524/661/370
f 2530/655/529 2529/662/531 2532/613/721
f 2532/613/721 2529/662/531 2534/652/533
f 2528/613/371 2527/671/371 2526/615/371
f 2526/615/371 2527/671/371 2525/653/371
f 2287/710/722 2288/712/722 2289/711/722
f 2289/711/722 2288/712/722 2290/713/722
f 2291/714/723 2292/716/723 2293/715/723
f 2293/715/723 2292/716/723 2294/717/723
f 2295/713/582 2296/718/582 2297/714/582
f 2297/714/582 2296/718/582 2298/719/582
f 2299/711/388 2256/713/388 2255/715/388
f 2255/715/388 2256/713/388 2254/714/388
f 2253/720/724 2252/711/724 2251/721/724
f 2251/721/724 2252/711/724 2250/715/724
f 2249/722/380 2248/724/380 2247/723/380
f 2247/723/380 2248/724/380 2246/725/380
f 2166/726/725 2165/727/726 2167/728/727
f 2167/728/728 2165/727/729 2164/729/730
f 2165/727/726 2163/730/731 2164/729/732
f 2164/729/730 2163/730/731 2162/731/733
f 2163/730/731 2161/732/734 2162/731/733
f 2162/731/735 2161/732/736 2160/733/737
f 2161/732/734 2159/734/738 2160/733/739
f 2160/733/740 2159/734/741 2158/735/742
f 2156/736/743 2158/735/742 2157/737/744
f 2157/737/744 2158/735/742 2159/734/738
f 2154/726/745 2153/727/746 2155/728/725
f 2155/728/725 2153/727/747 2152/729/748
f 2153/727/749 2151/730/750 2152/729/748
f 2152/729/748 2151/730/750 2150/731/731
f 2151/730/751 2149/732/752 2150/731/753
f 2150/731/754 2149/732/752 2148/733/755
f 2149/732/752 2147/734/756 2148/733/734
f 2148/733/734 2147/734/756 2146/735/741
f 2144/736/744 2146/735/738 2145/737/757
f 2145/737/758 2146/735/738 2147/734/756
f 2142/726/759 2141/727/760 2143/728/745
f 2143/728/745 2141/727/761 2140/729/762
f 2141/727/763 2139/730/764 2140/729/762
f 2140/729/762 2139/730/764 2138/731/765
f 2139/730/764 2137/732/766 2138/731/767
f 2138/731/768 2137/732/769 2136/733/770
f 2137/732/766 2135/734/771 2136/733/770
f 2136/733/772 2135/734/773 2134/735/774
f 2132/736/758 2134/735/774 2133/737/775
f 2133/737/775 2134/735/774 2135/734/776
f 2130/726/777 2129/727/778 2131/728/779
f 2131/728/779 2129/727/780 2128/729/781
f 2129/727/780 2127/730/782 2128/729/781
f 2128/729/781 2127/730/783 2126/731/764
f 2127/730/783 2125/732/784 2126/731/785
f 2126/731/786 2125/732/784 2124/733/787
f 2125/732/784 2123/734/788 2124/733/766
f 2124/733/766 2123/734/789 2122/735/776
f 2120/736/790 2122/735/773 2121/737/791
f 2121/737/792 2122/735/776 2123/734/788
f 2118/726/727 2117/727/793 2119/728/794
f 2119/728/794 2117/727/730 2116/729/780
f 2117/727/732 2115/730/795 2116/729/780
f 2116/729/796 2115/730/733 2114/731/782
f 2115/730/733 2113/732/797 2114/731/782
f 2114/731/798 2113/732/797 2112/733/799
f 2113/732/739 2111/734/800 2112/733/784
f 2112/733/801 2111/734/742 2110/735/789
f 2108/736/792 2110/735/802 2109/737/803
f 2109/737/804 2110/735/802 2111/734/800
f 2106/738/15 2105/739/15 2107/736/15
f 2107/736/15 2105/739/15 2104/737/15
f 2103/740/15 2104/737/15 2105/739/15
f 2101/736/125 2100/737/125 2102/738/125
f 2102/738/125 2100/737/125 2099/739/125
f 2098/740/125 2099/739/125 2100/737/125
f 2096/741/92 2095/742/92 2097/743/805
f 2097/743/805 2095/742/92 2094/744/805
f 2097/743/805 2094/744/805 2089/745/806
f 2089/745/806 2088/746/806 2097/743/805
f 2092/747/94 2091/742/94 2093/748/94
f 2093/748/94 2091/742/94 2090/741/94
f 2086/749/17 2085/750/17 2087/751/17
f 2087/751/17 2085/750/17 2084/752/17
f 2087/751/17 2084/752/17 2083/753/17
f 2081/754/15 2080/755/15 2082/756/15
f 2082/756/15 2080/755/15 2079/757/15
f 2077/749/16 2076/751/16 2078/750/16
f 2078/750/16 2076/751/16 2075/753/16
f 2078/750/16 2075/753/16 2074/752/16
f 2072/758/807 2071/754/807 2073/759/807
f 2073/759/807 2071/754/807 2070/756/807
f 2068/760/17 2067/761/17 2069/762/17
f 2069/762/17 2067/761/17 2064/763/17
f 2065/764/17 2064/763/17 2066/765/17
f 2066/765/17 2064/763/17 2063/766/17
f 2067/761/17 2063/766/17 2064/763/17
f 2059/764/16 2061/765/16 2062/763/16
f 2062/763/16 2061/765/16 2060/766/16
f 2062/763/16 2060/766/16 2058/761/16
f 2056/760/16 2057/762/16 2058/761/16
f 2058/761/16 2057/762/16 2062/763/16
f 2054/767/92 2053/768/92 2055/769/808
f 2055/769/808 2053/768/92 2052/770/809
f 2055/769/810 2052/770/811 2037/771/811
f 2037/771/812 2052/770/812 2039/772/810
f 2037/771/809 2039/772/808 2038/773/813
f 2038/773/813 2039/772/808 2036/774/814
f 2038/773/815 2036/774/814 2035/775/816
f 2035/775/816 2036/774/814 2034/776/816
f 2050/777/125 2049/778/125 2051/779/125
f 2051/779/125 2049/778/125 2048/780/125
f 2046/775/94 2045/776/94 2047/781/94
f 2047/781/94 2045/776/94 2044/782/94
f 2042/779/817 2041/780/817 2043/777/817
f 2043/777/817 2041/780/817 2040/778/817
f 2030/783/17 2033/784/17 2031/785/17
f 2031/785/17 2033/784/17 2032/786/17
f 2031/785/17 2032/786/17 2009/787/17
f 2009/787/17 2008/788/17 2031/785/17
f 2028/783/16 2027/785/16 2029/784/16
f 2029/784/16 2027/785/16 2026/786/16
f 2004/787/16 2026/786/16 2005/788/16
f 2005/788/16 2026/786/16 2027/785/16
f 2024/789/92 2023/790/92 2025/791/92
f 2025/791/92 2023/790/92 2022/792/92
f 2018/793/125 2021/794/125 2019/795/818
f 2019/795/818 2021/794/125 2020/796/818
f 2019/795/819 2020/796/819 2003/797/820
f 2003/797/820 2002/798/820 2019/795/819
f 2016/799/94 2015/800/94 2017/801/94
f 2017/801/94 2015/800/94 2014/802/94
f 2012/794/15 2011/793/15 2013/796/821
f 2013/796/821 2011/793/15 2010/795/821
f 2013/796/822 2010/795/822 2007/798/823
f 2007/798/823 2006/797/823 2013/796/822
f 1998/803/16 2001/804/16 1999/805/16
f 1999/805/16 2001/804/16 2000/806/16
f 2001/804/16 1977/807/824 2000/806/16
f 2000/806/16 1977/807/824 1976/808/825
f 1968/809/826 1976/808/825 1969/810/826
f 1969/810/826 1976/808/825 1977/807/824
f 1996/803/17 1995/805/17 1997/804/17
f 1997/804/17 1995/805/17 1994/806/17
f 1997/804/17 1994/806/17 1973/808/827
f 1997/804/17 1973/808/827 1972/807/828
f 1972/807/828 1973/808/827 1965/809/829
f 1972/807/828 1965/809/829 1964/810/829
f 1992/811/92 1991/812/92 1993/813/92
f 1993/813/92 1991/812/92 1990/814/92
f 1986/815/830 1989/816/831 1987/817/830
f 1987/817/830 1989/816/831 1988/818/832
f 1989/816/831 1971/819/833 1988/818/832
f 1988/818/834 1971/819/833 1970/820/835
f 1962/821/836 1970/820/835 1963/822/836
f 1963/822/836 1970/820/835 1971/819/837
f 1984/823/94 1983/824/94 1985/825/94
f 1985/825/94 1983/824/94 1982/826/94
f 1980/817/838 1979/818/839 1981/815/838
f 1981/815/838 1979/818/839 1978/816/840
f 1979/818/841 1975/820/842 1978/816/843
f 1978/816/843 1975/820/842 1974/819/844
f 1966/822/845 1974/819/846 1967/821/845
f 1967/821/845 1974/819/846 1975/820/842
f 1870/827/17 1874/828/17 1864/829/17
f 1864/829/17 1874/828/17 1877/830/17
f 1888/831/16 1955/832/16 1887/833/16
f 1887/833/16 1955/832/16 1954/834/16
f 1950/832/847 1953/835/848 1951/834/847
f 1951/834/847 1953/835/848 1952/836/849
f 1943/827/94 1952/836/850 1944/828/94
f 1944/828/94 1952/836/850 1953/835/848
f 1948/837/15 1947/836/15 1949/838/15
f 1949/838/15 1947/836/15 1945/839/15
f 1947/836/15 1946/827/15 1945/839/15
f 1941/840/125 1940/841/125 1942/837/125
f 1942/837/125 1940/841/125 1939/836/125
f 1939/836/125 1940/841/125 1938/827/125
f 1936/838/851 1935/839/851 1937/840/851
f 1937/840/851 1935/839/851 1934/841/851
f 1933/827/17 1932/829/17 1931/828/17
f 1931/828/17 1932/829/17 1930/830/17
f 1929/831/16 1928/833/16 1927/832/16
f 1927/832/16 1928/833/16 1926/834/16
f 1922/832/847 1923/834/847 1924/835/848
f 1924/835/848 1923/834/847 1925/836/850
f 1924/835/848 1925/836/850 1916/828/94
f 1916/828/94 1925/836/850 1915/827/94
f 1921/837/125 1920/838/125 1919/836/125
f 1919/836/125 1920/838/125 1917/839/125
f 1919/836/125 1917/839/125 1918/827/125
f 1914/840/15 1913/837/15 1912/841/15
f 1912/841/15 1913/837/15 1911/836/15
f 1912/841/15 1911/836/15 1910/827/15
f 1909/838/852 1908/840/852 1907/839/852
f 1907/839/852 1908/840/852 1906/841/852
f 1714/842/853 1717/843/853 1715/844/854
f 1715/844/854 1717/843/853 1716/845/854
f 1715/844/855 1716/845/855 1713/846/856
f 1711/847/857 1710/848/857 1713/846/858
f 1713/846/858 1710/848/857 1712/849/858
f 1713/846/856 1712/849/856 1715/844/855
f 1708/850/859 1707/851/859 1709/852/859
f 1709/852/859 1707/851/859 1706/853/859
f 1704/854/94 1703/851/94 1705/855/94
f 1705/855/94 1703/851/94 1702/850/94
f 1700/856/860 1699/857/860 1701/855/860
f 1701/855/860 1699/857/860 1698/854/860
f 1696/858/16 1695/846/16 1697/851/16
f 1697/851/16 1695/846/16 1694/854/16
f 1692/859/16 1694/854/16 1693/845/16
f 1693/845/16 1694/854/16 1695/846/16
f 1690/858/17 1689/851/17 1691/846/17
f 1691/846/17 1689/851/17 1688/854/17
f 1691/846/17 1688/854/17 1687/859/17
f 1686/845/17 1691/846/17 1687/859/17
f 1682/842/853 1683/844/854 1684/843/853
f 1684/843/853 1683/844/854 1685/845/854
f 1685/845/855 1683/844/855 1680/846/856
f 1680/846/856 1683/844/855 1681/849/856
f 1680/846/858 1681/849/858 1678/848/857
f 1679/847/857 1680/846/858 1678/848/857
f 1677/850/861 1676/852/861 1675/851/861
f 1675/851/859 1676/852/859 1674/853/859
f 1673/854/94 1672/855/94 1671/851/94
f 1671/851/94 1672/855/94 1670/850/94
f 1669/856/860 1668/855/860 1667/857/860
f 1667/857/860 1668/855/860 1666/854/860
f 1665/858/17 1664/851/17 1663/846/17
f 1663/846/17 1664/851/17 1662/854/17
f 1663/846/17 1662/854/17 1661/845/17
f 1661/845/17 1662/854/17 1660/859/17
f 1659/858/16 1658/846/16 1657/851/16
f 1657/851/16 1658/846/16 1656/854/16
f 1654/845/16 1655/859/16 1658/846/16
f 1658/846/16 1655/859/16 1656/854/16
f 1903/860/862 1905/861/862 1904/862/862
f 1904/862/862 1905/861/862 1902/863/862
f 1900/864/16 1899/865/16 1901/866/16
f 1901/866/16 1899/865/16 1898/867/16
f 1897/868/863 1896/869/863 1895/870/863
f 1895/870/863 1896/869/863 1894/871/863
f 1892/861/864 1891/864/864 1893/863/864
f 1893/863/864 1891/864/864 1890/866/864
f 1956/872/92 1889/871/92 1961/873/92
f 1961/873/92 1889/871/92 1886/869/92
f 1883/874/92 1885/860/92 1884/875/92
f 1884/875/92 1885/860/92 1882/862/92
f 1880/865/94 1879/876/94 1881/867/94
f 1881/867/94 1879/876/94 1878/877/94
f 1875/878/17 1957/872/17 1876/879/17
f 1876/879/17 1957/872/17 1958/873/17
f 1872/880/865 1871/881/865 1873/882/865
f 1873/882/865 1871/881/865 1869/883/865
f 1873/882/866 1869/883/866 1867/884/866
f 1867/884/867 1869/883/867 1868/885/867
f 1871/881/865 1959/886/865 1869/883/865
f 1866/887/868 1873/882/868 1867/884/868
f 1960/886/869 1863/881/869 1865/883/869
f 1865/883/869 1863/881/869 1861/882/869
f 1865/883/869 1861/882/869 1859/884/869
f 1859/884/869 1861/882/869 1860/887/869
f 1863/881/869 1862/880/869 1861/882/869
f 1859/884/869 1858/885/869 1865/883/869
f 1854/888/17 1857/889/17 1855/890/870
f 1855/890/870 1857/889/17 1856/891/870
f 1855/890/871 1856/891/871 1833/892/872
f 1833/892/872 1832/893/872 1855/890/871
f 1852/888/16 1851/890/873 1853/889/16
f 1853/889/16 1851/890/873 1850/891/874
f 1827/892/875 1850/891/876 1828/893/875
f 1828/893/875 1850/891/876 1851/890/873
f 1848/894/92 1847/888/92 1849/895/92
f 1849/895/92 1847/888/92 1846/889/92
f 1844/896/877 1843/890/877 1845/897/125
f 1845/897/125 1843/890/877 1842/888/125
f 1826/898/878 1825/899/879 1843/890/878
f 1843/890/878 1825/899/879 1824/893/879
f 1840/900/94 1839/892/94 1841/901/94
f 1841/901/94 1839/892/94 1838/893/94
f 1836/902/15 1835/889/15 1837/903/880
f 1837/903/880 1835/889/15 1834/891/880
f 1834/891/880 1830/892/881 1831/904/880
f 1831/904/882 1830/892/881 1829/905/881
f 1652/906/92 1651/907/92 1653/908/92
f 1653/908/92 1651/907/92 1650/909/92
f 1648/910/94 1647/911/94 1649/912/94
f 1649/912/94 1647/911/94 1646/913/94
f 1644/914/883 1643/915/883 1645/916/883
f 1645/916/883 1643/915/883 1642/917/883
f 1640/918/884 1639/919/884 1641/916/884
f 1641/916/884 1639/919/884 1638/920/884
f 1636/914/885 1635/915/885 1637/916/885
f 1637/916/885 1635/915/885 1634/917/885
f 1632/921/886 1631/922/886 1633/923/886
f 1633/923/886 1631/922/886 1630/912/886
f 1628/924/887 1627/925/887 1629/926/887
f 1629/926/887 1627/925/887 1626/927/887
f 1624/928/888 1623/929/888 1625/930/888
f 1625/930/888 1623/929/888 1622/931/888
f 1620/927/889 1619/928/889 1621/926/889
f 1621/926/889 1619/928/889 1618/930/889
f 1616/932/890 1615/929/890 1617/933/890
f 1617/933/890 1615/929/890 1614/928/890
f 1612/924/891 1611/934/891 1613/925/891
f 1613/925/891 1611/934/891 1610/935/891
f 1608/936/892 1607/930/892 1609/937/892
f 1609/937/892 1607/930/892 1606/931/892
f 1605/906/92 1604/908/92 1603/907/92
f 1603/907/92 1604/908/92 1602/909/92
f 1601/910/94 1600/912/94 1599/911/94
f 1599/911/94 1600/912/94 1598/913/94
f 1597/914/883 1596/916/883 1595/915/883
f 1595/915/883 1596/916/883 1594/917/883
f 1593/918/886 1592/916/886 1591/919/886
f 1591/919/886 1592/916/886 1590/920/886
f 1589/914/885 1588/916/885 1587/915/885
f 1587/915/885 1588/916/885 1586/917/885
f 1585/921/884 1584/923/884 1583/922/884
f 1583/922/884 1584/923/884 1582/912/884
f 1581/924/887 1580/926/887 1579/925/887
f 1579/925/887 1580/926/887 1578/927/887
f 1577/928/888 1576/930/888 1575/929/888
f 1575/929/888 1576/930/888 1574/931/888
f 1573/927/889 1572/926/889 1571/928/889
f 1571/928/889 1572/926/889 1570/930/889
f 1569/932/892 1568/933/892 1567/929/892
f 1567/929/892 1568/933/892 1566/928/892
f 1565/924/891 1564/925/891 1563/934/891
f 1563/934/891 1564/925/891 1562/935/891
f 1561/936/890 1560/937/890 1559/930/890
f 1559/930/890 1560/937/890 1558/931/890
f 1810/938/893 1813/939/894 1811/940/895
f 1811/940/895 1813/939/896 1812/941/897
f 1811/940/895 1812/941/897 1785/942/898
f 1785/942/899 1812/941/900 1786/943/901
f 1772/944/902 1786/943/903 1787/945/904
f 1787/945/904 1786/943/905 1812/941/906
f 1787/945/904 1812/941/906 1788/946/907
f 1788/946/908 1812/941/909 1813/939/910
f 1804/947/911 1806/948/912 1805/949/913
f 1805/949/914 1806/948/915 1807/950/916
f 1805/949/914 1807/950/916 1782/942/917
f 1782/942/917 1807/950/918 1783/951/919
f 1784/952/920 1783/951/921 1808/953/922
f 1808/953/922 1783/951/919 1807/950/918
f 1808/953/922 1807/950/918 1809/954/893
f 1809/954/893 1807/950/918 1806/948/923
f 1805/949/913 1802/955/924 1803/956/925
f 1803/956/926 1802/955/924 1801/957/927
f 1797/949/928 1796/955/929 1798/956/930
f 1798/956/931 1796/955/929 1795/957/932
f 1789/954/908 1791/948/933 1790/953/904
f 1790/953/934 1791/948/935 1792/950/936
f 1790/953/937 1792/950/938 1773/952/902
f 1773/952/939 1792/950/938 1774/951/940
f 1775/942/941 1774/951/940 1793/949/942
f 1793/949/942 1774/951/943 1792/950/938
f 1793/949/944 1792/950/938 1794/947/945
f 1794/947/946 1792/950/938 1791/948/933
f 1780/958/917 1779/959/947 1781/960/948
f 1781/960/913 1779/959/947 1800/961/924
f 1779/959/949 1778/962/950 1800/961/951
f 1800/961/951 1778/962/950 1799/963/952
f 1800/961/953 1799/963/954 1818/964/955
f 1818/964/955 1799/963/954 1817/965/956
f 1818/964/957 1817/965/931 1823/966/295
f 1823/966/94 1817/965/958 1816/967/946
f 1823/966/94 1816/967/959 1815/968/960
f 1815/968/933 1814/969/908 1823/966/94
f 1823/966/94 1814/969/961 1822/970/910
f 1823/966/94 1822/970/962 1821/971/893
f 1821/971/963 1820/972/912 1823/966/94
f 1823/966/295 1820/972/964 1819/973/965
f 1823/966/295 1819/973/965 1818/964/957
f 1776/974/929 1799/963/928 1777/975/941
f 1777/975/966 1799/963/928 1778/962/950
f 1770/976/92 1769/977/92 1771/978/92
f 1771/978/92 1769/977/92 1765/979/92
f 1771/978/92 1765/979/92 1764/980/92
f 1763/981/92 1771/978/92 1764/980/92
f 1766/982/284 1765/979/284 1767/983/284
f 1767/983/92 1765/979/92 1769/977/92
f 1767/983/92 1769/977/92 1768/984/92
f 1556/985/92 1555/986/92 1557/987/92
f 1557/987/92 1555/986/92 1554/988/92
f 1552/989/967 1551/990/968 1553/991/967
f 1553/991/967 1551/990/968 1550/992/969
f 1233/993/94 1550/992/970 1234/994/94
f 1234/994/94 1550/992/970 1551/990/971
f 1548/994/972 1547/995/972 1549/993/972
f 1549/993/972 1547/995/972 1546/996/972
f 1544/994/17 1543/997/17 1545/990/17
f 1545/990/17 1543/997/17 1245/998/17
f 1244/999/17 1245/998/17 1543/997/17
f 1242/991/15 1241/1000/15 1243/989/15
f 1243/989/15 1241/1000/15 1240/1001/15
f 1238/994/16 1237/990/16 1239/997/16
f 1239/997/16 1237/990/16 1236/999/16
f 1236/999/16 1237/990/16 1235/998/16
f 1229/1002/973 1232/1003/974 1230/1004/973
f 1230/1004/973 1232/1003/974 1231/1005/975
f 1215/1006/17 1231/1005/975 1216/1007/17
f 1216/1007/17 1231/1005/975 1232/1003/974
f 1227/1004/976 1226/1005/977 1228/1002/976
f 1228/1002/976 1226/1005/977 1225/1003/978
f 1217/1007/16 1225/1003/978 1218/1006/16
f 1218/1006/16 1225/1003/978 1226/1005/977
f 1223/1008/92 1222/1006/92 1224/1009/979
f 1224/1009/979 1222/1006/92 1221/1005/979
f 1224/1009/979 1221/1005/979 1220/1010/980
f 1219/1011/980 1224/1009/979 1220/1010/980
f 1173/1012/981 1172/1013/981 1214/1004/981
f 1214/1004/981 1172/1013/981 1171/1002/981
f 1169/1006/15 1168/1007/15 1170/1014/15
f 1170/1014/15 1168/1007/15 1167/1015/15
f 1165/1006/94 1164/1008/94 1166/1005/94
f 1166/1005/94 1164/1008/94 1163/1009/94
f 1166/1005/94 1163/1009/94 1162/1016/94
f 1166/1005/94 1162/1016/94 1718/1017/94
f 1315/1018/982 1317/1019/983 1316/1020/984
f 1316/1020/985 1317/1019/986 1300/1021/987
f 1315/1018/982 1314/1022/988 1317/1019/983
f 1317/1019/983 1314/1022/988 1290/1018/989
f 1317/1019/983 1290/1018/989 1291/1020/990
f 1291/1020/991 1280/1021/992 1317/1019/986
f 1317/1019/986 1280/1021/992 1303/1023/993
f 1317/1019/986 1303/1023/993 1300/1021/987
f 1300/1021/994 1303/1023/993 1301/1024/995
f 1301/1024/995 1303/1023/993 1302/1025/996
f 1302/1025/996 1303/1023/993 1281/1024/997
f 1280/1021/998 1281/1024/997 1303/1023/993
